{"CVE_ENT":{"0":"01","1":"02","2":"03","3":"04","4":"05","5":"06","6":"07","7":"08","8":"09","9":"10","10":"11","11":"12","12":"13","13":"14","14":"15","15":"16","16":"17","17":"18","18":"19","19":"20","20":"21","21":"22","22":"23","23":"24","24":"25","25":"26","26":"27","27":"28","28":"29","29":"30","30":"31","31":"32"},"int_avg_speed":{"0":53.6883264946,"1":59.2563758495,"2":56.5134571164,"3":45.8730053426,"4":53.0049465075,"5":58.4278787389,"6":33.72509814,"7":40.8772471353,"8":51.9569013731,"9":38.5627765641,"10":35.7231459027,"11":40.1939151089,"12":39.5875126333,"13":50.4758782013,"14":38.2643350165,"15":53.5697950314,"16":48.8234447622,"17":51.0824645838,"18":54.7953833578,"19":32.8069931884,"20":43.0635410131,"21":44.7546333583,"22":56.1670197566,"23":30.1511234092,"24":43.3159140887,"25":49.0546947922,"26":50.7274980494,"27":47.2935057651,"28":47.5391169435,"29":37.4199243047,"30":50.113600072,"31":36.171320392},"int_pct_3g_coverage":{"0":13.0315028353,"1":14.6081752701,"2":8.417989418,"3":7.1889502606,"4":15.3621506118,"5":16.0874004311,"6":25.6687355352,"7":25.6600583399,"8":6.4050880625,"9":19.9498575499,"10":22.0709001156,"11":29.8110490874,"12":21.9163357174,"13":13.9171179919,"14":22.2701657458,"15":13.8626371227,"16":17.1155771866,"17":13.7175701579,"18":10.8289192043,"19":35.5011320665,"20":22.8490389689,"21":35.0119142277,"22":7.5367962132,"23":27.541113033,"24":16.5081981945,"25":9.3161381489,"26":9.478324085,"27":18.6420450789,"28":19.3992248062,"29":25.4507447393,"30":5.9638913463,"31":22.490161808},"int_pct_4g_coverage":{"0":50.1799060431,"1":30.8012982952,"2":33.9021164021,"3":50.9200417894,"4":38.7209450839,"5":24.2295508702,"6":45.3293596406,"7":41.4480343352,"8":35.7321587598,"9":48.5418803419,"10":45.8293905591,"11":34.8784913916,"12":42.3588634795,"13":36.9803081719,"14":40.168287602,"15":37.286928703,"16":41.023594966,"17":37.3348894058,"18":44.3519825507,"19":35.5392968028,"20":37.4887185803,"21":29.6496027142,"22":38.3817300169,"23":54.1365487864,"24":37.3603013641,"25":52.1968560048,"26":34.1982361477,"27":39.6838413177,"28":34.7065337763,"29":42.2031000927,"30":42.4578755938,"31":42.9484346832},"int_pct_5g_coverage":{"0":36.7885911216,"1":54.5905264347,"2":57.6798941799,"3":41.89100795,"4":45.9169043043,"5":59.6830486986,"6":29.0019048242,"7":32.8919073249,"8":57.8627531777,"9":31.5082621083,"10":32.0997093253,"11":35.310459521,"12":35.7248008031,"13":49.1025738362,"14":37.5615466522,"15":48.8504341742,"16":41.8608278475,"17":48.9475404363,"18":44.819098245,"19":28.9595711306,"20":39.6622424508,"21":35.3384830581,"22":54.08147377,"23":18.3223381806,"24":46.1315004414,"25":38.4870058463,"26":56.3234397673,"27":41.6741136034,"28":45.8942414175,"29":32.3461551679,"30":51.5782330599,"31":34.5614035088},"int_tech_predominante":{"0":"4G","1":"5G","2":"5G","3":"4G","4":"5G","5":"5G","6":"4G","7":"4G","8":"5G","9":"4G","10":"4G","11":"3G","12":"4G","13":"5G","14":"4G","15":"5G","16":"4G","17":"5G","18":"5G","19":"3G","20":"4G","21":"5G","22":"5G","23":"4G","24":"5G","25":"4G","26":"5G","27":"5G","28":"4G","29":"4G","30":"5G","31":"4G"}}