{"type":"FeatureCollection","features":[{"type":"Feature","properties":{"cvegeo":"08006","cve_ent":"08","state_code":"CHH","nom_mun":"Bachíniva"},"geometry":{"type":"Polygon","coordinates":[[[-107.22760272012187,28.632821222715464],[-107.25803237892804,28.625182793141576],[-107.28909598895935,28.67228644218055],[-107.32523120879168,28.675923789596688],[-107.31128428183885,28.712660998499672],[-107.35629481882299,28.71320660061209],[-107.39338096549302,28.765402536033655],[-107.44821774646665,28.791591437429844],[-107.42444457552432,28.831602259007347],[-107.44885169769178,28.91216950427478],[-107.42032389256099,28.914715647466075],[-107.42856525848767,28.94690617209889],[-107.45772701484358,28.946542437357273],[-107.43110106338817,28.99873837277884],[-107.34424974554554,28.994555423250283],[-107.33632535523144,29.016197640376298],[-107.35629481882299,29.060027676740745],[-107.3223784282786,29.080396822271112],[-107.26247003750395,29.071121586359965],[-107.27388115955625,29.04711509341346],[-107.19939189060364,28.970003328191357],[-107.18132428068746,28.916716188544953],[-107.11475940204895,28.872704284809693],[-107.10746896295997,28.829237983186857],[-107.13853257299128,28.807595766060842],[-107.18702984171362,28.805595224981968],[-107.16198876832104,28.75649103486412],[-107.20573140285492,28.707750579487886],[-107.22760272012187,28.632821222715464]]]}},{"type":"Feature","properties":{"cvegeo":"08019","cve_ent":"08","state_code":"CHH","nom_mun":"Chihuahua"},"geometry":{"type":"Polygon","coordinates":[[[-105.92927061105829,29.671102042651746],[-105.98949597744551,29.558708007493117],[-105.98949597744551,29.411213569768766],[-106.06208339272276,29.41139543713957],[-106.06715500252378,29.368111002887545],[-106.05067227067043,29.348833061582017],[-106.03799324616786,29.27699545011331],[-106.04464973403171,29.181696947810526],[-106.03735929494273,29.151870698998202],[-106.12357666156024,29.152598168481433],[-106.1238936371728,29.13131968609703],[-106.223423979518,29.131501553467835],[-106.21581656481646,29.068211708427054],[-106.18665480846055,29.054935390358153],[-106.1727078815077,29.01838004882598],[-106.20820915011491,29.01492456878065],[-106.16605139364385,28.92999250661385],[-106.12357666156024,28.921626607556735],[-106.09790163694252,28.8568818235495],[-106.08902631979072,28.79795679540808],[-105.96350397721524,28.73157520506358],[-105.90042583031493,28.727755990276638],[-105.90549744011597,28.700294017284804],[-105.91722553778084,28.659373858853264],[-105.96318700160268,28.64464260181791],[-105.9371950013724,28.584808236822457],[-105.96287002599011,28.584444502080842],[-105.98093763590627,28.550435303739963],[-105.95304378200062,28.556255059605782],[-105.9362440745347,28.52570134131023],[-105.89757304980185,28.504786593667447],[-105.85414739088054,28.50333165470099],[-105.79772573184408,28.52297333074813],[-105.83417792728898,28.472050466922212],[-105.73496456055634,28.46059282256138],[-105.71055743838889,28.41221610192676],[-105.70326699929991,28.342015296795317],[-105.75683587782328,28.350381195852435],[-105.76190748762431,28.2910924329694],[-105.83544582973924,28.287273218182456],[-105.82720446381256,28.272905695888717],[-105.89472026928877,28.278725451754536],[-105.92229714758187,28.255810163032873],[-105.94194963556086,28.205069166577765],[-105.97649997733038,28.20179555390324],[-105.97459812365499,28.136505167783582],[-106.06842290497404,28.145416668953118],[-106.21486563797876,28.112862409578693],[-106.24022368698391,28.09576687672285],[-106.29791324847062,28.136505167783582],[-106.25638944322469,28.161239130213314],[-106.24719715046032,28.236168486985733],[-106.21613354042903,28.220527893096346],[-106.223423979518,28.265449133685635],[-106.20979402817774,28.335649938817077],[-106.24719715046032,28.369295402416345],[-106.21771841849184,28.39384749747527],[-106.2465631992352,28.424583083141627],[-106.29981510214601,28.431130308490673],[-106.29601139479524,28.475869681709156],[-106.3283429072768,28.515153033803436],[-106.32517315115116,28.550253436369157],[-106.29442651673241,28.56043800913434],[-106.31883363889987,28.59281040113796],[-106.36289324904632,28.61754436356769],[-106.40188124939174,28.656463980920357],[-106.43738251799894,28.71320660061209],[-106.42470349349637,28.738486165154242],[-106.45323129862716,28.743214716795222],[-106.47795539640718,28.777042047765292],[-106.5790706168152,28.757764106459767],[-106.59840612918163,28.783225538372726],[-106.59491939744342,28.86270157941532],[-106.60506261704548,29.042022807030868],[-106.62217930012396,29.08403416968725],[-106.59872310479419,29.123499389152336],[-106.5568823239357,29.161691537021774],[-106.54927490923416,29.21188693136446],[-106.53976564085723,29.272266898472335],[-106.58731198274188,29.27699545011331],[-106.57178017772623,29.35719896063913],[-106.60157588530727,29.377568106169498],[-106.58477617784136,29.420670673050722],[-106.58541012906649,29.468138056831307],[-106.55719929954826,29.470138597910186],[-106.55878417761109,29.538702596704365],[-106.48207607937051,29.56725577392104],[-106.5942854462183,29.66419108256109],[-106.5942854462183,29.69401733137341],[-106.5942854462183,29.742575919378837],[-106.51250573817669,29.73966604144593],[-106.52074710410336,29.70329256728456],[-106.46559334751717,29.726753458118644],[-106.46812915241769,29.73966604144593],[-106.37620622477402,29.73966604144593],[-106.36669695639709,29.712749670566517],[-106.26748358966445,29.71256780319571],[-106.3061546143973,29.750214348952724],[-106.24529529678495,29.784951016776834],[-106.10392417358125,29.74712260364901],[-105.92895363544572,29.757670911155806],[-105.94607031852419,29.68419649334984],[-105.92927061105829,29.671102042651746]]]}},{"type":"Feature","properties":{"cvegeo":"08004","cve_ent":"08","state_code":"CHH","nom_mun":"Aquiles Serdán"},"geometry":{"type":"Polygon","coordinates":[[[-105.69470865776067,28.556982529089012],[-105.75049636557199,28.557164396459818],[-105.68805216989682,28.494965755643875],[-105.73496456055634,28.46059282256138],[-105.83417792728898,28.472050466922212],[-105.79772573184408,28.52297333074813],[-105.85414739088054,28.50333165470099],[-105.89757304980185,28.504786593667447],[-105.9362440745347,28.52570134131023],[-105.95304378200062,28.556255059605782],[-105.98093763590627,28.550435303739963],[-105.96287002599011,28.584444502080842],[-105.9371950013724,28.584808236822457],[-105.96318700160268,28.64464260181791],[-105.91722553778084,28.659373858853264],[-105.90549744011597,28.700294017284804],[-105.87284895202184,28.673741381147003],[-105.8189630978859,28.68738143395752],[-105.71848182870299,28.67737872856314],[-105.7042179261376,28.568258306079034],[-105.69470865776067,28.556982529089012]]]}},{"type":"Feature","properties":{"cvegeo":"08037","cve_ent":"08","state_code":"CHH","nom_mun":"Juárez"},"geometry":{"type":"Polygon","coordinates":[[[-106.18316807672232,31.457948960829007],[-106.23515207718289,31.41011784230681],[-106.25955919935033,31.433760600511697],[-106.27033637017753,31.370652622841725],[-106.26463080915137,31.17660013819082],[-106.31027529736063,31.15368484946916],[-106.36701393200966,31.187148445697616],[-106.37398739548607,31.154594186323187],[-106.39078710295198,31.187330313068422],[-106.50775110398823,31.187148445697616],[-106.50141159173694,31.152593645244316],[-106.5888968608047,31.151502441019474],[-106.64817130035424,31.172962790774683],[-106.74548281341148,31.160232074818204],[-106.74579978902405,31.137680520838153],[-106.82694554584053,31.123312998544414],[-106.8199720823641,31.141863470366708],[-106.86339774128543,31.18587537410197],[-106.88241627803929,31.234070227365784],[-106.92267218083495,31.23698010529869],[-106.95183393719088,31.335734087646806],[-106.84723198504464,31.371743827066567],[-106.8484998874949,31.401206341137275],[-106.74167910606072,31.40029700428324],[-106.68906115437504,31.432123794174437],[-106.70903061796659,31.46649672725693],[-106.75087139882508,31.499232854002166],[-106.74896954514969,31.603260990103678],[-106.87734466823825,31.62217519666759],[-106.83170018002899,31.674371132089156],[-106.84596408259439,31.741298324546072],[-106.86783539986132,31.78385528931488],[-106.52867149441747,31.78385528931488],[-106.48778164039668,31.747481815153506],[-106.4510124693392,31.764213613267735],[-106.38159481018761,31.73220495600573],[-106.30330183388422,31.62217519666759],[-106.28047958977959,31.56179522955972],[-106.24973295536084,31.54488156407468],[-106.21962027216723,31.4815917190339],[-106.18316807672232,31.457948960829007]]]}},{"type":"Feature","properties":{"cvegeo":"08013","cve_ent":"08","state_code":"CHH","nom_mun":"Casas Grandes"},"geometry":{"type":"Polygon","coordinates":[[[-107.93731111665343,30.661733611436638],[-107.91227004326086,30.59535202109214],[-107.92019443357496,30.47459208687639],[-107.94333365329216,30.438400480085832],[-107.9287527751142,30.360561245380502],[-107.94935618993088,30.326188312298008],[-107.96583892178423,30.246166669142994],[-107.99880438549093,30.232344748961673],[-107.95062409238115,30.2250700541294],[-107.95601267779473,30.163780750167493],[-107.96425404372141,30.09903596616026],[-107.93192253123985,30.06720917626906],[-107.92589999460112,30.018286853522017],[-107.9883441902763,30.025197813612678],[-108.00355901967939,30.005738004936344],[-107.98580838537579,29.91498618690373],[-108.0238454588835,29.824779970983535],[-108.02289453204581,29.777312587202946],[-108.09801775222357,29.77658511771972],[-108.12781345980461,29.758398380639036],[-108.22354009479905,29.758398380639036],[-108.22385707041161,30.005192402823923],[-108.31070838825424,30.005010535453117],[-108.31070838825424,29.960089294863828],[-108.36237541310223,29.960089294863828],[-108.36237541310223,30.00482866808231],[-108.51071999978235,30.005192402823923],[-108.56460585391828,29.92407955544407],[-108.55477960992879,29.901891736205634],[-108.61563892754114,29.883523131754146],[-108.62863492765628,29.953360202143973],[-108.61563892754114,29.965727183358837],[-108.61088429335268,30.042111479097713],[-108.61754078121653,30.23598209637781],[-108.50564838998132,30.17960321142769],[-108.50216165824311,30.26417153885287],[-108.47585268240027,30.304364227801187],[-108.44161931624332,30.302181819351503],[-108.43591375521716,30.343829447266273],[-108.38329580353148,30.34001023247933],[-108.37251863270428,30.372382624482945],[-108.28788614414961,30.392933637384118],[-108.20483853365775,30.376019971899083],[-108.21973638744828,30.416394528218202],[-108.18138233832799,30.446220777030526],[-108.2301965826629,30.478411301663336],[-108.20895921662108,30.488232139686907],[-108.19057463109236,30.53260777816378],[-108.15697521616053,30.539155003512825],[-108.17219004556362,30.560615353268034],[-108.10784399621306,30.596625092687788],[-108.07424458128123,30.602990450666027],[-108.07234272760586,30.626633208870913],[-108.11037980111357,30.675373664247154],[-108.05776184942789,30.68064781800055],[-108.0381093614489,30.651549038671455],[-107.93731111665343,30.661733611436638]]]}},{"type":"Feature","properties":{"cvegeo":"08050","cve_ent":"08","state_code":"CHH","nom_mun":"Nuevo Casas Grandes"},"geometry":{"type":"Polygon","coordinates":[[[-107.50780916162874,30.75848705270588],[-107.5081261372413,30.683375828562653],[-107.47642857598487,30.683739563304265],[-107.46406652709487,30.64609301754725],[-107.43046711216304,30.637727118490133],[-107.41176555102174,30.559342281672386],[-107.4139843803097,30.489505211282555],[-107.48530389313667,30.488232139686907],[-107.4193729657233,30.413848385026906],[-107.40605998999558,30.339464630366905],[-107.46026281974409,30.331098731309794],[-107.50780916162874,30.377656778236343],[-107.50780916162874,30.425669764129353],[-107.58420028425675,30.448948787592627],[-107.58261540619394,30.377474910865537],[-107.61906760163883,30.368381542325196],[-107.68373062660196,30.386932014147494],[-107.73064301726149,30.376019971899083],[-107.77565355424562,30.382749064618935],[-107.7740686761828,30.263444069369644],[-107.7277902367484,30.230162340511992],[-107.73634857828765,30.175965864011552],[-107.78262701772204,30.183786160956245],[-107.83587892063285,30.153778044773116],[-107.95601267779473,30.163780750167493],[-107.95062409238115,30.2250700541294],[-107.99880438549093,30.232344748961673],[-107.96583892178423,30.246166669142994],[-107.94935618993088,30.326188312298008],[-107.9287527751142,30.360561245380502],[-107.94333365329216,30.438400480085832],[-107.92019443357496,30.47459208687639],[-107.91227004326086,30.59535202109214],[-107.93731111665343,30.661733611436638],[-107.94586945819267,30.710655934183677],[-107.98041979996219,30.775036983449304],[-107.98358955608784,30.81141045761067],[-107.91258701887342,30.844510319097516],[-107.92938672633933,30.804863232261624],[-107.8016455544759,30.859241576132874],[-107.76614428586869,30.813956600801966],[-107.69545872426684,30.825414245162797],[-107.70433404141865,30.80577256911566],[-107.66661394352349,30.774127646595268],[-107.62921082124089,30.764306808571696],[-107.63491638226705,30.72120424169048],[-107.61589784551319,30.719385567982407],[-107.52619374715748,30.782857280393998],[-107.50780916162874,30.75848705270588]]]}},{"type":"Feature","properties":{"cvegeo":"08053","cve_ent":"08","state_code":"CHH","nom_mun":"Praxedis G. Guerrero"},"geometry":{"type":"Polygon","coordinates":[[[-105.80881987828384,31.21879336821801],[-105.82593656136231,31.202607172216197],[-105.80691802460845,31.107308669913408],[-105.83893256147745,31.103489455126464],[-105.91912739145623,31.146410154636882],[-105.93148944034624,31.163323820121917],[-106.00788056297425,31.18060122034857],[-106.03609139249248,31.2318878189161],[-105.99646944092193,31.25334816867131],[-105.99108085550833,31.27790026373023],[-106.03101978269144,31.299178746114634],[-106.02055958747682,31.393749778934193],[-105.95526261128856,31.36501473434671],[-105.93085548912111,31.31245506418353],[-105.87063012273389,31.28953977546187],[-105.80881987828384,31.21879336821801]]]}},{"type":"Feature","properties":{"cvegeo":"08005","cve_ent":"08","state_code":"CHH","nom_mun":"Ascensión"},"geometry":{"type":"Polygon","coordinates":[[[-106.86783539986132,31.78385528931488],[-106.84596408259439,31.741298324546072],[-106.83170018002899,31.674371132089156],[-106.87734466823825,31.62217519666759],[-106.74896954514969,31.603260990103678],[-106.75087139882508,31.499232854002166],[-106.70903061796659,31.46649672725693],[-106.68906115437504,31.432123794174437],[-106.74167910606072,31.40029700428324],[-106.8484998874949,31.401206341137275],[-106.84723198504464,31.371743827066567],[-106.95183393719088,31.335734087646806],[-106.92267218083495,31.23698010529869],[-106.88241627803929,31.234070227365784],[-106.86339774128543,31.18587537410197],[-106.8199720823641,31.141863470366708],[-106.82694554584053,31.123312998544414],[-106.89509530254186,31.151866175761086],[-106.89509530254186,31.085120850674976],[-107.04534174289736,31.086030187529012],[-107.04660964534762,30.95399447632324],[-107.07386954802816,30.95508568054808],[-107.09954457264587,30.863606393032235],[-107.15755110974514,30.864879464627883],[-107.18956564661414,30.800862150103875],[-107.24028174462444,30.804317630149207],[-107.26310398872907,30.75612277688539],[-107.29068086702216,30.769035360212676],[-107.31033335500116,30.8121379270939],[-107.36263433107428,30.835780685298786],[-107.39972047774431,30.75848705270588],[-107.50780916162874,30.75848705270588],[-107.52619374715748,30.782857280393998],[-107.61589784551319,30.719385567982407],[-107.63491638226705,30.72120424169048],[-107.62921082124089,30.764306808571696],[-107.66661394352349,30.774127646595268],[-107.70433404141865,30.80577256911566],[-107.69545872426684,30.825414245162797],[-107.76614428586869,30.813956600801966],[-107.8016455544759,30.859241576132874],[-107.92938672633933,30.804863232261624],[-107.91258701887342,30.844510319097516],[-107.98358955608784,30.81141045761067],[-107.99975531232862,30.855604228716736],[-107.97217843403551,30.867607475189985],[-108.00989853193067,30.936353341354973],[-108.01465316611915,31.038017201636002],[-108.11228165478896,31.046746835434732],[-108.12052302071564,31.090213137057567],[-108.09801775222357,31.10603559831776],[-108.15665824054797,31.170780382325],[-108.17440887485157,31.212609877610575],[-108.20864224100852,31.212609877610575],[-108.20864224100852,31.33318794445551],[-108.20832526539596,31.783673421944073],[-107.89293453089444,31.782945952460842],[-107.25898330576574,31.783673421944073],[-106.86783539986132,31.78385528931488]]]}},{"type":"Feature","properties":{"cvegeo":"08025","cve_ent":"08","state_code":"CHH","nom_mun":"Gómez Farías"},"geometry":{"type":"Polygon","coordinates":[[[-107.58039657690598,29.41921573408427],[-107.58958886967035,29.366837931291897],[-107.56106106453956,29.36320058387576],[-107.6016339429478,29.179878274102457],[-107.64759540676963,29.15514431167273],[-107.71067355366993,29.171876109786957],[-107.70211521213069,29.202066093340893],[-107.76329150535561,29.239894506468715],[-107.81971316439207,29.229528066332726],[-107.84316935972183,29.25644443721214],[-107.90973423836034,29.258444978291017],[-107.92273023847548,29.288998696586564],[-107.9065644822347,29.36720166603351],[-107.88564409180545,29.39484550639615],[-107.82636965225592,29.389935087384366],[-107.82985638399413,29.449951319750625],[-107.86504067698877,29.44976945237982],[-107.8957873114075,29.489598406586516],[-107.89293453089444,29.515423573241087],[-107.86060301841286,29.5077851436672],[-107.82066409122976,29.536883922996296],[-107.77216682250742,29.48286931386666],[-107.72176770010968,29.481414374900208],[-107.71225843173275,29.445950237592875],[-107.60195091856036,29.413395978218446],[-107.58039657690598,29.41921573408427]]]}},{"type":"Feature","properties":{"cvegeo":"08020","cve_ent":"08","state_code":"CHH","nom_mun":"Chínipas"},"geometry":{"type":"Polygon","coordinates":[[[-108.26886760739575,27.69383998723972],[-108.29137287588782,27.641644051818155],[-108.37188468147916,27.557439459134585],[-108.44193629185588,27.58381022790158],[-108.47902243852592,27.525794536614193],[-108.44827580410717,27.433042177502703],[-108.38805043771994,27.400487918128277],[-108.37442048637968,27.41521917516363],[-108.35191521788761,27.375753955698546],[-108.36205843748967,27.34156288998686],[-108.33987014461016,27.30173393578016],[-108.39280507190841,27.231533130648717],[-108.4444720967564,27.234624875952434],[-108.47078107259924,27.216801873613363],[-108.49550517037926,27.110409461691358],[-108.47173199943693,27.080583212879034],[-108.47046409698667,27.034570768064903],[-108.50247863385567,26.987285251655123],[-108.5725302442324,27.012746683568082],[-108.5627040002429,27.046028412425734],[-108.60232595181344,27.036935043885393],[-108.59725434201242,27.07676399809209],[-108.61151824457781,27.154057630685003],[-108.64416673267193,27.17879159311473],[-108.66477014748862,27.239353427593414],[-108.5912318053737,27.317920131781968],[-108.62958585449398,27.382846783160012],[-108.63370653745731,27.42813175849092],[-108.66191736697554,27.464505232652286],[-108.65557785472426,27.543617538953264],[-108.71326741621097,27.566169092933315],[-108.73989336766637,27.599996423903388],[-108.71073161131045,27.628549601120064],[-108.64416673267193,27.650737420358496],[-108.67237756219016,27.676198852271455],[-108.62609912275578,27.723120633939622],[-108.63751024480808,27.759675975471797],[-108.60739756161448,27.79550384752075],[-108.5297385365362,27.80259667498221],[-108.49994282895516,27.757675434392922],[-108.43274399909151,27.783682468418302],[-108.39692575487175,27.755311158572432],[-108.36839794974095,27.699841610476348],[-108.32940994939554,27.71111738746637],[-108.33194575429606,27.746399657402897],[-108.29200682711294,27.740034299424657],[-108.26886760739575,27.69383998723972]]]}},{"type":"Feature","properties":{"cvegeo":"08023","cve_ent":"08","state_code":"CHH","nom_mun":"Galeana"},"geometry":{"type":"Polygon","coordinates":[[[-107.46026281974409,30.331098731309794],[-107.44346311227818,30.263262201998838],[-107.44187823421537,29.962453570684314],[-107.64759540676963,29.960271162234633],[-107.79213628609897,29.96045302960544],[-107.79467209099948,30.031199436849302],[-107.85679931106209,30.03265437581576],[-107.88722896986827,30.051204847638054],[-107.9011758968211,30.009739087094097],[-107.92589999460112,30.018286853522017],[-107.93192253123985,30.06720917626906],[-107.96425404372141,30.09903596616026],[-107.95601267779473,30.163780750167493],[-107.83587892063285,30.153778044773116],[-107.78262701772204,30.183786160956245],[-107.73634857828765,30.175965864011552],[-107.7277902367484,30.230162340511992],[-107.7740686761828,30.263444069369644],[-107.77565355424562,30.382749064618935],[-107.73064301726149,30.376019971899083],[-107.68373062660196,30.386932014147494],[-107.61906760163883,30.368381542325196],[-107.58261540619394,30.377474910865537],[-107.58420028425675,30.448948787592627],[-107.50780916162874,30.425669764129353],[-107.50780916162874,30.377656778236343],[-107.46026281974409,30.331098731309794]]]}},{"type":"Feature","properties":{"cvegeo":"08028","cve_ent":"08","state_code":"CHH","nom_mun":"Guadalupe"},"geometry":{"type":"Polygon","coordinates":[[[-106.02055958747682,31.393749778934193],[-106.03101978269144,31.299178746114634],[-105.99108085550833,31.27790026373023],[-105.99646944092193,31.25334816867131],[-106.03609139249248,31.2318878189161],[-106.00788056297425,31.18060122034857],[-105.93148944034624,31.163323820121917],[-105.91912739145623,31.146410154636882],[-105.83893256147745,31.103489455126464],[-105.80691802460845,31.107308669913408],[-105.82593656136231,31.202607172216197],[-105.80881987828384,31.21879336821801],[-105.77426953651432,31.167688637021286],[-105.74225499964533,31.164596891717565],[-105.7096065115512,31.1362255818717],[-105.64843021832627,31.1151289668581],[-105.60437060817983,31.083120309596097],[-105.55619031507005,30.988731144147344],[-105.41608709431661,30.900161734564414],[-105.39484972827479,30.85869597402045],[-105.31909255687192,30.812319794464706],[-105.29024777612857,30.825050510421185],[-105.25855021487213,30.794860526867247],[-105.21766036085133,30.80577256911566],[-105.1609217262023,30.751576092615217],[-105.11844699411868,30.74902994942392],[-105.05473489599325,30.682102756967005],[-105.00750552972116,30.68592197175395],[-104.97105333427626,30.609355808644267],[-104.92699372412982,30.60444538963248],[-104.89878289461159,30.56989058917918],[-104.86645138213002,30.494051895552726],[-104.86867021141798,30.472591545797517],[-104.93396718760623,30.467499259414925],[-104.97992865142807,30.50714634625082],[-105.0258901152499,30.507691948363238],[-105.1022812378779,30.508601285217274],[-105.09277196950097,30.484231057529158],[-105.17138192141692,30.484776659641575],[-105.16662728722847,30.382749064618935],[-105.20846806808696,30.382749064618935],[-105.20846806808696,30.35437775477307],[-105.26076904416007,30.355650826368716],[-105.26203694661034,30.42821590732065],[-105.31402094707089,30.42857964206226],[-105.31433792268345,30.377656778236343],[-105.36790680120683,30.377656778236343],[-105.35205802057861,30.32928005760172],[-105.49311216816974,30.330371261826564],[-105.48391987540538,30.293270318181968],[-105.52163997330054,30.292724716069547],[-105.51942114401258,30.325097108073166],[-105.56982026641032,30.344920651491112],[-105.60754036430548,30.392933637384118],[-105.59644621786572,30.49732550822725],[-105.68583334060887,30.505145805171942],[-105.68519938938374,30.641728200647883],[-105.72862504830506,30.656641325054046],[-105.71245929206427,30.771763370774778],[-105.76571119497508,30.796497333204513],[-105.76729607303791,30.811956059723094],[-105.81959704911102,30.846510860176394],[-105.87696963498517,30.8466927275472],[-105.8810903179485,30.819594489296982],[-106.05352505118351,30.819776356667788],[-106.0544759780212,30.89634251977747],[-106.09156212469124,30.92926051389351],[-106.09156212469124,30.9849119293604],[-106.1327689543246,30.98527566410202],[-106.13340290554973,30.95635875214373],[-106.19394524754952,30.95272140472759],[-106.19362827193696,31.018921127701283],[-106.26843451650214,31.036016660557124],[-106.27667588242882,31.08930380020353],[-106.29886417530832,31.090758739169985],[-106.31027529736063,31.15368484946916],[-106.26463080915137,31.17660013819082],[-106.27033637017753,31.370652622841725],[-106.25955919935033,31.433760600511697],[-106.23515207718289,31.41011784230681],[-106.18316807672232,31.457948960829007],[-106.07539636845046,31.397750861091943],[-106.02055958747682,31.393749778934193]]]}},{"type":"Feature","properties":{"cvegeo":"08030","cve_ent":"08","state_code":"CHH","nom_mun":"Guazapares"},"geometry":{"type":"Polygon","coordinates":[[[-108.02828311745941,27.606179914510818],[-108.04476584931275,27.5818096868227],[-108.0701238983179,27.469597519034878],[-108.09706682538587,27.45341132303307],[-108.06790506902995,27.395941233858107],[-108.07392760566867,27.357930953359475],[-108.1306662403177,27.33174205196329],[-108.18296721639081,27.34774638059429],[-108.19691414334365,27.30864489587082],[-108.25270185115497,27.26990714588896],[-108.22702682653726,27.25844950152813],[-108.25492068044292,27.15460323279742],[-108.21783453377289,27.099133684701336],[-108.28471638802397,27.060577802090283],[-108.34018712022272,27.0398449218183],[-108.35413404717556,27.07512719175483],[-108.42164985265177,27.021112582625197],[-108.47046409698667,27.034570768064903],[-108.47173199943693,27.080583212879034],[-108.49550517037926,27.110409461691358],[-108.47078107259924,27.216801873613363],[-108.4444720967564,27.234624875952434],[-108.39280507190841,27.231533130648717],[-108.33987014461016,27.30173393578016],[-108.36205843748967,27.34156288998686],[-108.35191521788761,27.375753955698546],[-108.37442048637968,27.41521917516363],[-108.38805043771994,27.400487918128277],[-108.44827580410717,27.433042177502703],[-108.47902243852592,27.525794536614193],[-108.44193629185588,27.58381022790158],[-108.37188468147916,27.557439459134585],[-108.29137287588782,27.641644051818155],[-108.26886760739575,27.69383998723972],[-108.12147394755333,27.593994800666763],[-108.13130019154282,27.623821049479083],[-108.17821258220235,27.682564210249694],[-108.09579892293561,27.7225750318272],[-108.07963316669483,27.648009409796394],[-108.02828311745941,27.606179914510818]]]}},{"type":"Feature","properties":{"cvegeo":"08035","cve_ent":"08","state_code":"CHH","nom_mun":"Janos"},"geometry":{"type":"Polygon","coordinates":[[[-108.20864224100852,31.33318794445551],[-108.20864224100852,31.212609877610575],[-108.17440887485157,31.212609877610575],[-108.15665824054797,31.170780382325],[-108.09801775222357,31.10603559831776],[-108.12052302071564,31.090213137057567],[-108.11228165478896,31.046746835434732],[-108.01465316611915,31.038017201636002],[-108.00989853193067,30.936353341354973],[-107.97217843403551,30.867607475189985],[-107.99975531232862,30.855604228716736],[-107.98358955608784,30.81141045761067],[-107.98041979996219,30.775036983449304],[-107.94586945819267,30.710655934183677],[-107.93731111665343,30.661733611436638],[-108.0381093614489,30.651549038671455],[-108.05776184942789,30.68064781800055],[-108.11037980111357,30.675373664247154],[-108.07234272760586,30.626633208870913],[-108.07424458128123,30.602990450666027],[-108.10784399621306,30.596625092687788],[-108.17219004556362,30.560615353268034],[-108.15697521616053,30.539155003512825],[-108.19057463109236,30.53260777816378],[-108.20895921662108,30.488232139686907],[-108.2301965826629,30.478411301663336],[-108.18138233832799,30.446220777030526],[-108.21973638744828,30.416394528218202],[-108.20483853365775,30.376019971899083],[-108.28788614414961,30.392933637384118],[-108.37251863270428,30.372382624482945],[-108.38329580353148,30.34001023247933],[-108.43591375521716,30.343829447266273],[-108.44161931624332,30.302181819351503],[-108.47585268240027,30.304364227801187],[-108.50216165824311,30.26417153885287],[-108.50564838998132,30.17960321142769],[-108.61754078121653,30.23598209637781],[-108.62039356172961,30.298180737193753],[-108.55065892696545,30.266717682044167],[-108.54210058542621,30.28326761278759],[-108.58013765893394,30.337464089288034],[-108.62197843979243,30.34037396722094],[-108.62007658611705,30.374746900303435],[-108.6489213668604,30.416940130330623],[-108.61373707386576,30.43567246952373],[-108.60422780548883,30.46513498359444],[-108.66508712310119,30.468226728898152],[-108.6622343425881,30.521695735915365],[-108.67808312321633,30.5571598732227],[-108.72753131877636,30.58025702931517],[-108.83086536847235,30.60171737907038],[-108.87397405178109,30.623359596196394],[-108.86731756391724,30.68937745179928],[-108.91898458876523,30.739390978771162],[-108.94814634512115,30.736844835579866],[-108.93546732061857,30.77358204448285],[-108.93134663765524,30.866334403594337],[-108.93927102796934,30.907618296767495],[-108.80265453895412,30.903980949351357],[-108.80328849017924,31.00473547277835],[-108.68410565985505,31.006008544373998],[-108.68473961108018,31.033470517365828],[-108.75257239216894,31.033834252107447],[-108.73450478225277,31.053475928154583],[-108.7662023435092,31.073663206314144],[-108.77032302647255,31.102216383530816],[-108.84576322226286,31.135316245017663],[-108.80487336824206,31.192786334192625],[-108.84829902716338,31.19496874264231],[-108.86097805166595,31.218975235588815],[-108.90028302762393,31.20242530484539],[-108.87999658841981,31.23861691163595],[-108.81723541713207,31.238798779006757],[-108.75605912390715,31.332460474972287],[-108.20864224100852,31.33318794445551]]]}},{"type":"Feature","properties":{"cvegeo":"08040","cve_ent":"08","state_code":"CHH","nom_mun":"Madera"},"geometry":{"type":"Polygon","coordinates":[[[-108.02289453204581,29.777312587202946],[-108.0247963857212,29.70511124099263],[-107.99341580007733,29.674011920584658],[-107.94111482400422,29.680559145933703],[-107.95569570218217,29.618724239859375],[-107.95823150708269,29.555434394818594],[-107.92685092143881,29.55052397580681],[-107.9198774579624,29.494145090856687],[-107.8957873114075,29.489598406586516],[-107.86504067698877,29.44976945237982],[-107.82985638399413,29.449951319750625],[-107.82636965225592,29.389935087384366],[-107.88564409180545,29.39484550639615],[-107.9065644822347,29.36720166603351],[-107.92273023847548,29.288998696586564],[-107.90973423836034,29.258444978291017],[-107.90624750662214,29.22461764732094],[-107.83461101818258,29.238621434873068],[-107.83397706695746,29.185152427855854],[-107.78135911527178,29.18497056048505],[-107.77882331037127,29.14277733045786],[-107.9100512139729,29.13768504407527],[-107.96995960474757,29.16696569077517],[-107.9927818488522,29.12095324596104],[-108.00641180019247,29.034202510086175],[-107.95284292166909,29.024199804691797],[-107.94586945819267,28.956727010122457],[-108.09294614242253,28.9605462249094],[-108.07519550811892,28.90871402422945],[-108.09484799609793,28.883798194428913],[-108.16046194789874,28.87470482588857],[-108.13700575256898,28.836512678019133],[-108.17345794801388,28.848334057121576],[-108.21720058254776,28.84178683177253],[-108.2070573629457,28.802321612307445],[-108.16585053331234,28.793046376396298],[-108.17219004556362,28.763765729696395],[-108.3573038033012,28.75885531068461],[-108.3297269250081,28.719935693331944],[-108.35571892523838,28.688654505553167],[-108.4523964870705,28.720481295444365],[-108.47204897504949,28.69829347620593],[-108.51071999978235,28.694474261418986],[-108.53607804878749,28.711751661645636],[-108.56682468320624,28.695201730902212],[-108.5839413662847,28.716298345915806],[-108.5839413662847,28.739941104120696],[-108.64321580583425,28.765038801292043],[-108.68822634281838,28.87634163222583],[-108.70661092834712,28.88398006179972],[-108.69805258680788,28.936175997221284],[-108.72975014806431,29.096583018272923],[-108.698686538033,29.12768233868089],[-108.72911619683919,29.171876109786957],[-108.74559892869253,29.16223713913419],[-108.73038409928944,29.269175153168618],[-108.68220380617966,29.267356479460553],[-108.66984175728965,29.307367301038056],[-108.71770507478686,29.465773781010817],[-108.64384975705937,29.48868906973248],[-108.66255131820067,29.544522352570183],[-108.63877814725835,29.558344272751505],[-108.6552608791117,29.649277958154926],[-108.61817473244166,29.66055373514495],[-108.65938156207503,29.716205150611845],[-108.59249970782395,29.717660089578303],[-108.54083268297596,29.73602869402979],[-108.54114965858852,29.79604492639605],[-108.62990283010654,29.806229499161233],[-108.634657464295,29.832054665815807],[-108.60739756161448,29.846967790221967],[-108.61563892754114,29.883523131754146],[-108.55477960992879,29.901891736205634],[-108.56460585391828,29.92407955544407],[-108.51071999978235,30.005192402823923],[-108.36237541310223,30.00482866808231],[-108.36237541310223,29.960089294863828],[-108.31070838825424,29.960089294863828],[-108.31070838825424,30.005010535453117],[-108.22385707041161,30.005192402823923],[-108.22354009479905,29.758398380639036],[-108.12781345980461,29.758398380639036],[-108.09801775222357,29.77658511771972],[-108.02289453204581,29.777312587202946]]]}},{"type":"Feature","properties":{"cvegeo":"08041","cve_ent":"08","state_code":"CHH","nom_mun":"Maguarichi"},"geometry":{"type":"Polygon","coordinates":[[[-107.84316935972183,27.939542805199768],[-107.83619589624541,27.9031693310384],[-107.85204467687363,27.852610201954096],[-107.83270916450721,27.769678680866175],[-107.8558483842244,27.747672728998545],[-107.87264809169031,27.684382883957763],[-107.8967382382452,27.674016443821774],[-107.89071570160648,27.64364459289703],[-107.97376331209834,27.648009409796394],[-107.95854848269525,27.623457314737472],[-107.96805775107218,27.59872335230774],[-108.02828311745941,27.606179914510818],[-108.07963316669483,27.648009409796394],[-108.09579892293561,27.7225750318272],[-108.02638126378402,27.73876122782901],[-108.07424458128123,27.781863794710233],[-108.0745615568938,27.819146605725635],[-108.12147394755333,27.890074880340308],[-108.1021384351869,27.938633468345735],[-108.11513443530204,27.958093277022066],[-108.09231219119741,27.963913032887888],[-108.08850848384664,27.99755849648715],[-108.02986799552222,28.04266160444725],[-107.9518919948314,28.045935217121773],[-107.88120643322955,28.002650782869743],[-107.84316935972183,27.939542805199768]]]}},{"type":"Feature","properties":{"cvegeo":"08043","cve_ent":"08","state_code":"CHH","nom_mun":"Matachí"},"geometry":{"type":"Polygon","coordinates":[[[-107.59402652824625,28.95145285636906],[-107.59434350385881,28.927264496051748],[-107.54457833268621,28.890163552407152],[-107.58007960129342,28.864156518381773],[-107.58673608915727,28.80250347967825],[-107.6114601869373,28.758673443313803],[-107.6558367726963,28.73175707243439],[-107.67960994363862,28.69883907831835],[-107.77882331037127,28.647188745009206],[-107.77660448108331,28.695201730902212],[-107.83873170114593,28.6550090419539],[-107.83239218889464,28.697202271981087],[-107.86408975015108,28.78577168156402],[-107.85299560371132,28.84869779186319],[-107.87518389659083,28.85288074139175],[-107.82953940838156,28.914715647466075],[-107.829222432769,28.88325259231649],[-107.77755540792101,28.887071807103435],[-107.79910974957538,28.928537567647396],[-107.74744272472739,28.953998999560355],[-107.73349579777457,28.98473458522671],[-107.66502906546066,28.971458267157814],[-107.65647072392143,28.955272071156003],[-107.59402652824625,28.95145285636906]]]}},{"type":"Feature","properties":{"cvegeo":"08051","cve_ent":"08","state_code":"CHH","nom_mun":"Ocampo"},"geometry":{"type":"Polygon","coordinates":[[[-108.30658770529091,28.348380654773557],[-108.23780399736444,28.353109206414537],[-108.21181199713416,28.32164615126495],[-108.17092214311336,28.328375243984805],[-108.13446994766846,28.294547913014732],[-108.0967498497733,28.314371456432678],[-108.09231219119741,28.30618742474637],[-108.10594214253767,28.28199906442906],[-108.00958155631811,28.20652410554422],[-107.96203521443346,28.179425867294],[-107.92558301898856,28.14177932153698],[-107.92399814092573,28.139051310974878],[-107.92051140918753,28.113408011691114],[-107.87835365271647,28.089583386115414],[-107.83302614011977,28.08594603869928],[-107.81812828632924,28.043389073930477],[-107.83080731083182,28.02993088849077],[-107.79942672518794,27.96373116551708],[-107.84316935972183,27.939542805199768],[-107.88120643322955,28.002650782869743],[-107.9518919948314,28.045935217121773],[-108.02986799552222,28.04266160444725],[-108.08850848384664,27.99755849648715],[-108.09231219119741,27.963913032887888],[-108.11513443530204,27.958093277022066],[-108.12464370367897,28.00519692606104],[-108.1759937529144,28.025747938962212],[-108.27837687577268,28.01792764201752],[-108.32497229081964,27.98100856574373],[-108.38171092546865,27.983554708935024],[-108.3902692670079,28.02065565257962],[-108.53132341459903,28.020473785208814],[-108.49455424354156,28.042843471818056],[-108.44415512114384,28.047026421346615],[-108.45112858462025,28.113771746432725],[-108.41150663304971,28.125593125535172],[-108.44066838940563,28.162148467067347],[-108.46412458473539,28.200886217049206],[-108.48821473129028,28.201431819161627],[-108.49265238986618,28.23580475224412],[-108.47553570678771,28.302004475217814],[-108.48758078006514,28.344015837874196],[-108.44827580410717,28.34765318529033],[-108.30658770529091,28.348380654773557]]]}},{"type":"Feature","properties":{"cvegeo":"08063","cve_ent":"08","state_code":"CHH","nom_mun":"Temósachic"},"geometry":{"type":"Polygon","coordinates":[[[-107.6016339429478,29.179878274102457],[-107.61970155286396,29.107313193150524],[-107.637135211555,29.09712862038534],[-107.57057033291649,29.053298584020894],[-107.58103052813111,28.989826871609303],[-107.56296291821494,28.976368686169597],[-107.59402652824625,28.95145285636906],[-107.65647072392143,28.955272071156003],[-107.66502906546066,28.971458267157814],[-107.73349579777457,28.98473458522671],[-107.74744272472739,28.953998999560355],[-107.79910974957538,28.928537567647396],[-107.77755540792101,28.887071807103435],[-107.829222432769,28.88325259231649],[-107.82953940838156,28.914715647466075],[-107.87518389659083,28.85288074139175],[-107.85299560371132,28.84869779186319],[-107.86408975015108,28.78577168156402],[-107.83239218889464,28.697202271981087],[-107.83873170114593,28.6550090419539],[-107.85553140861184,28.608632862398153],[-107.84190145727158,28.555527590122555],[-107.85299560371132,28.5407963330872],[-107.91068516519803,28.556982529089012],[-107.9385790191037,28.543888078390918],[-107.92114536041265,28.508787675825197],[-107.9652049705591,28.432585247457126],[-108.01116643438093,28.42203693995033],[-108.01243433683119,28.39602990592495],[-108.05871277626558,28.37547889302378],[-108.0967498497733,28.314371456432678],[-108.13446994766846,28.294547913014732],[-108.17092214311336,28.328375243984805],[-108.21181199713416,28.32164615126495],[-108.23780399736444,28.353109206414537],[-108.30658770529091,28.348380654773557],[-108.44827580410717,28.34765318529033],[-108.4799733653636,28.369477269787154],[-108.51547463397081,28.42603802210808],[-108.50501443875619,28.493328949306616],[-108.52339902428491,28.505877797892285],[-108.53132341459903,28.556618794347397],[-108.55160985380314,28.57771540936099],[-108.58013765893394,28.632457487973852],[-108.5839413662847,28.716298345915806],[-108.56682468320624,28.695201730902212],[-108.53607804878749,28.711751661645636],[-108.51071999978235,28.694474261418986],[-108.47204897504949,28.69829347620593],[-108.4523964870705,28.720481295444365],[-108.35571892523838,28.688654505553167],[-108.3297269250081,28.719935693331944],[-108.3573038033012,28.75885531068461],[-108.17219004556362,28.763765729696395],[-108.16585053331234,28.793046376396298],[-108.2070573629457,28.802321612307445],[-108.21720058254776,28.84178683177253],[-108.17345794801388,28.848334057121576],[-108.13700575256898,28.836512678019133],[-108.16046194789874,28.87470482588857],[-108.09484799609793,28.883798194428913],[-108.07519550811892,28.90871402422945],[-108.09294614242253,28.9605462249094],[-107.94586945819267,28.956727010122457],[-107.95284292166909,29.024199804691797],[-108.00641180019247,29.034202510086175],[-107.9927818488522,29.12095324596104],[-107.96995960474757,29.16696569077517],[-107.9100512139729,29.13768504407527],[-107.77882331037127,29.14277733045786],[-107.78135911527178,29.18497056048505],[-107.83397706695746,29.185152427855854],[-107.83461101818258,29.238621434873068],[-107.90624750662214,29.22461764732094],[-107.90973423836034,29.258444978291017],[-107.84316935972183,29.25644443721214],[-107.81971316439207,29.229528066332726],[-107.76329150535561,29.239894506468715],[-107.70211521213069,29.202066093340893],[-107.71067355366993,29.171876109786957],[-107.64759540676963,29.15514431167273],[-107.6016339429478,29.179878274102457]]]}},{"type":"Feature","properties":{"cvegeo":"08065","cve_ent":"08","state_code":"CHH","nom_mun":"Urique"},"geometry":{"type":"Polygon","coordinates":[[[-107.7509294564656,27.52943188403033],[-107.6558367726963,27.477781550721186],[-107.7109905292825,27.446136628200797],[-107.73603160267508,27.346655176369453],[-107.80830204233975,27.31100917169131],[-107.75346526136612,27.30755369164598],[-107.7154281878584,27.28845761771126],[-107.63681823594244,27.34138102261605],[-107.6228713089896,27.26772473743928],[-107.67644018751298,27.212437056714],[-107.7144772610207,27.25153854143747],[-107.72683930991072,27.138962638908033],[-107.74490691982687,27.123503912389452],[-107.80227950570102,27.136598363087543],[-107.7883325787482,27.099133684701336],[-107.79657394467486,27.05330310725801],[-107.86852740872698,27.046574014538155],[-107.861236969638,27.028932879569894],[-107.86630857943902,26.99856102864515],[-107.93033765317702,26.988376455879965],[-107.94174877522934,26.841973222380453],[-108.03715843461121,26.810146432489255],[-108.09421404487279,26.87052639959713],[-108.14429619165796,26.867616521664218],[-108.14207736237,26.907081741129304],[-108.17662770413952,26.88143844184554],[-108.2301965826629,26.905808669533656],[-108.23495121685136,26.958550207067642],[-108.18201628955312,27.00310771291532],[-108.19469531405569,27.032024624873607],[-108.25048302186701,27.040936126043142],[-108.28154663189832,27.012928550938888],[-108.30373492477783,27.03657130914378],[-108.33321365674631,27.004562651881773],[-108.35001336421222,27.022567521591654],[-108.42164985265177,27.021112582625197],[-108.35413404717556,27.07512719175483],[-108.34018712022272,27.0398449218183],[-108.28471638802397,27.060577802090283],[-108.21783453377289,27.099133684701336],[-108.25492068044292,27.15460323279742],[-108.22702682653726,27.25844950152813],[-108.25270185115497,27.26990714588896],[-108.19691414334365,27.30864489587082],[-108.18296721639081,27.34774638059429],[-108.1306662403177,27.33174205196329],[-108.07392760566867,27.357930953359475],[-108.06790506902995,27.395941233858107],[-108.09706682538587,27.45341132303307],[-108.0701238983179,27.469597519034878],[-108.04476584931275,27.5818096868227],[-108.02828311745941,27.606179914510818],[-107.96805775107218,27.59872335230774],[-107.95854848269525,27.623457314737472],[-107.8923005796693,27.586174503722066],[-107.83778077430823,27.62818586637845],[-107.76741218831894,27.526158271355808],[-107.7509294564656,27.52943188403033]]]}},{"type":"Feature","properties":{"cvegeo":"08066","cve_ent":"08","state_code":"CHH","nom_mun":"Uruachi"},"geometry":{"type":"Polygon","coordinates":[[[-108.53132341459903,28.020473785208814],[-108.3902692670079,28.02065565257962],[-108.38171092546865,27.983554708935024],[-108.32497229081964,27.98100856574373],[-108.27837687577268,28.01792764201752],[-108.1759937529144,28.025747938962212],[-108.12464370367897,28.00519692606104],[-108.11513443530204,27.958093277022066],[-108.1021384351869,27.938633468345735],[-108.12147394755333,27.890074880340308],[-108.0745615568938,27.819146605725635],[-108.07424458128123,27.781863794710233],[-108.02638126378402,27.73876122782901],[-108.09579892293561,27.7225750318272],[-108.17821258220235,27.682564210249694],[-108.13130019154282,27.623821049479083],[-108.12147394755333,27.593994800666763],[-108.26886760739575,27.69383998723972],[-108.29200682711294,27.740034299424657],[-108.33194575429606,27.746399657402897],[-108.32940994939554,27.71111738746637],[-108.36839794974095,27.699841610476348],[-108.39692575487175,27.755311158572432],[-108.43274399909151,27.783682468418302],[-108.49994282895516,27.757675434392922],[-108.5297385365362,27.80259667498221],[-108.60739756161448,27.79550384752075],[-108.63751024480808,27.759675975471797],[-108.62609912275578,27.723120633939622],[-108.67237756219016,27.676198852271455],[-108.64416673267193,27.650737420358496],[-108.71073161131045,27.628549601120064],[-108.73989336766637,27.599996423903388],[-108.76588536789664,27.705661366342163],[-108.83308419776029,27.744399116324022],[-108.89584536904803,27.744762851065637],[-108.91549785702702,27.7756803041028],[-108.91042624722598,27.80896203296045],[-108.8695363932052,27.839333883885196],[-108.91961853999035,27.87097880640559],[-108.92659200346677,27.94063400942461],[-108.97857600392733,27.978826157294048],[-108.93483336939344,28.002468915498937],[-108.96272722329911,28.030476490603192],[-108.92754293030447,28.077943874383777],[-108.89109073485956,28.056301657257762],[-108.84639717348799,28.056847259370183],[-108.79377922180231,28.02065565257962],[-108.66698897677657,27.96482236974192],[-108.63751024480808,27.96063942021336],[-108.60486175671396,27.99519422066666],[-108.57918673209625,27.989738199542458],[-108.53132341459903,28.020473785208814]]]}},{"type":"Feature","properties":{"cvegeo":"08029","cve_ent":"08","state_code":"CHH","nom_mun":"Guadalupe y Calvo"},"geometry":{"type":"Polygon","coordinates":[[[-106.9061894489816,26.607182446668816],[-106.91411383929572,26.593360526487494],[-106.8405754971808,26.55553211335967],[-106.78954242355793,26.48351263452016],[-106.76513530139047,26.482421430295318],[-106.70459295939068,26.4234964021539],[-106.5809724704906,26.384576784801236],[-106.54230144575774,26.361661496079574],[-106.53437705544363,26.334926992570967],[-106.49792485999873,26.314375979669794],[-106.47383471344384,26.26090697265258],[-106.42406954227124,26.214530793096834],[-106.43294485942305,26.20398248559004],[-106.415511200732,26.1392377015828],[-106.45893685965332,26.112139463332582],[-106.4716158841559,26.06030726265263],[-106.44467295708792,26.00501958192735],[-106.45608407914024,25.97264718992373],[-106.54737305555877,25.952459911764173],[-106.56005208006134,25.91263095755747],[-106.555931397098,25.691480234656346],[-106.46400846945434,25.741675628999037],[-106.53596193350646,25.676748977620992],[-106.60442866582035,25.634555747593804],[-106.6529259345427,25.55871705396735],[-106.68208769089861,25.579086199497716],[-106.74484886218636,25.585087822734344],[-106.87385793650004,25.571629637294635],[-106.8992159855052,25.643830983504955],[-106.9943086692745,25.662199587956444],[-106.96704876659396,25.668383078563878],[-106.96546388853115,25.697845592634586],[-106.99050496192373,25.71494112549043],[-107.01047442551528,25.691480234656346],[-107.06467725526379,25.71912407501899],[-107.0583377430125,25.757316222888427],[-107.19495423202774,25.852069123078792],[-107.24693823248829,25.878985493958204],[-107.24281754952494,25.892261812027105],[-107.29606945243576,25.92481607140153],[-107.27641696445677,26.001927836623633],[-107.30684662326294,26.04866775092099],[-107.30494476958756,26.076311591283634],[-107.3464685748335,26.109593320141286],[-107.41652018521022,26.14123824266168],[-107.46216467341948,26.137419027874735],[-107.52017121051875,26.10413729901708],[-107.55567247912596,26.159606847113167],[-107.73508067583738,26.16815461354109],[-107.75505013942893,26.134509149941824],[-107.78104213965922,26.136691558391504],[-107.78896652997332,26.168518348282703],[-107.85426350616157,26.196525923386957],[-107.85616535983696,26.22580657008686],[-107.90022496998341,26.286732139307155],[-107.90149287243366,26.31510344915302],[-107.86947833556466,26.370936731990724],[-107.74997852962791,26.368026854057813],[-107.72398652939764,26.40330912399434],[-107.68182877292658,26.426042545345197],[-107.67865901680094,26.364935108754096],[-107.58990584528291,26.323651215580945],[-107.61431296745037,26.40167231765708],[-107.56581569872802,26.41149315568065],[-107.53855579604749,26.486240645082262],[-107.49513013712617,26.50660979061263],[-107.53158233257108,26.534617365716883],[-107.48371901507386,26.59245118963346],[-107.43300291706356,26.592087454891846],[-107.40796184367098,26.518431169715075],[-107.36358525791196,26.517339965490233],[-107.36263433107428,26.582266616868278],[-107.38133589221557,26.59663413916202],[-107.3597815505612,26.66065145368603],[-107.38513959956634,26.679383792879133],[-107.32491423317911,26.67792885391268],[-107.25517959841495,26.626278520603535],[-107.22031228103288,26.64428339031341],[-107.16103784148335,26.637190562851945],[-107.09605784090766,26.670836026451212],[-107.01269325480324,26.668653618001528],[-106.96895062026935,26.655741034674243],[-106.9061894489816,26.607182446668816]]]}},{"type":"Feature","properties":{"cvegeo":"08046","cve_ent":"08","state_code":"CHH","nom_mun":"Morelos"},"geometry":{"type":"Polygon","coordinates":[[[-107.58071355251855,26.751039536977032],[-107.49608106396387,26.708118837466614],[-107.4913264297754,26.721395155535514],[-107.40669394122072,26.706845765870966],[-107.38513959956634,26.679383792879133],[-107.3597815505612,26.66065145368603],[-107.38133589221557,26.59663413916202],[-107.36263433107428,26.582266616868278],[-107.36358525791196,26.517339965490233],[-107.40796184367098,26.518431169715075],[-107.43300291706356,26.592087454891846],[-107.48371901507386,26.59245118963346],[-107.53158233257108,26.534617365716883],[-107.49513013712617,26.50660979061263],[-107.53855579604749,26.486240645082262],[-107.56581569872802,26.41149315568065],[-107.61431296745037,26.40167231765708],[-107.58990584528291,26.323651215580945],[-107.67865901680094,26.364935108754096],[-107.68182877292658,26.426042545345197],[-107.72398652939764,26.40330912399434],[-107.74997852962791,26.368026854057813],[-107.86947833556466,26.370936731990724],[-107.90149287243366,26.31510344915302],[-107.90022496998341,26.286732139307155],[-108.01275131244375,26.438955128672482],[-107.99975531232862,26.44841223195444],[-107.95759755585756,26.493697207285344],[-107.96140126320833,26.526978936142996],[-108.05173931278917,26.629915868019673],[-108.08153502037021,26.641737247122116],[-108.01497014173171,26.685749150857372],[-108.00672877580503,26.705572694275318],[-107.98073677557475,26.69920733629708],[-107.99626858059041,26.759951038146568],[-107.94967316554344,26.77540976466515],[-107.91892653112471,26.75394941490994],[-107.8656746282139,26.77631910151918],[-107.87930457955416,26.74958459801058],[-107.86662555505158,26.713211123849206],[-107.92304721408804,26.68429421189092],[-107.94555248258011,26.63682682811033],[-107.89451940895725,26.587540770621676],[-107.8656746282139,26.65064874829165],[-107.81781131071668,26.651558085145687],[-107.78231004210947,26.733398402008767],[-107.80766809111462,26.769226274057715],[-107.80291345692615,26.81469311675943],[-107.74934457840278,26.80996456511845],[-107.72905813919866,26.785594337430332],[-107.69799452916736,26.78923168484647],[-107.67453833383759,26.76668013086642],[-107.61526389428806,26.766498263495613],[-107.58071355251855,26.751039536977032]]]}},{"type":"Feature","properties":{"cvegeo":"08047","cve_ent":"08","state_code":"CHH","nom_mun":"Moris"},"geometry":{"type":"Polygon","coordinates":[[[-108.44827580410717,28.34765318529033],[-108.48758078006514,28.344015837874196],[-108.47553570678771,28.302004475217814],[-108.49265238986618,28.23580475224412],[-108.48821473129028,28.201431819161627],[-108.46412458473539,28.200886217049206],[-108.44066838940563,28.162148467067347],[-108.41150663304971,28.125593125535172],[-108.45112858462025,28.113771746432725],[-108.44415512114384,28.047026421346615],[-108.49455424354156,28.042843471818056],[-108.53132341459903,28.020473785208814],[-108.57918673209625,27.989738199542458],[-108.60486175671396,27.99519422066666],[-108.63751024480808,27.96063942021336],[-108.66698897677657,27.96482236974192],[-108.79377922180231,28.02065565257962],[-108.84639717348799,28.056847259370183],[-108.89109073485956,28.056301657257762],[-108.92754293030447,28.077943874383777],[-108.96272722329911,28.030476490603192],[-108.93483336939344,28.002468915498937],[-108.97857600392733,27.978826157294048],[-109.03182790683813,28.018109509388324],[-109.06796312667048,28.128321136097274],[-109.06574429738252,28.182517612597714],[-109.07525356575945,28.272541961147105],[-109.02295258968634,28.277452380158888],[-108.99886244313144,28.255264560920452],[-108.98713434546656,28.277816114900503],[-108.96145932084885,28.261993653640307],[-108.75130448971869,28.27163262429307],[-108.68759239159326,28.303459414184267],[-108.64131395215885,28.291638035081824],[-108.6365593179704,28.335286204075466],[-108.60391082987627,28.347471317919524],[-108.55097590257802,28.317826936478006],[-108.51959531693414,28.334740601963045],[-108.52149717060954,28.36493058551698],[-108.4799733653636,28.369477269787154],[-108.44827580410717,28.34765318529033]]]}},{"type":"Feature","properties":{"cvegeo":"08002","cve_ent":"08","state_code":"CHH","nom_mun":"Aldama"},"geometry":{"type":"Polygon","coordinates":[[[-104.8185880646328,28.962183031246663],[-104.72825001505197,28.84997086345884],[-104.66263606325116,28.776496445652874],[-104.68577528296835,28.768858016078987],[-104.73871021026659,28.75703663697654],[-104.77579635693662,28.77158602664109],[-104.78435469847587,28.79522878484598],[-104.84299518680027,28.79341011113791],[-104.87817947979491,28.778678854102555],[-104.8712060163185,28.818507808309256],[-105.03793518852734,28.77831511936094],[-105.09372289633866,28.826509972624756],[-105.14253714067357,28.749580074773462],[-105.16409148232795,28.797229325924853],[-105.22178104381466,28.766130005516885],[-105.27534992233804,28.807595766060842],[-105.3111681665578,28.761401453875905],[-105.36822377681939,28.709387385825146],[-105.4205247528925,28.696292935127055],[-105.41577011870405,28.658282654628422],[-105.49564797307026,28.61754436356769],[-105.51054582686078,28.589173053721822],[-105.51783626594977,28.569531377674682],[-105.52829646116439,28.5593468049095],[-105.570771193248,28.568803908191455],[-105.61419685216933,28.60826912765654],[-105.61863451074522,28.571531918753557],[-105.67917685274502,28.58771811475537],[-105.69470865776067,28.556982529089012],[-105.7042179261376,28.568258306079034],[-105.71848182870299,28.67737872856314],[-105.8189630978859,28.68738143395752],[-105.87284895202184,28.673741381147003],[-105.90549744011597,28.700294017284804],[-105.90042583031493,28.727755990276638],[-105.96350397721524,28.73157520506358],[-106.08902631979072,28.79795679540808],[-106.09790163694252,28.8568818235495],[-106.12357666156024,28.921626607556735],[-106.16605139364385,28.92999250661385],[-106.20820915011491,29.01492456878065],[-106.1727078815077,29.01838004882598],[-106.18665480846055,29.054935390358153],[-106.21581656481646,29.068211708427054],[-106.223423979518,29.131501553467835],[-106.1238936371728,29.13131968609703],[-106.12357666156024,29.152598168481433],[-106.03735929494273,29.151870698998202],[-106.04464973403171,29.181696947810526],[-106.03799324616786,29.27699545011331],[-106.05067227067043,29.348833061582017],[-106.06715500252378,29.368111002887545],[-106.06208339272276,29.41139543713957],[-105.98949597744551,29.411213569768766],[-105.98949597744551,29.558708007493117],[-105.92927061105829,29.671102042651746],[-105.90993509869186,29.666009756269155],[-105.83861558586489,29.646549947592824],[-105.67949382835758,29.64673181496363],[-105.68171265764553,29.591626001609157],[-105.63353236453575,29.59144413423835],[-105.63384934014832,29.504693398363486],[-105.44271304577201,29.5025109899138],[-105.48043314366717,29.463773239931946],[-105.4544411434369,29.409576763431502],[-105.36600494753144,29.419761336196686],[-105.36505402069375,29.37684063668627],[-105.29753821521754,29.341012764637323],[-105.20244553144823,29.23971263909791],[-105.14095226261075,29.204794103902994],[-105.06836484733351,29.21261440084769],[-105.04522562761632,29.178241467765197],[-105.06392718875762,29.126045532343632],[-105.13239392107151,29.049297501863144],[-105.06170835946966,28.97800549250686],[-105.03793518852734,28.996010362216737],[-104.95520455364804,28.98364338100187],[-104.9165335289152,29.007104271835953],[-104.89719801654877,28.97400441034911],[-104.84014240628719,28.99473729062109],[-104.8185880646328,28.962183031246663]]]}},{"type":"Feature","properties":{"cvegeo":"08055","cve_ent":"08","state_code":"CHH","nom_mun":"Rosales"},"geometry":{"type":"Polygon","coordinates":[[[-105.52829646116439,28.5593468049095],[-105.49025938765666,28.543888078390918],[-105.5086439731854,28.48041636597933],[-105.54446221740517,28.473141671147054],[-105.59232553490239,28.42785669581615],[-105.65667158425295,28.40876062188143],[-105.62941168157242,28.360202033876003],[-105.56601655905955,28.281635329687447],[-105.52417577820106,28.270541420068227],[-105.50357236338436,28.236532221727348],[-105.49406309500743,28.18379068419336],[-105.52259090013823,28.181972010485296],[-105.55523938823235,28.137960106750036],[-105.60785733991804,28.10958879690417],[-105.60437060817983,28.127775533984853],[-105.68298056009579,28.055756055145345],[-105.64082280362473,28.01265348826412],[-105.72989295075531,27.98264537208099],[-105.77934114631535,27.915900046994878],[-105.8180121710482,27.878980970721088],[-105.86397363487004,27.89916824888065],[-105.89567119612647,27.945362561065586],[-105.93117246473368,27.94281641787429],[-105.98917900183295,28.01265348826412],[-105.97269626997961,28.026475408445442],[-106.00819753858681,28.10085916310544],[-106.02372934360247,28.086855375553313],[-106.095365832042,28.122137645489843],[-106.06842290497404,28.145416668953118],[-105.97459812365499,28.136505167783582],[-105.97649997733038,28.20179555390324],[-105.94194963556086,28.205069166577765],[-105.92229714758187,28.255810163032873],[-105.89472026928877,28.278725451754536],[-105.82720446381256,28.272905695888717],[-105.83544582973924,28.287273218182456],[-105.76190748762431,28.2910924329694],[-105.75683587782328,28.350381195852435],[-105.70326699929991,28.342015296795317],[-105.71055743838889,28.41221610192676],[-105.73496456055634,28.46059282256138],[-105.68805216989682,28.494965755643875],[-105.75049636557199,28.557164396459818],[-105.69470865776067,28.556982529089012],[-105.67917685274502,28.58771811475537],[-105.61863451074522,28.571531918753557],[-105.61419685216933,28.60826912765654],[-105.570771193248,28.568803908191455],[-105.52829646116439,28.5593468049095]]]}},{"type":"Feature","properties":{"cvegeo":"08021","cve_ent":"08","state_code":"CHH","nom_mun":"Delicias"},"geometry":{"type":"Polygon","coordinates":[[[-105.35205802057861,28.25017227453786],[-105.3618842645681,28.236168486985733],[-105.36156728895554,28.06903237321424],[-105.39643460633762,28.08139935442911],[-105.42274358218046,28.04720828871742],[-105.47377665580332,28.055756055145345],[-105.47377665580332,28.034659440131747],[-105.56252982732134,28.006469997656687],[-105.59803109592855,27.968095982416443],[-105.64082280362473,28.01265348826412],[-105.68298056009579,28.055756055145345],[-105.60437060817983,28.127775533984853],[-105.60785733991804,28.10958879690417],[-105.55523938823235,28.137960106750036],[-105.52259090013823,28.181972010485296],[-105.49406309500743,28.18379068419336],[-105.50357236338436,28.236532221727348],[-105.46426738742639,28.242533844963972],[-105.45127138731125,28.262539255752728],[-105.39358182582454,28.277270512788082],[-105.35205802057861,28.25017227453786]]]}},{"type":"Feature","properties":{"cvegeo":"08045","cve_ent":"08","state_code":"CHH","nom_mun":"Meoqui"},"geometry":{"type":"Polygon","coordinates":[[[-105.31370397145832,28.28709135081165],[-105.35205802057861,28.25017227453786],[-105.39358182582454,28.277270512788082],[-105.45127138731125,28.262539255752728],[-105.46426738742639,28.242533844963972],[-105.50357236338436,28.236532221727348],[-105.52417577820106,28.270541420068227],[-105.56601655905955,28.281635329687447],[-105.62941168157242,28.360202033876003],[-105.65667158425295,28.40876062188143],[-105.59232553490239,28.42785669581615],[-105.54446221740517,28.473141671147054],[-105.5086439731854,28.48041636597933],[-105.46141460691331,28.455318668807983],[-105.46902202161485,28.38475412893493],[-105.38438953306017,28.335286204075466],[-105.37900094764657,28.30727862897121],[-105.31370397145832,28.28709135081165]]]}},{"type":"Feature","properties":{"cvegeo":"08001","cve_ent":"08","state_code":"CHH","nom_mun":"Ahumada"},"geometry":{"type":"Polygon","coordinates":[[[-106.31027529736063,31.15368484946916],[-106.29886417530832,31.090758739169985],[-106.27667588242882,31.08930380020353],[-106.26843451650214,31.036016660557124],[-106.19362827193696,31.018921127701283],[-106.19394524754952,30.95272140472759],[-106.13340290554973,30.95635875214373],[-106.1327689543246,30.98527566410202],[-106.09156212469124,30.9849119293604],[-106.09156212469124,30.92926051389351],[-106.0544759780212,30.89634251977747],[-106.05352505118351,30.819776356667788],[-105.8810903179485,30.819594489296982],[-105.87696963498517,30.8466927275472],[-105.81959704911102,30.846510860176394],[-105.76729607303791,30.811956059723094],[-105.76571119497508,30.796497333204513],[-105.71245929206427,30.771763370774778],[-105.72862504830506,30.656641325054046],[-105.68519938938374,30.641728200647883],[-105.68583334060887,30.505145805171942],[-105.59644621786572,30.49732550822725],[-105.60754036430548,30.392933637384118],[-105.56982026641032,30.344920651491112],[-105.5637977297716,30.324733373331554],[-105.62497402299651,30.331098731309794],[-105.62497402299651,30.31163892263346],[-105.69217285286015,30.28163080645033],[-105.68107870642041,30.239073841681527],[-105.62529099860907,30.238710106939912],[-105.62560797422164,30.18815097785561],[-105.6874182186717,30.219068430892776],[-105.69375773092298,30.206701449677908],[-105.72957597514275,30.17360158819106],[-105.7647602681374,30.164326352279915],[-105.82847236626283,30.125770469668865],[-105.89820700102698,30.0630262267405],[-105.90105978154006,30.029380763141234],[-105.7726846584515,30.028107691545586],[-105.7682469998756,29.88206819278769],[-105.80977080512153,29.881522590675267],[-105.80596709777076,29.783132343068765],[-105.87982241549825,29.777494454573752],[-105.8180121710482,29.747304471019817],[-105.82720446381256,29.70111015883488],[-105.90930114746673,29.70111015883488],[-105.90993509869186,29.666009756269155],[-105.92927061105829,29.671102042651746],[-105.94607031852419,29.68419649334984],[-105.92895363544572,29.757670911155806],[-106.10392417358125,29.74712260364901],[-106.24529529678495,29.784951016776834],[-106.3061546143973,29.750214348952724],[-106.26748358966445,29.71256780319571],[-106.36669695639709,29.712749670566517],[-106.37620622477402,29.73966604144593],[-106.46812915241769,29.73966604144593],[-106.46559334751717,29.726753458118644],[-106.52074710410336,29.70329256728456],[-106.51250573817669,29.73966604144593],[-106.5942854462183,29.742575919378837],[-106.5942854462183,29.69401733137341],[-106.64975617841705,29.702019495688912],[-106.65039012964218,29.77021975974148],[-106.61742466593549,29.77822192405698],[-106.65546173944321,29.84678592285116],[-106.64563549545372,29.876430304292676],[-106.73629052064712,29.897526919306273],[-106.75847881352662,29.92826250497263],[-106.75499208178842,29.965727183358837],[-106.78954242355793,30.02738022206236],[-106.76355042332766,30.091761271327982],[-106.77337666731715,30.1506862994694],[-106.7578448623015,30.15414177951473],[-106.75404115495073,30.215067348735026],[-106.92267218083495,30.261625395661575],[-106.92077032715957,30.280721469596294],[-106.96641481536884,30.31582187216202],[-106.99177286437398,30.30290928883473],[-107.04597569412249,30.335099813467544],[-107.07577140170353,30.29708953296891],[-107.09415598723227,30.309638381554585],[-107.12204984113794,30.276174785326123],[-107.16515852444668,30.27926653062984],[-107.11317452398613,30.33982836510852],[-107.19875793937851,30.40093580169962],[-107.05960564546275,30.558251077447544],[-107.13219306074,30.555886801627054],[-107.09510691406996,30.616994238218155],[-107.06974886506481,30.632816699478347],[-107.14613998769282,30.712292740520944],[-107.08591462130559,30.713020210004167],[-107.05802076739994,30.734480559759376],[-107.05231520637378,30.798497874283385],[-107.02949296226915,30.805590701744855],[-107.03678340135812,30.86215145406578],[-107.09954457264587,30.863606393032235],[-107.07386954802816,30.95508568054808],[-107.04660964534762,30.95399447632324],[-107.04534174289736,31.086030187529012],[-106.89509530254186,31.085120850674976],[-106.89509530254186,31.151866175761086],[-106.82694554584053,31.123312998544414],[-106.74579978902405,31.137680520838153],[-106.74548281341148,31.160232074818204],[-106.64817130035424,31.172962790774683],[-106.5888968608047,31.151502441019474],[-106.50141159173694,31.152593645244316],[-106.50775110398823,31.187148445697616],[-106.39078710295198,31.187330313068422],[-106.37398739548607,31.154594186323187],[-106.36701393200966,31.187148445697616],[-106.31027529736063,31.15368484946916]]]}},{"type":"Feature","properties":{"cvegeo":"08017","cve_ent":"08","state_code":"CHH","nom_mun":"Cuauhtémoc"},"geometry":{"type":"Polygon","coordinates":[[[-106.80887793592436,29.14223172834544],[-106.78922544794537,29.12895541027654],[-106.82821344829078,29.044387082851358],[-106.77686339905536,29.032929438490527],[-106.7657692526156,28.913806310612042],[-106.83170018002899,28.923990883377225],[-106.85040174117029,28.88907234818231],[-106.80222144806051,28.85851862988676],[-106.79271217968358,28.828874248445246],[-106.84152642401848,28.831602259007347],[-106.88875579029057,28.763765729696395],[-106.81077978959975,28.75940091279703],[-106.78383686253177,28.737213093558594],[-106.76196554526483,28.65955572622407],[-106.73502261819687,28.62463719102916],[-106.6982534471394,28.62500092577077],[-106.62725090992498,28.579170348327445],[-106.5888968608047,28.532976036142507],[-106.54959188484672,28.515334901174242],[-106.61964349522344,28.49987617465566],[-106.59111569009265,28.491692142969352],[-106.59143266570521,28.45604613829121],[-106.54547120188339,28.418581459905],[-106.62598300747473,28.42967536952422],[-106.66211822730706,28.41730838830935],[-106.66053334924425,28.376751964619427],[-106.7125173497048,28.37129594349522],[-106.76767110629099,28.340560357828863],[-106.77686339905536,28.353836675897764],[-106.87671071701313,28.362384442325684],[-106.88019744875133,28.339287286233215],[-107.00571979132681,28.33855981674999],[-107.06499423087635,28.350926797964853],[-107.03836827942095,28.3973029775206],[-107.08591462130559,28.418217725163387],[-107.08781647498098,28.496056959868717],[-107.12046496307511,28.526246943422652],[-107.18766379293875,28.55116277322319],[-107.17688662211157,28.579170348327445],[-107.22316506154596,28.58244396100197],[-107.22760272012187,28.632821222715464],[-107.20573140285492,28.707750579487886],[-107.16198876832104,28.75649103486412],[-107.18702984171362,28.805595224981968],[-107.13853257299128,28.807595766060842],[-107.10746896295997,28.829237983186857],[-107.11475940204895,28.872704284809693],[-107.18132428068746,28.916716188544953],[-107.19939189060364,28.970003328191357],[-107.27388115955625,29.04711509341346],[-107.26247003750395,29.071121586359965],[-107.22411598838366,29.119498306994586],[-107.11571032888665,29.11040493845424],[-107.11475940204895,29.151870698998202],[-107.07450349925328,29.16823876237082],[-107.05865471862506,29.151143229514975],[-106.96039227873011,29.111496142679083],[-106.92203822960983,29.12331752178153],[-106.87766164385081,29.085125373912092],[-106.80887793592436,29.14223172834544]]]}},{"type":"Feature","properties":{"cvegeo":"08054","cve_ent":"08","state_code":"CHH","nom_mun":"Riva Palacio"},"geometry":{"type":"Polygon","coordinates":[[[-106.54927490923416,29.21188693136446],[-106.5568823239357,29.161691537021774],[-106.59872310479419,29.123499389152336],[-106.62217930012396,29.08403416968725],[-106.60506261704548,29.042022807030868],[-106.59491939744342,28.86270157941532],[-106.59840612918163,28.783225538372726],[-106.5790706168152,28.757764106459767],[-106.47795539640718,28.777042047765292],[-106.45323129862716,28.743214716795222],[-106.42470349349637,28.738486165154242],[-106.43738251799894,28.71320660061209],[-106.40188124939174,28.656463980920357],[-106.36289324904632,28.61754436356769],[-106.31883363889987,28.59281040113796],[-106.29442651673241,28.56043800913434],[-106.32517315115116,28.550253436369157],[-106.3283429072768,28.515153033803436],[-106.29601139479524,28.475869681709156],[-106.29981510214601,28.431130308490673],[-106.33880310249143,28.42603802210808],[-106.3781080784494,28.474960344855123],[-106.4021982250043,28.44913517820055],[-106.47446866466896,28.437313799098106],[-106.5036304210249,28.418399592534193],[-106.51726037236516,28.443861024447152],[-106.54547120188339,28.418581459905],[-106.59143266570521,28.45604613829121],[-106.59111569009265,28.491692142969352],[-106.61964349522344,28.49987617465566],[-106.54959188484672,28.515334901174242],[-106.5888968608047,28.532976036142507],[-106.62725090992498,28.579170348327445],[-106.6982534471394,28.62500092577077],[-106.73502261819687,28.62463719102916],[-106.76196554526483,28.65955572622407],[-106.78383686253177,28.737213093558594],[-106.81077978959975,28.75940091279703],[-106.88875579029057,28.763765729696395],[-106.84152642401848,28.831602259007347],[-106.79271217968358,28.828874248445246],[-106.80222144806051,28.85851862988676],[-106.85040174117029,28.88907234818231],[-106.83170018002899,28.923990883377225],[-106.7657692526156,28.913806310612042],[-106.77686339905536,29.032929438490527],[-106.82821344829078,29.044387082851358],[-106.78922544794537,29.12895541027654],[-106.80887793592436,29.14223172834544],[-106.82250788726462,29.21316000296011],[-106.76481832577791,29.215160544038987],[-106.780033155181,29.264082866786026],[-106.82694554584053,29.27063009213507],[-106.70903061796659,29.27608611325928],[-106.66877471517091,29.25644443721214],[-106.68018583722323,29.232256076894828],[-106.64183178810295,29.23334728111967],[-106.62851881237525,29.20970452291478],[-106.56544066547494,29.191517785834094],[-106.54927490923416,29.21188693136446]]]}},{"type":"Feature","properties":{"cvegeo":"08032","cve_ent":"08","state_code":"CHH","nom_mun":"Hidalgo del Parral"},"geometry":{"type":"Polygon","coordinates":[[[-105.42718124075635,27.347018911111064],[-105.43764143597099,27.327922837176345],[-105.39738553317531,27.22735018112016],[-105.41830592360456,27.17879159311473],[-105.45380719221177,27.189703635363145],[-105.45729392394998,27.1566037738763],[-105.49438007062,27.169516357203584],[-105.49406309500743,27.144054925290625],[-105.54731499791825,27.138053302053997],[-105.54731499791825,27.13787143468319],[-105.54731499791825,27.138053302053997],[-105.54731499791825,27.13787143468319],[-105.5504847540439,27.131687944075757],[-105.55270358333185,27.127504994547202],[-105.57235607131084,27.080583212879034],[-105.56157890048364,27.0371169112562],[-105.52132299768797,27.054758046224464],[-105.50262143654668,27.017293367838253],[-105.51022885124821,26.96673423875395],[-105.55111870526902,26.907809210612534],[-105.57299002253596,26.869435195372287],[-105.61166104726881,26.870708266967934],[-105.62972865718498,26.893623555689597],[-105.68710124305913,26.878346696541822],[-105.69122192602246,26.86234236791082],[-105.7327457312684,26.911810292770284],[-105.77522046335201,26.93381624463791],[-105.8189630978859,26.949638705898106],[-105.84178534199053,26.98182923053092],[-105.9051804645034,27.016202163613414],[-105.93497617208445,26.99255940540852],[-105.94765519658702,27.006926927702263],[-105.94797217219958,27.089130979306958],[-105.97840183100577,27.116956687040407],[-105.95684748935139,27.18079213419361],[-105.91564065971802,27.201343147094782],[-105.95716446496395,27.233351804356786],[-105.95399470883831,27.33683433834588],[-105.92451597686983,27.333015123558937],[-105.88457704968671,27.2948229756895],[-105.86175480558208,27.305735017937913],[-105.8402004639277,27.275545034383974],[-105.81072173195922,27.291549363014976],[-105.75271519485995,27.2257133747829],[-105.70707070665068,27.279000514429306],[-105.72038368237838,27.322284948681336],[-105.63036260841011,27.368115526124658],[-105.61039314481856,27.341744757357667],[-105.62212124248343,27.31100917169131],[-105.5539714857821,27.28918508719449],[-105.51688533911206,27.3133734475118],[-105.49247821694462,27.308826763241626],[-105.51878719278746,27.357021616505442],[-105.42718124075635,27.347018911111064]]]}},{"type":"Feature","properties":{"cvegeo":"08003","cve_ent":"08","state_code":"CHH","nom_mun":"Allende"},"geometry":{"type":"Polygon","coordinates":[[[-105.09911148175226,27.376299557810967],[-105.02842592015041,27.278818647058497],[-105.04839538374196,27.257722032044903],[-105.02779196892529,27.239899029705832],[-105.04142192026555,27.202252483948815],[-105.04522562761632,27.20498049451092],[-105.22843753167851,27.116229217557176],[-105.26425577589828,27.051666300920747],[-105.21385665350056,26.94527388899874],[-105.19103440939593,26.92235860027708],[-105.15394826272589,26.86634345006857],[-105.17550260438027,26.810873901972485],[-105.22463382432774,26.85597700993258],[-105.21544153156337,26.811965106197324],[-105.23319216586698,26.74958459801058],[-105.21449060472568,26.743764842144756],[-105.22399987310261,26.68593101822818],[-105.21290572666285,26.638099899705978],[-105.30926631288243,26.651194350404072],[-105.32004348370961,26.694115049914487],[-105.28327431265214,26.703390285825638],[-105.2534786050711,26.755222486505588],[-105.27439899550035,26.785776204801138],[-105.32131138615986,26.778319642598056],[-105.34001294730116,26.83688093599786],[-105.41481919186634,26.856158877303386],[-105.53653782709107,26.915265772815612],[-105.55111870526902,26.907809210612534],[-105.51022885124821,26.96673423875395],[-105.50262143654668,27.017293367838253],[-105.52132299768797,27.054758046224464],[-105.56157890048364,27.0371169112562],[-105.57235607131084,27.080583212879034],[-105.55270358333185,27.127504994547202],[-105.5504847540439,27.131687944075757],[-105.54731499791825,27.13787143468319],[-105.54731499791825,27.138053302053997],[-105.54731499791825,27.13787143468319],[-105.54731499791825,27.138053302053997],[-105.49406309500743,27.144054925290625],[-105.49438007062,27.169516357203584],[-105.45729392394998,27.1566037738763],[-105.45380719221177,27.189703635363145],[-105.41830592360456,27.17879159311473],[-105.39738553317531,27.22735018112016],[-105.43764143597099,27.327922837176345],[-105.42718124075635,27.347018911111064],[-105.42210963095533,27.385392926351308],[-105.30641353236935,27.36102269866319],[-105.27186319059983,27.400124183386666],[-105.26552367834854,27.431223503794634],[-105.24175050740621,27.393031355925196],[-105.22399987310261,27.404489000286027],[-105.16377450671538,27.354657340684952],[-105.15806894568922,27.39866924442021],[-105.09911148175226,27.376299557810967]]]}},{"type":"Feature","properties":{"cvegeo":"08011","cve_ent":"08","state_code":"CHH","nom_mun":"Camargo"},"geometry":{"type":"Polygon","coordinates":[[[-104.22235693739927,28.70756871211708],[-104.144697912321,28.678469932787984],[-104.11933986331586,28.708114314229498],[-104.07749908245736,28.67737872856314],[-104.05055615538939,28.63536736590676],[-104.0584805457035,28.600630698082654],[-104.02171137464603,28.558801202797078],[-103.9767008376619,28.607359790802505],[-103.9269356664893,28.605177382352824],[-103.92535078842647,28.577533541990185],[-103.8407182998718,28.603358708644755],[-103.72248639638529,28.55807373331385],[-103.70600366453195,28.602813106532334],[-103.6850832741027,28.589354921092628],[-103.6584573226473,28.608450995027347],[-103.62897859067881,28.592628533767154],[-103.64260854201908,28.54479741524495],[-103.64292551763164,28.512425023241335],[-103.7294598598617,28.35456414538099],[-103.76813088459456,28.30036766888055],[-103.8673442513272,28.112134940095466],[-103.9269356664893,27.971369595090966],[-103.87812142215438,27.957547674909648],[-103.89301927594491,27.914081373286812],[-103.94215049589238,27.927539558726515],[-103.95990113019599,27.835332801727446],[-103.90126064187159,27.826603167928717],[-103.9358109836411,27.797322521228814],[-103.8816081538926,27.739124962570624],[-103.89713995890824,27.656557176224318],[-103.88351000756798,27.600723893386615],[-103.86037078785078,27.571261379315906],[-104.13709049761945,27.575444328844462],[-104.1456488391587,27.556166387538937],[-104.21918718127363,27.574898726732044],[-104.25722425478135,27.547800488481823],[-104.29684620635189,27.55307464223522],[-104.33266445057166,27.599087087049355],[-104.34756230436219,27.560894939179917],[-104.43314571975456,27.518883576523535],[-104.50224640329358,27.45923107889889],[-104.553596452529,27.489421062452827],[-104.57007918438237,27.45395692514549],[-104.64013079475909,27.446318495571603],[-104.70511079533478,27.48178263287894],[-104.7662870885597,27.491239736160892],[-104.81098064993127,27.473962335934242],[-104.78815840582664,27.439407535480942],[-104.80876182064331,27.42303947210833],[-104.85345538201489,27.46195908946099],[-104.87817947979491,27.44122620918901],[-104.92952952903033,27.443954219751113],[-104.97041938305114,27.406307673994096],[-104.97105333427626,27.369570465091115],[-105.01004133462168,27.35993149443835],[-105.0569537252812,27.389575875879867],[-105.09911148175226,27.376299557810967],[-105.15806894568922,27.39866924442021],[-105.16377450671538,27.354657340684952],[-105.22399987310261,27.404489000286027],[-105.24175050740621,27.393031355925196],[-105.26552367834854,27.431223503794634],[-105.23636192199262,27.49087600141928],[-105.19990972654772,27.49087600141928],[-105.19515509235926,27.551801570639572],[-105.23731284883031,27.563259215000404],[-105.28232338581445,27.615818885163584],[-105.28676104439035,27.690202639823582],[-105.24935792210776,27.70184215155522],[-105.29088172735369,27.71966515389429],[-105.25918416609726,27.76367705762955],[-105.22653567800313,27.78150005996862],[-105.09245499388841,27.78150005996862],[-105.03603333485195,27.807507093993998],[-104.9973623101191,27.796049449633166],[-104.99355860276833,27.757675434392922],[-104.97358913917678,27.78259126419346],[-104.85821001620336,27.813872451972237],[-104.8639155772295,27.83042238271566],[-104.75804572263301,27.86679585687703],[-104.81890504024537,27.88825620663224],[-104.82461060127153,27.940997744166225],[-104.84996865027668,27.95845701176368],[-104.85979489426617,27.998104098599573],[-104.81795411340768,28.024111132624952],[-104.89085850429748,28.06394008683165],[-104.93079743148058,28.11540855276999],[-104.95932523661138,28.17869839781077],[-104.88705479694671,28.223255903658448],[-104.88166621153312,28.23944209966026],[-104.81763713779512,28.234349813277667],[-104.73934416149173,28.3309213871761],[-104.7244463077012,28.37366021931571],[-104.69623547818297,28.37766130147346],[-104.70447684410965,28.432221512715515],[-104.69496757573272,28.49933057254324],[-104.67658299020398,28.544251813132533],[-104.72127655157556,28.534612842479767],[-104.72064260035043,28.5753511335405],[-104.64456845333498,28.593356003250378],[-104.6141387945288,28.63827724383967],[-104.58053937959698,28.63773164172725],[-104.617625526267,28.72648291868099],[-104.51651030585899,28.766675607629303],[-104.4372664027179,28.732666409288424],[-104.4372664027179,28.703931364700942],[-104.37133547530452,28.684835290766223],[-104.41983274402686,28.63136628374901],[-104.34883020681245,28.595538411700062],[-104.32759284077063,28.617362496196883],[-104.29304249900112,28.58353516522681],[-104.24359430344109,28.635003631165148],[-104.22235693739927,28.70756871211708]]]}},{"type":"Feature","properties":{"cvegeo":"08036","cve_ent":"08","state_code":"CHH","nom_mun":"Jiménez"},"geometry":{"type":"Polygon","coordinates":[[[-103.86037078785078,27.571261379315906],[-103.85466522682462,27.54961916218989],[-103.87685351970413,27.311372906432922],[-103.83215995833255,27.29827845573483],[-103.81979790944254,27.24299077500955],[-103.7988775190133,27.21352826093884],[-103.79951147023843,27.1247769839851],[-103.78334571399765,27.091131520385833],[-103.75545186009198,27.081674417103876],[-103.74499166487736,27.02274938896246],[-103.780175957872,27.00892746878114],[-103.7846136164479,26.980738026306078],[-103.8521294219241,26.934725581491946],[-103.85181244631154,26.896169698880893],[-103.77985898225944,26.836153466514634],[-103.75418395764173,26.82942437379478],[-103.6993471766681,26.72521437032246],[-103.86132171468847,26.75394941490994],[-103.93295820312802,26.75394941490994],[-103.99413449635294,26.753585680168328],[-103.99508542319063,26.77759217311483],[-104.03312249669835,26.774318560440307],[-104.04580152120093,26.74303737266153],[-104.18400288827898,26.77359109095708],[-104.22806249842543,26.77704657100241],[-104.27307303540957,26.84215508975126],[-104.31523079188062,26.798688788128423],[-104.31744962116858,26.760496640258985],[-104.28638601113727,26.725396237693268],[-104.33076259689628,26.656468504157473],[-104.43473059781738,26.604454436106714],[-104.4959068910423,26.46678083640593],[-104.50097850084333,26.414584900984366],[-104.57451684295826,26.340383013695174],[-104.59385235532469,26.38021196790187],[-104.62016133116752,26.36875432354104],[-104.74790250303096,26.492424135689696],[-104.809712747481,26.508428464320698],[-104.85916094304105,26.504609249533754],[-104.7076466002353,26.638645501818402],[-104.72825001505197,26.673200302271702],[-104.70701264901015,26.72812424825537],[-104.75297411283199,26.888713136677815],[-104.83570474771129,26.884530187149256],[-104.8978319677739,26.92235860027708],[-104.96471382202498,27.017838969950674],[-105.00465274920808,27.008745601410332],[-104.9973623101191,27.044391606088475],[-105.04617655445401,27.062760210539963],[-105.05315001793043,27.104044103713118],[-105.0071885541086,27.118957228119278],[-105.04142192026555,27.202252483948815],[-105.02779196892529,27.239899029705832],[-105.04839538374196,27.257722032044903],[-105.02842592015041,27.278818647058497],[-105.09911148175226,27.376299557810967],[-105.0569537252812,27.389575875879867],[-105.01004133462168,27.35993149443835],[-104.97105333427626,27.369570465091115],[-104.97041938305114,27.406307673994096],[-104.92952952903033,27.443954219751113],[-104.87817947979491,27.44122620918901],[-104.85345538201489,27.46195908946099],[-104.80876182064331,27.42303947210833],[-104.78815840582664,27.439407535480942],[-104.81098064993127,27.473962335934242],[-104.7662870885597,27.491239736160892],[-104.70511079533478,27.48178263287894],[-104.64013079475909,27.446318495571603],[-104.57007918438237,27.45395692514549],[-104.553596452529,27.489421062452827],[-104.50224640329358,27.45923107889889],[-104.43314571975456,27.518883576523535],[-104.34756230436219,27.560894939179917],[-104.33266445057166,27.599087087049355],[-104.29684620635189,27.55307464223522],[-104.25722425478135,27.547800488481823],[-104.21918718127363,27.574898726732044],[-104.1456488391587,27.556166387538937],[-104.13709049761945,27.575444328844462],[-103.86037078785078,27.571261379315906]]]}},{"type":"Feature","properties":{"cvegeo":"08038","cve_ent":"08","state_code":"CHH","nom_mun":"Julimes"},"geometry":{"type":"Polygon","coordinates":[[[-104.68577528296835,28.768858016078987],[-104.67246230724065,28.735394419850525],[-104.617625526267,28.755763565380892],[-104.617625526267,28.72648291868099],[-104.58053937959698,28.63773164172725],[-104.6141387945288,28.63827724383967],[-104.64456845333498,28.593356003250378],[-104.72064260035043,28.5753511335405],[-104.72127655157556,28.534612842479767],[-104.67658299020398,28.544251813132533],[-104.69496757573272,28.49933057254324],[-104.70447684410965,28.432221512715515],[-104.69623547818297,28.37766130147346],[-104.7244463077012,28.37366021931571],[-104.73934416149173,28.3309213871761],[-104.81763713779512,28.234349813277667],[-104.88166621153312,28.23944209966026],[-104.90480543125031,28.290364963486176],[-104.9672496269255,28.310552241645734],[-104.96883450498831,28.27854358438373],[-105.09055314021302,28.262175521011113],[-105.11939792095637,28.320373079669302],[-105.18469489714464,28.336013673558693],[-105.18215909224412,28.32164615126495],[-105.23953167811827,28.319100008073654],[-105.31370397145832,28.28709135081165],[-105.37900094764657,28.30727862897121],[-105.38438953306017,28.335286204075466],[-105.46902202161485,28.38475412893493],[-105.46141460691331,28.455318668807983],[-105.5086439731854,28.48041636597933],[-105.49025938765666,28.543888078390918],[-105.52829646116439,28.5593468049095],[-105.51783626594977,28.569531377674682],[-105.51054582686078,28.589173053721822],[-105.49564797307026,28.61754436356769],[-105.41577011870405,28.658282654628422],[-105.4205247528925,28.696292935127055],[-105.36822377681939,28.709387385825146],[-105.3111681665578,28.761401453875905],[-105.27534992233804,28.807595766060842],[-105.22178104381466,28.766130005516885],[-105.16409148232795,28.797229325924853],[-105.14253714067357,28.749580074773462],[-105.09372289633866,28.826509972624756],[-105.03793518852734,28.77831511936094],[-104.8712060163185,28.818507808309256],[-104.87817947979491,28.778678854102555],[-104.84299518680027,28.79341011113791],[-104.78435469847587,28.79522878484598],[-104.77579635693662,28.77158602664109],[-104.73871021026659,28.75703663697654],[-104.68577528296835,28.768858016078987]]]}},{"type":"Feature","properties":{"cvegeo":"08052","cve_ent":"08","state_code":"CHH","nom_mun":"Ojinaga"},"geometry":{"type":"Polygon","coordinates":[[[-104.86867021141798,30.472591545797517],[-104.84774982098872,30.414575854510133],[-104.85916094304105,30.390387494192822],[-104.81161460115639,30.366744735987933],[-104.82239177198358,30.350922274727736],[-104.7599475763084,30.271628101055953],[-104.73046884433992,30.258897385099473],[-104.68672620980604,30.17905760931527],[-104.69655245379553,30.1346819708384],[-104.68862806348143,30.0735745342473],[-104.70669567339759,30.050659245525637],[-104.67341323407834,29.956088212706078],[-104.6826055268427,29.928444372343435],[-104.63410825812036,29.871156150539278],[-104.62047830678009,29.830963461590965],[-104.59226747726187,29.810412448689792],[-104.54979274517824,29.740939113041577],[-104.54472113537722,29.681650350158545],[-104.46769606152408,29.610903942914682],[-104.39891235359761,29.57289366241605],[-104.38591635348247,29.544522352570183],[-104.33805303598525,29.520879594365294],[-104.26356376703264,29.51415050164544],[-104.20904396167157,29.481778109641823],[-104.21791927882337,29.45613481035806],[-104.1624485466246,29.391571893721625],[-104.10792874126354,29.37356702401175],[-104.03787713088681,29.31991614962373],[-103.97036132541061,29.29681899353126],[-103.97860269133729,29.23734836327742],[-104.11965683892842,29.294818452452382],[-104.15769391243614,29.26044551936989],[-104.23503596190184,29.275540511146858],[-104.29843108441472,29.267356479460553],[-104.24771498640442,29.15496244430192],[-104.20650815677105,29.15314377059385],[-104.21570044953542,29.124226858635563],[-104.17354269306436,29.1225900522983],[-104.14184513180793,29.060755146223975],[-104.15801088804871,29.046933226042654],[-104.13899235129485,29.010014149768864],[-104.17798035164026,29.004921863386272],[-104.12916610730535,28.96527477655038],[-104.14850161967178,28.947088039469694],[-104.11933986331586,28.917625525398986],[-104.1491355708969,28.88743554184505],[-104.17512757112718,28.913806310612042],[-104.1830519614413,28.885253133395366],[-104.15547508314819,28.85506314984143],[-104.18939147369258,28.77504150668642],[-104.2185532300485,28.77831511936094],[-104.22774552281287,28.74030483886231],[-104.25690727916879,28.716480213286616],[-104.22235693739927,28.70756871211708],[-104.24359430344109,28.635003631165148],[-104.29304249900112,28.58353516522681],[-104.32759284077063,28.617362496196883],[-104.34883020681245,28.595538411700062],[-104.41983274402686,28.63136628374901],[-104.37133547530452,28.684835290766223],[-104.4372664027179,28.703931364700942],[-104.4372664027179,28.732666409288424],[-104.51651030585899,28.766675607629303],[-104.617625526267,28.72648291868099],[-104.617625526267,28.755763565380892],[-104.67246230724065,28.735394419850525],[-104.68577528296835,28.768858016078987],[-104.66263606325116,28.776496445652874],[-104.72825001505197,28.84997086345884],[-104.8185880646328,28.962183031246663],[-104.78245284480047,28.96418357232554],[-104.76660406417226,29.02347233520857],[-104.61857645310471,29.140231187266565],[-104.61350484330367,29.193518326912972],[-104.53647976945054,29.19406392902539],[-104.60050884318854,29.26553780575248],[-104.54345323292695,29.294818452452382],[-104.6062144042147,29.35683522589752],[-104.67436416091603,29.387025209451455],[-104.69179781960707,29.359926971201233],[-104.73744230781634,29.43503819534446],[-104.8017883571669,29.49287201926104],[-104.78942630827689,29.523062002814974],[-104.797350698591,29.713477140049743],[-104.86233069916669,29.725662253893802],[-104.89814894338646,29.765854942842115],[-104.84331216241283,29.793498783204754],[-104.82714640617205,29.883523131754146],[-104.85028562588924,29.888797285507543],[-104.873741821219,29.931172382905537],[-104.85821001620336,29.972638143449498],[-104.82809733300974,29.99500783005874],[-104.86328162600438,30.007556678644413],[-104.86613440651746,30.064481165706955],[-104.89561313848594,30.137409981400502],[-104.87659460173208,30.17487465978671],[-104.90385450441262,30.17323785344945],[-104.91177889472672,30.228889268916344],[-104.93903879740726,30.284358817012432],[-104.87627762611952,30.38093039091087],[-104.95298572436009,30.382749064618935],[-105.0258901152499,30.507691948363238],[-104.97992865142807,30.50714634625082],[-104.93396718760623,30.467499259414925],[-104.86867021141798,30.472591545797517]]]}},{"type":"Feature","properties":{"cvegeo":"08062","cve_ent":"08","state_code":"CHH","nom_mun":"Saucillo"},"geometry":{"type":"Polygon","coordinates":[[[-104.88166621153312,28.23944209966026],[-104.88705479694671,28.223255903658448],[-104.95932523661138,28.17869839781077],[-104.93079743148058,28.11540855276999],[-104.89085850429748,28.06394008683165],[-104.81795411340768,28.024111132624952],[-104.85979489426617,27.998104098599573],[-104.91368074840211,28.00919800821879],[-104.90702426053826,28.025202336849794],[-104.94918201700932,28.03756931806466],[-105.08579850602456,28.04320720655967],[-105.06646299365813,28.007379334510723],[-105.16979704335411,27.998649700711994],[-105.21512455595081,27.96063942021336],[-105.22019616575184,27.922265404973118],[-105.2480900196575,27.927539558726515],[-105.31687372758397,27.87952657283351],[-105.25506348313392,27.812417513005784],[-105.28676104439035,27.793321439071065],[-105.33335645943731,27.79077529587977],[-105.34286572781424,27.748945800594193],[-105.36917470365708,27.73075906351351],[-105.55333753455697,27.718210214927836],[-105.59454436419034,27.68110927128324],[-105.6401888523996,27.690202639823582],[-105.70104817001196,27.71966515389429],[-105.73940221913224,27.70184215155522],[-105.75049636557199,27.746945259515318],[-105.78789948785459,27.75021887218984],[-105.8224498296241,27.776953375698447],[-105.81991402472359,27.807325226623192],[-105.78504670734151,27.838242679660354],[-105.77934114631535,27.915900046994878],[-105.72989295075531,27.98264537208099],[-105.64082280362473,28.01265348826412],[-105.59803109592855,27.968095982416443],[-105.56252982732134,28.006469997656687],[-105.47377665580332,28.034659440131747],[-105.47377665580332,28.055756055145345],[-105.42274358218046,28.04720828871742],[-105.39643460633762,28.08139935442911],[-105.36156728895554,28.06903237321424],[-105.3618842645681,28.236168486985733],[-105.35205802057861,28.25017227453786],[-105.31370397145832,28.28709135081165],[-105.23953167811827,28.319100008073654],[-105.18215909224412,28.32164615126495],[-105.18469489714464,28.336013673558693],[-105.11939792095637,28.320373079669302],[-105.09055314021302,28.262175521011113],[-104.96883450498831,28.27854358438373],[-104.9672496269255,28.310552241645734],[-104.90480543125031,28.290364963486176],[-104.88166621153312,28.23944209966026]]]}},{"type":"Feature","properties":{"cvegeo":"08042","cve_ent":"08","state_code":"CHH","nom_mun":"Manuel Benavides"},"geometry":{"type":"Polygon","coordinates":[[[-103.30693136831343,29.004012526532236],[-103.35764746632373,28.92017166859028],[-103.40360893014555,28.869248804764364],[-103.40994844239684,28.84069562754769],[-103.51455039454308,28.665011747348277],[-103.55734210223926,28.61117900558945],[-103.59664707819725,28.63955031543532],[-103.63753693221804,28.554436385897716],[-103.64260854201908,28.54479741524495],[-103.62897859067881,28.592628533767154],[-103.6584573226473,28.608450995027347],[-103.6850832741027,28.589354921092628],[-103.70600366453195,28.602813106532334],[-103.72248639638529,28.55807373331385],[-103.8407182998718,28.603358708644755],[-103.92535078842647,28.577533541990185],[-103.9269356664893,28.605177382352824],[-103.9767008376619,28.607359790802505],[-104.02171137464603,28.558801202797078],[-104.0584805457035,28.600630698082654],[-104.05055615538939,28.63536736590676],[-104.07749908245736,28.67737872856314],[-104.11933986331586,28.708114314229498],[-104.144697912321,28.678469932787984],[-104.22235693739927,28.70756871211708],[-104.25690727916879,28.716480213286616],[-104.22774552281287,28.74030483886231],[-104.2185532300485,28.77831511936094],[-104.18939147369258,28.77504150668642],[-104.15547508314819,28.85506314984143],[-104.1830519614413,28.885253133395366],[-104.17512757112718,28.913806310612042],[-104.1491355708969,28.88743554184505],[-104.11933986331586,28.917625525398986],[-104.14850161967178,28.947088039469694],[-104.12916610730535,28.96527477655038],[-104.17798035164026,29.004921863386272],[-104.13899235129485,29.010014149768864],[-104.15801088804871,29.046933226042654],[-104.14184513180793,29.060755146223975],[-104.17354269306436,29.1225900522983],[-104.21570044953542,29.124226858635563],[-104.20650815677105,29.15314377059385],[-104.24771498640442,29.15496244430192],[-104.29843108441472,29.267356479460553],[-104.23503596190184,29.275540511146858],[-104.15769391243614,29.26044551936989],[-104.11965683892842,29.294818452452382],[-103.97860269133729,29.23734836327742],[-103.97036132541061,29.29681899353126],[-103.78334571399765,29.265355938381674],[-103.78176083593482,29.228073127366272],[-103.7427728355894,29.222071504129644],[-103.71931664025965,29.18187881518133],[-103.55417234611362,29.158417924347248],[-103.43403858895174,29.044387082851358],[-103.35796444193629,29.0189256509384],[-103.34591936865884,29.046751358671848],[-103.30693136831343,29.004012526532236]]]}},{"type":"Feature","properties":{"cvegeo":"08007","cve_ent":"08","state_code":"CHH","nom_mun":"Balleza"},"geometry":{"type":"Polygon","coordinates":[[[-106.86149588761003,27.20934531141028],[-106.6671898371081,27.18006466471038],[-106.62788486115011,27.20079754498236],[-106.59396847060573,27.190067370104757],[-106.52645266512953,27.171880633024074],[-106.52074710410336,27.140599445245293],[-106.5356449578939,27.103862236342312],[-106.48904954284693,27.081310682362265],[-106.45006154250152,27.097133143622457],[-106.40346612745455,27.08040134550823],[-106.38032690773736,27.055849250449306],[-106.3283429072768,27.05894099575302],[-106.3426068098422,27.03638944177297],[-106.33531637075322,26.995105548599817],[-106.30932437052294,26.992377538037715],[-106.24973295536084,26.923267937131115],[-106.24973295536084,26.89762463784735],[-106.18697178407311,26.890895545127496],[-106.15622514965436,26.867616521664218],[-106.14544797882718,26.829969975907204],[-106.10836183215714,26.848156712987887],[-106.0785661245761,26.79832505338681],[-106.10107139306817,26.759223568663337],[-106.12547851523561,26.7794108468229],[-106.1780964669213,26.772318019361432],[-106.17682856447105,26.727760513513754],[-106.1318180274869,26.713756725961627],[-106.19014154019875,26.694478784656102],[-106.2199372477798,26.656286636786664],[-106.24149158943418,26.544801938482067],[-106.27001939456497,26.526978936142996],[-106.2421255406593,26.46678083640593],[-106.26463080915137,26.405855267185636],[-106.29759627285806,26.396398163903683],[-106.30235090704653,26.36366203715845],[-106.27540797997855,26.367481251945392],[-106.28713607764344,26.335108859941776],[-106.31249412664859,26.34856704538148],[-106.42406954227124,26.214530793096834],[-106.47383471344384,26.26090697265258],[-106.49792485999873,26.314375979669794],[-106.53437705544363,26.334926992570967],[-106.54230144575774,26.361661496079574],[-106.5809724704906,26.384576784801236],[-106.70459295939068,26.4234964021539],[-106.76513530139047,26.482421430295318],[-106.78954242355793,26.48351263452016],[-106.8405754971808,26.55553211335967],[-106.91411383929572,26.593360526487494],[-106.9061894489816,26.607182446668816],[-106.90555549775648,26.64100977763889],[-106.8386736435054,26.668471750630722],[-106.82123998481437,26.6997529384095],[-106.85325452168337,26.74958459801058],[-106.83043227757874,26.845792437167397],[-106.89858203428007,26.92108552868143],[-106.90650642459417,26.96837104509121],[-106.8805144243639,26.993468742262557],[-106.89636320499211,27.020566980512776],[-106.86308076567286,27.03129715539038],[-106.86942027792415,27.062578343169157],[-106.91633266858368,27.10859078798329],[-106.87734466823825,27.120230299714926],[-106.87702769262569,27.157149375988716],[-106.85040174117029,27.173517439361333],[-106.86149588761003,27.20934531141028]]]}},{"type":"Feature","properties":{"cvegeo":"08008","cve_ent":"08","state_code":"CHH","nom_mun":"Batopilas"},"geometry":{"type":"Polygon","coordinates":[[[-107.6228713089896,27.26772473743928],[-107.55218574738775,27.14660106848192],[-107.50337150305285,27.118775360748472],[-107.4440970635033,27.113501206995075],[-107.41018067295893,27.063487680023194],[-107.43395384390125,27.064578884248032],[-107.3464685748335,26.952366716460208],[-107.4726248686341,26.882893380811993],[-107.53697091798466,26.86507037847292],[-107.55694038157623,26.84724737613385],[-107.55694038157623,26.80760028929796],[-107.58071355251855,26.751039536977032],[-107.61526389428806,26.766498263495613],[-107.67453833383759,26.76668013086642],[-107.69799452916736,26.78923168484647],[-107.72905813919866,26.785594337430332],[-107.74934457840278,26.80996456511845],[-107.80291345692615,26.81469311675943],[-107.80766809111462,26.769226274057715],[-107.78231004210947,26.733398402008767],[-107.81781131071668,26.651558085145687],[-107.8656746282139,26.65064874829165],[-107.89451940895725,26.587540770621676],[-107.94555248258011,26.63682682811033],[-107.92304721408804,26.68429421189092],[-107.86662555505158,26.713211123849206],[-107.87930457955416,26.74958459801058],[-107.8656746282139,26.77631910151918],[-107.91892653112471,26.75394941490994],[-107.94967316554344,26.77540976466515],[-107.99626858059041,26.759951038146568],[-107.98073677557475,26.69920733629708],[-108.00672877580503,26.705572694275318],[-108.0060948245799,26.761042242371406],[-108.0381093614489,26.769771876170136],[-108.03715843461121,26.810146432489255],[-107.94174877522934,26.841973222380453],[-107.93033765317702,26.988376455879965],[-107.86630857943902,26.99856102864515],[-107.861236969638,27.028932879569894],[-107.86852740872698,27.046574014538155],[-107.79657394467486,27.05330310725801],[-107.7883325787482,27.099133684701336],[-107.80227950570102,27.136598363087543],[-107.74490691982687,27.123503912389452],[-107.72683930991072,27.138962638908033],[-107.7144772610207,27.25153854143747],[-107.67644018751298,27.212437056714],[-107.6228713089896,27.26772473743928]]]}},{"type":"Feature","properties":{"cvegeo":"08009","cve_ent":"08","state_code":"CHH","nom_mun":"Bocoyna"},"geometry":{"type":"Polygon","coordinates":[[[-107.45614213678076,28.030112755861577],[-107.45677608800588,27.99955903756603],[-107.39559979478096,27.940815876795416],[-107.36041550178632,27.94281641787429],[-107.33822720890682,27.913353903803582],[-107.3125521842891,27.929358232434584],[-107.2593002813783,27.90189625944275],[-107.29860525733628,27.896985840430965],[-107.25486262280239,27.84315309867214],[-107.26690769607984,27.82533009633307],[-107.22601784205904,27.75076447430226],[-107.26976047659292,27.718210214927836],[-107.23679501288623,27.70256962103845],[-107.27324720833113,27.68511035344099],[-107.25074193983906,27.660012656269647],[-107.2593002813783,27.61436394619713],[-107.34361579432041,27.60090576075742],[-107.3784831117025,27.525248934501775],[-107.50622428356593,27.64146218444735],[-107.59751325998445,27.68238234287889],[-107.69862848039249,27.593267331183533],[-107.72842418797353,27.575444328844462],[-107.7509294564656,27.52943188403033],[-107.76741218831894,27.526158271355808],[-107.83778077430823,27.62818586637845],[-107.8923005796693,27.586174503722066],[-107.95854848269525,27.623457314737472],[-107.97376331209834,27.648009409796394],[-107.89071570160648,27.64364459289703],[-107.8967382382452,27.674016443821774],[-107.87264809169031,27.684382883957763],[-107.8558483842244,27.747672728998545],[-107.83270916450721,27.769678680866175],[-107.85204467687363,27.852610201954096],[-107.83619589624541,27.9031693310384],[-107.84316935972183,27.939542805199768],[-107.79942672518794,27.96373116551708],[-107.83080731083182,28.02993088849077],[-107.81812828632924,28.043389073930477],[-107.78326096894716,28.040661063368375],[-107.77977423720895,28.068850505843436],[-107.7464917978897,28.087219110294928],[-107.68594945588991,28.071942251147153],[-107.67295345577477,28.0944938051272],[-107.63586730910474,28.100677295734634],[-107.62001852847652,28.08139935442911],[-107.5322162837962,28.053755514066467],[-107.53411813747158,28.028657816895123],[-107.47769647843513,28.018655111500745],[-107.45614213678076,28.030112755861577]]]}},{"type":"Feature","properties":{"cvegeo":"08010","cve_ent":"08","state_code":"CHH","nom_mun":"Buenaventura"},"geometry":{"type":"Polygon","coordinates":[[[-106.5942854462183,29.69401733137341],[-106.5942854462183,29.66419108256109],[-106.48207607937051,29.56725577392104],[-106.65419383699296,29.570893121337175],[-106.68430652018657,29.550887710548423],[-106.74072817922303,29.550887710548423],[-106.76069764281458,29.516332910095123],[-106.77084086241663,29.53906633144598],[-106.83455296054207,29.549069036840354],[-106.876076765788,29.516696644836735],[-106.92647588818573,29.526699350231112],[-106.97877686425885,29.52160706384852],[-107.00033120591323,29.553615721110525],[-107.05136427953609,29.553251986368913],[-107.07545442609097,29.53615645351307],[-107.08718252375586,29.57343926452847],[-107.18671286610106,29.553070118998107],[-107.23933081778674,29.563436559134097],[-107.27514906200652,29.548341567357127],[-107.34044603819477,29.550342108436002],[-107.35946457494863,29.51287743004979],[-107.40098838019456,29.512331827937373],[-107.4041581363202,29.548523434727933],[-107.38133589221557,29.6034473807116],[-107.38767540446686,29.662008674111405],[-107.42349364868663,29.64745928444686],[-107.41049764857149,29.676194329034338],[-107.4459989171787,29.74930501209869],[-107.45202145381742,29.79659052850847],[-107.50971101530413,29.782041138843923],[-107.49164340538796,29.83587388060275],[-107.5322162837962,29.878248978000745],[-107.55377062545058,29.873520426359768],[-107.57469101587982,29.906984022588226],[-107.64759540676963,29.960271162234633],[-107.44187823421537,29.962453570684314],[-107.44346311227818,30.263262201998838],[-107.46026281974409,30.331098731309794],[-107.40605998999558,30.339464630366905],[-107.4193729657233,30.413848385026906],[-107.48530389313667,30.488232139686907],[-107.4139843803097,30.489505211282555],[-107.41176555102174,30.559342281672386],[-107.43046711216304,30.637727118490133],[-107.46406652709487,30.64609301754725],[-107.47642857598487,30.683739563304265],[-107.5081261372413,30.683375828562653],[-107.50780916162874,30.75848705270588],[-107.39972047774431,30.75848705270588],[-107.36263433107428,30.835780685298786],[-107.31033335500116,30.8121379270939],[-107.29068086702216,30.769035360212676],[-107.26310398872907,30.75612277688539],[-107.24028174462444,30.804317630149207],[-107.18956564661414,30.800862150103875],[-107.15755110974514,30.864879464627883],[-107.09954457264587,30.863606393032235],[-107.03678340135812,30.86215145406578],[-107.02949296226915,30.805590701744855],[-107.05231520637378,30.798497874283385],[-107.05802076739994,30.734480559759376],[-107.08591462130559,30.713020210004167],[-107.14613998769282,30.712292740520944],[-107.06974886506481,30.632816699478347],[-107.09510691406996,30.616994238218155],[-107.13219306074,30.555886801627054],[-107.05960564546275,30.558251077447544],[-107.19875793937851,30.40093580169962],[-107.11317452398613,30.33982836510852],[-107.16515852444668,30.27926653062984],[-107.12204984113794,30.276174785326123],[-107.09415598723227,30.309638381554585],[-107.07577140170353,30.29708953296891],[-107.04597569412249,30.335099813467544],[-106.99177286437398,30.30290928883473],[-106.96641481536884,30.31582187216202],[-106.92077032715957,30.280721469596294],[-106.92267218083495,30.261625395661575],[-106.75404115495073,30.215067348735026],[-106.7578448623015,30.15414177951473],[-106.77337666731715,30.1506862994694],[-106.76355042332766,30.091761271327982],[-106.78954242355793,30.02738022206236],[-106.75499208178842,29.965727183358837],[-106.75847881352662,29.92826250497263],[-106.73629052064712,29.897526919306273],[-106.64563549545372,29.876430304292676],[-106.65546173944321,29.84678592285116],[-106.61742466593549,29.77822192405698],[-106.65039012964218,29.77021975974148],[-106.64975617841705,29.702019495688912],[-106.5942854462183,29.69401733137341]]]}},{"type":"Feature","properties":{"cvegeo":"08012","cve_ent":"08","state_code":"CHH","nom_mun":"Carichí"},"geometry":{"type":"Polygon","coordinates":[[[-106.91221198562033,28.060666474157127],[-106.90016691234288,28.033022633794488],[-106.93344935166215,28.016472703051065],[-106.9169666198088,27.995739822779086],[-106.97529013252064,27.961730624438204],[-106.92330613206009,27.951364184302214],[-106.92964564431138,27.923538476568766],[-106.87227305843723,27.859157427303142],[-106.9302795955365,27.837697077547936],[-106.91094408317008,27.778772049406516],[-106.89319344886647,27.784046203159917],[-106.87100515598696,27.746399657402897],[-106.77305969170459,27.752765015381136],[-106.75023744759996,27.714391000140893],[-106.71029852041684,27.68692902714906],[-106.68779325192477,27.649100614021236],[-106.70807969112889,27.626185325299573],[-106.74136213044815,27.656193441482703],[-106.7889084723328,27.62982267271571],[-106.80444027734846,27.56180427603395],[-106.85991100954722,27.597632148082898],[-106.87924652191364,27.548164223223438],[-106.92203822960983,27.48105516339571],[-106.95278486402857,27.463595895798253],[-106.92742681502342,27.445045423975955],[-106.94232466881395,27.410854358264267],[-106.9702185227196,27.433587779615124],[-106.96292808363063,27.462322824202605],[-106.99272379121167,27.54161699787439],[-107.02949296226915,27.502515513150918],[-107.11000476786049,27.566532827674926],[-107.12902330461435,27.57035204246187],[-107.13631374370333,27.640552847593312],[-107.18734681732619,27.60690738399405],[-107.25676447647778,27.603088169207105],[-107.2593002813783,27.61436394619713],[-107.25074193983906,27.660012656269647],[-107.27324720833113,27.68511035344099],[-107.23679501288623,27.70256962103845],[-107.26976047659292,27.718210214927836],[-107.22601784205904,27.75076447430226],[-107.26690769607984,27.82533009633307],[-107.25486262280239,27.84315309867214],[-107.29860525733628,27.896985840430965],[-107.2593002813783,27.90189625944275],[-107.3125521842891,27.929358232434584],[-107.33822720890682,27.913353903803582],[-107.36041550178632,27.94281641787429],[-107.39559979478096,27.940815876795416],[-107.45677608800588,27.99955903756603],[-107.45614213678076,28.030112755861577],[-107.4193729657233,28.03411383801933],[-107.37943403854018,28.00792493662314],[-107.34329881870785,28.02301992840011],[-107.2824395010955,28.020110050467203],[-107.24408545197521,28.03684184858143],[-107.23108945186007,28.099404224138986],[-107.19305237835235,28.0944938051272],[-107.18227520752517,28.116681624365636],[-107.14170232911692,28.156692445943143],[-107.16103784148335,28.188155501092726],[-107.10778593857253,28.167604488191554],[-107.12870632900179,28.14687160791957],[-107.12300076797563,28.105223980004805],[-107.07862418221661,28.116136022253215],[-107.10081247509612,28.086673508182507],[-107.0868655481433,28.067759301618594],[-107.05009637708582,28.08885591663219],[-107.01586301092888,28.07721640490055],[-107.01364418164093,28.100131693622213],[-106.94073979075112,28.08940151874461],[-106.91221198562033,28.060666474157127]]]}},{"type":"Feature","properties":{"cvegeo":"08014","cve_ent":"08","state_code":"CHH","nom_mun":"Coronado"},"geometry":{"type":"Polygon","coordinates":[[[-104.70701264901015,26.72812424825537],[-104.72825001505197,26.673200302271702],[-104.7076466002353,26.638645501818402],[-104.85916094304105,26.504609249533754],[-104.89878289461159,26.51006527065796],[-104.96661567570035,26.448048497212824],[-104.99767928573166,26.455505059415906],[-105.0569537252812,26.419313452625346],[-105.10196426226534,26.521341047647986],[-105.26488972712342,26.461870417394145],[-105.28802894684061,26.488786788273558],[-105.3175076788091,26.462416019506566],[-105.35712963037963,26.485695042969844],[-105.34825431322784,26.51242954647845],[-105.38946114286121,26.524069058210088],[-105.38438953306017,26.538436580503827],[-105.44207909454688,26.55225850068515],[-105.33937899607604,26.645192727167448],[-105.33018670331167,26.68011126236236],[-105.34888826445297,26.738672555762165],[-105.32131138615986,26.778319642598056],[-105.27439899550035,26.785776204801138],[-105.2534786050711,26.755222486505588],[-105.28327431265214,26.703390285825638],[-105.32004348370961,26.694115049914487],[-105.30926631288243,26.651194350404072],[-105.21290572666285,26.638099899705978],[-105.22399987310261,26.68593101822818],[-105.21449060472568,26.743764842144756],[-105.23319216586698,26.74958459801058],[-105.21544153156337,26.811965106197324],[-105.22463382432774,26.85597700993258],[-105.17550260438027,26.810873901972485],[-105.15394826272589,26.86634345006857],[-105.19103440939593,26.92235860027708],[-105.17106494580436,26.924359141355957],[-105.14095226261075,26.886348860857325],[-105.12573743320766,26.89689716836412],[-105.07692318887275,26.880347237620697],[-105.08991918898789,26.85015725406676],[-105.1396843601605,26.84524683505498],[-105.053466993543,26.82542329163703],[-105.04902933496709,26.74940273063977],[-105.02018455422373,26.664834403214584],[-104.99165674909294,26.69920733629708],[-104.95900826099881,26.707573235354197],[-104.97105333427626,26.742128035807497],[-104.89719801654877,26.75904170129253],[-104.88705479694671,26.72412316609762],[-104.77230962519842,26.750130200122996],[-104.73300464924044,26.74940273063977],[-104.70701264901015,26.72812424825537]]]}},{"type":"Feature","properties":{"cvegeo":"08015","cve_ent":"08","state_code":"CHH","nom_mun":"Coyame del Sotol"},"geometry":{"type":"Polygon","coordinates":[[[-105.0258901152499,30.507691948363238],[-104.95298572436009,30.382749064618935],[-104.87627762611952,30.38093039091087],[-104.93903879740726,30.284358817012432],[-104.91177889472672,30.228889268916344],[-104.90385450441262,30.17323785344945],[-104.87659460173208,30.17487465978671],[-104.89561313848594,30.137409981400502],[-104.86613440651746,30.064481165706955],[-104.86328162600438,30.007556678644413],[-104.82809733300974,29.99500783005874],[-104.85821001620336,29.972638143449498],[-104.873741821219,29.931172382905537],[-104.85028562588924,29.888797285507543],[-104.82714640617205,29.883523131754146],[-104.84331216241283,29.793498783204754],[-104.89814894338646,29.765854942842115],[-104.86233069916669,29.725662253893802],[-104.797350698591,29.713477140049743],[-104.78942630827689,29.523062002814974],[-104.8017883571669,29.49287201926104],[-104.73744230781634,29.43503819534446],[-104.69179781960707,29.359926971201233],[-104.67436416091603,29.387025209451455],[-104.6062144042147,29.35683522589752],[-104.54345323292695,29.294818452452382],[-104.60050884318854,29.26553780575248],[-104.53647976945054,29.19406392902539],[-104.61350484330367,29.193518326912972],[-104.61857645310471,29.140231187266565],[-104.76660406417226,29.02347233520857],[-104.78245284480047,28.96418357232554],[-104.8185880646328,28.962183031246663],[-104.84014240628719,28.99473729062109],[-104.89719801654877,28.97400441034911],[-104.9165335289152,29.007104271835953],[-104.95520455364804,28.98364338100187],[-105.03793518852734,28.996010362216737],[-105.06170835946966,28.97800549250686],[-105.13239392107151,29.049297501863144],[-105.06392718875762,29.126045532343632],[-105.04522562761632,29.178241467765197],[-105.06836484733351,29.21261440084769],[-105.14095226261075,29.204794103902994],[-105.20244553144823,29.23971263909791],[-105.29753821521754,29.341012764637323],[-105.36505402069375,29.37684063668627],[-105.36600494753144,29.419761336196686],[-105.4544411434369,29.409576763431502],[-105.48043314366717,29.463773239931946],[-105.44271304577201,29.5025109899138],[-105.63384934014832,29.504693398363486],[-105.63353236453575,29.59144413423835],[-105.68171265764553,29.591626001609157],[-105.67949382835758,29.64673181496363],[-105.83861558586489,29.646549947592824],[-105.90993509869186,29.666009756269155],[-105.90930114746673,29.70111015883488],[-105.82720446381256,29.70111015883488],[-105.8180121710482,29.747304471019817],[-105.87982241549825,29.777494454573752],[-105.80596709777076,29.783132343068765],[-105.80977080512153,29.881522590675267],[-105.7682469998756,29.88206819278769],[-105.7726846584515,30.028107691545586],[-105.90105978154006,30.029380763141234],[-105.89820700102698,30.0630262267405],[-105.82847236626283,30.125770469668865],[-105.7647602681374,30.164326352279915],[-105.72957597514275,30.17360158819106],[-105.69375773092298,30.206701449677908],[-105.6874182186717,30.219068430892776],[-105.62560797422164,30.18815097785561],[-105.62529099860907,30.238710106939912],[-105.68107870642041,30.239073841681527],[-105.69217285286015,30.28163080645033],[-105.62497402299651,30.31163892263346],[-105.62497402299651,30.331098731309794],[-105.5637977297716,30.324733373331554],[-105.56982026641032,30.344920651491112],[-105.51942114401258,30.325097108073166],[-105.52163997330054,30.292724716069547],[-105.48391987540538,30.293270318181968],[-105.49311216816974,30.330371261826564],[-105.35205802057861,30.32928005760172],[-105.36790680120683,30.377656778236343],[-105.31433792268345,30.377656778236343],[-105.31402094707089,30.42857964206226],[-105.26203694661034,30.42821590732065],[-105.26076904416007,30.355650826368716],[-105.20846806808696,30.35437775477307],[-105.20846806808696,30.382749064618935],[-105.16662728722847,30.382749064618935],[-105.17138192141692,30.484776659641575],[-105.09277196950097,30.484231057529158],[-105.1022812378779,30.508601285217274],[-105.0258901152499,30.507691948363238]]]}},{"type":"Feature","properties":{"cvegeo":"08016","cve_ent":"08","state_code":"CHH","nom_mun":"La Cruz"},"geometry":{"type":"Polygon","coordinates":[[[-104.85979489426617,27.998104098599573],[-104.84996865027668,27.95845701176368],[-104.82461060127153,27.940997744166225],[-104.81890504024537,27.88825620663224],[-104.75804572263301,27.86679585687703],[-104.8639155772295,27.83042238271566],[-104.85821001620336,27.813872451972237],[-104.97358913917678,27.78259126419346],[-104.99355860276833,27.757675434392922],[-104.9973623101191,27.796049449633166],[-105.03603333485195,27.807507093993998],[-105.09245499388841,27.78150005996862],[-105.22653567800313,27.78150005996862],[-105.25918416609726,27.76367705762955],[-105.28676104439035,27.793321439071065],[-105.25506348313392,27.812417513005784],[-105.31687372758397,27.87952657283351],[-105.2480900196575,27.927539558726515],[-105.22019616575184,27.922265404973118],[-105.21512455595081,27.96063942021336],[-105.16979704335411,27.998649700711994],[-105.06646299365813,28.007379334510723],[-105.08579850602456,28.04320720655967],[-104.94918201700932,28.03756931806466],[-104.90702426053826,28.025202336849794],[-104.91368074840211,28.00919800821879],[-104.85979489426617,27.998104098599573]]]}},{"type":"Feature","properties":{"cvegeo":"08018","cve_ent":"08","state_code":"CHH","nom_mun":"Cusihuiriachi"},"geometry":{"type":"Polygon","coordinates":[[[-106.66053334924425,28.376751964619427],[-106.65672964189346,28.373842086686516],[-106.66306915414475,28.319645610186075],[-106.6893781299876,28.327829641872384],[-106.68779325192477,28.357110288572287],[-106.71663803266813,28.34365210313258],[-106.69761949591427,28.317826936478006],[-106.74199608167328,28.316917599623974],[-106.748018618312,28.297094056206028],[-106.607598421946,28.27399690011356],[-106.65102408086732,28.233622343794437],[-106.65165803209244,28.199795012824367],[-106.60379471459522,28.199976880195173],[-106.57178017772623,28.17833466306916],[-106.54198447014518,28.1263205950184],[-106.58826290957957,28.076488935417323],[-106.63992993442756,28.120137104410965],[-106.63992993442756,28.037205583323043],[-106.69983832520222,28.10558771474642],[-106.7534072037256,28.082126823912336],[-106.8405754971808,28.092493264048326],[-106.84311130208131,28.06594062791053],[-106.91221198562033,28.060666474157127],[-106.94073979075112,28.08940151874461],[-107.01364418164093,28.100131693622213],[-107.01586301092888,28.07721640490055],[-107.05009637708582,28.08885591663219],[-107.0868655481433,28.067759301618594],[-107.10081247509612,28.086673508182507],[-107.07862418221661,28.116136022253215],[-107.12300076797563,28.105223980004805],[-107.12870632900179,28.14687160791957],[-107.10778593857253,28.167604488191554],[-107.16103784148335,28.188155501092726],[-107.14170232911692,28.156692445943143],[-107.18227520752517,28.116681624365636],[-107.20541442724236,28.13505022881713],[-107.22538389083391,28.10795199056691],[-107.22855364695955,28.15960232387605],[-107.1863958904885,28.163421538662995],[-107.18164125630003,28.182153877856102],[-107.2218971590957,28.23016686374911],[-107.1943202808026,28.25071787665028],[-107.24345150075008,28.26872274636016],[-107.24091569584957,28.290728698227788],[-107.16357364638387,28.319645610186075],[-107.15564925606975,28.306369292117175],[-107.11634428011178,28.337468612525146],[-107.100178523871,28.325465366051894],[-107.06499423087635,28.350926797964853],[-107.00571979132681,28.33855981674999],[-106.88019744875133,28.339287286233215],[-106.87671071701313,28.362384442325684],[-106.77686339905536,28.353836675897764],[-106.76767110629099,28.340560357828863],[-106.7125173497048,28.37129594349522],[-106.66053334924425,28.376751964619427]]]}},{"type":"Feature","properties":{"cvegeo":"08022","cve_ent":"08","state_code":"CHH","nom_mun":"Dr. Belisario Domínguez"},"geometry":{"type":"Polygon","coordinates":[[[-106.34292378545476,28.13595956567116],[-106.38032690773736,28.10140476521786],[-106.37271949303582,28.025566071591406],[-106.43706554238638,28.00592439554427],[-106.41487724950687,27.972460799315808],[-106.35655373679504,27.96063942021336],[-106.37747412722427,27.94281641787429],[-106.30678856562243,27.94408948946994],[-106.29315861428216,27.928085160838936],[-106.31566388277423,27.848063517683926],[-106.29759627285806,27.838970149143584],[-106.33087871217732,27.801141736015758],[-106.39649266397814,27.782954998935075],[-106.4430880790251,27.81369058460143],[-106.51092086011387,27.767314405045685],[-106.55402954342262,27.836060271210673],[-106.51821129920285,27.8340597301318],[-106.51757734797772,27.902078126813556],[-106.60252681214496,27.953000990639474],[-106.59745520234394,27.974461340394683],[-106.65482778821809,27.972097064574193],[-106.61235305613447,28.02138312206285],[-106.63992993442756,28.037205583323043],[-106.63992993442756,28.120137104410965],[-106.58826290957957,28.076488935417323],[-106.54198447014518,28.1263205950184],[-106.57178017772623,28.17833466306916],[-106.53596193350646,28.18560935790143],[-106.51884525042797,28.213071330893264],[-106.4963399819359,28.189428572688374],[-106.45449920107741,28.182153877856102],[-106.43516368871099,28.231439935344756],[-106.32263734625064,28.200340614936785],[-106.31344505348628,28.162694069179768],[-106.34292378545476,28.13595956567116]]]}},{"type":"Feature","properties":{"cvegeo":"08024","cve_ent":"08","state_code":"CHH","nom_mun":"Santa Isabel"},"geometry":{"type":"Polygon","coordinates":[[[-106.33880310249143,28.42603802210808],[-106.29981510214601,28.431130308490673],[-106.2465631992352,28.424583083141627],[-106.21771841849184,28.39384749747527],[-106.24719715046032,28.369295402416345],[-106.20979402817774,28.335649938817077],[-106.223423979518,28.265449133685635],[-106.21613354042903,28.220527893096346],[-106.24719715046032,28.236168486985733],[-106.25638944322469,28.161239130213314],[-106.29791324847062,28.136505167783582],[-106.34292378545476,28.13595956567116],[-106.31344505348628,28.162694069179768],[-106.32263734625064,28.200340614936785],[-106.43516368871099,28.231439935344756],[-106.4456238839256,28.292183637194242],[-106.46400846945434,28.284181472878743],[-106.48366095743333,28.331103254546907],[-106.47890632324487,28.35983829913439],[-106.54547120188339,28.418581459905],[-106.51726037236516,28.443861024447152],[-106.5036304210249,28.418399592534193],[-106.47446866466896,28.437313799098106],[-106.4021982250043,28.44913517820055],[-106.3781080784494,28.474960344855123],[-106.33880310249143,28.42603802210808]]]}},{"type":"Feature","properties":{"cvegeo":"08026","cve_ent":"08","state_code":"CHH","nom_mun":"Gran Morelos"},"geometry":{"type":"Polygon","coordinates":[[[-106.54547120188339,28.418581459905],[-106.47890632324487,28.35983829913439],[-106.48366095743333,28.331103254546907],[-106.46400846945434,28.284181472878743],[-106.4456238839256,28.292183637194242],[-106.43516368871099,28.231439935344756],[-106.45449920107741,28.182153877856102],[-106.4963399819359,28.189428572688374],[-106.51884525042797,28.213071330893264],[-106.53596193350646,28.18560935790143],[-106.57178017772623,28.17833466306916],[-106.60379471459522,28.199976880195173],[-106.65165803209244,28.199795012824367],[-106.65102408086732,28.233622343794437],[-106.607598421946,28.27399690011356],[-106.748018618312,28.297094056206028],[-106.74199608167328,28.316917599623974],[-106.69761949591427,28.317826936478006],[-106.71663803266813,28.34365210313258],[-106.68779325192477,28.357110288572287],[-106.6893781299876,28.327829641872384],[-106.66306915414475,28.319645610186075],[-106.65672964189346,28.373842086686516],[-106.66053334924425,28.376751964619427],[-106.66211822730706,28.41730838830935],[-106.62598300747473,28.42967536952422],[-106.54547120188339,28.418581459905]]]}},{"type":"Feature","properties":{"cvegeo":"08027","cve_ent":"08","state_code":"CHH","nom_mun":"Guachochi"},"geometry":{"type":"Polygon","coordinates":[[[-107.2593002813783,27.61436394619713],[-107.25676447647778,27.603088169207105],[-107.18734681732619,27.60690738399405],[-107.13631374370333,27.640552847593312],[-107.12902330461435,27.57035204246187],[-107.11000476786049,27.566532827674926],[-107.02949296226915,27.502515513150918],[-106.99272379121167,27.54161699787439],[-106.96292808363063,27.462322824202605],[-106.9702185227196,27.433587779615124],[-106.94232466881395,27.410854358264267],[-106.97592408374577,27.377208894665003],[-106.93281540043702,27.365387515562556],[-106.89097461957853,27.33119644985087],[-106.87290700966236,27.288821352452874],[-106.86149588761003,27.20934531141028],[-106.85040174117029,27.173517439361333],[-106.87702769262569,27.157149375988716],[-106.87734466823825,27.120230299714926],[-106.91633266858368,27.10859078798329],[-106.86942027792415,27.062578343169157],[-106.86308076567286,27.03129715539038],[-106.89636320499211,27.020566980512776],[-106.8805144243639,26.993468742262557],[-106.90650642459417,26.96837104509121],[-106.89858203428007,26.92108552868143],[-106.83043227757874,26.845792437167397],[-106.85325452168337,26.74958459801058],[-106.82123998481437,26.6997529384095],[-106.8386736435054,26.668471750630722],[-106.90555549775648,26.64100977763889],[-106.9061894489816,26.607182446668816],[-106.96895062026935,26.655741034674243],[-107.01269325480324,26.668653618001528],[-107.09605784090766,26.670836026451212],[-107.16103784148335,26.637190562851945],[-107.22031228103288,26.64428339031341],[-107.25517959841495,26.626278520603535],[-107.32491423317911,26.67792885391268],[-107.38513959956634,26.679383792879133],[-107.40669394122072,26.706845765870966],[-107.4913264297754,26.721395155535514],[-107.49608106396387,26.708118837466614],[-107.58071355251855,26.751039536977032],[-107.55694038157623,26.80760028929796],[-107.55694038157623,26.84724737613385],[-107.53697091798466,26.86507037847292],[-107.4726248686341,26.882893380811993],[-107.3464685748335,26.952366716460208],[-107.43395384390125,27.064578884248032],[-107.41018067295893,27.063487680023194],[-107.4440970635033,27.113501206995075],[-107.50337150305285,27.118775360748472],[-107.55218574738775,27.14660106848192],[-107.6228713089896,27.26772473743928],[-107.63681823594244,27.34138102261605],[-107.7154281878584,27.28845761771126],[-107.75346526136612,27.30755369164598],[-107.80830204233975,27.31100917169131],[-107.73603160267508,27.346655176369453],[-107.7109905292825,27.446136628200797],[-107.6558367726963,27.477781550721186],[-107.7509294564656,27.52943188403033],[-107.72842418797353,27.575444328844462],[-107.69862848039249,27.593267331183533],[-107.59751325998445,27.68238234287889],[-107.50622428356593,27.64146218444735],[-107.3784831117025,27.525248934501775],[-107.34361579432041,27.60090576075742],[-107.2593002813783,27.61436394619713]]]}},{"type":"Feature","properties":{"cvegeo":"08031","cve_ent":"08","state_code":"CHH","nom_mun":"Guerrero"},"geometry":{"type":"Polygon","coordinates":[[[-107.44821774646665,28.791591437429844],[-107.39338096549302,28.765402536033655],[-107.35629481882299,28.71320660061209],[-107.31128428183885,28.712660998499672],[-107.32523120879168,28.675923789596688],[-107.28909598895935,28.67228644218055],[-107.25803237892804,28.625182793141576],[-107.22760272012187,28.632821222715464],[-107.22316506154596,28.58244396100197],[-107.17688662211157,28.579170348327445],[-107.18766379293875,28.55116277322319],[-107.12046496307511,28.526246943422652],[-107.08781647498098,28.496056959868717],[-107.08591462130559,28.418217725163387],[-107.03836827942095,28.3973029775206],[-107.06499423087635,28.350926797964853],[-107.100178523871,28.325465366051894],[-107.11634428011178,28.337468612525146],[-107.15564925606975,28.306369292117175],[-107.16357364638387,28.319645610186075],[-107.24091569584957,28.290728698227788],[-107.24345150075008,28.26872274636016],[-107.1943202808026,28.25071787665028],[-107.2218971590957,28.23016686374911],[-107.18164125630003,28.182153877856102],[-107.1863958904885,28.163421538662995],[-107.22855364695955,28.15960232387605],[-107.22538389083391,28.10795199056691],[-107.20541442724236,28.13505022881713],[-107.18227520752517,28.116681624365636],[-107.19305237835235,28.0944938051272],[-107.23108945186007,28.099404224138986],[-107.24408545197521,28.03684184858143],[-107.2824395010955,28.020110050467203],[-107.34329881870785,28.02301992840011],[-107.37943403854018,28.00792493662314],[-107.4193729657233,28.03411383801933],[-107.45614213678076,28.030112755861577],[-107.47769647843513,28.018655111500745],[-107.53411813747158,28.028657816895123],[-107.5322162837962,28.053755514066467],[-107.62001852847652,28.08139935442911],[-107.63586730910474,28.100677295734634],[-107.67295345577477,28.0944938051272],[-107.68594945588991,28.071942251147153],[-107.7464917978897,28.087219110294928],[-107.77977423720895,28.068850505843436],[-107.78326096894716,28.040661063368375],[-107.81812828632924,28.043389073930477],[-107.83302614011977,28.08594603869928],[-107.87835365271647,28.089583386115414],[-107.92051140918753,28.113408011691114],[-107.92399814092573,28.139051310974878],[-107.92558301898856,28.14177932153698],[-107.96203521443346,28.179425867294],[-108.00958155631811,28.20652410554422],[-108.10594214253767,28.28199906442906],[-108.09231219119741,28.30618742474637],[-108.0967498497733,28.314371456432678],[-108.05871277626558,28.37547889302378],[-108.01243433683119,28.39602990592495],[-108.01116643438093,28.42203693995033],[-107.9652049705591,28.432585247457126],[-107.92114536041265,28.508787675825197],[-107.9385790191037,28.543888078390918],[-107.91068516519803,28.556982529089012],[-107.85299560371132,28.5407963330872],[-107.84190145727158,28.555527590122555],[-107.85553140861184,28.608632862398153],[-107.83873170114593,28.6550090419539],[-107.77660448108331,28.695201730902212],[-107.77882331037127,28.647188745009206],[-107.67960994363862,28.69883907831835],[-107.6558367726963,28.73175707243439],[-107.6114601869373,28.758673443313803],[-107.58673608915727,28.80250347967825],[-107.58007960129342,28.864156518381773],[-107.54457833268621,28.890163552407152],[-107.49354525906335,28.907622820004608],[-107.47452672230949,28.877796571192285],[-107.5189033080685,28.850152730829645],[-107.53982369849774,28.806868296577615],[-107.51953725929363,28.765038801292043],[-107.4539233074928,28.75303555481879],[-107.44821774646665,28.791591437429844]]]}},{"type":"Feature","properties":{"cvegeo":"08033","cve_ent":"08","state_code":"CHH","nom_mun":"Huejotitán"},"geometry":{"type":"Polygon","coordinates":[[[-106.04147997790606,27.24862866350456],[-105.95716446496395,27.233351804356786],[-105.91564065971802,27.201343147094782],[-105.95684748935139,27.18079213419361],[-105.97840183100577,27.116956687040407],[-105.94797217219958,27.089130979306958],[-105.94765519658702,27.006926927702263],[-105.93497617208445,26.99255940540852],[-105.99171480673347,26.912174027511895],[-105.99995617266013,26.870708266967934],[-106.05732875853428,26.86925332800148],[-106.09409792959175,26.930906366705003],[-106.12040690543459,26.923267937131115],[-106.15083656424076,26.93381624463791],[-106.13910846657589,26.959459543921675],[-106.16319861313077,26.987830853767544],[-106.21042797940287,26.978373750485588],[-106.2421255406593,27.034388900694097],[-106.22691071125621,27.117138554411213],[-106.19077549142388,27.117502289152824],[-106.18760573529823,27.147328537965148],[-106.14671588127743,27.15060215063967],[-106.10836183215714,27.173153704619722],[-106.1086788077697,27.21971175154627],[-106.11913900298433,27.28281972921625],[-106.04147997790606,27.24862866350456]]]}},{"type":"Feature","properties":{"cvegeo":"08034","cve_ent":"08","state_code":"CHH","nom_mun":"Ignacio Zaragoza"},"geometry":{"type":"Polygon","coordinates":[[[-107.64759540676963,29.960271162234633],[-107.57469101587982,29.906984022588226],[-107.55377062545058,29.873520426359768],[-107.5322162837962,29.878248978000745],[-107.49164340538796,29.83587388060275],[-107.50971101530413,29.782041138843923],[-107.45202145381742,29.79659052850847],[-107.4459989171787,29.74930501209869],[-107.41049764857149,29.676194329034338],[-107.42349364868663,29.64745928444686],[-107.38767540446686,29.662008674111405],[-107.38133589221557,29.6034473807116],[-107.4041581363202,29.548523434727933],[-107.40098838019456,29.512331827937373],[-107.4548742343305,29.505784602588324],[-107.53918974727262,29.464864444156785],[-107.56454779627776,29.483414915979083],[-107.58039657690598,29.41921573408427],[-107.60195091856036,29.413395978218446],[-107.71225843173275,29.445950237592875],[-107.72176770010968,29.481414374900208],[-107.77216682250742,29.48286931386666],[-107.82066409122976,29.536883922996296],[-107.86060301841286,29.5077851436672],[-107.89293453089444,29.515423573241087],[-107.8957873114075,29.489598406586516],[-107.9198774579624,29.494145090856687],[-107.92685092143881,29.55052397580681],[-107.95823150708269,29.555434394818594],[-107.95569570218217,29.618724239859375],[-107.94111482400422,29.680559145933703],[-107.99341580007733,29.674011920584658],[-108.0247963857212,29.70511124099263],[-108.02289453204581,29.777312587202946],[-108.0238454588835,29.824779970983535],[-107.98580838537579,29.91498618690373],[-108.00355901967939,30.005738004936344],[-107.9883441902763,30.025197813612678],[-107.92589999460112,30.018286853522017],[-107.9011758968211,30.009739087094097],[-107.88722896986827,30.051204847638054],[-107.85679931106209,30.03265437581576],[-107.79467209099948,30.031199436849302],[-107.79213628609897,29.96045302960544],[-107.64759540676963,29.960271162234633]]]}},{"type":"Feature","properties":{"cvegeo":"08039","cve_ent":"08","state_code":"CHH","nom_mun":"López"},"geometry":{"type":"Polygon","coordinates":[[[-104.70701264901015,26.72812424825537],[-104.73300464924044,26.74940273063977],[-104.77230962519842,26.750130200122996],[-104.88705479694671,26.72412316609762],[-104.89719801654877,26.75904170129253],[-104.97105333427626,26.742128035807497],[-104.95900826099881,26.707573235354197],[-104.99165674909294,26.69920733629708],[-105.02018455422373,26.664834403214584],[-105.04902933496709,26.74940273063977],[-105.053466993543,26.82542329163703],[-105.1396843601605,26.84524683505498],[-105.08991918898789,26.85015725406676],[-105.07692318887275,26.880347237620697],[-105.12573743320766,26.89689716836412],[-105.14095226261075,26.886348860857325],[-105.17106494580436,26.924359141355957],[-105.19103440939593,26.92235860027708],[-105.21385665350056,26.94527388899874],[-105.26425577589828,27.051666300920747],[-105.22843753167851,27.116229217557176],[-105.04522562761632,27.20498049451092],[-105.04142192026555,27.202252483948815],[-105.0071885541086,27.118957228119278],[-105.05315001793043,27.104044103713118],[-105.04617655445401,27.062760210539963],[-104.9973623101191,27.044391606088475],[-105.00465274920808,27.008745601410332],[-104.96471382202498,27.017838969950674],[-104.8978319677739,26.92235860027708],[-104.83570474771129,26.884530187149256],[-104.75297411283199,26.888713136677815],[-104.70701264901015,26.72812424825537]]]}},{"type":"Feature","properties":{"cvegeo":"08044","cve_ent":"08","state_code":"CHH","nom_mun":"Matamoros"},"geometry":{"type":"Polygon","coordinates":[[[-105.32131138615986,26.778319642598056],[-105.34888826445297,26.738672555762165],[-105.33018670331167,26.68011126236236],[-105.33937899607604,26.645192727167448],[-105.44207909454688,26.55225850068515],[-105.38438953306017,26.538436580503827],[-105.38946114286121,26.524069058210088],[-105.45602602149971,26.52952507933429],[-105.4712408509028,26.508610331691507],[-105.49596494868283,26.526978936142996],[-105.49628192429539,26.542801397403192],[-105.54921685159363,26.546620612190136],[-105.61958543758291,26.68356674240769],[-105.60120085205419,26.614820876242703],[-105.67505616978168,26.617548886804805],[-105.74637568260866,26.713938593332436],[-105.79423900010588,26.698843601555467],[-105.76507724374996,26.750130200122996],[-105.71531207257735,26.746492852706858],[-105.67822592590733,26.762860916079475],[-105.68932007234707,26.797415716532775],[-105.64906416955141,26.81269257568055],[-105.68900309673451,26.83888147707674],[-105.69122192602246,26.86234236791082],[-105.68710124305913,26.878346696541822],[-105.62972865718498,26.893623555689597],[-105.61166104726881,26.870708266967934],[-105.57299002253596,26.869435195372287],[-105.55111870526902,26.907809210612534],[-105.53653782709107,26.915265772815612],[-105.41481919186634,26.856158877303386],[-105.34001294730116,26.83688093599786],[-105.32131138615986,26.778319642598056]]]}},{"type":"Feature","properties":{"cvegeo":"08048","cve_ent":"08","state_code":"CHH","nom_mun":"Namiquipa"},"geometry":{"type":"Polygon","coordinates":[[[-106.48207607937051,29.56725577392104],[-106.55878417761109,29.538702596704365],[-106.55719929954826,29.470138597910186],[-106.58541012906649,29.468138056831307],[-106.58477617784136,29.420670673050722],[-106.60157588530727,29.377568106169498],[-106.57178017772623,29.35719896063913],[-106.58731198274188,29.27699545011331],[-106.53976564085723,29.272266898472335],[-106.54927490923416,29.21188693136446],[-106.56544066547494,29.191517785834094],[-106.62851881237525,29.20970452291478],[-106.64183178810295,29.23334728111967],[-106.68018583722323,29.232256076894828],[-106.66877471517091,29.25644443721214],[-106.70903061796659,29.27608611325928],[-106.82694554584053,29.27063009213507],[-106.780033155181,29.264082866786026],[-106.76481832577791,29.215160544038987],[-106.82250788726462,29.21316000296011],[-106.80887793592436,29.14223172834544],[-106.87766164385081,29.085125373912092],[-106.92203822960983,29.12331752178153],[-106.96039227873011,29.111496142679083],[-107.05865471862506,29.151143229514975],[-107.07450349925328,29.16823876237082],[-107.11475940204895,29.151870698998202],[-107.11571032888665,29.11040493845424],[-107.22411598838366,29.119498306994586],[-107.26247003750395,29.071121586359965],[-107.3223784282786,29.080396822271112],[-107.35629481882299,29.060027676740745],[-107.33632535523144,29.016197640376298],[-107.34424974554554,28.994555423250283],[-107.43110106338817,28.99873837277884],[-107.45772701484358,28.946542437357273],[-107.42856525848767,28.94690617209889],[-107.42032389256099,28.914715647466075],[-107.44885169769178,28.91216950427478],[-107.42444457552432,28.831602259007347],[-107.44821774646665,28.791591437429844],[-107.4539233074928,28.75303555481879],[-107.51953725929363,28.765038801292043],[-107.53982369849774,28.806868296577615],[-107.5189033080685,28.850152730829645],[-107.47452672230949,28.877796571192285],[-107.49354525906335,28.907622820004608],[-107.54457833268621,28.890163552407152],[-107.59434350385881,28.927264496051748],[-107.59402652824625,28.95145285636906],[-107.56296291821494,28.976368686169597],[-107.58103052813111,28.989826871609303],[-107.57057033291649,29.053298584020894],[-107.637135211555,29.09712862038534],[-107.61970155286396,29.107313193150524],[-107.6016339429478,29.179878274102457],[-107.56106106453956,29.36320058387576],[-107.58958886967035,29.366837931291897],[-107.58039657690598,29.41921573408427],[-107.56454779627776,29.483414915979083],[-107.53918974727262,29.464864444156785],[-107.4548742343305,29.505784602588324],[-107.40098838019456,29.512331827937373],[-107.35946457494863,29.51287743004979],[-107.34044603819477,29.550342108436002],[-107.27514906200652,29.548341567357127],[-107.23933081778674,29.563436559134097],[-107.18671286610106,29.553070118998107],[-107.08718252375586,29.57343926452847],[-107.07545442609097,29.53615645351307],[-107.05136427953609,29.553251986368913],[-107.00033120591323,29.553615721110525],[-106.97877686425885,29.52160706384852],[-106.92647588818573,29.526699350231112],[-106.876076765788,29.516696644836735],[-106.83455296054207,29.549069036840354],[-106.77084086241663,29.53906633144598],[-106.76069764281458,29.516332910095123],[-106.74072817922303,29.550887710548423],[-106.68430652018657,29.550887710548423],[-106.65419383699296,29.570893121337175],[-106.48207607937051,29.56725577392104]]]}},{"type":"Feature","properties":{"cvegeo":"08049","cve_ent":"08","state_code":"CHH","nom_mun":"Nonoava"},"geometry":{"type":"Polygon","coordinates":[[[-106.63042066605063,27.70366082526329],[-106.619960470836,27.662558799460943],[-106.59206661693034,27.65110115510011],[-106.56797647037546,27.673288974338547],[-106.49697393316104,27.63673363280637],[-106.5248677870667,27.63109574431136],[-106.51218876256412,27.562168010775565],[-106.49063442090976,27.552892774864414],[-106.51440759185208,27.52834067980549],[-106.47668749395692,27.476326611754732],[-106.45481617668997,27.47578100964231],[-106.38634944437608,27.432314708019476],[-106.36954973691017,27.389757743250673],[-106.41582817634456,27.375753955698546],[-106.42850720084714,27.349746921673166],[-106.4617896401664,27.355566677538988],[-106.42787324962201,27.31100917169131],[-106.4510124693392,27.313919049624218],[-106.47732144518204,27.354475473314146],[-106.50331344541233,27.351019993268814],[-106.51123783572643,27.313919049624218],[-106.55498047026032,27.279182381800112],[-106.53501100666875,27.220802955771113],[-106.58065549487803,27.241899570784707],[-106.59396847060573,27.190067370104757],[-106.62788486115011,27.20079754498236],[-106.6671898371081,27.18006466471038],[-106.86149588761003,27.20934531141028],[-106.87290700966236,27.288821352452874],[-106.89097461957853,27.33119644985087],[-106.93281540043702,27.365387515562556],[-106.97592408374577,27.377208894665003],[-106.94232466881395,27.410854358264267],[-106.92742681502342,27.445045423975955],[-106.95278486402857,27.463595895798253],[-106.92203822960983,27.48105516339571],[-106.87924652191364,27.548164223223438],[-106.85991100954722,27.597632148082898],[-106.80444027734846,27.56180427603395],[-106.7889084723328,27.62982267271571],[-106.74136213044815,27.656193441482703],[-106.70807969112889,27.626185325299573],[-106.68779325192477,27.649100614021236],[-106.71029852041684,27.68692902714906],[-106.67035959323374,27.67929059757517],[-106.63042066605063,27.70366082526329]]]}},{"type":"Feature","properties":{"cvegeo":"08056","cve_ent":"08","state_code":"CHH","nom_mun":"Rosario"},"geometry":{"type":"Polygon","coordinates":[[[-106.14322914953922,27.405762071881675],[-106.09853558816765,27.41467357305121],[-106.04369880719402,27.354657340684952],[-106.12674641768588,27.326831632951503],[-106.11913900298433,27.28281972921625],[-106.1086788077697,27.21971175154627],[-106.10836183215714,27.173153704619722],[-106.14671588127743,27.15060215063967],[-106.18760573529823,27.147328537965148],[-106.21962027216723,27.160059253921627],[-106.28079656539215,27.15878618232598],[-106.28681910203088,27.122594575535416],[-106.383496663863,27.157694978101137],[-106.4529143230146,27.136598363087543],[-106.52074710410336,27.140599445245293],[-106.52645266512953,27.171880633024074],[-106.59396847060573,27.190067370104757],[-106.58065549487803,27.241899570784707],[-106.53501100666875,27.220802955771113],[-106.55498047026032,27.279182381800112],[-106.51123783572643,27.313919049624218],[-106.50331344541233,27.351019993268814],[-106.47732144518204,27.354475473314146],[-106.4510124693392,27.313919049624218],[-106.42787324962201,27.31100917169131],[-106.4617896401664,27.355566677538988],[-106.42850720084714,27.349746921673166],[-106.41582817634456,27.375753955698546],[-106.36954973691017,27.389757743250673],[-106.38634944437608,27.432314708019476],[-106.33214661462758,27.41594664464686],[-106.28967188254396,27.385211058980502],[-106.20757519888978,27.383937987384854],[-106.20028475980081,27.43140537116544],[-106.14322914953922,27.405762071881675]]]}},{"type":"Feature","properties":{"cvegeo":"08057","cve_ent":"08","state_code":"CHH","nom_mun":"San Francisco de Borja"},"geometry":{"type":"Polygon","coordinates":[[[-106.63992993442756,28.037205583323043],[-106.61235305613447,28.02138312206285],[-106.65482778821809,27.972097064574193],[-106.59745520234394,27.974461340394683],[-106.60252681214496,27.953000990639474],[-106.51757734797772,27.902078126813556],[-106.51821129920285,27.8340597301318],[-106.55402954342262,27.836060271210673],[-106.51092086011387,27.767314405045685],[-106.55307861658493,27.785319274755565],[-106.56861042160058,27.706752570567005],[-106.60886632439625,27.723302501310428],[-106.63042066605063,27.70366082526329],[-106.67035959323374,27.67929059757517],[-106.71029852041684,27.68692902714906],[-106.75023744759996,27.714391000140893],[-106.77305969170459,27.752765015381136],[-106.87100515598696,27.746399657402897],[-106.89319344886647,27.784046203159917],[-106.91094408317008,27.778772049406516],[-106.9302795955365,27.837697077547936],[-106.87227305843723,27.859157427303142],[-106.92964564431138,27.923538476568766],[-106.92330613206009,27.951364184302214],[-106.97529013252064,27.961730624438204],[-106.9169666198088,27.995739822779086],[-106.93344935166215,28.016472703051065],[-106.90016691234288,28.033022633794488],[-106.91221198562033,28.060666474157127],[-106.84311130208131,28.06594062791053],[-106.8405754971808,28.092493264048326],[-106.7534072037256,28.082126823912336],[-106.69983832520222,28.10558771474642],[-106.63992993442756,28.037205583323043]]]}},{"type":"Feature","properties":{"cvegeo":"08058","cve_ent":"08","state_code":"CHH","nom_mun":"San Francisco de Conchos"},"geometry":{"type":"Polygon","coordinates":[[[-105.28676104439035,27.793321439071065],[-105.25918416609726,27.76367705762955],[-105.29088172735369,27.71966515389429],[-105.24935792210776,27.70184215155522],[-105.28676104439035,27.690202639823582],[-105.28232338581445,27.615818885163584],[-105.23731284883031,27.563259215000404],[-105.19515509235926,27.551801570639572],[-105.19990972654772,27.49087600141928],[-105.23636192199262,27.49087600141928],[-105.26552367834854,27.431223503794634],[-105.27186319059983,27.400124183386666],[-105.30641353236935,27.36102269866319],[-105.42210963095533,27.385392926351308],[-105.40245714297635,27.466869508472776],[-105.43542260668303,27.500151237330428],[-105.43795841158355,27.53306923144647],[-105.48360289979281,27.629640805344902],[-105.59454436419034,27.68110927128324],[-105.55333753455697,27.718210214927836],[-105.36917470365708,27.73075906351351],[-105.34286572781424,27.748945800594193],[-105.33335645943731,27.79077529587977],[-105.28676104439035,27.793321439071065]]]}},{"type":"Feature","properties":{"cvegeo":"08059","cve_ent":"08","state_code":"CHH","nom_mun":"San Francisco del Oro"},"geometry":{"type":"Polygon","coordinates":[[[-105.77522046335201,26.93381624463791],[-105.81103870757178,26.856522612045],[-105.85700017139362,26.829788108536395],[-105.9318064159588,26.765588926641577],[-105.93909685504778,26.76304278345028],[-106.04718553893223,26.844701232942555],[-106.0785661245761,26.79832505338681],[-106.10836183215714,26.848156712987887],[-106.14544797882718,26.829969975907204],[-106.15622514965436,26.867616521664218],[-106.12040690543459,26.923267937131115],[-106.09409792959175,26.930906366705003],[-106.05732875853428,26.86925332800148],[-105.99995617266013,26.870708266967934],[-105.99171480673347,26.912174027511895],[-105.93497617208445,26.99255940540852],[-105.9051804645034,27.016202163613414],[-105.84178534199053,26.98182923053092],[-105.8189630978859,26.949638705898106],[-105.77522046335201,26.93381624463791]]]}},{"type":"Feature","properties":{"cvegeo":"08060","cve_ent":"08","state_code":"CHH","nom_mun":"Santa Bárbara"},"geometry":{"type":"Polygon","coordinates":[[[-105.79423900010588,26.698843601555467],[-105.77585441457714,26.660833321056835],[-105.86555851293285,26.747402189560894],[-105.89408631806364,26.741036831582655],[-105.9318064159588,26.765588926641577],[-105.85700017139362,26.829788108536395],[-105.81103870757178,26.856522612045],[-105.77522046335201,26.93381624463791],[-105.7327457312684,26.911810292770284],[-105.69122192602246,26.86234236791082],[-105.68900309673451,26.83888147707674],[-105.64906416955141,26.81269257568055],[-105.68932007234707,26.797415716532775],[-105.67822592590733,26.762860916079475],[-105.71531207257735,26.746492852706858],[-105.76507724374996,26.750130200122996],[-105.79423900010588,26.698843601555467]]]}},{"type":"Feature","properties":{"cvegeo":"08061","cve_ent":"08","state_code":"CHH","nom_mun":"Satevó"},"geometry":{"type":"Polygon","coordinates":[[[-106.21486563797876,28.112862409578693],[-106.06842290497404,28.145416668953118],[-106.095365832042,28.122137645489843],[-106.02372934360247,28.086855375553313],[-106.00819753858681,28.10085916310544],[-105.97269626997961,28.026475408445442],[-105.98917900183295,28.01265348826412],[-105.93117246473368,27.94281641787429],[-105.89567119612647,27.945362561065586],[-105.86397363487004,27.89916824888065],[-105.8180121710482,27.878980970721088],[-105.77934114631535,27.915900046994878],[-105.78504670734151,27.838242679660354],[-105.81991402472359,27.807325226623192],[-105.8224498296241,27.776953375698447],[-105.78789948785459,27.75021887218984],[-105.75049636557199,27.746945259515318],[-105.73940221913224,27.70184215155522],[-105.76919792671329,27.706206968454588],[-105.78758251224203,27.66728735110192],[-105.8997918790898,27.67365270908016],[-105.91690856216827,27.703478957892482],[-105.94575334291163,27.661831329977716],[-106.01643890451348,27.668924157439182],[-106.04052905106838,27.721483827602363],[-106.13340290554973,27.68565595555341],[-106.11755412492151,27.641644051818155],[-106.19204339387413,27.626003457928768],[-106.20313754031389,27.60799858821889],[-106.17492671079566,27.576535533069304],[-106.13467080799998,27.588720646913362],[-106.1140673931833,27.564350419225246],[-106.12674641768588,27.536706578862606],[-106.19648105245004,27.530341220884367],[-106.22279002829288,27.485238112924268],[-106.13150105187434,27.433224044873512],[-106.14322914953922,27.405762071881675],[-106.20028475980081,27.43140537116544],[-106.20757519888978,27.383937987384854],[-106.28967188254396,27.385211058980502],[-106.33214661462758,27.41594664464686],[-106.38634944437608,27.432314708019476],[-106.45481617668997,27.47578100964231],[-106.47668749395692,27.476326611754732],[-106.51440759185208,27.52834067980549],[-106.49063442090976,27.552892774864414],[-106.51218876256412,27.562168010775565],[-106.5248677870667,27.63109574431136],[-106.49697393316104,27.63673363280637],[-106.56797647037546,27.673288974338547],[-106.59206661693034,27.65110115510011],[-106.619960470836,27.662558799460943],[-106.63042066605063,27.70366082526329],[-106.60886632439625,27.723302501310428],[-106.56861042160058,27.706752570567005],[-106.55307861658493,27.785319274755565],[-106.51092086011387,27.767314405045685],[-106.4430880790251,27.81369058460143],[-106.39649266397814,27.782954998935075],[-106.33087871217732,27.801141736015758],[-106.29759627285806,27.838970149143584],[-106.31566388277423,27.848063517683926],[-106.29315861428216,27.928085160838936],[-106.30678856562243,27.94408948946994],[-106.37747412722427,27.94281641787429],[-106.35655373679504,27.96063942021336],[-106.41487724950687,27.972460799315808],[-106.43706554238638,28.00592439554427],[-106.37271949303582,28.025566071591406],[-106.38032690773736,28.10140476521786],[-106.34292378545476,28.13595956567116],[-106.29791324847062,28.136505167783582],[-106.24022368698391,28.09576687672285],[-106.21486563797876,28.112862409578693]]]}},{"type":"Feature","properties":{"cvegeo":"08064","cve_ent":"08","state_code":"CHH","nom_mun":"El Tule"},"geometry":{"type":"Polygon","coordinates":[[[-106.18760573529823,27.147328537965148],[-106.19077549142388,27.117502289152824],[-106.22691071125621,27.117138554411213],[-106.2421255406593,27.034388900694097],[-106.21042797940287,26.978373750485588],[-106.16319861313077,26.987830853767544],[-106.13910846657589,26.959459543921675],[-106.15083656424076,26.93381624463791],[-106.12040690543459,26.923267937131115],[-106.15622514965436,26.867616521664218],[-106.18697178407311,26.890895545127496],[-106.24973295536084,26.89762463784735],[-106.24973295536084,26.923267937131115],[-106.30932437052294,26.992377538037715],[-106.33531637075322,26.995105548599817],[-106.3426068098422,27.03638944177297],[-106.3283429072768,27.05894099575302],[-106.38032690773736,27.055849250449306],[-106.40346612745455,27.08040134550823],[-106.45006154250152,27.097133143622457],[-106.48904954284693,27.081310682362265],[-106.5356449578939,27.103862236342312],[-106.52074710410336,27.140599445245293],[-106.4529143230146,27.136598363087543],[-106.383496663863,27.157694978101137],[-106.28681910203088,27.122594575535416],[-106.28079656539215,27.15878618232598],[-106.21962027216723,27.160059253921627],[-106.18760573529823,27.147328537965148]]]}},{"type":"Feature","properties":{"cvegeo":"08067","cve_ent":"08","state_code":"CHH","nom_mun":"Valle de Zaragoza"},"geometry":{"type":"Polygon","coordinates":[[[-105.59454436419034,27.68110927128324],[-105.48360289979281,27.629640805344902],[-105.43795841158355,27.53306923144647],[-105.43542260668303,27.500151237330428],[-105.40245714297635,27.466869508472776],[-105.42210963095533,27.385392926351308],[-105.42718124075635,27.347018911111064],[-105.51878719278746,27.357021616505442],[-105.49247821694462,27.308826763241626],[-105.51688533911206,27.3133734475118],[-105.5539714857821,27.28918508719449],[-105.62212124248343,27.31100917169131],[-105.61039314481856,27.341744757357667],[-105.63036260841011,27.368115526124658],[-105.72038368237838,27.322284948681336],[-105.70707070665068,27.279000514429306],[-105.75271519485995,27.2257133747829],[-105.81072173195922,27.291549363014976],[-105.8402004639277,27.275545034383974],[-105.86175480558208,27.305735017937913],[-105.88457704968671,27.2948229756895],[-105.92451597686983,27.333015123558937],[-105.95399470883831,27.33683433834588],[-105.95716446496395,27.233351804356786],[-106.04147997790606,27.24862866350456],[-106.11913900298433,27.28281972921625],[-106.12674641768588,27.326831632951503],[-106.04369880719402,27.354657340684952],[-106.09853558816765,27.41467357305121],[-106.14322914953922,27.405762071881675],[-106.13150105187434,27.433224044873512],[-106.22279002829288,27.485238112924268],[-106.19648105245004,27.530341220884367],[-106.12674641768588,27.536706578862606],[-106.1140673931833,27.564350419225246],[-106.13467080799998,27.588720646913362],[-106.17492671079566,27.576535533069304],[-106.20313754031389,27.60799858821889],[-106.19204339387413,27.626003457928768],[-106.11755412492151,27.641644051818155],[-106.13340290554973,27.68565595555341],[-106.04052905106838,27.721483827602363],[-106.01643890451348,27.668924157439182],[-105.94575334291163,27.661831329977716],[-105.91690856216827,27.703478957892482],[-105.8997918790898,27.67365270908016],[-105.78758251224203,27.66728735110192],[-105.76919792671329,27.706206968454588],[-105.73940221913224,27.70184215155522],[-105.70104817001196,27.71966515389429],[-105.6401888523996,27.690202639823582],[-105.59454436419034,27.68110927128324]]]}}]}