{"type":"FeatureCollection","features":[{"type":"Feature","properties":{"cvegeo":"07099","cve_ent":"07","state_code":"CHP","nom_mun":"La Trinitaria"},"geometry":{"type":"Polygon","coordinates":[[[-91.51512160530709,16.140715256734836],[-91.47645058057424,16.095975883516353],[-91.44285116564241,16.09615775088716],[-91.42351565327598,16.117254365900752],[-91.38167487241749,16.074333666390338],[-91.73161594868853,16.073788064277917],[-91.92180131622715,15.75133721583738],[-91.93574824317997,15.76279486019821],[-91.91672970642611,15.805169957596206],[-91.9506460969705,15.820628684114787],[-91.9693476581118,15.850273065556303],[-92.01530912193363,15.84063409490354],[-92.05176131737852,15.851728004522759],[-92.12656756194372,15.922292544395814],[-92.17062717209015,15.933750188756646],[-92.18901175761889,15.947753976308773],[-92.2067623919225,16.01431743402408],[-92.17791761117914,16.013771831911658],[-92.1427333181845,16.078334748548087],[-92.1088169276401,16.057056266163688],[-92.0821909761847,16.15726518747826],[-91.99660756079233,16.16599482127699],[-91.91451087713816,16.16472174968134],[-91.88344726710686,16.185818364694935],[-91.8625268766776,16.156173983253417],[-91.832414193484,16.20691497970853],[-91.73954033900264,16.12434719336222],[-91.68185077751593,16.151991033724862],[-91.65617575289822,16.123437856508186],[-91.60355780121253,16.134531766127402],[-91.55569448371531,16.169814036063933],[-91.51512160530709,16.140715256734836]]]}},{"type":"Feature","properties":{"cvegeo":"07102","cve_ent":"07","state_code":"CHP","nom_mun":"Tuxtla Chico"},"geometry":{"type":"Polygon","coordinates":[[[-92.14875585482322,14.988949197415081],[-92.14907283043578,14.868371130570143],[-92.18140434291735,14.847456382927355],[-92.20169078212146,14.853458006163981],[-92.22324512377584,14.807809296091463],[-92.24036180685431,14.758705105973615],[-92.26191614850869,14.778164914649947],[-92.2600142948333,14.830178982700705],[-92.20803029437275,14.99185907534799],[-92.1880608307812,14.993132146943639],[-92.14875585482322,14.988949197415081]]]}},{"type":"Feature","properties":{"cvegeo":"07055","cve_ent":"07","state_code":"CHP","nom_mun":"Metapa"},"geometry":{"type":"Polygon","coordinates":[[[-92.18140434291735,14.847456382927355],[-92.17791761117914,14.804899418158554],[-92.2102491236607,14.790895630606427],[-92.22324512377584,14.807809296091463],[-92.20169078212146,14.853458006163981],[-92.18140434291735,14.847456382927355]]]}},{"type":"Feature","properties":{"cvegeo":"07115","cve_ent":"07","state_code":"CHP","nom_mun":"Maravilla Tenejapa"},"geometry":{"type":"Polygon","coordinates":[[[-91.16613145587374,16.074333666390338],[-91.29704238386282,16.074333666390338],[-91.30464979856436,16.107433527877184],[-91.35568287218722,16.14726248208388],[-91.34110199400925,16.202550162809164],[-91.36836189668979,16.20054962173029],[-91.39086716518186,16.228011594722123],[-91.35726775025003,16.290028368167256],[-91.3024309692764,16.31348925900134],[-91.275805017821,16.29675746088711],[-91.27770687149639,16.26838615104124],[-91.23998677360123,16.25874718038848],[-91.23364726134994,16.344224844667696],[-91.19814599274274,16.320582086462807],[-91.16454657781091,16.352954478466426],[-91.1309471628791,16.339132558285105],[-91.15250150453346,16.302759084123736],[-91.17215399251246,16.319127147496353],[-91.18071233405169,16.26674934470398],[-91.14996569963296,16.262566395175423],[-91.16454657781091,16.220373165148235],[-91.11604930908857,16.172542046626035],[-91.1629616997481,16.126893336553515],[-91.16613145587374,16.074333666390338]]]}},{"type":"Feature","properties":{"cvegeo":"07059","cve_ent":"07","state_code":"CHP","nom_mun":"Ocosingo"},"geometry":{"type":"Polygon","coordinates":[[[-91.16613145587374,16.074333666390338],[-91.1629616997481,16.126893336553515],[-91.11604930908857,16.172542046626035],[-91.16454657781091,16.220373165148235],[-91.14996569963296,16.262566395175423],[-91.18071233405169,16.26674934470398],[-91.17215399251246,16.319127147496353],[-91.15250150453346,16.302759084123736],[-91.1309471628791,16.339132558285105],[-91.16454657781091,16.352954478466426],[-91.19814599274274,16.320582086462807],[-91.23364726134994,16.344224844667696],[-91.23998677360123,16.25874718038848],[-91.27770687149639,16.26838615104124],[-91.275805017821,16.29675746088711],[-91.3024309692764,16.31348925900134],[-91.339834091559,16.329311720261536],[-91.32715506705642,16.369686276580655],[-91.33571340859567,16.405877883371218],[-91.38896531150647,16.38732741154892],[-91.435877702166,16.423337150968674],[-91.42129682398803,16.442978827015814],[-91.44538697054293,16.46225676832134],[-91.43302492165292,16.488081934975913],[-91.46123575117115,16.516271377450973],[-91.50719721499297,16.496629701403833],[-91.53414014206095,16.512088427922414],[-91.57819975220738,16.48699073075107],[-91.59436550844816,16.539368533543442],[-91.61053126468896,16.539914135655863],[-91.6181386793905,16.566466771793664],[-91.55189077636454,16.572832129771903],[-91.5709093131184,16.605568256517135],[-91.60165594753715,16.5966567553476],[-91.60197292314972,16.619572044069262],[-91.65142111870975,16.615207227169897],[-91.77916229057318,16.702139830415568],[-91.76806814413344,16.750880285791805],[-91.79976570538987,16.743423723588723],[-91.89549234038431,16.750880285791805],[-91.90626951121149,16.797438332718357],[-91.93289546266689,16.80980531393322],[-92.01182239019542,16.821081090923247],[-91.99946034130541,16.839085960633124],[-92.03908229287595,16.851089207106376],[-92.05936873208007,16.77888786089606],[-92.13259009858244,16.747788540488088],[-92.16777439157708,16.78979990314447],[-92.24289761175483,16.79489218952706],[-92.23750902634123,16.823263499372928],[-92.30343995375462,16.88491653807645],[-92.29710044150333,16.90092086670745],[-92.35193722247696,16.90037526459503],[-92.32150756367079,16.949297587342073],[-92.22483000183865,16.9472970462632],[-92.20517751385967,16.998947379572343],[-92.1275184887814,16.961846435927747],[-92.10659809835215,16.97366781503019],[-91.95413282870871,16.987671602582317],[-91.93891799930562,17.005312737550582],[-91.87996053536865,16.99676497112266],[-91.78296599792395,17.043141150678405],[-91.74366102196598,17.106976597831608],[-91.7008693142698,17.104248587269506],[-91.75317029034291,17.124072130687452],[-91.73922336339008,17.148260491004763],[-91.69928443620697,17.135347907677478],[-91.6802658994531,17.170630177614004],[-91.64793438697154,17.172266983951268],[-91.64983624064693,17.203911906471657],[-91.69231097273055,17.170084575501583],[-91.72971409501315,17.166083493343834],[-91.72083877786135,17.211004733933123],[-91.68723936292952,17.23828483955415],[-91.63240258195589,17.20591244755053],[-91.62669702092974,17.2210074393275],[-91.55696238616558,17.22228051092315],[-91.52621575174683,17.210822866562317],[-91.5620339959666,17.132983631856987],[-91.52431389807145,17.125527069653906],[-91.45553019014498,17.082788237514297],[-91.44443604370524,17.10388485252789],[-91.49958980029143,17.13116495814892],[-91.47898638547474,17.162991748040117],[-91.44031536074189,17.146441817296694],[-91.38611253099339,17.074786073198798],[-91.36138843321338,17.09588268821239],[-91.35378101851182,17.13043748866569],[-91.27834082272152,17.11497876214711],[-91.30813653030256,17.084606911222366],[-91.30179701805127,17.066783908883295],[-91.26027321280534,17.102975515673858],[-91.22635682226097,17.094064014504323],[-91.2171645294966,17.064237765692],[-91.17564072425067,17.01567917768657],[-91.12143789450217,17.001675390134444],[-91.1201699920519,16.977487029817134],[-91.06438228424058,16.925109227024763],[-91.06660111352853,16.903285142527942],[-91.00700969836643,16.886189609672098],[-90.98165164936128,16.866547933624958],[-90.9841874542618,16.899102192999383],[-90.95819545403153,16.897101651920508],[-90.97467818588487,16.86709353573738],[-90.93442228308919,16.860000708275912],[-90.91762257562328,16.82035362144002],[-90.88497408752916,16.825082173080997],[-90.85549535556068,16.798165802201584],[-90.80446228193782,16.79889327168481],[-90.80287740387499,16.77597798296315],[-90.76388940352957,16.763611001748284],[-90.70936959816851,16.721781506462708],[-90.65738559770796,16.637940648520754],[-90.65548374403257,16.592291938448234],[-90.6925698907026,16.604840787033908],[-90.70429798836747,16.571922792917867],[-90.67672111007438,16.491901149762857],[-90.71253935429415,16.444251898611462],[-90.7245844275716,16.414789384540754],[-90.73060696421032,16.467894656816352],[-90.77117984261855,16.387691146290532],[-90.75216130586469,16.342769905701243],[-90.85676325801093,16.336404547723003],[-90.87039320935119,16.272750967940606],[-90.84598608718375,16.219100093552587],[-90.87768364844018,16.199458417505447],[-90.90843028285892,16.13871471565596],[-90.95502569790588,16.10415991520266],[-90.96136521015717,16.073788064277917],[-91.16613145587374,16.074333666390338]]]}},{"type":"Feature","properties":{"cvegeo":"07089","cve_ent":"07","state_code":"CHP","nom_mun":"Tapachula"},"geometry":{"type":"Polygon","coordinates":[[[-92.16301975738861,15.201006551775864],[-92.20390961140941,15.12916894030716],[-92.22673185551405,15.040599530724226],[-92.1861589771058,15.027505080026133],[-92.1880608307812,14.993132146943639],[-92.20803029437275,14.99185907534799],[-92.2600142948333,14.830178982700705],[-92.26191614850869,14.778164914649947],[-92.26825566075998,14.720694825474983],[-92.3196057099954,14.618121628339923],[-92.40930980835111,14.695960863045253],[-92.4663654186127,14.757432034377967],[-92.43942249154472,14.760887514423297],[-92.41691722305265,14.799807131775962],[-92.38585361302135,14.809809837170338],[-92.39884961313649,14.834907534341683],[-92.38870639353443,14.90892755426007],[-92.43054717439293,14.95330319273694],[-92.37190668606851,14.94402795682579],[-92.30724366110539,14.973308603525693],[-92.30217205130437,14.992404677460412],[-92.33260171011054,15.035870979083247],[-92.31833780754515,15.077518606998016],[-92.3329186857231,15.104434977877428],[-92.36810297871774,15.110072866372441],[-92.35764278350312,15.142627125746866],[-92.38300083250827,15.144263932084128],[-92.35066932002671,15.162996271277233],[-92.33386961256079,15.201552153888283],[-92.32689614908438,15.235379484858358],[-92.27618005107408,15.218829554114935],[-92.28632327067615,15.165906149210143],[-92.26793868514741,15.183729151549214],[-92.18425712343043,15.227377320542857],[-92.16301975738861,15.201006551775864]]]}},{"type":"Feature","properties":{"cvegeo":"07101","cve_ent":"07","state_code":"CHP","nom_mun":"Tuxtla Gutiérrez"},"geometry":{"type":"Polygon","coordinates":[[[-93.2087223032384,16.805076762292245],[-93.1402555709245,16.805804231775472],[-93.13740279041141,16.844178247015716],[-93.1091919608932,16.844723849128137],[-93.08098113137497,16.840904634341193],[-93.07115488738548,16.796347128493515],[-93.03755547245365,16.75160775527503],[-93.0584758628829,16.752153357387453],[-93.03375176510288,16.677587735356646],[-93.06544932635931,16.67449599005293],[-93.09873176567856,16.656672987713858],[-93.1446932295004,16.673950387940508],[-93.15927410767836,16.645215343353026],[-93.20079791292429,16.650671364477233],[-93.23376337663099,16.67322291845728],[-93.24295566939534,16.74706107100486],[-93.2087223032384,16.805076762292245]]]}},{"type":"Feature","properties":{"cvegeo":"07027","cve_ent":"07","state_code":"CHP","nom_mun":"Chiapa de Corzo"},"geometry":{"type":"Polygon","coordinates":[[[-93.08098113137497,16.840904634341193],[-93.03755547245365,16.844178247015716],[-93.05942678972059,16.909832367876987],[-93.02487644795107,16.892009365537916],[-93.00934464293542,16.898920325628577],[-92.99127703301926,16.91037796998941],[-92.93548932520793,16.875459434794493],[-92.9811338134172,16.862728718838014],[-92.96148132543821,16.840359032228772],[-92.97954893535437,16.802712486471755],[-93.0121974234485,16.79889327168481],[-93.01092952099825,16.766884614422807],[-92.95228903267385,16.763611001748284],[-92.87304512953276,16.719053495900607],[-92.8629019099307,16.686681103896987],[-92.84388337317684,16.659037263534348],[-92.92027449580485,16.641759863307698],[-92.95736064247487,16.57301399714271],[-92.93010073979434,16.477533627469114],[-92.87779976372121,16.476806157985887],[-92.87399605637044,16.472805075828138],[-92.85244171471606,16.45934689038843],[-92.85244171471606,16.41733552773205],[-92.87558093443327,16.44279695964501],[-92.87431303198301,16.409878965528968],[-92.81915927539681,16.422609681485447],[-92.83690990970042,16.406059750742024],[-92.80616327528168,16.383508196761976],[-92.80267654354347,16.371323082917918],[-92.8663886416689,16.316035402192636],[-92.8663886416689,16.29202890924613],[-92.8949164467997,16.304395890461],[-92.8930145931243,16.36714013338936],[-92.96021342298795,16.424610222564322],[-93.04452893593006,16.44043268382452],[-93.09302620465242,16.399694392763784],[-93.08034718014984,16.437159071149996],[-93.0549891311447,16.45643701245552],[-93.0584758628829,16.48462645493058],[-93.10570522915499,16.496447834033027],[-93.06418142390906,16.526455950216157],[-93.05784191165777,16.599748500651316],[-93.04231010664212,16.614116022945055],[-93.07242278983573,16.656672987713858],[-93.06544932635931,16.67449599005293],[-93.03375176510288,16.677587735356646],[-93.0584758628829,16.752153357387453],[-93.03755547245365,16.75160775527503],[-93.07115488738548,16.796347128493515],[-93.08098113137497,16.840904634341193]]]}},{"type":"Feature","properties":{"cvegeo":"07012","cve_ent":"07","state_code":"CHP","nom_mun":"Berriozábal"},"geometry":{"type":"Polygon","coordinates":[[[-93.30635079190822,17.0111324934164],[-93.28860015760462,16.972394743434542],[-93.28891713321718,16.935293799789946],[-93.30888659680873,16.91037796998941],[-93.27623810871461,16.8889176202342],[-93.25183098654715,16.827992051013908],[-93.2087223032384,16.805076762292245],[-93.24295566939534,16.74706107100486],[-93.27560415748948,16.71705295482173],[-93.31839586518566,16.728146864440948],[-93.31205635293438,16.750880285791805],[-93.32663723111234,16.796347128493515],[-93.36308942655724,16.79198231159415],[-93.39827371955188,16.862001249354787],[-93.3998585976147,16.896919784549702],[-93.37101381687134,16.93274765659865],[-93.38591167066187,16.989490276290386],[-93.37196474370904,17.02277200514804],[-93.30635079190822,17.0111324934164]]]}},{"type":"Feature","properties":{"cvegeo":"07041","cve_ent":"07","state_code":"CHP","nom_mun":"La Independencia"},"geometry":{"type":"Polygon","coordinates":[[[-91.91451087713816,16.16472174968134],[-91.99660756079233,16.16599482127699],[-92.0013621949808,16.197457876426572],[-92.0511273661534,16.25019941396056],[-92.02418443908543,16.282208071222563],[-91.98614736557771,16.284572347043053],[-91.9658609263736,16.305668962056647],[-91.95825351167204,16.261838925692196],[-91.90024697457277,16.268931753153662],[-91.85682131565144,16.254927965601535],[-91.85333458391324,16.227284125238896],[-91.81878424214374,16.242197249645056],[-91.78930551017524,16.214007807169995],[-91.74587985125393,16.222191838856304],[-91.73034804623828,16.26674934470398],[-91.68597146047927,16.26802241629963],[-91.63113467950564,16.25292742452266],[-91.62035750867845,16.217281419844518],[-91.50719721499297,16.163084943344078],[-91.51512160530709,16.140715256734836],[-91.55569448371531,16.169814036063933],[-91.60355780121253,16.134531766127402],[-91.65617575289822,16.123437856508186],[-91.68185077751593,16.151991033724862],[-91.73954033900264,16.12434719336222],[-91.832414193484,16.20691497970853],[-91.8625268766776,16.156173983253417],[-91.88344726710686,16.185818364694935],[-91.91451087713816,16.16472174968134]]]}},{"type":"Feature","properties":{"cvegeo":"07003","cve_ent":"07","state_code":"CHP","nom_mun":"Acapetahua"},"geometry":{"type":"Polygon","coordinates":[[[-92.71804405498878,15.320493414395962],[-92.73706259174264,15.303943483652539],[-92.68127488393132,15.304670953135766],[-92.67398444484235,15.292485839291707],[-92.62707205418282,15.259931579917282],[-92.64196990797335,15.215010339327991],[-92.67715420096799,15.17645445671694],[-92.74150025031855,15.151174892174787],[-92.76527342126087,15.113892081159385],[-92.7126554695752,15.02368586523919],[-92.73262493316675,15.030778692700656],[-92.93105166663203,15.231196535329799],[-92.92344425193049,15.246655261848382],[-92.88477322719764,15.222648768901879],[-92.893965519962,15.24792833344403],[-92.85244171471606,15.28193753178491],[-92.84039664143863,15.322130220733223],[-92.80996698263245,15.346136713679726],[-92.80299351915603,15.3932403627187],[-92.77383176280011,15.411427099799385],[-92.75544717727138,15.42033860096892],[-92.7446700064442,15.337770814622612],[-92.71804405498878,15.320493414395962]]]}},{"type":"Feature","properties":{"cvegeo":"07032","cve_ent":"07","state_code":"CHP","nom_mun":"Escuintla"},"geometry":{"type":"Polygon","coordinates":[[[-92.43086415000549,15.422884744160216],[-92.43403390613113,15.38687500474046],[-92.47112005280115,15.336861477768577],[-92.4555882477855,15.289939696100411],[-92.48443302852887,15.27502657169425],[-92.47714258943988,15.261932120996157],[-92.52817566306274,15.286484216055081],[-92.50884015069632,15.321220883879189],[-92.58301244403637,15.33558840617293],[-92.59283868802586,15.250474476635326],[-92.61756278580589,15.214646604586378],[-92.64196990797335,15.215010339327991],[-92.62707205418282,15.259931579917282],[-92.67398444484235,15.292485839291707],[-92.68127488393132,15.304670953135766],[-92.73706259174264,15.303943483652539],[-92.71804405498878,15.320493414395962],[-92.65274707880053,15.332314793498407],[-92.61407605406768,15.404516139708724],[-92.62738902979538,15.425794622093125],[-92.6067856149787,15.454529666680607],[-92.56621273657046,15.454165931938993],[-92.55765439503122,15.487083926055032],[-92.5107420043717,15.48199163967244],[-92.485066979754,15.438889072791218],[-92.43086415000549,15.422884744160216]]]}},{"type":"Feature","properties":{"cvegeo":"07050","cve_ent":"07","state_code":"CHP","nom_mun":"La Libertad"},"geometry":{"type":"Polygon","coordinates":[[[-91.6821677531285,17.469256400478844],[-91.73383477797648,17.52199793801283],[-91.82892746174579,17.53290998026124],[-91.87076824260429,17.55018738048789],[-91.85270063268811,17.559644483769848],[-91.85523643758863,17.623298063552244],[-91.87171916944197,17.68349616328931],[-91.82734258368296,17.708411993089847],[-91.8216370226568,17.73187288392393],[-91.73858941216496,17.702592237224028],[-91.67836404577773,17.67131104944525],[-91.64634950890873,17.617842042428038],[-91.66314921637463,17.61256788867464],[-91.63842511859461,17.579286159816988],[-91.63525536246897,17.533455582373662],[-91.6501532162595,17.495263434504224],[-91.6821677531285,17.469256400478844]]]}},{"type":"Feature","properties":{"cvegeo":"07097","cve_ent":"07","state_code":"CHP","nom_mun":"Tonalá"},"geometry":{"type":"Polygon","coordinates":[[[-93.61381713609563,16.202368295438358],[-93.60050416036793,16.10997967106848],[-93.57197635523714,16.054510122972392],[-93.59131186760357,16.03850579434139],[-93.56722172104868,15.983763715728529],[-93.54059576959327,16.019591587777477],[-93.53298835489173,15.99976804435953],[-93.47910250075579,15.986309858919824],[-93.47783459830553,15.966668182872684],[-93.44138240286063,15.97266980610931],[-93.38464376821162,15.911744236889017],[-93.34914249960441,15.906288215764812],[-93.30349801139513,15.841543431757575],[-93.35579898746826,15.864822455220851],[-93.35484806063056,15.896103642999629],[-93.41602435385548,15.840997829645154],[-93.46040093961449,15.753337756916254],[-93.47751762269297,15.769887687659677],[-93.51428679375043,15.734423550352343],[-93.70193635638853,15.866822996299726],[-93.78688582055577,15.91901893172129],[-93.91969860222024,15.983763715728529],[-94.00021040781158,16.002859789663248],[-94.03602865203135,16.022137730968772],[-94.10069167699447,16.138896583026767],[-94.09657099403114,16.13816911354354],[-94.09625401841858,16.13816911354354],[-94.09625401841858,16.137987246172735],[-94.09625401841858,16.13816911354354],[-94.09625401841858,16.137987246172735],[-94.08642777442908,16.126893336553515],[-94.08420894514113,16.123983458620607],[-94.07533362798932,16.11907303960882],[-94.07311479870138,16.117799968013173],[-94.06804318890035,16.118345570125594],[-94.06709226206266,16.117072498529947],[-94.0667752864501,16.117254365900752],[-94.06614133522497,16.117799968013173],[-94.06550738399983,16.117799968013173],[-94.06202065226162,16.119800509092048],[-94.06202065226162,16.120164243833663],[-94.06202065226162,16.12034611120447],[-94.06265460348675,16.120709845946084],[-94.06265460348675,16.12089171331689],[-94.06265460348675,16.120709845946084],[-94.06202065226162,16.120709845946084],[-94.06202065226162,16.12034611120447],[-94.06170367664906,16.12034611120447],[-94.06170367664906,16.120709845946084],[-94.06202065226162,16.120709845946084],[-94.06202065226162,16.12089171331689],[-94.06265460348675,16.12089171331689],[-94.06202065226162,16.121073580687696],[-94.06202065226162,16.121619182800117],[-94.06202065226162,16.121073580687696],[-94.06202065226162,16.12089171331689],[-94.06170367664906,16.120709845946084],[-94.06170367664906,16.12034611120447],[-94.06202065226162,16.120164243833663],[-94.06202065226162,16.119800509092048],[-94.05821694491085,16.120709845946084],[-94.05789996929829,16.118891172238015],[-94.05789996929829,16.1185274374964],[-94.05789996929829,16.118891172238015],[-94.05789996929829,16.1185274374964],[-94.05726601807316,16.118345570125594],[-94.05441323756008,16.12089171331689],[-94.05441323756008,16.121073580687696],[-94.05441323756008,16.12089171331689],[-94.05441323756008,16.117618100642368],[-94.05377928633496,16.11689063115914],[-94.05282835949725,16.116526896417525],[-94.05219440827213,16.11689063115914],[-94.05060953020931,16.117254365900752],[-94.04997557898419,16.11816370275479],[-94.05060953020931,16.117254365900752],[-94.05060953020931,16.117072498529947],[-94.04997557898419,16.11634502904672],[-94.04934162775905,16.11634502904672],[-94.04997557898419,16.11634502904672],[-94.04934162775905,16.11634502904672],[-94.04934162775905,16.1157994269343],[-94.04934162775905,16.11452635533865],[-94.04902465214649,16.11452635533865],[-94.04870767653392,16.11398075322623],[-94.04839070092136,16.113798885855424],[-94.0480737253088,16.113798885855424],[-94.04775674969623,16.114344487967845],[-94.0480737253088,16.113798885855424],[-94.04839070092136,16.113798885855424],[-94.04553792040828,16.11179834477655],[-94.04427001795803,16.111434610034934],[-94.04395304234546,16.11216207951816],[-94.04427001795803,16.111434610034934],[-94.04078328621982,16.1105252731809],[-94.03666260325647,16.10816099736041],[-94.03729655448161,16.108888466843638],[-94.03666260325647,16.109252201585253],[-94.03666260325647,16.10816099736041],[-94.03254192029314,16.107979129989605],[-94.03095704223033,16.107433527877184],[-94.02968913978006,16.106706058393957],[-94.0293721641675,16.106706058393957],[-94.02873821294237,16.106706058393957],[-94.02873821294237,16.107433527877184],[-94.02873821294237,16.106706058393957],[-94.02239870069108,16.10706979313557],[-94.02239870069108,16.107433527877184],[-94.02239870069108,16.10706979313557],[-94.02239870069108,16.107433527877184],[-94.02208172507852,16.107433527877184],[-94.01701011527749,16.108342864731217],[-94.00750084690056,16.1105252731809],[-94.00750084690056,16.111434610034934],[-94.00750084690056,16.1105252731809],[-94.00654992006287,16.106887925764763],[-94.00591596883774,16.105614854169115],[-93.98245977350797,16.093429740325057],[-93.91938162660767,16.095975883516353],[-93.89402357760252,16.171450842401192],[-93.83823586979119,16.203823234404812],[-93.8017836743463,16.195457335347697],[-93.7678672838019,16.208369918674983],[-93.77135401554011,16.230012135800997],[-93.70669099057699,16.20455070388804],[-93.61381713609563,16.202368295438358]]]}},{"type":"Feature","properties":{"cvegeo":"07092","cve_ent":"07","state_code":"CHP","nom_mun":"Tecpatán"},"geometry":{"type":"Polygon","coordinates":[[[-93.38274191453623,17.297391735066377],[-93.37893820718546,17.269384159962122],[-93.28226064535333,17.263018801983883],[-93.28352854780358,17.221189306698307],[-93.24644240113356,17.228464001530583],[-93.2771890355523,17.20900419285425],[-93.29652454791872,17.13171056026134],[-93.32124864569874,17.09533708609997],[-93.37893820718546,17.07696848164848],[-93.37196474370904,17.02277200514804],[-93.38591167066187,16.989490276290386],[-93.41602435385548,17.014224238720118],[-93.39859069516444,17.02786429153063],[-93.4540614273632,17.062782826725545],[-93.51048308639966,17.12352652857503],[-93.54693528184455,17.108977138910483],[-93.58782513586536,17.127345743361975],[-93.5928967456664,17.12479960017068],[-93.61033040435743,17.133711101340214],[-93.62142455079719,17.137348448756352],[-93.6249112825354,17.141349530914102],[-93.6283980142736,17.13807591823958],[-93.66611811216876,17.15408024687058],[-93.71081167354033,17.141349530914102],[-93.6835517708598,17.126072671766327],[-93.73616972254547,17.07624101216525],[-93.78181421075475,17.107340332573223],[-93.81699850374939,17.112432618955815],[-93.81794943058708,17.111159547360167],[-93.81921733303733,17.108795271539677],[-93.81794943058708,17.111159547360167],[-93.83982074785402,17.120252915900508],[-93.86771460175969,17.13680284664393],[-93.8613750895084,17.163719217523344],[-93.82714172335145,17.172448851322073],[-93.80400250363425,17.224826654114445],[-93.77262191799038,17.245741401757233],[-93.66294835604312,17.256107841893222],[-93.66453323410593,17.28611595807635],[-93.60811157506947,17.314851002663833],[-93.55454269654611,17.388143553098992],[-93.52569791580275,17.393053972110778],[-93.49209850087092,17.374139765546865],[-93.49907196434734,17.333765209227746],[-93.4575481591014,17.32885479021596],[-93.43377498815909,17.295573061358308],[-93.42870337835805,17.326854249137085],[-93.38274191453623,17.297391735066377]]]}},{"type":"Feature","properties":{"cvegeo":"07090","cve_ent":"07","state_code":"CHP","nom_mun":"Tapalapa"},"geometry":{"type":"Polygon","coordinates":[[[-93.11996913172038,17.152261573162512],[-93.11014288773089,17.170084575501583],[-93.15768922961554,17.190271853661145],[-93.1269425951968,17.195727874785348],[-93.13613488796116,17.238102972183345],[-93.1589571320658,17.26192759775904],[-93.11331264385653,17.27920499798569],[-93.07147186299804,17.204639375954883],[-93.11996913172038,17.152261573162512]]]}},{"type":"Feature","properties":{"cvegeo":"07088","cve_ent":"07","state_code":"CHP","nom_mun":"Sunuapa"},"geometry":{"type":"Polygon","coordinates":[[[-93.25468376706023,17.423789557777134],[-93.28638132831666,17.463982246725447],[-93.28986806005487,17.49544530187503],[-93.3145921578349,17.506721078865056],[-93.2727513769764,17.536001725564958],[-93.23312942540585,17.5370929297898],[-93.23027664489277,17.507994150460704],[-93.19509235189813,17.478531636389995],[-93.25468376706023,17.423789557777134]]]}},{"type":"Feature","properties":{"cvegeo":"07079","cve_ent":"07","state_code":"CHP","nom_mun":"San Fernando"},"geometry":{"type":"Polygon","coordinates":[[[-93.18526610790863,17.002766594359287],[-93.1767077663694,16.97548648873826],[-93.10412035109216,16.93511193241914],[-93.14088952214964,16.942386627251413],[-93.13486698551091,16.900193397224225],[-93.1072901072178,16.879824251693858],[-93.1091919608932,16.844723849128137],[-93.13740279041141,16.844178247015716],[-93.1402555709245,16.805804231775472],[-93.2087223032384,16.805076762292245],[-93.25183098654715,16.827992051013908],[-93.27623810871461,16.8889176202342],[-93.30888659680873,16.91037796998941],[-93.28891713321718,16.935293799789946],[-93.28860015760462,16.972394743434542],[-93.30635079190822,17.0111324934164],[-93.28955108444231,17.003494063842513],[-93.20143186414941,17.028955495755472],[-93.18526610790863,17.002766594359287]]]}},{"type":"Feature","properties":{"cvegeo":"07074","cve_ent":"07","state_code":"CHP","nom_mun":"Reforma"},"geometry":{"type":"Polygon","coordinates":[[[-93.2185485472279,17.956115352128773],[-93.14501020511297,17.932108859182268],[-93.09144132658959,17.886823883851363],[-93.13201420499783,17.852269083398063],[-93.11584844875705,17.822260967214934],[-93.10570522915499,17.791707248919383],[-93.19382444944787,17.771338103389017],[-93.24422357184561,17.78661496253679],[-93.26355908421203,17.806256638583932],[-93.27401927942665,17.772065572872243],[-93.32061469447362,17.79607206581875],[-93.34311996296569,17.78734243202002],[-93.3358295238767,17.845721858049018],[-93.3500934264421,17.882459066952],[-93.3412181092903,17.929380848620166],[-93.29842640159411,17.947385718330043],[-93.2816266941282,17.981394916670922],[-93.24137079133253,17.95047746363376],[-93.2185485472279,17.956115352128773]]]}},{"type":"Feature","properties":{"cvegeo":"07062","cve_ent":"07","state_code":"CHP","nom_mun":"Ostuacán"},"geometry":{"type":"Polygon","coordinates":[[[-93.3145921578349,17.506721078865056],[-93.28986806005487,17.49544530187503],[-93.28638132831666,17.463982246725447],[-93.25468376706023,17.423789557777134],[-93.24929518164663,17.366137601231365],[-93.32061469447362,17.351770078937623],[-93.33361069458876,17.331400933407256],[-93.38464376821162,17.318670217450777],[-93.38274191453623,17.297391735066377],[-93.42870337835805,17.326854249137085],[-93.43377498815909,17.295573061358308],[-93.4575481591014,17.32885479021596],[-93.49907196434734,17.333765209227746],[-93.49209850087092,17.374139765546865],[-93.52569791580275,17.393053972110778],[-93.55454269654611,17.388143553098992],[-93.51111703762479,17.447977918094445],[-93.48385713494426,17.550732982600312],[-93.45247654930039,17.546004430959336],[-93.44772191511191,17.582196037749895],[-93.41665830508062,17.59801849901009],[-93.36182152410699,17.528545163361876],[-93.37196474370904,17.501083190370043],[-93.3145921578349,17.506721078865056]]]}},{"type":"Feature","properties":{"cvegeo":"07061","cve_ent":"07","state_code":"CHP","nom_mun":"Ocozocoautla de Espinosa"},"geometry":{"type":"Polygon","coordinates":[[[-93.6283980142736,17.13807591823958],[-93.6249112825354,17.141349530914102],[-93.62142455079719,17.137348448756352],[-93.61033040435743,17.133711101340214],[-93.5928967456664,17.12479960017068],[-93.58782513586536,17.127345743361975],[-93.54693528184455,17.108977138910483],[-93.51048308639966,17.12352652857503],[-93.4540614273632,17.062782826725545],[-93.39859069516444,17.02786429153063],[-93.41602435385548,17.014224238720118],[-93.38591167066187,16.989490276290386],[-93.37101381687134,16.93274765659865],[-93.3998585976147,16.896919784549702],[-93.39827371955188,16.862001249354787],[-93.36308942655724,16.79198231159415],[-93.32663723111234,16.796347128493515],[-93.31205635293438,16.750880285791805],[-93.31839586518566,16.728146864440948],[-93.27560415748948,16.71705295482173],[-93.24295566939534,16.74706107100486],[-93.23376337663099,16.67322291845728],[-93.18685098597146,16.60629572600036],[-93.22932571805508,16.555918464286865],[-93.25341586460998,16.584653508874347],[-93.29779245036899,16.575014538221584],[-93.27877391361513,16.51754444904662],[-93.32410142621183,16.493537956100116],[-93.39447001220111,16.500812650932392],[-93.46864230554117,16.47426001479459],[-93.45881606155167,16.4373409385208],[-93.51080006201222,16.462074900950533],[-93.52601489141531,16.469531463153615],[-93.51713957426351,16.53082076711552],[-93.4968531350594,16.539732268285057],[-93.48290620810656,16.605022654404713],[-93.51935840355146,16.633757698992195],[-93.52855069631583,16.670676775265985],[-93.56405196492304,16.686681103896987],[-93.52855069631583,16.742696254105496],[-93.54154669643097,16.777251054558796],[-93.52981859876608,16.81162398764129],[-93.56310103808534,16.851089207106376],[-93.59923625791768,16.89128189605469],[-93.65122025837823,16.906558755202465],[-93.67657830738338,16.936566871385594],[-93.73680367377061,16.952571200016596],[-93.77420679605319,17.009859421820753],[-93.8372849429535,17.053143856072783],[-93.86612972369686,17.061691622500703],[-93.86200904073353,17.108249669427256],[-93.83982074785402,17.120252915900508],[-93.81794943058708,17.111159547360167],[-93.81921733303733,17.108795271539677],[-93.81794943058708,17.111159547360167],[-93.81699850374939,17.112432618955815],[-93.78181421075475,17.107340332573223],[-93.73616972254547,17.07624101216525],[-93.6835517708598,17.126072671766327],[-93.71081167354033,17.141349530914102],[-93.66611811216876,17.15408024687058],[-93.6283980142736,17.13807591823958]]]}},{"type":"Feature","properties":{"cvegeo":"07060","cve_ent":"07","state_code":"CHP","nom_mun":"Ocotepec"},"geometry":{"type":"Polygon","coordinates":[[[-93.1589571320658,17.26192759775904],[-93.13613488796116,17.238102972183345],[-93.1269425951968,17.195727874785348],[-93.15768922961554,17.190271853661145],[-93.19287352261018,17.191544925256792],[-93.21918249845302,17.186816373615812],[-93.22266923019123,17.21464208134926],[-93.18051147372017,17.24701447335288],[-93.17892659565734,17.266292414658405],[-93.1589571320658,17.26192759775904]]]}},{"type":"Feature","properties":{"cvegeo":"07048","cve_ent":"07","state_code":"CHP","nom_mun":"Juárez"},"geometry":{"type":"Polygon","coordinates":[[[-93.03343478949031,17.77006503179337],[-93.05815888727034,17.720233372192293],[-93.04199313102956,17.687315378076253],[-93.07115488738548,17.66621876306266],[-93.09429410710267,17.585105915682806],[-93.16371176625427,17.587833926244908],[-93.17892659565734,17.560917555365496],[-93.21157508375148,17.564918637523245],[-93.22488805947918,17.597291029526865],[-93.25563469389792,17.555279666870483],[-93.28733225515435,17.608203071775275],[-93.32758815795003,17.616205236090778],[-93.32853908478772,17.66039900719684],[-93.36055362165672,17.66494569146701],[-93.3599196704316,17.722233913271168],[-93.3909832804629,17.773156777097086],[-93.35294620695518,17.76369967381513],[-93.34311996296569,17.78734243202002],[-93.32061469447362,17.79607206581875],[-93.27401927942665,17.772065572872243],[-93.26355908421203,17.806256638583932],[-93.24422357184561,17.78661496253679],[-93.19382444944787,17.771338103389017],[-93.10570522915499,17.791707248919383],[-93.11584844875705,17.822260967214934],[-93.09524503394036,17.841357041149653],[-93.04040825296673,17.840993306408038],[-93.0131483502862,17.79880007638085],[-93.03343478949031,17.77006503179337]]]}},{"type":"Feature","properties":{"cvegeo":"07043","cve_ent":"07","state_code":"CHP","nom_mun":"Ixtacomitán"},"geometry":{"type":"Polygon","coordinates":[[[-93.05435517991957,17.492899158683734],[-93.04009127735416,17.478895371131607],[-93.05879283849546,17.473439350007403],[-93.04801566766828,17.459981164567697],[-93.07052093616035,17.39578198267288],[-93.04738171644314,17.393781441594005],[-93.0584758628829,17.37486723503009],[-93.0993657169037,17.358135436915862],[-93.13867069286168,17.364500794894102],[-93.17005127850555,17.397236921639333],[-93.09587898516548,17.48635193333469],[-93.05435517991957,17.492899158683734]]]}},{"type":"Feature","properties":{"cvegeo":"07033","cve_ent":"07","state_code":"CHP","nom_mun":"Francisco León"},"geometry":{"type":"Polygon","coordinates":[[[-93.21569576671482,17.331400933407256],[-93.17892659565734,17.266292414658405],[-93.18051147372017,17.24701447335288],[-93.22266923019123,17.21464208134926],[-93.24644240113356,17.228464001530583],[-93.28352854780358,17.221189306698307],[-93.28226064535333,17.263018801983883],[-93.37893820718546,17.269384159962122],[-93.38274191453623,17.297391735066377],[-93.38464376821162,17.318670217450777],[-93.33361069458876,17.331400933407256],[-93.32061469447362,17.351770078937623],[-93.24929518164663,17.366137601231365],[-93.21569576671482,17.331400933407256]]]}},{"type":"Feature","properties":{"cvegeo":"07025","cve_ent":"07","state_code":"CHP","nom_mun":"Chapultenango"},"geometry":{"type":"Polygon","coordinates":[[[-93.17005127850555,17.397236921639333],[-93.13867069286168,17.364500794894102],[-93.0993657169037,17.358135436915862],[-93.0584758628829,17.37486723503009],[-93.04833264328084,17.33067346392403],[-93.06576630197188,17.281205539064565],[-93.11331264385653,17.27920499798569],[-93.1589571320658,17.26192759775904],[-93.17892659565734,17.266292414658405],[-93.21569576671482,17.331400933407256],[-93.17956054688248,17.33631135241904],[-93.19953001047404,17.366137601231365],[-93.2052355715002,17.409240168112586],[-93.17005127850555,17.397236921639333]]]}},{"type":"Feature","properties":{"cvegeo":"07021","cve_ent":"07","state_code":"CHP","nom_mun":"Copainalá"},"geometry":{"type":"Polygon","coordinates":[[[-93.24644240113356,17.228464001530583],[-93.22266923019123,17.21464208134926],[-93.21918249845302,17.186816373615812],[-93.19287352261018,17.191544925256792],[-93.20935625446353,17.136075377160704],[-93.16276083941656,17.099156300886914],[-93.13613488796116,17.05259825396036],[-93.1491308880763,17.02204453566481],[-93.18526610790863,17.002766594359287],[-93.20143186414941,17.028955495755472],[-93.28955108444231,17.003494063842513],[-93.30635079190822,17.0111324934164],[-93.37196474370904,17.02277200514804],[-93.37893820718546,17.07696848164848],[-93.32124864569874,17.09533708609997],[-93.29652454791872,17.13171056026134],[-93.2771890355523,17.20900419285425],[-93.24644240113356,17.228464001530583]]]}},{"type":"Feature","properties":{"cvegeo":"07009","cve_ent":"07","state_code":"CHP","nom_mun":"Arriaga"},"geometry":{"type":"Polygon","coordinates":[[[-93.94632455367564,16.368776939726622],[-93.83253030876504,16.32676557707024],[-93.79227440596937,16.34458857940931],[-93.74758084459779,16.314580463226182],[-93.72190581998008,16.288573429200802],[-93.77135401554011,16.230012135800997],[-93.7678672838019,16.208369918674983],[-93.8017836743463,16.195457335347697],[-93.83823586979119,16.203823234404812],[-93.89402357760252,16.171450842401192],[-93.91938162660767,16.095975883516353],[-93.98245977350797,16.093429740325057],[-94.00591596883774,16.105614854169115],[-94.00654992006287,16.106887925764763],[-94.00750084690056,16.1105252731809],[-94.00750084690056,16.111434610034934],[-94.00750084690056,16.1105252731809],[-94.01701011527749,16.108342864731217],[-94.02208172507852,16.107433527877184],[-94.02239870069108,16.107433527877184],[-94.02239870069108,16.10706979313557],[-94.02239870069108,16.107433527877184],[-94.02239870069108,16.10706979313557],[-94.02873821294237,16.106706058393957],[-94.02873821294237,16.107433527877184],[-94.02873821294237,16.106706058393957],[-94.0293721641675,16.106706058393957],[-94.02968913978006,16.106706058393957],[-94.03095704223033,16.107433527877184],[-94.03254192029314,16.107979129989605],[-94.03666260325647,16.10816099736041],[-94.03666260325647,16.109252201585253],[-94.03729655448161,16.108888466843638],[-94.03666260325647,16.10816099736041],[-94.04078328621982,16.1105252731809],[-94.04427001795803,16.111434610034934],[-94.04395304234546,16.11216207951816],[-94.04427001795803,16.111434610034934],[-94.04553792040828,16.11179834477655],[-94.04839070092136,16.113798885855424],[-94.0480737253088,16.113798885855424],[-94.04775674969623,16.114344487967845],[-94.0480737253088,16.113798885855424],[-94.04839070092136,16.113798885855424],[-94.04870767653392,16.11398075322623],[-94.04902465214649,16.11452635533865],[-94.04934162775905,16.11452635533865],[-94.04934162775905,16.1157994269343],[-94.04934162775905,16.11634502904672],[-94.04997557898419,16.11634502904672],[-94.04934162775905,16.11634502904672],[-94.04997557898419,16.11634502904672],[-94.05060953020931,16.117072498529947],[-94.05060953020931,16.117254365900752],[-94.04997557898419,16.11816370275479],[-94.05060953020931,16.117254365900752],[-94.05219440827213,16.11689063115914],[-94.05282835949725,16.116526896417525],[-94.05377928633496,16.11689063115914],[-94.05441323756008,16.117618100642368],[-94.05441323756008,16.12089171331689],[-94.05441323756008,16.121073580687696],[-94.05441323756008,16.12089171331689],[-94.05726601807316,16.118345570125594],[-94.05789996929829,16.1185274374964],[-94.05789996929829,16.118891172238015],[-94.05789996929829,16.1185274374964],[-94.05789996929829,16.118891172238015],[-94.05821694491085,16.120709845946084],[-94.06202065226162,16.119800509092048],[-94.06202065226162,16.120164243833663],[-94.06170367664906,16.12034611120447],[-94.06170367664906,16.120709845946084],[-94.06202065226162,16.12089171331689],[-94.06202065226162,16.121073580687696],[-94.06202065226162,16.121619182800117],[-94.06202065226162,16.121073580687696],[-94.06265460348675,16.12089171331689],[-94.06202065226162,16.12089171331689],[-94.06202065226162,16.120709845946084],[-94.06170367664906,16.120709845946084],[-94.06170367664906,16.12034611120447],[-94.06202065226162,16.12034611120447],[-94.06202065226162,16.120709845946084],[-94.06265460348675,16.120709845946084],[-94.06265460348675,16.12089171331689],[-94.06265460348675,16.120709845946084],[-94.06202065226162,16.12034611120447],[-94.06202065226162,16.120164243833663],[-94.06202065226162,16.119800509092048],[-94.06550738399983,16.117799968013173],[-94.06614133522497,16.117799968013173],[-94.0667752864501,16.117254365900752],[-94.06709226206266,16.117072498529947],[-94.06804318890035,16.118345570125594],[-94.07311479870138,16.117799968013173],[-94.07533362798932,16.11907303960882],[-94.08420894514113,16.123983458620607],[-94.08642777442908,16.126893336553515],[-94.09625401841858,16.137987246172735],[-94.09625401841858,16.13816911354354],[-94.09625401841858,16.137987246172735],[-94.09625401841858,16.13816911354354],[-94.09657099403114,16.13816911354354],[-94.10069167699447,16.138896583026767],[-94.10291050628243,16.142533930442905],[-94.10956699414628,16.178907404604274],[-94.04870767653392,16.215826480878064],[-94.0328588959057,16.275842713244323],[-94.05092650582188,16.329493587632342],[-94.10259353066986,16.407332822337672],[-94.07057899380086,16.425155824676743],[-94.01384035915184,16.381143920941486],[-93.94632455367564,16.368776939726622]]]}},{"type":"Feature","properties":{"cvegeo":"07042","cve_ent":"07","state_code":"CHP","nom_mun":"Ixhuatán"},"geometry":{"type":"Polygon","coordinates":[[[-92.91773869090433,17.315942206888675],[-92.90093898343842,17.273203374749066],[-92.92185937386766,17.24519579964481],[-92.97194152065283,17.2821148759186],[-93.04706474083058,17.269384159962122],[-93.06576630197188,17.281205539064565],[-93.04833264328084,17.33067346392403],[-92.977647081679,17.300301612999284],[-92.95102113022358,17.319215819563198],[-92.93073469101947,17.364500794894102],[-92.91773869090433,17.315942206888675]]]}},{"type":"Feature","properties":{"cvegeo":"07040","cve_ent":"07","state_code":"CHP","nom_mun":"Huixtla"},"geometry":{"type":"Polygon","coordinates":[[[-92.45210151604729,15.22774105528447],[-92.45083361359704,15.196278000134885],[-92.41469839376471,15.19082197901068],[-92.44481107695832,15.162086934423199],[-92.48728580904194,15.06969831005332],[-92.4717540040263,15.062605482591854],[-92.49616112619374,15.054603318276353],[-92.55987322431918,15.0000431070343],[-92.60361585885306,14.951666386399678],[-92.65179615196284,14.955849335928235],[-92.67652024974286,14.97294486878408],[-92.73262493316675,15.030778692700656],[-92.7126554695752,15.02368586523919],[-92.66606005452823,15.020230385193859],[-92.66574307891567,15.044782480252783],[-92.61597790774307,15.05242090982667],[-92.60615166375358,15.119711837025203],[-92.54877907787943,15.115165152755033],[-92.51613058978529,15.15735838278222],[-92.5427565412407,15.175181385121292],[-92.52025127274864,15.189912642156646],[-92.509791077534,15.253929956680656],[-92.47714258943988,15.261932120996157],[-92.48443302852887,15.27502657169425],[-92.4555882477855,15.289939696100411],[-92.42547556459189,15.27502657169425],[-92.45051663798448,15.259385977804861],[-92.45210151604729,15.22774105528447]]]}},{"type":"Feature","properties":{"cvegeo":"07039","cve_ent":"07","state_code":"CHP","nom_mun":"Huitiupán"},"geometry":{"type":"Polygon","coordinates":[[[-92.58998590751278,17.204275641213272],[-92.60012912711485,17.173903790288527],[-92.64165293236078,17.13280176448618],[-92.68127488393132,17.160263737478015],[-92.72565146969033,17.165537891231413],[-92.7348437624547,17.194818537931315],[-92.78682776291525,17.224281052002024],[-92.81377068998322,17.280296202210533],[-92.75227742114573,17.310304318393662],[-92.75386229920856,17.34340417988051],[-92.73547771367983,17.347223394667452],[-92.7348437624547,17.347223394667452],[-92.68761439618261,17.3352201481942],[-92.61946463948128,17.25683531137645],[-92.57603898055996,17.269202292591316],[-92.59410659047613,17.242104054341095],[-92.58998590751278,17.204275641213272]]]}},{"type":"Feature","properties":{"cvegeo":"07038","cve_ent":"07","state_code":"CHP","nom_mun":"Huixtán"},"geometry":{"type":"Polygon","coordinates":[[[-92.40835888151342,16.769976359726524],[-92.39567985701085,16.74833414260051],[-92.33608844184874,16.745424264667598],[-92.30724366110539,16.71596175059689],[-92.27174239249818,16.6950470029541],[-92.2787158559746,16.62902914735122],[-92.3684199543303,16.634485168475422],[-92.36176346646646,16.600475970134543],[-92.37539341780672,16.587017784694837],[-92.42610951581702,16.63630384218349],[-92.43847156470703,16.619572044069262],[-92.47238795525142,16.63866811800398],[-92.41628327182752,16.64503347598222],[-92.41850210111548,16.660855937242417],[-92.5151796629476,16.678315204839873],[-92.51137595559683,16.768703288130876],[-92.4609768331991,16.77706918718799],[-92.44988268675935,16.76106485855699],[-92.40835888151342,16.769976359726524]]]}},{"type":"Feature","properties":{"cvegeo":"07037","cve_ent":"07","state_code":"CHP","nom_mun":"Huehuetán"},"geometry":{"type":"Polygon","coordinates":[[[-92.43054717439293,14.95330319273694],[-92.46826727228807,14.932206577723345],[-92.49489322374349,14.966033908693419],[-92.56335995605738,14.955849335928235],[-92.55987322431918,15.0000431070343],[-92.49616112619374,15.054603318276353],[-92.4717540040263,15.062605482591854],[-92.43847156470703,15.046964888702465],[-92.36651810065493,15.081701556526573],[-92.36810297871774,15.110072866372441],[-92.3329186857231,15.104434977877428],[-92.31833780754515,15.077518606998016],[-92.33260171011054,15.035870979083247],[-92.30217205130437,14.992404677460412],[-92.30724366110539,14.973308603525693],[-92.37190668606851,14.94402795682579],[-92.43054717439293,14.95330319273694]]]}},{"type":"Feature","properties":{"cvegeo":"07035","cve_ent":"07","state_code":"CHP","nom_mun":"Frontera Hidalgo"},"geometry":{"type":"Polygon","coordinates":[[[-92.17791761117914,14.804899418158554],[-92.15541234268707,14.73069753086936],[-92.18108736730478,14.7105102527098],[-92.24860317278099,14.69905260834897],[-92.26825566075998,14.720694825474983],[-92.26191614850869,14.778164914649947],[-92.24036180685431,14.758705105973615],[-92.22324512377584,14.807809296091463],[-92.2102491236607,14.790895630606427],[-92.17791761117914,14.804899418158554]]]}},{"type":"Feature","properties":{"cvegeo":"07034","cve_ent":"07","state_code":"CHP","nom_mun":"Frontera Comalapa"},"geometry":{"type":"Polygon","coordinates":[[[-91.92180131622715,15.75133721583738],[-91.98995107292848,15.635669568004225],[-92.00896960968234,15.64458106917376],[-92.08821351282343,15.642034925982465],[-92.14875585482322,15.626394332093076],[-92.22609790428892,15.695867667741291],[-92.24828619716843,15.77497997404227],[-92.19408336741992,15.844453309690484],[-92.18394014781786,15.90119592938222],[-92.17062717209015,15.933750188756646],[-92.12656756194372,15.922292544395814],[-92.05176131737852,15.851728004522759],[-92.01530912193363,15.84063409490354],[-91.9693476581118,15.850273065556303],[-91.9506460969705,15.820628684114787],[-91.91672970642611,15.805169957596206],[-91.93574824317997,15.76279486019821],[-91.92180131622715,15.75133721583738]]]}},{"type":"Feature","properties":{"cvegeo":"07031","cve_ent":"07","state_code":"CHP","nom_mun":"Chilón"},"geometry":{"type":"Polygon","coordinates":[[[-91.91102414539995,17.24883314706095],[-91.74302707074085,17.24828754494853],[-91.72083877786135,17.211004733933123],[-91.72971409501315,17.166083493343834],[-91.69231097273055,17.170084575501583],[-91.64983624064693,17.203911906471657],[-91.64793438697154,17.172266983951268],[-91.6802658994531,17.170630177614004],[-91.69928443620697,17.135347907677478],[-91.73922336339008,17.148260491004763],[-91.75317029034291,17.124072130687452],[-91.7008693142698,17.104248587269506],[-91.74366102196598,17.106976597831608],[-91.78296599792395,17.043141150678405],[-91.87996053536865,16.99676497112266],[-91.93891799930562,17.005312737550582],[-91.95413282870871,16.987671602582317],[-92.10659809835215,16.97366781503019],[-92.1275184887814,16.961846435927747],[-92.20517751385967,16.998947379572343],[-92.22483000183865,16.9472970462632],[-92.32150756367079,16.949297587342073],[-92.35098629563927,16.95639041480354],[-92.34591468583824,16.98876280680716],[-92.28156863648768,17.020225861956742],[-92.28030073403743,17.06023668353425],[-92.36017858840364,17.08897172812173],[-92.3915591740475,17.072421797378308],[-92.38331780812084,17.100065637740947],[-92.4023363448747,17.132438029744566],[-92.37063878361826,17.154807716353808],[-92.31833780754515,17.132983631856987],[-92.24733527033072,17.186634506245007],[-92.21690561152455,17.162991748040117],[-92.228950684802,17.195546007414542],[-92.20359263579685,17.22228051092315],[-92.19123058690684,17.237375502700118],[-92.15541234268707,17.21009539707909],[-92.08853048843599,17.277204456906816],[-92.02101468295979,17.233920022654786],[-91.96174024341025,17.216097020315715],[-91.88915282813302,17.213369009753613],[-91.91102414539995,17.24883314706095]]]}},{"type":"Feature","properties":{"cvegeo":"07030","cve_ent":"07","state_code":"CHP","nom_mun":"Chicomuselo"},"geometry":{"type":"Polygon","coordinates":[[[-92.18394014781786,15.90119592938222],[-92.19408336741992,15.844453309690484],[-92.24828619716843,15.77497997404227],[-92.22609790428892,15.695867667741291],[-92.28378746577563,15.683682553897231],[-92.32214151489592,15.659494193579922],[-92.40360424732495,15.692957789808382],[-92.43181507684318,15.656038713534592],[-92.49489322374349,15.645490406027795],[-92.53102844357582,15.679317736997868],[-92.49362532129322,15.706415975248088],[-92.52247010203658,15.707325312102123],[-92.51676454101043,15.7386064998809],[-92.54656024859148,15.757338839074006],[-92.59378961486357,15.761885523344176],[-92.6166118589682,15.800077671213614],[-92.61534395651793,15.859184566725839],[-92.58745010261228,15.888828948167355],[-92.5471941998166,15.890102019763003],[-92.52532288254966,15.928657902374054],[-92.48728580904194,15.895558040887208],[-92.3880724423093,15.834632471666914],[-92.37254063729365,15.867368598412147],[-92.39029127159725,15.876098232210875],[-92.34147702726234,15.94557156785909],[-92.32214151489592,15.949390782646034],[-92.28537234383845,15.92138320754178],[-92.26857263637254,15.932840851902611],[-92.1880608307812,15.921019472800166],[-92.18394014781786,15.90119592938222]]]}},{"type":"Feature","properties":{"cvegeo":"07029","cve_ent":"07","state_code":"CHP","nom_mun":"Chicoasén"},"geometry":{"type":"Polygon","coordinates":[[[-93.08827157046395,17.048597171802612],[-93.06798513125983,17.03932193589146],[-93.05784191165777,16.981306244604077],[-93.04104220419185,16.959482160107257],[-93.066400253197,16.941659157768186],[-93.10412035109216,16.93511193241914],[-93.1767077663694,16.97548648873826],[-93.18526610790863,17.002766594359287],[-93.1491308880763,17.02204453566481],[-93.13613488796116,17.05259825396036],[-93.08827157046395,17.048597171802612]]]}},{"type":"Feature","properties":{"cvegeo":"07028","cve_ent":"07","state_code":"CHP","nom_mun":"Chiapilla"},"geometry":{"type":"Polygon","coordinates":[[[-92.67747117658055,16.57756068141288],[-92.69807459139723,16.546279493634103],[-92.68919927424542,16.512634030034835],[-92.7446700064442,16.531730103969554],[-92.78492590923986,16.54009600302667],[-92.75100951869548,16.55755527062413],[-92.73516073806726,16.585926580469994],[-92.67747117658055,16.57756068141288]]]}},{"type":"Feature","properties":{"cvegeo":"07026","cve_ent":"07","state_code":"CHP","nom_mun":"Chenalhó"},"geometry":{"type":"Polygon","coordinates":[[[-92.43847156470703,16.98512545939102],[-92.45844102829858,16.962573905410974],[-92.43878854031959,16.928382839699285],[-92.49172346761785,16.922017481721046],[-92.51739849223556,16.888190150750972],[-92.56906551708354,16.90092086670745],[-92.60266493201536,16.870730883153517],[-92.63563039572206,16.87673250639014],[-92.67176561555439,16.883825333851608],[-92.65179615196284,16.92129001223782],[-92.6841276644444,16.92638229862041],[-92.70916873783699,16.98057877512085],[-92.70980268906212,16.982033714087304],[-92.65464893247592,16.979851305637624],[-92.65781868860157,16.96275577278178],[-92.56209205360713,16.958027221140803],[-92.55892229748149,17.05205265184794],[-92.5437074680784,17.072421797378308],[-92.50345156528272,17.05150704973552],[-92.51613058978529,17.0164066471698],[-92.49362532129322,16.968575528647598],[-92.43847156470703,16.98512545939102]]]}},{"type":"Feature","properties":{"cvegeo":"07024","cve_ent":"07","state_code":"CHP","nom_mun":"Chanal"},"geometry":{"type":"Polygon","coordinates":[[[-92.068878000457,16.704685973606864],[-92.02069770734722,16.687590440751023],[-92.0333767318498,16.673768520569702],[-92.07014590290726,16.658673528792733],[-92.12117897653012,16.66467515202936],[-92.15319351339912,16.63175715791332],[-92.15192561094887,16.54809816734217],[-92.17855156240427,16.49335608872931],[-92.2156377090743,16.495356629808185],[-92.27269331933587,16.51754444904662],[-92.28632327067615,16.557737137994934],[-92.3196057099954,16.569194782355765],[-92.32974892959746,16.544460819926034],[-92.34020912481208,16.5781062835253],[-92.36176346646646,16.600475970134543],[-92.3684199543303,16.634485168475422],[-92.2787158559746,16.62902914735122],[-92.27174239249818,16.6950470029541],[-92.30724366110539,16.71596175059689],[-92.22039234326276,16.69686567666217],[-92.14558609869758,16.692137125021194],[-92.068878000457,16.704685973606864]]]}},{"type":"Feature","properties":{"cvegeo":"07023","cve_ent":"07","state_code":"CHP","nom_mun":"Chamula"},"geometry":{"type":"Polygon","coordinates":[[[-92.67176561555439,16.883825333851608],[-92.63563039572206,16.87673250639014],[-92.53705098021454,16.851816676589603],[-92.53673400460198,16.77652358507557],[-92.53356424847634,16.738877039318552],[-92.58015966352329,16.749607214196157],[-92.5979102978269,16.78979990314447],[-92.62929088347077,16.759973654332146],[-92.6920520547585,16.762883532265057],[-92.74625488450701,16.78107026934574],[-92.81186883630784,16.7747049113675],[-92.82803459254862,16.79198231159415],[-92.81250278753296,16.83017445946359],[-92.83120434867426,16.851089207106376],[-92.81472161682092,16.894555508729212],[-92.77858639698857,16.865638596770925],[-92.74054932348086,16.858000167197037],[-92.69680668894698,16.877278108502562],[-92.69141810353338,16.89764725403293],[-92.67176561555439,16.883825333851608]]]}},{"type":"Feature","properties":{"cvegeo":"07022","cve_ent":"07","state_code":"CHP","nom_mun":"Chalchihuitán"},"geometry":{"type":"Polygon","coordinates":[[[-92.70980268906212,16.982033714087304],[-92.71107059151237,16.98239744882892],[-92.64640756654924,17.069875654187012],[-92.60900444426665,17.083333839626718],[-92.5792087366856,17.115342496888722],[-92.56209205360713,17.098428831403687],[-92.5437074680784,17.072421797378308],[-92.55892229748149,17.05205265184794],[-92.56209205360713,16.958027221140803],[-92.65781868860157,16.96275577278178],[-92.65464893247592,16.979851305637624],[-92.70980268906212,16.982033714087304]]]}},{"type":"Feature","properties":{"cvegeo":"07020","cve_ent":"07","state_code":"CHP","nom_mun":"La Concordia"},"geometry":{"type":"Polygon","coordinates":[[[-92.48189722362835,16.143079532555326],[-92.55892229748149,16.110707140551707],[-92.53768493143967,16.07578860535679],[-92.42769439387985,16.01522677087811],[-92.33228473449797,15.990856543189995],[-92.34147702726234,15.94557156785909],[-92.39029127159725,15.876098232210875],[-92.37254063729365,15.867368598412147],[-92.3880724423093,15.834632471666914],[-92.48728580904194,15.895558040887208],[-92.52532288254966,15.928657902374054],[-92.5471941998166,15.890102019763003],[-92.58745010261228,15.888828948167355],[-92.61534395651793,15.859184566725839],[-92.66130542033977,15.91683652327161],[-92.72438356724007,15.885373468122024],[-92.75132649430805,15.85682029090535],[-92.77573361647549,15.85791149513019],[-92.80901605579476,15.828812715801096],[-92.78429195801473,15.824084164160118],[-92.81789137294656,15.791893639527306],[-92.829936446224,15.75588390010755],[-92.8023595679309,15.73224114190266],[-92.829936446224,15.666768888412197],[-92.87843371494635,15.67167930742398],[-92.89872015415047,15.698050076190974],[-92.96338317911359,15.674225450615277],[-92.99381283791978,15.721692834395864],[-93.05879283849546,15.733514213498308],[-93.06164561900854,15.759884982265302],[-93.10855800966806,15.756065767478358],[-93.08446786311318,15.787710689998748],[-93.09524503394036,15.828267113688675],[-93.12947840009731,15.860457638321487],[-93.07749439963676,15.873733956390385],[-93.09461108271523,15.91683652327161],[-93.07400766789856,15.944662231005056],[-93.0156841551867,15.947208374196352],[-92.98874122811874,15.984127450470142],[-92.98525449638053,16.019955322519092],[-92.9446816179723,16.07360619690711],[-92.87589791004584,16.21837262406936],[-92.87272815392019,16.223464910451952],[-92.87241117830763,16.223101175710337],[-92.8708263002448,16.223646777822758],[-92.87146025146993,16.220373165148235],[-92.8708263002448,16.22055503251904],[-92.87050932463224,16.219827563035814],[-92.86924142218199,16.221646236743883],[-92.86860747095686,16.220373165148235],[-92.86765654411916,16.219827563035814],[-92.86797351973172,16.219645695665008],[-92.86765654411916,16.219645695665008],[-92.86765654411916,16.219827563035814],[-92.86702259289403,16.220373165148235],[-92.8673395685066,16.221646236743883],[-92.86607166605634,16.22291930833953],[-92.86512073921864,16.222555573597916],[-92.86512073921864,16.221646236743883],[-92.86385283676839,16.220373165148235],[-92.8629019099307,16.219645695665008],[-92.87272815392019,16.23910550434134],[-92.87241117830763,16.255655435084762],[-92.8033104947686,16.242742851757477],[-92.75227742114573,16.184181558357672],[-92.72184776233956,16.211643531349505],[-92.65876961543925,16.17326951610926],[-92.60044610272742,16.14908115579195],[-92.57667293178508,16.122892254395765],[-92.53356424847634,16.144352604150974],[-92.48189722362835,16.143079532555326]]]}},{"type":"Feature","properties":{"cvegeo":"07019","cve_ent":"07","state_code":"CHP","nom_mun":"Comitán de Domínguez"},"geometry":{"type":"Polygon","coordinates":[[[-92.17855156240427,16.49335608872931],[-92.1826722453676,16.452072195556156],[-92.15826512320015,16.45370900189342],[-92.15541234268707,16.4160624561364],[-92.11705829356679,16.421518477260605],[-92.10754902518985,16.394602106381193],[-92.06380639065597,16.36714013338936],[-92.04542180512723,16.332039730823638],[-92.06158756136801,16.29675746088711],[-92.02418443908543,16.282208071222563],[-92.0511273661534,16.25019941396056],[-92.0013621949808,16.197457876426572],[-91.99660756079233,16.16599482127699],[-92.0821909761847,16.15726518747826],[-92.1088169276401,16.057056266163688],[-92.1427333181845,16.078334748548087],[-92.17791761117914,16.013771831911658],[-92.2067623919225,16.01431743402408],[-92.24511644104278,16.015590505619727],[-92.24987107523124,16.065422165220802],[-92.19376639180736,16.097976424595227],[-92.15224258656143,16.143261399926132],[-92.13924658644629,16.174906322446525],[-92.16428765983888,16.21255286820354],[-92.18964570884401,16.204005101775618],[-92.22673185551405,16.246016464432],[-92.28822512435153,16.269477355266083],[-92.30724366110539,16.225647318901633],[-92.3009041488541,16.2592927825009],[-92.31897175877027,16.281480601739336],[-92.31009644161847,16.302759084123736],[-92.27491214862383,16.30475962520261],[-92.31485107580694,16.359319836444666],[-92.31548502703207,16.41278884346188],[-92.29710044150333,16.431339315284177],[-92.32119058805823,16.460801829354885],[-92.31199829529386,16.494083558212537],[-92.32974892959746,16.544460819926034],[-92.3196057099954,16.569194782355765],[-92.28632327067615,16.557737137994934],[-92.27269331933587,16.51754444904662],[-92.2156377090743,16.495356629808185],[-92.17855156240427,16.49335608872931]]]}},{"type":"Feature","properties":{"cvegeo":"07018","cve_ent":"07","state_code":"CHP","nom_mun":"Coapilla"},"geometry":{"type":"Polygon","coordinates":[[[-93.11996913172038,17.152261573162512],[-93.11236171701884,17.128436947586817],[-93.05277030185674,17.148806093117184],[-93.05086844818135,17.13625724453151],[-93.04611381399289,17.090972269200606],[-93.08827157046395,17.048597171802612],[-93.13613488796116,17.05259825396036],[-93.16276083941656,17.099156300886914],[-93.20935625446353,17.136075377160704],[-93.19287352261018,17.191544925256792],[-93.15768922961554,17.190271853661145],[-93.11014288773089,17.170084575501583],[-93.11996913172038,17.152261573162512]]]}},{"type":"Feature","properties":{"cvegeo":"07016","cve_ent":"07","state_code":"CHP","nom_mun":"Catazajá"},"geometry":{"type":"Polygon","coordinates":[[[-91.81434658356783,17.90028206929107],[-91.77947926618575,17.849722940206767],[-91.78803760772499,17.807165975437965],[-91.8235388763322,17.796253933189554],[-91.84857994972478,17.825534579889457],[-91.89771116967225,17.838810897958357],[-91.93796707246793,17.80334676065102],[-91.93131058460408,17.722961382754395],[-91.95254795064588,17.73478276185684],[-91.9585704872846,17.698045552953857],[-91.94113682859357,17.671856651557672],[-91.97695507281334,17.63621064687953],[-92.01182239019542,17.668037436770728],[-92.02703721959851,17.655670455555864],[-92.01752795122158,17.612386021303834],[-92.04098414655134,17.592744345256694],[-92.08599468353547,17.613840960270288],[-92.06856102484444,17.661126476680067],[-92.11293761060344,17.709321329943883],[-92.11388853744114,17.74114811983508],[-92.14114844012167,17.719687770079872],[-92.18330619659272,17.732236618665546],[-92.1861589771058,17.763154071702708],[-92.15192561094887,17.764427143298356],[-92.13068824490705,17.76588208226481],[-92.13988053767142,17.80971211862926],[-92.12054502530499,17.795708331077133],[-92.09043234211137,17.856633900297428],[-92.05810082962981,17.84663119490305],[-92.07236473219521,17.87482063737811],[-92.01562609754619,17.897554058728968],[-91.98646434119027,17.923015490641927],[-91.93891799930562,17.902282610369944],[-91.94430658471921,17.86281739090486],[-91.9132429746879,17.89973646717865],[-91.84953087656247,17.882822801693614],[-91.81434658356783,17.90028206929107]]]}},{"type":"Feature","properties":{"cvegeo":"07015","cve_ent":"07","state_code":"CHP","nom_mun":"Cacahoatán"},"geometry":{"type":"Polygon","coordinates":[[[-92.10786600080242,15.131715083498456],[-92.11357156182858,15.085520771313517],[-92.1319561473573,15.066788432120411],[-92.14526912308501,15.051147838231023],[-92.13100522051961,15.013137557732392],[-92.14875585482322,14.988949197415081],[-92.1880608307812,14.993132146943639],[-92.1861589771058,15.027505080026133],[-92.22673185551405,15.040599530724226],[-92.20390961140941,15.12916894030716],[-92.16301975738861,15.201006551775864],[-92.10786600080242,15.131715083498456]]]}},{"type":"Feature","properties":{"cvegeo":"07014","cve_ent":"07","state_code":"CHP","nom_mun":"El Bosque"},"geometry":{"type":"Polygon","coordinates":[[[-92.64640756654924,17.069875654187012],[-92.71107059151237,16.98239744882892],[-92.73516073806726,16.984397989907794],[-92.76020181145985,16.953844271612244],[-92.77858639698857,16.986762265728284],[-92.79126542149115,16.966029385456302],[-92.81884229978425,16.9978561753475],[-92.81915927539681,17.014406106090924],[-92.81725742172142,17.044414222274053],[-92.78492590923986,17.046414763352928],[-92.76083576268498,17.094973351358355],[-92.72279868917725,17.083333839626718],[-92.6787390790308,17.09533708609997],[-92.64640756654924,17.069875654187012]]]}},{"type":"Feature","properties":{"cvegeo":"07013","cve_ent":"07","state_code":"CHP","nom_mun":"Bochil"},"geometry":{"type":"Polygon","coordinates":[[[-92.96560200840155,17.120980385383735],[-92.94119488623409,17.115888099001143],[-92.98842425250618,17.078787155356547],[-92.98747332566849,17.05568999926408],[-92.95387391073666,17.05841800982618],[-92.92756493489382,17.094609616616744],[-92.93263654469486,17.055144397151658],[-92.90220688588867,17.033320312654837],[-92.86416981238095,17.056417468747306],[-92.8530756659412,17.013860503978503],[-92.81915927539681,17.014406106090924],[-92.81884229978425,16.9978561753475],[-92.84990590981556,16.970394202355667],[-92.85149078787838,16.930747115519775],[-92.90125595905099,16.906013153090043],[-92.93992698378383,16.907468092056497],[-92.94404766674717,16.942750361993028],[-93.05784191165777,16.981306244604077],[-93.06798513125983,17.03932193589146],[-93.08827157046395,17.048597171802612],[-93.04611381399289,17.090972269200606],[-93.05086844818135,17.13625724453151],[-92.96560200840155,17.120980385383735]]]}},{"type":"Feature","properties":{"cvegeo":"07010","cve_ent":"07","state_code":"CHP","nom_mun":"Bejucal de Ocampo"},"geometry":{"type":"Polygon","coordinates":[[[-92.1516086353363,15.425794622093125],[-92.16206883055092,15.449073645556402],[-92.20390961140941,15.455075268793028],[-92.2067623919225,15.459985687804812],[-92.18584200149324,15.550191903725008],[-92.1462200499227,15.521093124395913],[-92.11293761060344,15.526185410778504],[-92.1186431716296,15.468533454232734],[-92.13417497664526,15.470352127940803],[-92.1516086353363,15.425794622093125]]]}},{"type":"Feature","properties":{"cvegeo":"07008","cve_ent":"07","state_code":"CHP","nom_mun":"Angel Albino Corzo"},"geometry":{"type":"Polygon","coordinates":[[[-92.61534395651793,15.859184566725839],[-92.6166118589682,15.800077671213614],[-92.59378961486357,15.761885523344176],[-92.54656024859148,15.757338839074006],[-92.51676454101043,15.7386064998809],[-92.52247010203658,15.707325312102123],[-92.49362532129322,15.706415975248088],[-92.53102844357582,15.679317736997868],[-92.49489322374349,15.645490406027795],[-92.53863585827736,15.599841695955277],[-92.56304298044482,15.618392167777575],[-92.62612112734513,15.629486077396791],[-92.66289029840259,15.609116931866426],[-92.66479215207798,15.612572411911756],[-92.58998590751278,15.656948050388626],[-92.57794083423535,15.688592972909017],[-92.58142756597356,15.752610287433027],[-92.67652024974286,15.722602171249898],[-92.68761439618261,15.694594596145643],[-92.76654132371114,15.67004250108672],[-92.76305459197293,15.631122883734054],[-92.7668582993237,15.647127212365056],[-92.829936446224,15.666768888412197],[-92.8023595679309,15.73224114190266],[-92.829936446224,15.75588390010755],[-92.81789137294656,15.791893639527306],[-92.78429195801473,15.824084164160118],[-92.80901605579476,15.828812715801096],[-92.77573361647549,15.85791149513019],[-92.75132649430805,15.85682029090535],[-92.72438356724007,15.885373468122024],[-92.66130542033977,15.91683652327161],[-92.61534395651793,15.859184566725839]]]}},{"type":"Feature","properties":{"cvegeo":"07007","cve_ent":"07","state_code":"CHP","nom_mun":"Amatenango del Valle"},"geometry":{"type":"Polygon","coordinates":[[[-92.37317458851878,16.569922251838992],[-92.35479000299004,16.550826177904273],[-92.34020912481208,16.5781062835253],[-92.32974892959746,16.544460819926034],[-92.31199829529386,16.494083558212537],[-92.32119058805823,16.460801829354885],[-92.34749956390107,16.448071113398406],[-92.35066932002671,16.47735176009831],[-92.41343049131444,16.48880940445914],[-92.4717540040263,16.446798041802758],[-92.47809351627758,16.482625913851706],[-92.45907497952372,16.47607868850266],[-92.4555882477855,16.539368533543442],[-92.43593575980651,16.58683591732403],[-92.37317458851878,16.569922251838992]]]}},{"type":"Feature","properties":{"cvegeo":"07006","cve_ent":"07","state_code":"CHP","nom_mun":"Amatenango de la Frontera"},"geometry":{"type":"Polygon","coordinates":[[[-91.98995107292848,15.635669568004225],[-92.12910336684423,15.399969455438553],[-92.1516086353363,15.425794622093125],[-92.13417497664526,15.470352127940803],[-92.1186431716296,15.468533454232734],[-92.11293761060344,15.526185410778504],[-92.1462200499227,15.521093124395913],[-92.18584200149324,15.550191903725008],[-92.19725312354556,15.587474714740411],[-92.16016697687553,15.583291765211854],[-92.14875585482322,15.626394332093076],[-92.08821351282343,15.642034925982465],[-92.00896960968234,15.64458106917376],[-91.98995107292848,15.635669568004225]]]}},{"type":"Feature","properties":{"cvegeo":"07005","cve_ent":"07","state_code":"CHP","nom_mun":"Amatán"},"geometry":{"type":"Polygon","coordinates":[[[-92.83374015357478,17.481805249064518],[-92.81947625100938,17.43270105894667],[-92.85656239767941,17.418697271394542],[-92.78587683607756,17.414332454495177],[-92.75386229920856,17.34340417988051],[-92.75227742114573,17.310304318393662],[-92.81377068998322,17.280296202210533],[-92.83215527551195,17.267565486254053],[-92.91773869090433,17.315942206888675],[-92.93073469101947,17.364500794894102],[-92.92978376418178,17.37159362235557],[-92.93453839837024,17.405239085954836],[-92.91393498355356,17.41360498501195],[-92.95038717899845,17.4441587033075],[-92.92059147141741,17.502719996707306],[-92.85973215380506,17.500355720886816],[-92.83374015357478,17.481805249064518]]]}},{"type":"Feature","properties":{"cvegeo":"07004","cve_ent":"07","state_code":"CHP","nom_mun":"Altamirano"},"geometry":{"type":"Polygon","coordinates":[[[-91.61053126468896,16.539914135655863],[-91.65300599677258,16.53609492086892],[-91.67456033842696,16.578651885637722],[-91.71037858264673,16.515907642709358],[-91.76933604658369,16.495356629808185],[-91.76616629045805,16.529911430261485],[-91.78835458333755,16.55209924949992],[-91.82956141297092,16.53609492086892],[-91.85840619371427,16.56664863916447],[-91.91989946255175,16.5488256368254],[-91.92433712112766,16.600112235392928],[-92.0004112681431,16.593565010043882],[-92.0333767318498,16.673768520569702],[-92.02069770734722,16.687590440751023],[-92.068878000457,16.704685973606864],[-92.13259009858244,16.747788540488088],[-92.05936873208007,16.77888786089606],[-92.03908229287595,16.851089207106376],[-91.99946034130541,16.839085960633124],[-92.01182239019542,16.821081090923247],[-91.93289546266689,16.80980531393322],[-91.90626951121149,16.797438332718357],[-91.89549234038431,16.750880285791805],[-91.79976570538987,16.743423723588723],[-91.76806814413344,16.750880285791805],[-91.77916229057318,16.702139830415568],[-91.65142111870975,16.615207227169897],[-91.60197292314972,16.619572044069262],[-91.60165594753715,16.5966567553476],[-91.5709093131184,16.605568256517135],[-91.55189077636454,16.572832129771903],[-91.6181386793905,16.566466771793664],[-91.61053126468896,16.539914135655863]]]}},{"type":"Feature","properties":{"cvegeo":"07002","cve_ent":"07","state_code":"CHP","nom_mun":"Acala"},"geometry":{"type":"Polygon","coordinates":[[[-92.7348437624547,16.604840787033908],[-92.73516073806726,16.585926580469994],[-92.75100951869548,16.55755527062413],[-92.78492590923986,16.54009600302667],[-92.7446700064442,16.531730103969554],[-92.7668582993237,16.51754444904662],[-92.73008912826623,16.484444587559775],[-92.75100951869548,16.461893033579727],[-92.74530395766932,16.425701426789164],[-92.80616327528168,16.383508196761976],[-92.83690990970042,16.406059750742024],[-92.81915927539681,16.422609681485447],[-92.87431303198301,16.409878965528968],[-92.87558093443327,16.44279695964501],[-92.85244171471606,16.41733552773205],[-92.85244171471606,16.45934689038843],[-92.87399605637044,16.472805075828138],[-92.87779976372121,16.476806157985887],[-92.93010073979434,16.477533627469114],[-92.95736064247487,16.57301399714271],[-92.92027449580485,16.641759863307698],[-92.84388337317684,16.659037263534348],[-92.82581576326066,16.672495448974054],[-92.78397498240217,16.654672446634983],[-92.7560811284965,16.589382060515327],[-92.7348437624547,16.604840787033908]]]}},{"type":"Feature","properties":{"cvegeo":"07001","cve_ent":"07","state_code":"CHP","nom_mun":"Acacoyagua"},"geometry":{"type":"Polygon","coordinates":[[[-92.71804405498878,15.320493414395962],[-92.7446700064442,15.337770814622612],[-92.75544717727138,15.42033860096892],[-92.77383176280011,15.411427099799385],[-92.7560811284965,15.458712616209164],[-92.6920520547585,15.482537241784861],[-92.55765439503122,15.487083926055032],[-92.56621273657046,15.454165931938993],[-92.6067856149787,15.454529666680607],[-92.62738902979538,15.425794622093125],[-92.61407605406768,15.404516139708724],[-92.65274707880053,15.332314793498407],[-92.71804405498878,15.320493414395962]]]}},{"type":"Feature","properties":{"cvegeo":"07119","cve_ent":"07","state_code":"CHP","nom_mun":"Santiago el Pinar"},"geometry":{"type":"Polygon","coordinates":[[[-92.7126554695752,16.973304080288578],[-92.70473107926108,16.936021269273173],[-92.72184776233956,16.91601585848442],[-92.74213420154368,16.947478913634004],[-92.7126554695752,16.973304080288578]]]}},{"type":"Feature","properties":{"cvegeo":"07118","cve_ent":"07","state_code":"CHP","nom_mun":"San Andrés Duraznal"},"geometry":{"type":"Polygon","coordinates":[[[-92.78112220188909,17.18136035249161],[-92.7890465922032,17.135529775048283],[-92.7766845433132,17.117706772709212],[-92.82835156816118,17.122617191720998],[-92.83976269021349,17.146259949925888],[-92.79253332394141,17.205184978067305],[-92.78112220188909,17.18136035249161]]]}},{"type":"Feature","properties":{"cvegeo":"07117","cve_ent":"07","state_code":"CHP","nom_mun":"Montecristo de Guerrero"},"geometry":{"type":"Polygon","coordinates":[[[-92.66479215207798,15.612572411911756],[-92.69997644507262,15.601842237034152],[-92.76305459197293,15.631122883734054],[-92.76654132371114,15.67004250108672],[-92.68761439618261,15.694594596145643],[-92.67652024974286,15.722602171249898],[-92.58142756597356,15.752610287433027],[-92.57794083423535,15.688592972909017],[-92.58998590751278,15.656948050388626],[-92.66479215207798,15.612572411911756]]]}},{"type":"Feature","properties":{"cvegeo":"07116","cve_ent":"07","state_code":"CHP","nom_mun":"Marqués de Comillas"},"geometry":{"type":"Polygon","coordinates":[[[-90.71253935429415,16.444251898611462],[-90.70715076888055,16.432612386879825],[-90.64090286585461,16.441705755420166],[-90.64470657320538,16.390601024223443],[-90.66277418312154,16.370959348176303],[-90.6142769143992,16.363866520714836],[-90.60920530459818,16.30766950313552],[-90.55880618220044,16.302759084123736],[-90.55658735291249,16.254018628747502],[-90.62346920716357,16.242742851757477],[-90.62537106083896,16.171996444513614],[-90.59145467029457,16.183454088874445],[-90.57750774334174,16.119800509092048],[-90.61237506072382,16.12034611120447],[-90.61300901194895,16.141442726218063],[-90.66689486608489,16.154173442174542],[-90.66562696363462,16.120709845946084],[-90.71158842745646,16.121073580687696],[-90.70207915907953,16.17236017925523],[-90.77181379384369,16.16181187174843],[-90.78734559885933,16.144352604150974],[-90.79178325743524,16.074151799019532],[-90.96136521015717,16.073788064277917],[-90.95502569790588,16.10415991520266],[-90.90843028285892,16.13871471565596],[-90.87768364844018,16.199458417505447],[-90.84598608718375,16.219100093552587],[-90.87039320935119,16.272750967940606],[-90.85676325801093,16.336404547723003],[-90.75216130586469,16.342769905701243],[-90.77117984261855,16.387691146290532],[-90.73060696421032,16.467894656816352],[-90.7245844275716,16.414789384540754],[-90.71253935429415,16.444251898611462]]]}},{"type":"Feature","properties":{"cvegeo":"07114","cve_ent":"07","state_code":"CHP","nom_mun":"Benemérito de las Américas"},"geometry":{"type":"Polygon","coordinates":[[[-90.65548374403257,16.592291938448234],[-90.62600501206408,16.5753782729632],[-90.64660842688076,16.5621019548943],[-90.64565750004307,16.519544990125496],[-90.61871457297511,16.522091133316792],[-90.58543213365584,16.469531463153615],[-90.47766042538397,16.456800747197136],[-90.4862187669232,16.423882753081095],[-90.42345759563547,16.425155824676743],[-90.40126930275596,16.39132849370667],[-90.39778257101776,16.339678160397526],[-90.4408912543265,16.28075313225611],[-90.4221896931852,16.26165705832139],[-90.45388725444164,16.250926883443785],[-90.45293632760395,16.18600023206574],[-90.42440852247316,16.16235747386085],[-90.45578910811703,16.093429740325057],[-90.4408912543265,16.074151799019532],[-90.79178325743524,16.074151799019532],[-90.78734559885933,16.144352604150974],[-90.77181379384369,16.16181187174843],[-90.70207915907953,16.17236017925523],[-90.71158842745646,16.121073580687696],[-90.66562696363462,16.120709845946084],[-90.66689486608489,16.154173442174542],[-90.61300901194895,16.141442726218063],[-90.61237506072382,16.12034611120447],[-90.57750774334174,16.119800509092048],[-90.59145467029457,16.183454088874445],[-90.62537106083896,16.171996444513614],[-90.62346920716357,16.242742851757477],[-90.55658735291249,16.254018628747502],[-90.55880618220044,16.302759084123736],[-90.60920530459818,16.30766950313552],[-90.6142769143992,16.363866520714836],[-90.66277418312154,16.370959348176303],[-90.64470657320538,16.390601024223443],[-90.64090286585461,16.441705755420166],[-90.70715076888055,16.432612386879825],[-90.71253935429415,16.444251898611462],[-90.67672111007438,16.491901149762857],[-90.70429798836747,16.571922792917867],[-90.6925698907026,16.604840787033908],[-90.65548374403257,16.592291938448234]]]}},{"type":"Feature","properties":{"cvegeo":"07113","cve_ent":"07","state_code":"CHP","nom_mun":"Aldama"},"geometry":{"type":"Polygon","coordinates":[[[-92.67176561555439,16.883825333851608],[-92.69141810353338,16.89764725403293],[-92.72184776233956,16.91601585848442],[-92.70473107926108,16.936021269273173],[-92.7126554695752,16.973304080288578],[-92.70916873783699,16.98057877512085],[-92.6841276644444,16.92638229862041],[-92.65179615196284,16.92129001223782],[-92.67176561555439,16.883825333851608]]]}},{"type":"Feature","properties":{"cvegeo":"07112","cve_ent":"07","state_code":"CHP","nom_mun":"San Juan Cancuc"},"geometry":{"type":"Polygon","coordinates":[[[-92.34591468583824,16.98876280680716],[-92.35098629563927,16.95639041480354],[-92.32150756367079,16.949297587342073],[-92.35193722247696,16.90037526459503],[-92.33862424674926,16.885644007559677],[-92.36271439330415,16.8543628197809],[-92.445762003796,16.868912209445448],[-92.43878854031959,16.928382839699285],[-92.45844102829858,16.962573905410974],[-92.43847156470703,16.98512545939102],[-92.40835888151342,17.009859421820753],[-92.34591468583824,16.98876280680716]]]}},{"type":"Feature","properties":{"cvegeo":"07111","cve_ent":"07","state_code":"CHP","nom_mun":"Zinacantán"},"geometry":{"type":"Polygon","coordinates":[[[-92.6920520547585,16.762883532265057],[-92.72026288427674,16.722508975945935],[-92.7126554695752,16.660310335129996],[-92.72184776233956,16.64321480227415],[-92.77351478718755,16.67776960272745],[-92.82581576326066,16.672495448974054],[-92.84388337317684,16.659037263534348],[-92.8629019099307,16.686681103896987],[-92.85085683665325,16.71141506632672],[-92.87146025146993,16.742696254105496],[-92.8476870805276,16.776887319817185],[-92.81186883630784,16.7747049113675],[-92.74625488450701,16.78107026934574],[-92.6920520547585,16.762883532265057]]]}},{"type":"Feature","properties":{"cvegeo":"07110","cve_ent":"07","state_code":"CHP","nom_mun":"San Lucas"},"geometry":{"type":"Polygon","coordinates":[[[-92.7126554695752,16.660310335129996],[-92.71011966467468,16.616480298765545],[-92.66510912769054,16.624118728339432],[-92.64704151777437,16.591018866852586],[-92.6166118589682,16.578288150896107],[-92.67747117658055,16.57756068141288],[-92.73516073806726,16.585926580469994],[-92.7348437624547,16.604840787033908],[-92.7560811284965,16.589382060515327],[-92.78397498240217,16.654672446634983],[-92.82581576326066,16.672495448974054],[-92.77351478718755,16.67776960272745],[-92.72184776233956,16.64321480227415],[-92.7126554695752,16.660310335129996]]]}},{"type":"Feature","properties":{"cvegeo":"07109","cve_ent":"07","state_code":"CHP","nom_mun":"Yajalón"},"geometry":{"type":"Polygon","coordinates":[[[-92.20359263579685,17.22228051092315],[-92.228950684802,17.195546007414542],[-92.21690561152455,17.162991748040117],[-92.24733527033072,17.186634506245007],[-92.31833780754515,17.132983631856987],[-92.37063878361826,17.154807716353808],[-92.4023363448747,17.132438029744566],[-92.38331780812084,17.100065637740947],[-92.445762003796,17.132983631856987],[-92.44037341838242,17.165537891231413],[-92.41818512550292,17.19681907901019],[-92.38109897883288,17.19863775271826],[-92.36366532014185,17.219006898248626],[-92.32562824663412,17.22464478674364],[-92.32277546612104,17.254834770297574],[-92.28505536822588,17.254107300814347],[-92.26064824605844,17.228100266788967],[-92.23212044092764,17.255380372409995],[-92.20359263579685,17.22228051092315]]]}},{"type":"Feature","properties":{"cvegeo":"07108","cve_ent":"07","state_code":"CHP","nom_mun":"Villaflores"},"geometry":{"type":"Polygon","coordinates":[[[-93.22932571805508,16.555918464286865],[-93.23471430346868,16.52845649129503],[-93.19033771770967,16.503540661494494],[-93.16910035166785,16.522636735429213],[-93.10570522915499,16.496447834033027],[-93.0584758628829,16.48462645493058],[-93.0549891311447,16.45643701245552],[-93.08034718014984,16.437159071149996],[-93.09302620465242,16.399694392763784],[-93.10316942425447,16.37405109348002],[-93.07844532647445,16.36186597963596],[-93.09239225342728,16.333858404531707],[-93.05942678972059,16.28930089868403],[-93.10221849741677,16.2592927825009],[-93.12345586345859,16.276388315356744],[-93.20840532762584,16.270568559490926],[-93.23820103520688,16.214735276653222],[-93.31554308467258,16.21655395036129],[-93.3786212315729,16.195457335347697],[-93.40809996354137,16.228011594722123],[-93.42077898804395,16.212734735574347],[-93.41443947579266,16.16417614756892],[-93.53615811101737,16.197457876426572],[-93.54059576959327,16.18545462995332],[-93.61381713609563,16.202368295438358],[-93.70669099057699,16.20455070388804],[-93.77135401554011,16.230012135800997],[-93.72190581998008,16.288573429200802],[-93.74758084459779,16.314580463226182],[-93.68862338066083,16.297121195628723],[-93.6737255268703,16.32440130124975],[-93.6496353803154,16.306942033652295],[-93.6496353803154,16.342406170959627],[-93.5963834774046,16.40460481177557],[-93.55581059899636,16.400967464359432],[-93.57578006258791,16.434794795329505],[-93.54059576959327,16.435340397441927],[-93.51080006201222,16.462074900950533],[-93.45881606155167,16.4373409385208],[-93.46864230554117,16.47426001479459],[-93.39447001220111,16.500812650932392],[-93.32410142621183,16.493537956100116],[-93.27877391361513,16.51754444904662],[-93.29779245036899,16.575014538221584],[-93.25341586460998,16.584653508874347],[-93.22932571805508,16.555918464286865]]]}},{"type":"Feature","properties":{"cvegeo":"07107","cve_ent":"07","state_code":"CHP","nom_mun":"Villa Corzo"},"geometry":{"type":"Polygon","coordinates":[[[-92.8663886416689,16.29202890924613],[-92.85434356839146,16.289119031313223],[-92.85339264155377,16.28875529657161],[-92.85339264155377,16.2858454186387],[-92.85244171471606,16.28711849023435],[-92.85149078787838,16.287300357605154],[-92.849588934203,16.287845959717576],[-92.85180776349094,16.277843254323198],[-92.85434356839146,16.26565814047914],[-92.85339264155377,16.26511253836672],[-92.85339264155377,16.263657599400265],[-92.86385283676839,16.260020251984127],[-92.86575469044378,16.262384527804617],[-92.87336210514532,16.262566395175423],[-92.87241117830763,16.255655435084762],[-92.87272815392019,16.23910550434134],[-92.8629019099307,16.219645695665008],[-92.86385283676839,16.220373165148235],[-92.86512073921864,16.221646236743883],[-92.86512073921864,16.222555573597916],[-92.86607166605634,16.22291930833953],[-92.8673395685066,16.221646236743883],[-92.86702259289403,16.220373165148235],[-92.86765654411916,16.219827563035814],[-92.86765654411916,16.219645695665008],[-92.86797351973172,16.219645695665008],[-92.86765654411916,16.219827563035814],[-92.86860747095686,16.220373165148235],[-92.86924142218199,16.221646236743883],[-92.87050932463224,16.219827563035814],[-92.8708263002448,16.22055503251904],[-92.87146025146993,16.220373165148235],[-92.8708263002448,16.223646777822758],[-92.87241117830763,16.223101175710337],[-92.87272815392019,16.223464910451952],[-92.87589791004584,16.21837262406936],[-92.9446816179723,16.07360619690711],[-92.98525449638053,16.019955322519092],[-92.98874122811874,15.984127450470142],[-93.0156841551867,15.947208374196352],[-93.07400766789856,15.944662231005056],[-93.09461108271523,15.91683652327161],[-93.07749439963676,15.873733956390385],[-93.12947840009731,15.860457638321487],[-93.1402555709245,15.878644375402171],[-93.18051147372017,15.85627468879293],[-93.23217849856816,15.855547219309702],[-93.25658562073562,15.832995665329653],[-93.30349801139513,15.841543431757575],[-93.34914249960441,15.906288215764812],[-93.38464376821162,15.911744236889017],[-93.44138240286063,15.97266980610931],[-93.47783459830553,15.966668182872684],[-93.47910250075579,15.986309858919824],[-93.53298835489173,15.99976804435953],[-93.54059576959327,16.019591587777477],[-93.56722172104868,15.983763715728529],[-93.59131186760357,16.03850579434139],[-93.57197635523714,16.054510122972392],[-93.60050416036793,16.10997967106848],[-93.61381713609563,16.202368295438358],[-93.54059576959327,16.18545462995332],[-93.53615811101737,16.197457876426572],[-93.41443947579266,16.16417614756892],[-93.42077898804395,16.212734735574347],[-93.40809996354137,16.228011594722123],[-93.3786212315729,16.195457335347697],[-93.31554308467258,16.21655395036129],[-93.23820103520688,16.214735276653222],[-93.20840532762584,16.270568559490926],[-93.12345586345859,16.276388315356744],[-93.10221849741677,16.2592927825009],[-93.05942678972059,16.28930089868403],[-93.09239225342728,16.333858404531707],[-93.07844532647445,16.36186597963596],[-93.10316942425447,16.37405109348002],[-93.09302620465242,16.399694392763784],[-93.04452893593006,16.44043268382452],[-92.96021342298795,16.424610222564322],[-92.8930145931243,16.36714013338936],[-92.8949164467997,16.304395890461],[-92.8663886416689,16.29202890924613]]]}},{"type":"Feature","properties":{"cvegeo":"07106","cve_ent":"07","state_code":"CHP","nom_mun":"Venustiano Carranza"},"geometry":{"type":"Polygon","coordinates":[[[-92.34749956390107,16.448071113398406],[-92.36366532014185,16.431521182654983],[-92.40804190590086,16.45007165447728],[-92.41057771080136,16.41951793618173],[-92.44702990624627,16.379325247233417],[-92.43878854031959,16.336040812981388],[-92.37697829586955,16.27475150901948],[-92.3925101008852,16.250926883443785],[-92.41279654008932,16.26383946677107],[-92.45019966237192,16.21255286820354],[-92.47080307718859,16.21091606186628],[-92.48189722362835,16.143079532555326],[-92.53356424847634,16.144352604150974],[-92.57667293178508,16.122892254395765],[-92.60044610272742,16.14908115579195],[-92.65876961543925,16.17326951610926],[-92.72184776233956,16.211643531349505],[-92.75227742114573,16.184181558357672],[-92.8033104947686,16.242742851757477],[-92.87241117830763,16.255655435084762],[-92.87336210514532,16.262566395175423],[-92.86575469044378,16.262384527804617],[-92.86385283676839,16.260020251984127],[-92.85339264155377,16.263657599400265],[-92.85339264155377,16.26511253836672],[-92.85434356839146,16.26565814047914],[-92.85180776349094,16.277843254323198],[-92.849588934203,16.287845959717576],[-92.85149078787838,16.287300357605154],[-92.85244171471606,16.28711849023435],[-92.85339264155377,16.2858454186387],[-92.85339264155377,16.28875529657161],[-92.85434356839146,16.289119031313223],[-92.8663886416689,16.29202890924613],[-92.8663886416689,16.316035402192636],[-92.80267654354347,16.371323082917918],[-92.80616327528168,16.383508196761976],[-92.74530395766932,16.425701426789164],[-92.75100951869548,16.461893033579727],[-92.71994590866417,16.454436471376646],[-92.70821781099929,16.48462645493058],[-92.68698044495748,16.453163399780998],[-92.62960785908334,16.48298964859332],[-92.62517020050743,16.47335067794056],[-92.60900444426665,16.439887081712097],[-92.6486263958372,16.41551685402398],[-92.62041556631897,16.407878424450093],[-92.5757220049474,16.435522264812732],[-92.59537449292638,16.47371441268217],[-92.57667293178508,16.48589952652623],[-92.53641702898942,16.454436471376646],[-92.49457624813093,16.49517476243738],[-92.47809351627758,16.482625913851706],[-92.4717540040263,16.446798041802758],[-92.41343049131444,16.48880940445914],[-92.35066932002671,16.47735176009831],[-92.34749956390107,16.448071113398406]]]}},{"type":"Feature","properties":{"cvegeo":"07105","cve_ent":"07","state_code":"CHP","nom_mun":"Unión Juárez"},"geometry":{"type":"Polygon","coordinates":[[[-92.13100522051961,15.013137557732392],[-92.14526912308501,15.051147838231023],[-92.1319561473573,15.066788432120411],[-92.11357156182858,15.085520771313517],[-92.10786600080242,15.131715083498456],[-92.05936873208007,15.070243912165742],[-92.09835673242549,15.009682077687062],[-92.13100522051961,15.013137557732392]]]}},{"type":"Feature","properties":{"cvegeo":"07104","cve_ent":"07","state_code":"CHP","nom_mun":"Tzimol"},"geometry":{"type":"Polygon","coordinates":[[[-92.2067623919225,16.01431743402408],[-92.18901175761889,15.947753976308773],[-92.30153810007923,16.009952617124714],[-92.3275301003095,16.033049773217183],[-92.33101683204772,16.078334748548087],[-92.27554609984895,16.126529601811903],[-92.33038288082258,16.147808084196303],[-92.30914551478078,16.186545834178162],[-92.27808190474947,16.202004560696743],[-92.30724366110539,16.225647318901633],[-92.28822512435153,16.269477355266083],[-92.22673185551405,16.246016464432],[-92.18964570884401,16.204005101775618],[-92.16428765983888,16.21255286820354],[-92.13924658644629,16.174906322446525],[-92.15224258656143,16.143261399926132],[-92.19376639180736,16.097976424595227],[-92.24987107523124,16.065422165220802],[-92.24511644104278,16.015590505619727],[-92.2067623919225,16.01431743402408]]]}},{"type":"Feature","properties":{"cvegeo":"07103","cve_ent":"07","state_code":"CHP","nom_mun":"Tuzantán"},"geometry":{"type":"Polygon","coordinates":[[[-92.39346102772289,15.22083009519381],[-92.3703218080057,15.192095050606328],[-92.33386961256079,15.201552153888283],[-92.35066932002671,15.162996271277233],[-92.38300083250827,15.144263932084128],[-92.35764278350312,15.142627125746866],[-92.36810297871774,15.110072866372441],[-92.36651810065493,15.081701556526573],[-92.43847156470703,15.046964888702465],[-92.4717540040263,15.062605482591854],[-92.48728580904194,15.06969831005332],[-92.44481107695832,15.162086934423199],[-92.41469839376471,15.19082197901068],[-92.45083361359704,15.196278000134885],[-92.45210151604729,15.22774105528447],[-92.39346102772289,15.22083009519381]]]}},{"type":"Feature","properties":{"cvegeo":"07100","cve_ent":"07","state_code":"CHP","nom_mun":"Tumbalá"},"geometry":{"type":"Polygon","coordinates":[[[-92.08853048843599,17.277204456906816],[-92.15541234268707,17.21009539707909],[-92.19123058690684,17.237375502700118],[-92.20359263579685,17.22228051092315],[-92.23212044092764,17.255380372409995],[-92.26064824605844,17.228100266788967],[-92.28505536822588,17.254107300814347],[-92.32277546612104,17.254834770297574],[-92.32562824663412,17.22464478674364],[-92.36366532014185,17.219006898248626],[-92.37951410077007,17.25392543344354],[-92.37634434464442,17.298119204549604],[-92.40201936926213,17.3006653477409],[-92.39599683262341,17.39687318689772],[-92.34432980777542,17.399419330089017],[-92.31231527090642,17.366501335972977],[-92.22324512377584,17.35886290639909],[-92.1560462939122,17.328672922845154],[-92.16270278177605,17.303757093044617],[-92.13956356205885,17.282478610660213],[-92.11674131795422,17.30521203201107],[-92.08853048843599,17.277204456906816]]]}},{"type":"Feature","properties":{"cvegeo":"07098","cve_ent":"07","state_code":"CHP","nom_mun":"Totolapa"},"geometry":{"type":"Polygon","coordinates":[[[-92.57667293178508,16.48589952652623],[-92.59537449292638,16.47371441268217],[-92.62517020050743,16.47335067794056],[-92.62960785908334,16.48298964859332],[-92.68698044495748,16.453163399780998],[-92.70821781099929,16.48462645493058],[-92.71994590866417,16.454436471376646],[-92.75100951869548,16.461893033579727],[-92.73008912826623,16.484444587559775],[-92.7668582993237,16.51754444904662],[-92.7446700064442,16.531730103969554],[-92.68919927424542,16.512634030034835],[-92.69807459139723,16.546279493634103],[-92.67747117658055,16.57756068141288],[-92.6166118589682,16.578288150896107],[-92.61090629794204,16.581379896199824],[-92.57794083423535,16.543733350442807],[-92.57667293178508,16.48589952652623]]]}},{"type":"Feature","properties":{"cvegeo":"07094","cve_ent":"07","state_code":"CHP","nom_mun":"Teopisca"},"geometry":{"type":"Polygon","coordinates":[[[-92.47238795525142,16.63866811800398],[-92.43847156470703,16.619572044069262],[-92.42610951581702,16.63630384218349],[-92.37539341780672,16.587017784694837],[-92.37317458851878,16.569922251838992],[-92.43593575980651,16.58683591732403],[-92.4555882477855,16.539368533543442],[-92.45907497952372,16.47607868850266],[-92.47809351627758,16.482625913851706],[-92.49457624813093,16.49517476243738],[-92.53641702898942,16.454436471376646],[-92.57667293178508,16.48589952652623],[-92.57794083423535,16.543733350442807],[-92.61090629794204,16.581379896199824],[-92.58301244403637,16.596111153235178],[-92.59695937098921,16.643396669644957],[-92.53990376072763,16.61666216613635],[-92.51739849223556,16.637031311666718],[-92.47238795525142,16.63866811800398]]]}},{"type":"Feature","properties":{"cvegeo":"07093","cve_ent":"07","state_code":"CHP","nom_mun":"Tenejapa"},"geometry":{"type":"Polygon","coordinates":[[[-92.43878854031959,16.928382839699285],[-92.445762003796,16.868912209445448],[-92.4555882477855,16.84981613551073],[-92.45432034533525,16.84745185969024],[-92.445762003796,16.823263499372928],[-92.36746902749262,16.810350916045643],[-92.37792922270724,16.77943346300848],[-92.40835888151342,16.769976359726524],[-92.44988268675935,16.76106485855699],[-92.4609768331991,16.77706918718799],[-92.51137595559683,16.768703288130876],[-92.53673400460198,16.77652358507557],[-92.53705098021454,16.851816676589603],[-92.51739849223556,16.888190150750972],[-92.49172346761785,16.922017481721046],[-92.43878854031959,16.928382839699285]]]}},{"type":"Feature","properties":{"cvegeo":"07091","cve_ent":"07","state_code":"CHP","nom_mun":"Tapilula"},"geometry":{"type":"Polygon","coordinates":[[[-92.97194152065283,17.2821148759186],[-92.9589455205377,17.217915694023784],[-92.95862854492513,17.22919147101381],[-93.02963108213955,17.235011226879628],[-93.04706474083058,17.269384159962122],[-92.97194152065283,17.2821148759186]]]}},{"type":"Feature","properties":{"cvegeo":"07087","cve_ent":"07","state_code":"CHP","nom_mun":"Suchiate"},"geometry":{"type":"Polygon","coordinates":[[[-92.15541234268707,14.73069753086936],[-92.14590307431014,14.663406603670827],[-92.16967624525246,14.639218243353517],[-92.18235526975504,14.578292674133223],[-92.22673185551405,14.532098361948284],[-92.3196057099954,14.618121628339923],[-92.26825566075998,14.720694825474983],[-92.24860317278099,14.69905260834897],[-92.18108736730478,14.7105102527098],[-92.15541234268707,14.73069753086936]]]}},{"type":"Feature","properties":{"cvegeo":"07086","cve_ent":"07","state_code":"CHP","nom_mun":"Suchiapa"},"geometry":{"type":"Polygon","coordinates":[[[-93.06544932635931,16.67449599005293],[-93.07242278983573,16.656672987713858],[-93.04231010664212,16.614116022945055],[-93.05784191165777,16.599748500651316],[-93.06418142390906,16.526455950216157],[-93.10570522915499,16.496447834033027],[-93.16910035166785,16.522636735429213],[-93.19033771770967,16.503540661494494],[-93.23471430346868,16.52845649129503],[-93.22932571805508,16.555918464286865],[-93.18685098597146,16.60629572600036],[-93.23376337663099,16.67322291845728],[-93.20079791292429,16.650671364477233],[-93.15927410767836,16.645215343353026],[-93.1446932295004,16.673950387940508],[-93.09873176567856,16.656672987713858],[-93.06544932635931,16.67449599005293]]]}},{"type":"Feature","properties":{"cvegeo":"07084","cve_ent":"07","state_code":"CHP","nom_mun":"Solosuchiapa"},"geometry":{"type":"Polygon","coordinates":[[[-92.92978376418178,17.37159362235557],[-92.93073469101947,17.364500794894102],[-92.95102113022358,17.319215819563198],[-92.977647081679,17.300301612999284],[-93.04833264328084,17.33067346392403],[-93.0584758628829,17.37486723503009],[-93.04738171644314,17.393781441594005],[-93.07052093616035,17.39578198267288],[-93.04801566766828,17.459981164567697],[-93.05879283849546,17.473439350007403],[-93.04009127735416,17.478895371131607],[-92.99666561843286,17.45179713288139],[-92.94626649603512,17.401419871167892],[-92.9579945937,17.376504041367355],[-92.92978376418178,17.37159362235557]]]}},{"type":"Feature","properties":{"cvegeo":"07083","cve_ent":"07","state_code":"CHP","nom_mun":"Socoltenango"},"geometry":{"type":"Polygon","coordinates":[[[-92.31897175877027,16.281480601739336],[-92.3009041488541,16.2592927825009],[-92.30724366110539,16.225647318901633],[-92.27808190474947,16.202004560696743],[-92.30914551478078,16.186545834178162],[-92.33038288082258,16.147808084196303],[-92.27554609984895,16.126529601811903],[-92.33101683204772,16.078334748548087],[-92.3275301003095,16.033049773217183],[-92.30153810007923,16.009952617124714],[-92.18901175761889,15.947753976308773],[-92.17062717209015,15.933750188756646],[-92.18394014781786,15.90119592938222],[-92.1880608307812,15.921019472800166],[-92.26857263637254,15.932840851902611],[-92.28537234383845,15.92138320754178],[-92.32214151489592,15.949390782646034],[-92.34147702726234,15.94557156785909],[-92.33228473449797,15.990856543189995],[-92.42769439387985,16.01522677087811],[-92.53768493143967,16.07578860535679],[-92.55892229748149,16.110707140551707],[-92.48189722362835,16.143079532555326],[-92.47080307718859,16.21091606186628],[-92.45019966237192,16.21255286820354],[-92.41279654008932,16.26383946677107],[-92.3925101008852,16.250926883443785],[-92.37697829586955,16.27475150901948],[-92.31897175877027,16.281480601739336]]]}},{"type":"Feature","properties":{"cvegeo":"07082","cve_ent":"07","state_code":"CHP","nom_mun":"Sitalá"},"geometry":{"type":"Polygon","coordinates":[[[-92.34591468583824,16.98876280680716],[-92.40835888151342,17.009859421820753],[-92.40867585712598,17.061509755129897],[-92.3915591740475,17.072421797378308],[-92.36017858840364,17.08897172812173],[-92.28030073403743,17.06023668353425],[-92.28156863648768,17.020225861956742],[-92.34591468583824,16.98876280680716]]]}},{"type":"Feature","properties":{"cvegeo":"07081","cve_ent":"07","state_code":"CHP","nom_mun":"Simojovel"},"geometry":{"type":"Polygon","coordinates":[[[-92.78682776291525,17.224281052002024],[-92.7348437624547,17.194818537931315],[-92.72565146969033,17.165537891231413],[-92.68127488393132,17.160263737478015],[-92.64165293236078,17.13280176448618],[-92.60012912711485,17.173903790288527],[-92.58998590751278,17.204275641213272],[-92.53071146796326,17.192999864223246],[-92.44037341838242,17.165537891231413],[-92.445762003796,17.132983631856987],[-92.48665185781681,17.132438029744566],[-92.51739849223556,17.06896631733298],[-92.53293029725121,17.092790942908675],[-92.52151917519889,17.13171056026134],[-92.56209205360713,17.098428831403687],[-92.5792087366856,17.115342496888722],[-92.60900444426665,17.083333839626718],[-92.64640756654924,17.069875654187012],[-92.6787390790308,17.09533708609997],[-92.72279868917725,17.083333839626718],[-92.76083576268498,17.094973351358355],[-92.7766845433132,17.117706772709212],[-92.7890465922032,17.135529775048283],[-92.78112220188909,17.18136035249161],[-92.78682776291525,17.224281052002024]]]}},{"type":"Feature","properties":{"cvegeo":"07080","cve_ent":"07","state_code":"CHP","nom_mun":"Siltepec"},"geometry":{"type":"Polygon","coordinates":[[[-92.32214151489592,15.659494193579922],[-92.32214151489592,15.588747786336059],[-92.27269331933587,15.54946443424178],[-92.2511389776815,15.559103404894543],[-92.23402229460302,15.504906928394103],[-92.2511389776815,15.46816971949112],[-92.30660970988026,15.462713698366915],[-92.34116005164978,15.426522091576352],[-92.38743849108417,15.446163767623492],[-92.43086415000549,15.422884744160216],[-92.485066979754,15.438889072791218],[-92.5107420043717,15.48199163967244],[-92.55765439503122,15.487083926055032],[-92.6920520547585,15.482537241784861],[-92.69680668894698,15.517637644350582],[-92.67303351800464,15.60657078867513],[-92.66289029840259,15.609116931866426],[-92.62612112734513,15.629486077396791],[-92.56304298044482,15.618392167777575],[-92.53863585827736,15.599841695955277],[-92.49489322374349,15.645490406027795],[-92.43181507684318,15.656038713534592],[-92.40360424732495,15.692957789808382],[-92.32214151489592,15.659494193579922]]]}},{"type":"Feature","properties":{"cvegeo":"07077","cve_ent":"07","state_code":"CHP","nom_mun":"Salto de Agua"},"geometry":{"type":"Polygon","coordinates":[[[-92.00009429253053,17.237011767958503],[-91.98234365822694,17.230100807867842],[-91.94430658471921,17.262836934613077],[-91.91102414539995,17.24883314706095],[-91.88915282813302,17.213369009753613],[-91.96174024341025,17.216097020315715],[-92.02101468295979,17.233920022654786],[-92.08853048843599,17.277204456906816],[-92.11674131795422,17.30521203201107],[-92.13956356205885,17.282478610660213],[-92.16270278177605,17.303757093044617],[-92.1560462939122,17.328672922845154],[-92.22324512377584,17.35886290639909],[-92.31231527090642,17.366501335972977],[-92.34432980777542,17.399419330089017],[-92.39599683262341,17.39687318689772],[-92.3880724423093,17.456161949780753],[-92.35066932002671,17.4414306927454],[-92.33165078327285,17.458344358230434],[-92.37634434464442,17.48689753544711],[-92.38997429598469,17.52327100960848],[-92.42167185724112,17.50999469153958],[-92.48094629679065,17.518906192709114],[-92.47936141872783,17.574921342917623],[-92.43593575980651,17.570010923905837],[-92.35066932002671,17.617842042428038],[-92.34908444196388,17.65639792503909],[-92.32119058805823,17.644576545936644],[-92.30692668549283,17.66440008935459],[-92.2467013191056,17.63675624899195],[-92.21627166029943,17.58383284408716],[-92.16523858667657,17.531636908665593],[-92.15255956217399,17.550732982600312],[-92.12022804969243,17.529090765474297],[-92.14907283043578,17.502174394594885],[-92.06095361014289,17.430154915755374],[-92.0137242438708,17.423243955664713],[-91.95603468238409,17.45507074555591],[-91.93448034072972,17.4308823852386],[-91.9496951701328,17.380505123525104],[-91.92528804796535,17.382323797233173],[-91.96522697514845,17.347041527296646],[-91.96332512147308,17.327581718620312],[-91.92465409674023,17.320488891158845],[-91.95096307258306,17.300847215111705],[-91.94874424329511,17.25738091348887],[-91.992486877829,17.256107841893222],[-92.00009429253053,17.237011767958503]]]}},{"type":"Feature","properties":{"cvegeo":"07076","cve_ent":"07","state_code":"CHP","nom_mun":"Sabanilla"},"geometry":{"type":"Polygon","coordinates":[[[-92.65940356666438,17.444704305419922],[-92.6299248346959,17.446159244386376],[-92.59727634660177,17.40723962703371],[-92.58713312699972,17.361045314848774],[-92.61058932232947,17.347405262038258],[-92.57794083423535,17.30521203201107],[-92.51137595559683,17.271748435782612],[-92.53071146796326,17.192999864223246],[-92.58998590751278,17.204275641213272],[-92.59410659047613,17.242104054341095],[-92.57603898055996,17.269202292591316],[-92.61946463948128,17.25683531137645],[-92.68761439618261,17.3352201481942],[-92.7348437624547,17.347223394667452],[-92.73547771367983,17.347223394667452],[-92.7348437624547,17.347223394667452],[-92.67778815219312,17.379777654041877],[-92.65940356666438,17.444704305419922]]]}},{"type":"Feature","properties":{"cvegeo":"07075","cve_ent":"07","state_code":"CHP","nom_mun":"Las Rosas"},"geometry":{"type":"Polygon","coordinates":[[[-92.31897175877027,16.281480601739336],[-92.37697829586955,16.27475150901948],[-92.43878854031959,16.336040812981388],[-92.44702990624627,16.379325247233417],[-92.41057771080136,16.41951793618173],[-92.40804190590086,16.45007165447728],[-92.36366532014185,16.431521182654983],[-92.34749956390107,16.448071113398406],[-92.32119058805823,16.460801829354885],[-92.29710044150333,16.431339315284177],[-92.31548502703207,16.41278884346188],[-92.31485107580694,16.359319836444666],[-92.27491214862383,16.30475962520261],[-92.31009644161847,16.302759084123736],[-92.31897175877027,16.281480601739336]]]}},{"type":"Feature","properties":{"cvegeo":"07073","cve_ent":"07","state_code":"CHP","nom_mun":"Rayón"},"geometry":{"type":"Polygon","coordinates":[[[-92.9589455205377,17.217915694023784],[-92.96718688646436,17.16808403442271],[-92.98810727689361,17.141895133026523],[-92.96908874013975,17.130255621294886],[-92.9757452280036,17.130619356036497],[-93.02487644795107,17.156626390061877],[-93.02963108213955,17.235011226879628],[-92.95862854492513,17.22919147101381],[-92.9589455205377,17.217915694023784]]]}},{"type":"Feature","properties":{"cvegeo":"07072","cve_ent":"07","state_code":"CHP","nom_mun":"Pueblo Nuevo Solistahuacán"},"geometry":{"type":"Polygon","coordinates":[[[-92.81377068998322,17.280296202210533],[-92.78682776291525,17.224281052002024],[-92.78112220188909,17.18136035249161],[-92.79253332394141,17.205184978067305],[-92.83976269021349,17.146259949925888],[-92.91108220304048,17.13443857082344],[-92.96718688646436,17.16808403442271],[-92.9589455205377,17.217915694023784],[-92.97194152065283,17.2821148759186],[-92.92185937386766,17.24519579964481],[-92.90093898343842,17.273203374749066],[-92.91773869090433,17.315942206888675],[-92.83215527551195,17.267565486254053],[-92.81377068998322,17.280296202210533]]]}},{"type":"Feature","properties":{"cvegeo":"07071","cve_ent":"07","state_code":"CHP","nom_mun":"Villa Comaltitlán"},"geometry":{"type":"Polygon","coordinates":[[[-92.47714258943988,15.261932120996157],[-92.509791077534,15.253929956680656],[-92.52025127274864,15.189912642156646],[-92.5427565412407,15.175181385121292],[-92.51613058978529,15.15735838278222],[-92.54877907787943,15.115165152755033],[-92.60615166375358,15.119711837025203],[-92.61597790774307,15.05242090982667],[-92.66574307891567,15.044782480252783],[-92.66606005452823,15.020230385193859],[-92.7126554695752,15.02368586523919],[-92.76527342126087,15.113892081159385],[-92.74150025031855,15.151174892174787],[-92.67715420096799,15.17645445671694],[-92.64196990797335,15.215010339327991],[-92.61756278580589,15.214646604586378],[-92.59283868802586,15.250474476635326],[-92.58301244403637,15.33558840617293],[-92.50884015069632,15.321220883879189],[-92.52817566306274,15.286484216055081],[-92.47714258943988,15.261932120996157]]]}},{"type":"Feature","properties":{"cvegeo":"07070","cve_ent":"07","state_code":"CHP","nom_mun":"El Porvenir"},"geometry":{"type":"Polygon","coordinates":[[[-92.2067623919225,15.459985687804812],[-92.20390961140941,15.455075268793028],[-92.2146867822366,15.402515598629849],[-92.23845995317893,15.389421147931756],[-92.34116005164978,15.426522091576352],[-92.30660970988026,15.462713698366915],[-92.2511389776815,15.46816971949112],[-92.2067623919225,15.459985687804812]]]}},{"type":"Feature","properties":{"cvegeo":"07069","cve_ent":"07","state_code":"CHP","nom_mun":"Pijijiapan"},"geometry":{"type":"Polygon","coordinates":[[[-93.30349801139513,15.841543431757575],[-93.25658562073562,15.832995665329653],[-93.23217849856816,15.855547219309702],[-93.18051147372017,15.85627468879293],[-93.1402555709245,15.878644375402171],[-93.12947840009731,15.860457638321487],[-93.09524503394036,15.828267113688675],[-93.08446786311318,15.787710689998748],[-93.10855800966806,15.756065767478358],[-93.06164561900854,15.759884982265302],[-93.05879283849546,15.733514213498308],[-92.99381283791978,15.721692834395864],[-92.96338317911359,15.674225450615277],[-92.89872015415047,15.698050076190974],[-92.87843371494635,15.67167930742398],[-92.84134756827632,15.632395955329702],[-92.92851586173151,15.638215711195521],[-92.92185937386766,15.591293929527355],[-92.97194152065283,15.605661451821096],[-92.96877176452719,15.510544816889116],[-93.00934464293542,15.486356456571805],[-93.06513235074675,15.514182164305252],[-93.10950893650576,15.48599272183019],[-93.06132864339598,15.45034671715205],[-93.12377283907115,15.408880956608089],[-93.33361069458876,15.591839531639774],[-93.51428679375043,15.734423550352343],[-93.47751762269297,15.769887687659677],[-93.46040093961449,15.753337756916254],[-93.41602435385548,15.840997829645154],[-93.35484806063056,15.896103642999629],[-93.35579898746826,15.864822455220851],[-93.30349801139513,15.841543431757575]]]}},{"type":"Feature","properties":{"cvegeo":"07068","cve_ent":"07","state_code":"CHP","nom_mun":"Pichucalco"},"geometry":{"type":"Polygon","coordinates":[[[-93.00459000874696,17.578922425075373],[-93.0042730331344,17.555279666870483],[-93.02741225285159,17.495263434504224],[-93.05435517991957,17.492899158683734],[-93.09587898516548,17.48635193333469],[-93.17005127850555,17.397236921639333],[-93.2052355715002,17.409240168112586],[-93.19953001047404,17.366137601231365],[-93.17956054688248,17.33631135241904],[-93.21569576671482,17.331400933407256],[-93.24929518164663,17.366137601231365],[-93.25468376706023,17.423789557777134],[-93.19509235189813,17.478531636389995],[-93.23027664489277,17.507994150460704],[-93.23312942540585,17.5370929297898],[-93.2727513769764,17.536001725564958],[-93.3145921578349,17.506721078865056],[-93.37196474370904,17.501083190370043],[-93.36182152410699,17.528545163361876],[-93.41665830508062,17.59801849901009],[-93.36055362165672,17.66494569146701],[-93.32853908478772,17.66039900719684],[-93.32758815795003,17.616205236090778],[-93.28733225515435,17.608203071775275],[-93.25563469389792,17.555279666870483],[-93.22488805947918,17.597291029526865],[-93.21157508375148,17.564918637523245],[-93.17892659565734,17.560917555365496],[-93.16371176625427,17.587833926244908],[-93.09429410710267,17.585105915682806],[-93.07115488738548,17.66621876306266],[-93.04199313102956,17.687315378076253],[-93.04452893593006,17.62002445087772],[-93.00459000874696,17.578922425075373]]]}},{"type":"Feature","properties":{"cvegeo":"07067","cve_ent":"07","state_code":"CHP","nom_mun":"Pantepec"},"geometry":{"type":"Polygon","coordinates":[[[-93.04706474083058,17.269384159962122],[-93.02963108213955,17.235011226879628],[-93.02487644795107,17.156626390061877],[-92.9757452280036,17.130619356036497],[-92.96908874013975,17.130255621294886],[-92.96560200840155,17.120980385383735],[-93.05086844818135,17.13625724453151],[-93.05277030185674,17.148806093117184],[-93.11236171701884,17.128436947586817],[-93.11996913172038,17.152261573162512],[-93.07147186299804,17.204639375954883],[-93.11331264385653,17.27920499798569],[-93.06576630197188,17.281205539064565],[-93.04706474083058,17.269384159962122]]]}},{"type":"Feature","properties":{"cvegeo":"07066","cve_ent":"07","state_code":"CHP","nom_mun":"Pantelhó"},"geometry":{"type":"Polygon","coordinates":[[[-92.38331780812084,17.100065637740947],[-92.3915591740475,17.072421797378308],[-92.40867585712598,17.061509755129897],[-92.40835888151342,17.009859421820753],[-92.43847156470703,16.98512545939102],[-92.49362532129322,16.968575528647598],[-92.51613058978529,17.0164066471698],[-92.50345156528272,17.05150704973552],[-92.5437074680784,17.072421797378308],[-92.56209205360713,17.098428831403687],[-92.52151917519889,17.13171056026134],[-92.53293029725121,17.092790942908675],[-92.51739849223556,17.06896631733298],[-92.48665185781681,17.132438029744566],[-92.445762003796,17.132983631856987],[-92.38331780812084,17.100065637740947]]]}},{"type":"Feature","properties":{"cvegeo":"07065","cve_ent":"07","state_code":"CHP","nom_mun":"Palenque"},"geometry":{"type":"Polygon","coordinates":[[[-91.78803760772499,17.807165975437965],[-91.78296599792395,17.77733972662564],[-91.8216370226568,17.73187288392393],[-91.82734258368296,17.708411993089847],[-91.87171916944197,17.68349616328931],[-91.85523643758863,17.623298063552244],[-91.85270063268811,17.559644483769848],[-91.87076824260429,17.55018738048789],[-91.82892746174579,17.53290998026124],[-91.73383477797648,17.52199793801283],[-91.6821677531285,17.469256400478844],[-91.67202453352644,17.443976835936695],[-91.62035750867845,17.43142798735102],[-91.55918121545352,17.40032866694305],[-91.55791331300327,17.42233461881068],[-91.51004999550605,17.391962767885936],[-91.41971194592521,17.374139765546865],[-91.41685916541213,17.345404720959383],[-91.38389370170545,17.30975871628124],[-91.42541750695138,17.302120286707353],[-91.43968140951677,17.25101555551063],[-91.42763633623932,17.216642622428136],[-91.35504892096209,17.190635588402756],[-91.34934335993593,17.160263737478015],[-91.32430228654334,17.182815291458063],[-91.27802384710895,17.17899607667112],[-91.26027321280534,17.102975515673858],[-91.30179701805127,17.066783908883295],[-91.30813653030256,17.084606911222366],[-91.27834082272152,17.11497876214711],[-91.35378101851182,17.13043748866569],[-91.36138843321338,17.09588268821239],[-91.38611253099339,17.074786073198798],[-91.44031536074189,17.146441817296694],[-91.47898638547474,17.162991748040117],[-91.49958980029143,17.13116495814892],[-91.44443604370524,17.10388485252789],[-91.45553019014498,17.082788237514297],[-91.52431389807145,17.125527069653906],[-91.5620339959666,17.132983631856987],[-91.52621575174683,17.210822866562317],[-91.55696238616558,17.22228051092315],[-91.62669702092974,17.2210074393275],[-91.63240258195589,17.20591244755053],[-91.68723936292952,17.23828483955415],[-91.72083877786135,17.211004733933123],[-91.74302707074085,17.24828754494853],[-91.91102414539995,17.24883314706095],[-91.94430658471921,17.262836934613077],[-91.98234365822694,17.230100807867842],[-92.00009429253053,17.237011767958503],[-91.992486877829,17.256107841893222],[-91.94874424329511,17.25738091348887],[-91.95096307258306,17.300847215111705],[-91.92465409674023,17.320488891158845],[-91.96332512147308,17.327581718620312],[-91.96522697514845,17.347041527296646],[-91.92528804796535,17.382323797233173],[-91.9496951701328,17.380505123525104],[-91.93448034072972,17.4308823852386],[-91.95603468238409,17.45507074555591],[-92.0137242438708,17.423243955664713],[-92.06095361014289,17.430154915755374],[-92.14907283043578,17.502174394594885],[-92.12022804969243,17.529090765474297],[-92.15255956217399,17.550732982600312],[-92.16523858667657,17.531636908665593],[-92.21627166029943,17.58383284408716],[-92.2467013191056,17.63675624899195],[-92.30692668549283,17.66440008935459],[-92.32119058805823,17.644576545936644],[-92.34908444196388,17.65639792503909],[-92.35035234441415,17.702592237224028],[-92.3284810271472,17.71350427947244],[-92.27459517301126,17.69222579708804],[-92.23116951408994,17.74405799776799],[-92.17189507454042,17.78661496253679],[-92.15192561094887,17.764427143298356],[-92.1861589771058,17.763154071702708],[-92.18330619659272,17.732236618665546],[-92.14114844012167,17.719687770079872],[-92.11388853744114,17.74114811983508],[-92.11293761060344,17.709321329943883],[-92.06856102484444,17.661126476680067],[-92.08599468353547,17.613840960270288],[-92.04098414655134,17.592744345256694],[-92.01752795122158,17.612386021303834],[-92.02703721959851,17.655670455555864],[-92.01182239019542,17.668037436770728],[-91.97695507281334,17.63621064687953],[-91.94113682859357,17.671856651557672],[-91.9585704872846,17.698045552953857],[-91.95254795064588,17.73478276185684],[-91.93131058460408,17.722961382754395],[-91.93796707246793,17.80334676065102],[-91.89771116967225,17.838810897958357],[-91.84857994972478,17.825534579889457],[-91.8235388763322,17.796253933189554],[-91.78803760772499,17.807165975437965]]]}},{"type":"Feature","properties":{"cvegeo":"07064","cve_ent":"07","state_code":"CHP","nom_mun":"Oxchuc"},"geometry":{"type":"Polygon","coordinates":[[[-92.13259009858244,16.747788540488088],[-92.068878000457,16.704685973606864],[-92.14558609869758,16.692137125021194],[-92.22039234326276,16.69686567666217],[-92.30724366110539,16.71596175059689],[-92.33608844184874,16.745424264667598],[-92.39567985701085,16.74833414260051],[-92.40835888151342,16.769976359726524],[-92.37792922270724,16.77943346300848],[-92.36746902749262,16.810350916045643],[-92.445762003796,16.823263499372928],[-92.45432034533525,16.84745185969024],[-92.4555882477855,16.84981613551073],[-92.445762003796,16.868912209445448],[-92.36271439330415,16.8543628197809],[-92.33862424674926,16.885644007559677],[-92.35193722247696,16.90037526459503],[-92.29710044150333,16.90092086670745],[-92.30343995375462,16.88491653807645],[-92.23750902634123,16.823263499372928],[-92.24289761175483,16.79489218952706],[-92.16777439157708,16.78979990314447],[-92.13259009858244,16.747788540488088]]]}},{"type":"Feature","properties":{"cvegeo":"07063","cve_ent":"07","state_code":"CHP","nom_mun":"Osumacinta"},"geometry":{"type":"Polygon","coordinates":[[[-93.066400253197,16.941659157768186],[-93.02487644795107,16.892009365537916],[-93.05942678972059,16.909832367876987],[-93.03755547245365,16.844178247015716],[-93.08098113137497,16.840904634341193],[-93.1091919608932,16.844723849128137],[-93.1072901072178,16.879824251693858],[-93.13486698551091,16.900193397224225],[-93.14088952214964,16.942386627251413],[-93.10412035109216,16.93511193241914],[-93.066400253197,16.941659157768186]]]}},{"type":"Feature","properties":{"cvegeo":"07058","cve_ent":"07","state_code":"CHP","nom_mun":"Nicolás Ruíz"},"geometry":{"type":"Polygon","coordinates":[[[-92.62517020050743,16.47335067794056],[-92.59537449292638,16.47371441268217],[-92.5757220049474,16.435522264812732],[-92.62041556631897,16.407878424450093],[-92.6486263958372,16.41551685402398],[-92.60900444426665,16.439887081712097],[-92.62517020050743,16.47335067794056]]]}},{"type":"Feature","properties":{"cvegeo":"07057","cve_ent":"07","state_code":"CHP","nom_mun":"Motozintla"},"geometry":{"type":"Polygon","coordinates":[[[-92.34116005164978,15.426522091576352],[-92.23845995317893,15.389421147931756],[-92.2146867822366,15.402515598629849],[-92.21310190417378,15.349592193725057],[-92.18552502588068,15.32922304819469],[-92.22261117255071,15.293213308774934],[-92.20993214804814,15.26120465151293],[-92.18425712343043,15.227377320542857],[-92.26793868514741,15.183729151549214],[-92.28632327067615,15.165906149210143],[-92.27618005107408,15.218829554114935],[-92.32689614908438,15.235379484858358],[-92.33386961256079,15.201552153888283],[-92.3703218080057,15.192095050606328],[-92.39346102772289,15.22083009519381],[-92.45210151604729,15.22774105528447],[-92.45051663798448,15.259385977804861],[-92.42547556459189,15.27502657169425],[-92.4555882477855,15.289939696100411],[-92.47112005280115,15.336861477768577],[-92.43403390613113,15.38687500474046],[-92.43086415000549,15.422884744160216],[-92.38743849108417,15.446163767623492],[-92.34116005164978,15.426522091576352]]]}},{"type":"Feature","properties":{"cvegeo":"07056","cve_ent":"07","state_code":"CHP","nom_mun":"Mitontic"},"geometry":{"type":"Polygon","coordinates":[[[-92.51739849223556,16.888190150750972],[-92.53705098021454,16.851816676589603],[-92.63563039572206,16.87673250639014],[-92.60266493201536,16.870730883153517],[-92.56906551708354,16.90092086670745],[-92.51739849223556,16.888190150750972]]]}},{"type":"Feature","properties":{"cvegeo":"07054","cve_ent":"07","state_code":"CHP","nom_mun":"Mazatán"},"geometry":{"type":"Polygon","coordinates":[[[-92.43054717439293,14.95330319273694],[-92.38870639353443,14.90892755426007],[-92.39884961313649,14.834907534341683],[-92.38585361302135,14.809809837170338],[-92.41691722305265,14.799807131775962],[-92.43942249154472,14.760887514423297],[-92.4663654186127,14.757432034377967],[-92.67652024974286,14.97294486878408],[-92.65179615196284,14.955849335928235],[-92.60361585885306,14.951666386399678],[-92.55987322431918,15.0000431070343],[-92.56335995605738,14.955849335928235],[-92.49489322374349,14.966033908693419],[-92.46826727228807,14.932206577723345],[-92.43054717439293,14.95330319273694]]]}},{"type":"Feature","properties":{"cvegeo":"07053","cve_ent":"07","state_code":"CHP","nom_mun":"Mazapa de Madero"},"geometry":{"type":"Polygon","coordinates":[[[-92.1516086353363,15.425794622093125],[-92.12910336684423,15.399969455438553],[-92.20993214804814,15.26120465151293],[-92.22261117255071,15.293213308774934],[-92.18552502588068,15.32922304819469],[-92.21310190417378,15.349592193725057],[-92.2146867822366,15.402515598629849],[-92.20390961140941,15.455075268793028],[-92.16206883055092,15.449073645556402],[-92.1516086353363,15.425794622093125]]]}},{"type":"Feature","properties":{"cvegeo":"07052","cve_ent":"07","state_code":"CHP","nom_mun":"Las Margaritas"},"geometry":{"type":"Polygon","coordinates":[[[-92.0333767318498,16.673768520569702],[-92.0004112681431,16.593565010043882],[-91.92433712112766,16.600112235392928],[-91.91989946255175,16.5488256368254],[-91.85840619371427,16.56664863916447],[-91.82956141297092,16.53609492086892],[-91.78835458333755,16.55209924949992],[-91.76616629045805,16.529911430261485],[-91.76933604658369,16.495356629808185],[-91.71037858264673,16.515907642709358],[-91.67456033842696,16.578651885637722],[-91.65300599677258,16.53609492086892],[-91.61053126468896,16.539914135655863],[-91.59436550844816,16.539368533543442],[-91.57819975220738,16.48699073075107],[-91.53414014206095,16.512088427922414],[-91.50719721499297,16.496629701403833],[-91.46123575117115,16.516271377450973],[-91.43302492165292,16.488081934975913],[-91.44538697054293,16.46225676832134],[-91.42129682398803,16.442978827015814],[-91.435877702166,16.423337150968674],[-91.38896531150647,16.38732741154892],[-91.33571340859567,16.405877883371218],[-91.32715506705642,16.369686276580655],[-91.339834091559,16.329311720261536],[-91.3024309692764,16.31348925900134],[-91.35726775025003,16.290028368167256],[-91.39086716518186,16.228011594722123],[-91.36836189668979,16.20054962173029],[-91.34110199400925,16.202550162809164],[-91.35568287218722,16.14726248208388],[-91.30464979856436,16.107433527877184],[-91.29704238386282,16.074333666390338],[-91.38167487241749,16.074333666390338],[-91.42351565327598,16.117254365900752],[-91.44285116564241,16.09615775088716],[-91.47645058057424,16.095975883516353],[-91.51512160530709,16.140715256734836],[-91.50719721499297,16.163084943344078],[-91.62035750867845,16.217281419844518],[-91.63113467950564,16.25292742452266],[-91.68597146047927,16.26802241629963],[-91.73034804623828,16.26674934470398],[-91.74587985125393,16.222191838856304],[-91.78930551017524,16.214007807169995],[-91.81878424214374,16.242197249645056],[-91.85333458391324,16.227284125238896],[-91.85682131565144,16.254927965601535],[-91.90024697457277,16.268931753153662],[-91.95825351167204,16.261838925692196],[-91.9658609263736,16.305668962056647],[-91.98614736557771,16.284572347043053],[-92.02418443908543,16.282208071222563],[-92.06158756136801,16.29675746088711],[-92.04542180512723,16.332039730823638],[-92.06380639065597,16.36714013338936],[-92.10754902518985,16.394602106381193],[-92.11705829356679,16.421518477260605],[-92.15541234268707,16.4160624561364],[-92.15826512320015,16.45370900189342],[-92.1826722453676,16.452072195556156],[-92.17855156240427,16.49335608872931],[-92.15192561094887,16.54809816734217],[-92.15319351339912,16.63175715791332],[-92.12117897653012,16.66467515202936],[-92.07014590290726,16.658673528792733],[-92.0333767318498,16.673768520569702]]]}},{"type":"Feature","properties":{"cvegeo":"07051","cve_ent":"07","state_code":"CHP","nom_mun":"Mapastepec"},"geometry":{"type":"Polygon","coordinates":[[[-92.829936446224,15.666768888412197],[-92.7668582993237,15.647127212365056],[-92.76305459197293,15.631122883734054],[-92.69997644507262,15.601842237034152],[-92.66479215207798,15.612572411911756],[-92.66289029840259,15.609116931866426],[-92.67303351800464,15.60657078867513],[-92.69680668894698,15.517637644350582],[-92.6920520547585,15.482537241784861],[-92.7560811284965,15.458712616209164],[-92.77383176280011,15.411427099799385],[-92.80299351915603,15.3932403627187],[-92.80996698263245,15.346136713679726],[-92.84039664143863,15.322130220733223],[-92.85244171471606,15.28193753178491],[-92.893965519962,15.24792833344403],[-92.88477322719764,15.222648768901879],[-92.92344425193049,15.246655261848382],[-92.93105166663203,15.231196535329799],[-93.12377283907115,15.408880956608089],[-93.06132864339598,15.45034671715205],[-93.10950893650576,15.48599272183019],[-93.06513235074675,15.514182164305252],[-93.00934464293542,15.486356456571805],[-92.96877176452719,15.510544816889116],[-92.97194152065283,15.605661451821096],[-92.92185937386766,15.591293929527355],[-92.92851586173151,15.638215711195521],[-92.84134756827632,15.632395955329702],[-92.87843371494635,15.67167930742398],[-92.829936446224,15.666768888412197]]]}},{"type":"Feature","properties":{"cvegeo":"07049","cve_ent":"07","state_code":"CHP","nom_mun":"Larráinzar"},"geometry":{"type":"Polygon","coordinates":[[[-92.71107059151237,16.98239744882892],[-92.70980268906212,16.982033714087304],[-92.70916873783699,16.98057877512085],[-92.7126554695752,16.973304080288578],[-92.74213420154368,16.947478913634004],[-92.72184776233956,16.91601585848442],[-92.69141810353338,16.89764725403293],[-92.69680668894698,16.877278108502562],[-92.74054932348086,16.858000167197037],[-92.77858639698857,16.865638596770925],[-92.81472161682092,16.894555508729212],[-92.85149078787838,16.930747115519775],[-92.84990590981556,16.970394202355667],[-92.81884229978425,16.9978561753475],[-92.79126542149115,16.966029385456302],[-92.77858639698857,16.986762265728284],[-92.76020181145985,16.953844271612244],[-92.73516073806726,16.984397989907794],[-92.71107059151237,16.98239744882892]]]}},{"type":"Feature","properties":{"cvegeo":"07047","cve_ent":"07","state_code":"CHP","nom_mun":"Jitotol"},"geometry":{"type":"Polygon","coordinates":[[[-92.83976269021349,17.146259949925888],[-92.82835156816118,17.122617191720998],[-92.7766845433132,17.117706772709212],[-92.76083576268498,17.094973351358355],[-92.78492590923986,17.046414763352928],[-92.81725742172142,17.044414222274053],[-92.81915927539681,17.014406106090924],[-92.8530756659412,17.013860503978503],[-92.86416981238095,17.056417468747306],[-92.90220688588867,17.033320312654837],[-92.93263654469486,17.055144397151658],[-92.92756493489382,17.094609616616744],[-92.95387391073666,17.05841800982618],[-92.98747332566849,17.05568999926408],[-92.98842425250618,17.078787155356547],[-92.94119488623409,17.115888099001143],[-92.96560200840155,17.120980385383735],[-92.96908874013975,17.130255621294886],[-92.98810727689361,17.141895133026523],[-92.96718688646436,17.16808403442271],[-92.91108220304048,17.13443857082344],[-92.83976269021349,17.146259949925888]]]}},{"type":"Feature","properties":{"cvegeo":"07045","cve_ent":"07","state_code":"CHP","nom_mun":"Ixtapangajoya"},"geometry":{"type":"Polygon","coordinates":[[[-92.92059147141741,17.502719996707306],[-92.95038717899845,17.4441587033075],[-92.91393498355356,17.41360498501195],[-92.93453839837024,17.405239085954836],[-92.92978376418178,17.37159362235557],[-92.9579945937,17.376504041367355],[-92.94626649603512,17.401419871167892],[-92.99666561843286,17.45179713288139],[-93.04009127735416,17.478895371131607],[-93.05435517991957,17.492899158683734],[-93.02741225285159,17.495263434504224],[-93.0042730331344,17.555279666870483],[-92.9446816179723,17.483078320660166],[-92.92059147141741,17.502719996707306]]]}},{"type":"Feature","properties":{"cvegeo":"07044","cve_ent":"07","state_code":"CHP","nom_mun":"Ixtapa"},"geometry":{"type":"Polygon","coordinates":[[[-92.81472161682092,16.894555508729212],[-92.83120434867426,16.851089207106376],[-92.81250278753296,16.83017445946359],[-92.82803459254862,16.79198231159415],[-92.81186883630784,16.7747049113675],[-92.8476870805276,16.776887319817185],[-92.87146025146993,16.742696254105496],[-92.85085683665325,16.71141506632672],[-92.8629019099307,16.686681103896987],[-92.87304512953276,16.719053495900607],[-92.95228903267385,16.763611001748284],[-93.01092952099825,16.766884614422807],[-93.0121974234485,16.79889327168481],[-92.97954893535437,16.802712486471755],[-92.96148132543821,16.840359032228772],[-92.9811338134172,16.862728718838014],[-92.93548932520793,16.875459434794493],[-92.89586737363739,16.885644007559677],[-92.90125595905099,16.906013153090043],[-92.85149078787838,16.930747115519775],[-92.81472161682092,16.894555508729212]]]}},{"type":"Feature","properties":{"cvegeo":"07096","cve_ent":"07","state_code":"CHP","nom_mun":"Tila"},"geometry":{"type":"Polygon","coordinates":[[[-92.47936141872783,17.574921342917623],[-92.48094629679065,17.518906192709114],[-92.42167185724112,17.50999469153958],[-92.38997429598469,17.52327100960848],[-92.37634434464442,17.48689753544711],[-92.33165078327285,17.458344358230434],[-92.35066932002671,17.4414306927454],[-92.3880724423093,17.456161949780753],[-92.39599683262341,17.39687318689772],[-92.40201936926213,17.3006653477409],[-92.37634434464442,17.298119204549604],[-92.37951410077007,17.25392543344354],[-92.36366532014185,17.219006898248626],[-92.38109897883288,17.19863775271826],[-92.41818512550292,17.19681907901019],[-92.44037341838242,17.165537891231413],[-92.53071146796326,17.192999864223246],[-92.51137595559683,17.271748435782612],[-92.57794083423535,17.30521203201107],[-92.61058932232947,17.347405262038258],[-92.58713312699972,17.361045314848774],[-92.59727634660177,17.40723962703371],[-92.6299248346959,17.446159244386376],[-92.65940356666438,17.444704305419922],[-92.59410659047613,17.492171689200507],[-92.59727634660177,17.520179264304762],[-92.56304298044482,17.54564069621772],[-92.53007751673813,17.550005513117085],[-92.52025127274864,17.573102669209554],[-92.47936141872783,17.574921342917623]]]}},{"type":"Feature","properties":{"cvegeo":"07085","cve_ent":"07","state_code":"CHP","nom_mun":"Soyaló"},"geometry":{"type":"Polygon","coordinates":[[[-92.90125595905099,16.906013153090043],[-92.89586737363739,16.885644007559677],[-92.93548932520793,16.875459434794493],[-92.99127703301926,16.91037796998941],[-93.00934464293542,16.898920325628577],[-93.02487644795107,16.892009365537916],[-93.066400253197,16.941659157768186],[-93.04104220419185,16.959482160107257],[-93.05784191165777,16.981306244604077],[-92.94404766674717,16.942750361993028],[-92.93992698378383,16.907468092056497],[-92.90125595905099,16.906013153090043]]]}},{"type":"Feature","properties":{"cvegeo":"07046","cve_ent":"07","state_code":"CHP","nom_mun":"Jiquipilas"},"geometry":{"type":"Polygon","coordinates":[[[-93.51080006201222,16.462074900950533],[-93.54059576959327,16.435340397441927],[-93.57578006258791,16.434794795329505],[-93.55581059899636,16.400967464359432],[-93.5963834774046,16.40460481177557],[-93.6496353803154,16.342406170959627],[-93.6496353803154,16.306942033652295],[-93.6737255268703,16.32440130124975],[-93.68862338066083,16.297121195628723],[-93.74758084459779,16.314580463226182],[-93.79227440596937,16.34458857940931],[-93.83253030876504,16.32676557707024],[-93.94632455367564,16.368776939726622],[-93.93110972427255,16.442251357532587],[-93.89434055321509,16.441160153307745],[-93.86010718705813,16.48699073075107],[-93.8337982112153,16.475351219019434],[-93.80748923537246,16.49972144670755],[-93.75804103981241,16.5037225288653],[-93.7412413323465,16.56937664972657],[-93.71746816140418,16.56773984338931],[-93.66009557553004,16.73960450880178],[-93.64329586806411,16.750880285791805],[-93.64551469735207,16.793073515818993],[-93.59416464811665,16.80071194539288],[-93.56310103808534,16.851089207106376],[-93.52981859876608,16.81162398764129],[-93.54154669643097,16.777251054558796],[-93.52855069631583,16.742696254105496],[-93.56405196492304,16.686681103896987],[-93.52855069631583,16.670676775265985],[-93.51935840355146,16.633757698992195],[-93.48290620810656,16.605022654404713],[-93.4968531350594,16.539732268285057],[-93.51713957426351,16.53082076711552],[-93.52601489141531,16.469531463153615],[-93.51080006201222,16.462074900950533]]]}},{"type":"Feature","properties":{"cvegeo":"07017","cve_ent":"07","state_code":"CHP","nom_mun":"Cintalapa"},"geometry":{"type":"Polygon","coordinates":[[[-93.56310103808534,16.851089207106376],[-93.59416464811665,16.80071194539288],[-93.64551469735207,16.793073515818993],[-93.64329586806411,16.750880285791805],[-93.66009557553004,16.73960450880178],[-93.71746816140418,16.56773984338931],[-93.7412413323465,16.56937664972657],[-93.75804103981241,16.5037225288653],[-93.80748923537246,16.49972144670755],[-93.8337982112153,16.475351219019434],[-93.86010718705813,16.48699073075107],[-93.89434055321509,16.441160153307745],[-93.93110972427255,16.442251357532587],[-93.94632455367564,16.368776939726622],[-94.01384035915184,16.381143920941486],[-94.07057899380086,16.425155824676743],[-94.10259353066986,16.407332822337672],[-94.13936270172732,16.461893033579727],[-94.13365714070117,16.475896821131855],[-94.04553792040828,16.694865135583296],[-93.86771460175969,17.13680284664393],[-93.83982074785402,17.120252915900508],[-93.86200904073353,17.108249669427256],[-93.86612972369686,17.061691622500703],[-93.8372849429535,17.053143856072783],[-93.77420679605319,17.009859421820753],[-93.73680367377061,16.952571200016596],[-93.67657830738338,16.936566871385594],[-93.65122025837823,16.906558755202465],[-93.59923625791768,16.89128189605469],[-93.56310103808534,16.851089207106376]]]}},{"type":"Feature","properties":{"cvegeo":"07036","cve_ent":"07","state_code":"CHP","nom_mun":"La Grandeza"},"geometry":{"type":"Polygon","coordinates":[[[-92.18584200149324,15.550191903725008],[-92.2067623919225,15.459985687804812],[-92.2511389776815,15.46816971949112],[-92.23402229460302,15.504906928394103],[-92.2511389776815,15.559103404894543],[-92.18584200149324,15.550191903725008]]]}},{"type":"Feature","properties":{"cvegeo":"07011","cve_ent":"07","state_code":"CHP","nom_mun":"Bella Vista"},"geometry":{"type":"Polygon","coordinates":[[[-92.14875585482322,15.626394332093076],[-92.16016697687553,15.583291765211854],[-92.19725312354556,15.587474714740411],[-92.18584200149324,15.550191903725008],[-92.2511389776815,15.559103404894543],[-92.27269331933587,15.54946443424178],[-92.32214151489592,15.588747786336059],[-92.32214151489592,15.659494193579922],[-92.28378746577563,15.683682553897231],[-92.22609790428892,15.695867667741291],[-92.14875585482322,15.626394332093076]]]}},{"type":"Feature","properties":{"cvegeo":"07078","cve_ent":"07","state_code":"CHP","nom_mun":"San Cristóbal de las Casas"},"geometry":{"type":"MultiPolygon","coordinates":[[[[-92.53673400460198,16.77652358507557],[-92.51137595559683,16.768703288130876],[-92.5151796629476,16.678315204839873],[-92.41850210111548,16.660855937242417],[-92.41628327182752,16.64503347598222],[-92.47238795525142,16.63866811800398],[-92.51739849223556,16.637031311666718],[-92.53990376072763,16.61666216613635],[-92.59695937098921,16.643396669644957],[-92.58301244403637,16.596111153235178],[-92.61090629794204,16.581379896199824],[-92.6166118589682,16.578288150896107],[-92.64704151777437,16.591018866852586],[-92.66510912769054,16.624118728339432],[-92.71011966467468,16.616480298765545],[-92.7126554695752,16.660310335129996],[-92.72026288427674,16.722508975945935],[-92.6920520547585,16.762883532265057],[-92.62929088347077,16.759973654332146],[-92.5979102978269,16.78979990314447],[-92.58015966352329,16.749607214196157],[-92.53356424847634,16.738877039318552],[-92.53673400460198,16.77652358507557]]],[[[-92.37317458851878,16.569922251838992],[-92.37539341780672,16.587017784694837],[-92.36176346646646,16.600475970134543],[-92.34020912481208,16.5781062835253],[-92.35479000299004,16.550826177904273],[-92.37317458851878,16.569922251838992]]]]}}]}