{"type":"FeatureCollection","features":[{"type":"Feature","properties":{"cvegeo":"12006","cve_ent":"12","state_code":"GRO","nom_mun":"Apaxtla"},"geometry":{"type":"Polygon","coordinates":[[[-99.90483211866027,18.210911538629162],[-99.85855367922588,18.205091782763343],[-99.87123270372845,18.055233069218502],[-99.88359475261846,17.973029017613808],[-99.88391172823103,17.973029017613808],[-99.90705094794822,17.938474217160508],[-99.97615163148726,17.96193510799459],[-100.01735846112061,17.94993186152134],[-100.04018070522525,17.97230154813058],[-100.02211309530908,17.992670693660948],[-100.03415816858653,18.04104741429557],[-100.0601501688168,18.019405197169554],[-100.03193933929857,18.001036592718062],[-100.08899494956016,17.98903334624481],[-100.10294187651299,18.021223870877623],[-100.11498694979043,18.11015701520217],[-100.07282919331938,18.126525078574787],[-100.09311563252349,18.205091782763343],[-100.06522177861783,18.206728589100607],[-100.02876958317293,18.235463633688088],[-99.96252168014698,18.228007071485006],[-99.97583465587469,18.246557543307304],[-99.91592626510003,18.230553214676302],[-99.99580411946624,18.20072696586398],[-100.01862636357087,18.20872913017948],[-99.99929085120445,18.1694457780852],[-99.97615163148726,18.187086913053466],[-99.95459728983288,18.168718308601974],[-99.91687719193771,18.181994626670875],[-99.90483211866027,18.210911538629162]]]}},{"type":"Feature","properties":{"cvegeo":"12017","cve_ent":"12","state_code":"GRO","nom_mun":"Cocula"},"geometry":{"type":"Polygon","coordinates":[[[-99.63191611624237,18.29638920290838],[-99.63128216501724,18.289114508076107],[-99.6315991406298,18.256742116072488],[-99.65980997014803,18.258560789780557],[-99.64586304319519,18.22364225458564],[-99.62779543327903,18.245830073824077],[-99.5827848962949,18.25601464658926],[-99.57993211578182,18.22727960200178],[-99.62145592102775,18.19545281211058],[-99.64839884809571,18.201636302718015],[-99.68104733618983,18.16726336963552],[-99.66329670188624,18.142893141947404],[-99.71496372673423,18.113794362618307],[-99.68833777527882,18.018132125573906],[-99.65125162860879,18.012494237078894],[-99.6271614820539,17.953751076308283],[-99.63033123817955,17.95047746363376],[-99.67724362883907,17.957570291095227],[-99.76567982474452,18.00412833802178],[-99.80023016651404,17.998490449526766],[-99.79864528845121,17.978485038738015],[-99.8512632401369,18.006128879100654],[-99.81639592275482,18.009948093887598],[-99.7970604103884,18.0710555304787],[-99.79769436161352,18.124524537495912],[-99.74507640992783,18.187632515165888],[-99.76251006861888,18.187632515165888],[-99.71528070234679,18.243465798003587],[-99.74158967818963,18.308392449381632],[-99.67756060445163,18.326215451720703],[-99.63191611624237,18.29638920290838]]]}},{"type":"Feature","properties":{"cvegeo":"12026","cve_ent":"12","state_code":"GRO","nom_mun":"Cuetzala del Progreso"},"geometry":{"type":"Polygon","coordinates":[[[-99.79864528845121,17.978485038738015],[-99.7970604103884,17.901555140886718],[-99.82241845939355,17.897735926099774],[-99.81702987397995,17.916832000034493],[-99.85633484993792,17.91865067374256],[-99.8610894841264,17.977393834513173],[-99.88359475261846,17.973029017613808],[-99.88391172823103,17.973029017613808],[-99.88359475261846,17.973029017613808],[-99.87123270372845,18.055233069218502],[-99.85855367922588,18.205091782763343],[-99.90483211866027,18.210911538629162],[-99.87186665495358,18.246557543307304],[-99.83287865460817,18.201636302718015],[-99.79801133722609,18.241828991666328],[-99.80466782508994,18.29293372286305],[-99.74158967818963,18.308392449381632],[-99.71528070234679,18.243465798003587],[-99.76251006861888,18.187632515165888],[-99.74507640992783,18.187632515165888],[-99.79769436161352,18.124524537495912],[-99.7970604103884,18.0710555304787],[-99.81639592275482,18.009948093887598],[-99.8512632401369,18.006128879100654],[-99.79864528845121,17.978485038738015]]]}},{"type":"Feature","properties":{"cvegeo":"12028","cve_ent":"12","state_code":"GRO","nom_mun":"Chilapa de Álvarez"},"geometry":{"type":"Polygon","coordinates":[[[-99.07340508690399,17.628572217305642],[-99.07752576986732,17.59474488633557],[-99.02902850114498,17.597836631639286],[-98.9985988423388,17.548914308892243],[-98.91111357327104,17.499264516661974],[-98.88860830477897,17.4759854931987],[-98.88955923161666,17.446159244386376],[-98.95263737851697,17.403420412246767],[-98.94281113452747,17.45925369508447],[-98.9808482080352,17.51563258003459],[-99.01254576929163,17.51454137580975],[-99.05153376963705,17.47998657535645],[-99.04424333054807,17.425062629372782],[-99.05343562331242,17.401965473280313],[-98.99447815937546,17.392508369998357],[-98.95707503709286,17.36868374442266],[-98.99828186672623,17.30121094985332],[-99.00937601316599,17.29611866347073],[-99.04709611106114,17.33813002612711],[-99.08006157476784,17.4308823852386],[-99.12095142878863,17.423789557777134],[-99.13933601431737,17.453797673960263],[-99.1764221609874,17.43961201903733],[-99.22935708828564,17.464709716208674],[-99.23094196634847,17.492535423942122],[-99.28482782048441,17.48689753544711],[-99.2813410887462,17.523998479091706],[-99.26802811301849,17.572557067097133],[-99.28165806435877,17.65221497551053],[-99.23030801512334,17.64494028067826],[-99.21509318572025,17.645667750161486],[-99.19639162457895,17.666036895691853],[-99.13299650206608,17.68349616328931],[-99.08006157476784,17.657852864005545],[-99.07340508690399,17.628572217305642]]]}},{"type":"Feature","properties":{"cvegeo":"12029","cve_ent":"12","state_code":"GRO","nom_mun":"Chilpancingo de los Bravo"},"geometry":{"type":"Polygon","coordinates":[[[-99.46708879770891,17.592016875773467],[-99.41985943143682,17.54054840983513],[-99.40496157764629,17.491262352346475],[-99.40496157764629,17.490716750234053],[-99.40496157764629,17.491262352346475],[-99.4325384559394,17.478531636389995],[-99.42936869981375,17.435974671621192],[-99.44870421218017,17.357953569545057],[-99.47437923679789,17.33631135241904],[-99.46138323668275,17.25101555551063],[-99.46645484648377,17.203911906471657],[-99.50259006631612,17.19500040530212],[-99.53967621298614,17.188998782065497],[-99.61194665265081,17.223007980406376],[-99.63508587236801,17.197000946380996],[-99.66963621413753,17.206276182292147],[-99.66963621413753,17.22973707312623],[-99.71813348285987,17.22682719519332],[-99.72732577562424,17.176449933479823],[-99.80625270315277,17.173540055546916],[-99.85411602064997,17.24519579964481],[-99.83446353267098,17.277204456906816],[-99.86806294760281,17.267019884141632],[-99.91117163091155,17.277750059019237],[-99.92004694806336,17.253016096589505],[-99.95428031422031,17.259017719826133],[-99.97963836322546,17.306485103606718],[-100.03764490032474,17.376504041367355],[-100.04810509553936,17.402874810134346],[-100.05064090043987,17.444886172790728],[-100.01165290009446,17.481987116435324],[-99.9650574850475,17.478531636389995],[-99.95332938738261,17.499810118774395],[-99.89215309415769,17.503993068302954],[-99.89849260640898,17.54564069621772],[-99.86806294760281,17.548732441521437],[-99.84428977666047,17.467619594141585],[-99.79103787374967,17.481441514322903],[-99.74063875135194,17.525817152799775],[-99.73588411716348,17.55782581006178],[-99.68992265334164,17.557462075320167],[-99.68516801915318,17.589652599952977],[-99.63318401869262,17.59874596849332],[-99.51019748101766,17.610021745483344],[-99.46708879770891,17.592016875773467]]]}},{"type":"Feature","properties":{"cvegeo":"12031","cve_ent":"12","state_code":"GRO","nom_mun":"General Canuto A. Neri"},"geometry":{"type":"Polygon","coordinates":[[[-100.06173504687962,18.367681212264664],[-100.10579465702607,18.34385658668897],[-100.13051875480609,18.384958612491314],[-100.15524285258611,18.371500427051608],[-100.17077465760175,18.419331545573808],[-100.19232899925613,18.432789731013514],[-100.21071358478487,18.406055227504908],[-100.22687934102565,18.43078918993464],[-100.18567251139228,18.45497755025195],[-100.15936353554945,18.491532891784125],[-100.08994587639785,18.522086610079675],[-100.07694987628271,18.548821113588282],[-100.0680745591309,18.520449803742416],[-100.00689826590599,18.48371259483943],[-99.99960782681701,18.458796765038894],[-100.04081465645038,18.451703937577427],[-100.01513963183267,18.407873901212977],[-100.04620324186396,18.398234930560214],[-100.06173504687962,18.367681212264664]]]}},{"type":"Feature","properties":{"cvegeo":"12032","cve_ent":"12","state_code":"GRO","nom_mun":"General Heliodoro Castillo"},"geometry":{"type":"Polygon","coordinates":[[[-99.88391172823103,17.973029017613808],[-99.88359475261846,17.973029017613808],[-99.8610894841264,17.977393834513173],[-99.85633484993792,17.91865067374256],[-99.81702987397995,17.916832000034493],[-99.82241845939355,17.897735926099774],[-99.80973943489097,17.890643098638307],[-99.81988265449303,17.800800617459725],[-99.8192487032679,17.80116435220134],[-99.88010802088026,17.75515190738721],[-99.90197933814719,17.721688311158747],[-99.88105894771795,17.705138380415324],[-99.92543553347696,17.691134592863197],[-99.95206148493236,17.664218221983784],[-99.91117163091155,17.64675895438633],[-99.95903494840877,17.620206318248528],[-99.94350314339312,17.561645024848723],[-99.89849260640898,17.54564069621772],[-99.89215309415769,17.503993068302954],[-99.95332938738261,17.499810118774395],[-99.9650574850475,17.478531636389995],[-100.01165290009446,17.481987116435324],[-100.05064090043987,17.444886172790728],[-100.04810509553936,17.402874810134346],[-100.07251221770682,17.399601197459823],[-100.115303925403,17.454343276072684],[-100.13463943776942,17.45816249085963],[-100.17964997475356,17.47416681949063],[-100.1926459748687,17.496718373470678],[-100.21388334091051,17.602928918021878],[-100.1660200234133,17.61766017505723],[-100.1419298768584,17.596745427414444],[-100.13685826705738,17.63039089101371],[-100.15397495013585,17.668219304141534],[-100.14319777930866,17.78097707404178],[-100.16380119412534,17.80334676065102],[-100.12925085235582,17.846449327532245],[-100.15936353554945,17.88409587328926],[-100.16538607218817,17.97175594601816],[-100.1828197308792,18.000854725347256],[-100.10294187651299,18.021223870877623],[-100.08899494956016,17.98903334624481],[-100.03193933929857,18.001036592718062],[-100.0601501688168,18.019405197169554],[-100.03415816858653,18.04104741429557],[-100.02211309530908,17.992670693660948],[-100.04018070522525,17.97230154813058],[-100.01735846112061,17.94993186152134],[-99.97615163148726,17.96193510799459],[-99.90705094794822,17.938474217160508],[-99.88391172823103,17.973029017613808]]]}},{"type":"Feature","properties":{"cvegeo":"12034","cve_ent":"12","state_code":"GRO","nom_mun":"Huitzuco de los Figueroa"},"geometry":{"type":"Polygon","coordinates":[[[-99.07086928200347,18.334945085519433],[-99.066114647815,18.332580809698943],[-99.05438655015013,18.252195431802317],[-99.06421279413962,18.23637297054212],[-99.12538908736454,18.243102063261976],[-99.17071659996124,18.235463633688088],[-99.2128743564323,18.150713438892097],[-99.19258791722818,18.123251465900264],[-99.23189289318616,18.111793821539433],[-99.23791542982488,18.08196757272711],[-99.1862484049769,18.03741006687943],[-99.18561445375177,18.012494237078894],[-99.2128743564323,18.00685634858388],[-99.19036908794023,17.956842821612],[-99.23094196634847,17.907374896752536],[-99.2946540644739,17.931563257069847],[-99.33142323553136,17.91755946951772],[-99.36026801627472,17.92901711387855],[-99.35995104066215,17.999036051639187],[-99.33427601604444,18.046321568048967],[-99.33617786971983,18.08887853281777],[-99.32032908909162,18.1348909776319],[-99.39608626049449,18.155987592645495],[-99.36882635781396,18.184177035120555],[-99.38499211405474,18.204909915392538],[-99.37358099200242,18.248376217015373],[-99.40654645570912,18.271837107849457],[-99.40813133377193,18.337127493969113],[-99.43031962665144,18.330034666507647],[-99.430636602264,18.364043864848526],[-99.40432762642116,18.39387011366085],[-99.30131055233775,18.412420585483147],[-99.30543123530109,18.439700691104175],[-99.26897903985619,18.45315887654388],[-99.20463299050563,18.455159417622756],[-99.13933601431737,18.46407091879229],[-99.12729094103992,18.425696903552048],[-99.06674859904014,18.368226814377085],[-99.07086928200347,18.334945085519433]]]}},{"type":"Feature","properties":{"cvegeo":"12039","cve_ent":"12","state_code":"GRO","nom_mun":"Juan R. Escudero"},"geometry":{"type":"Polygon","coordinates":[[[-99.3212800159293,17.16499228911899],[-99.31462352806545,17.16044560484882],[-99.31684235735341,17.13043748866569],[-99.3257176745052,17.09661015769562],[-99.30765006458904,17.05841800982618],[-99.36724147975113,17.102611780932243],[-99.47437923679789,17.127891345474396],[-99.45536070004403,17.065510837287647],[-99.49878635896535,17.031501638946768],[-99.55837777412744,17.024590678856107],[-99.57042284740488,17.046232895982122],[-99.54411387156205,17.066783908883295],[-99.55552499361436,17.129710019182465],[-99.59578089641003,17.134984172935862],[-99.58975835977131,17.1571719921743],[-99.6262105552162,17.16681096282706],[-99.63508587236801,17.197000946380996],[-99.61194665265081,17.223007980406376],[-99.53967621298614,17.188998782065497],[-99.50259006631612,17.19500040530212],[-99.46645484648377,17.203911906471657],[-99.46138323668275,17.25101555551063],[-99.37167913832704,17.19681907901019],[-99.36090196749984,17.158626931140752],[-99.3212800159293,17.16499228911899]]]}},{"type":"Feature","properties":{"cvegeo":"12040","cve_ent":"12","state_code":"GRO","nom_mun":"Leonardo Bravo"},"geometry":{"type":"Polygon","coordinates":[[[-99.63318401869262,17.59874596849332],[-99.68516801915318,17.589652599952977],[-99.68992265334164,17.557462075320167],[-99.73588411716348,17.55782581006178],[-99.74063875135194,17.525817152799775],[-99.79103787374967,17.481441514322903],[-99.84428977666047,17.467619594141585],[-99.86806294760281,17.548732441521437],[-99.89849260640898,17.54564069621772],[-99.94350314339312,17.561645024848723],[-99.95903494840877,17.620206318248528],[-99.91117163091155,17.64675895438633],[-99.95206148493236,17.664218221983784],[-99.92543553347696,17.691134592863197],[-99.88105894771795,17.705138380415324],[-99.90197933814719,17.721688311158747],[-99.88010802088026,17.75515190738721],[-99.8192487032679,17.80116435220134],[-99.81988265449303,17.800800617459725],[-99.8192487032679,17.80116435220134],[-99.77740792240941,17.744421732509604],[-99.78247953221043,17.71404988158486],[-99.65790811647264,17.725871260687306],[-99.65505533595956,17.67131104944525],[-99.61638431122671,17.67658520319865],[-99.63318401869262,17.59874596849332]]]}},{"type":"Feature","properties":{"cvegeo":"12042","cve_ent":"12","state_code":"GRO","nom_mun":"Mártir de Cuilapan"},"geometry":{"type":"Polygon","coordinates":[[[-99.36026801627472,17.92901711387855],[-99.33142323553136,17.91755946951772],[-99.2946540644739,17.931563257069847],[-99.23094196634847,17.907374896752536],[-99.22206664919666,17.856270165555813],[-99.23728147859975,17.759880459028185],[-99.26897903985619,17.752605764195913],[-99.26802811301849,17.699318624549505],[-99.28482782048441,17.700046094032732],[-99.28165806435877,17.65221497551053],[-99.3257176745052,17.66494569146701],[-99.33364206481932,17.687133510705447],[-99.36946030903908,17.67949508113156],[-99.40369367519604,17.738965711385397],[-99.38911279701807,17.744421732509604],[-99.40337669958348,17.813531333416204],[-99.43222148032683,17.855542696072586],[-99.4848394320125,17.87081955522036],[-99.54157806666153,17.85245095076887],[-99.56186450586564,17.85936191085953],[-99.55837777412744,17.912285315764322],[-99.52541231042075,17.92901711387855],[-99.5000542614156,17.95502414790393],[-99.45567767565659,17.932108859182268],[-99.41098411428501,17.960662036398944],[-99.36026801627472,17.92901711387855]]]}},{"type":"Feature","properties":{"cvegeo":"12044","cve_ent":"12","state_code":"GRO","nom_mun":"Mochitlán"},"geometry":{"type":"Polygon","coordinates":[[[-99.28482782048441,17.48689753544711],[-99.30955191826442,17.433974130542317],[-99.29528801569903,17.424335159889555],[-99.32032908909162,17.386143012020117],[-99.30733308897648,17.310304318393662],[-99.27214879598183,17.290662642346522],[-99.28641269854722,17.243922728049164],[-99.31494050367802,17.215369550832488],[-99.30321240601313,17.19045372103195],[-99.3212800159293,17.16499228911899],[-99.36090196749984,17.158626931140752],[-99.37167913832704,17.19681907901019],[-99.46138323668275,17.25101555551063],[-99.47437923679789,17.33631135241904],[-99.44870421218017,17.357953569545057],[-99.42936869981375,17.435974671621192],[-99.4325384559394,17.478531636389995],[-99.40496157764629,17.491262352346475],[-99.40496157764629,17.490716750234053],[-99.38562606527987,17.473803084749015],[-99.30162752795032,17.504902405156987],[-99.2813410887462,17.523998479091706],[-99.28482782048441,17.48689753544711]]]}},{"type":"Feature","properties":{"cvegeo":"12051","cve_ent":"12","state_code":"GRO","nom_mun":"Quechultenango"},"geometry":{"type":"Polygon","coordinates":[[[-99.00937601316599,17.29611866347073],[-99.01666645225497,17.2661105472876],[-99.05470352576269,17.21700635716975],[-99.09305757488298,17.192999864223246],[-99.16691289261047,17.1917267926276],[-99.18371260007638,17.14953356260041],[-99.19607464896639,17.170630177614004],[-99.2616886007672,17.143895674105398],[-99.29877474743724,17.139348989835227],[-99.31462352806545,17.16044560484882],[-99.3212800159293,17.16499228911899],[-99.30321240601313,17.19045372103195],[-99.31494050367802,17.215369550832488],[-99.28641269854722,17.243922728049164],[-99.27214879598183,17.290662642346522],[-99.30733308897648,17.310304318393662],[-99.32032908909162,17.386143012020117],[-99.29528801569903,17.424335159889555],[-99.30955191826442,17.433974130542317],[-99.28482782048441,17.48689753544711],[-99.23094196634847,17.492535423942122],[-99.22935708828564,17.464709716208674],[-99.1764221609874,17.43961201903733],[-99.13933601431737,17.453797673960263],[-99.12095142878863,17.423789557777134],[-99.08006157476784,17.4308823852386],[-99.04709611106114,17.33813002612711],[-99.00937601316599,17.29611866347073]]]}},{"type":"Feature","properties":{"cvegeo":"12053","cve_ent":"12","state_code":"GRO","nom_mun":"San Marcos"},"geometry":{"type":"Polygon","coordinates":[[[-99.19480674651614,16.780888401974934],[-99.21224040520717,16.64630654757787],[-99.23189289318616,16.63412143373381],[-99.45504372443146,16.681588817514395],[-99.56725309127924,16.689045379717477],[-99.60877689652517,16.68413496070569],[-99.62240684786543,16.730693007632244],[-99.60212040866132,16.7852532188743],[-99.55742684728975,16.81289705923694],[-99.54474782278717,16.806713568629505],[-99.5168539688815,16.869094076816253],[-99.53397065195998,16.924927359653957],[-99.50290704192868,16.930201513407354],[-99.47723201731097,16.963119507523395],[-99.4902280174261,16.99385509318975],[-99.51590304204382,16.978032631929555],[-99.58880743293362,16.971121671838894],[-99.61131270142569,16.988217204694738],[-99.61004479897542,17.020225861956742],[-99.55837777412744,17.024590678856107],[-99.49878635896535,17.031501638946768],[-99.45536070004403,17.065510837287647],[-99.43127055348913,17.052416386589556],[-99.44458352921684,17.01695224928222],[-99.40686343132168,17.005494604921388],[-99.41510479724835,16.9845798572786],[-99.3764337725155,16.96148270118613],[-99.4138368947981,16.944023433588676],[-99.42334616317503,16.916743327967648],[-99.38055445547884,16.894555508729212],[-99.38340723599191,16.920562542754592],[-99.32983835746855,16.90092086670745],[-99.31018586948956,16.865092994658504],[-99.28831455222262,16.88309786436838],[-99.25344723484054,16.83017445946359],[-99.21128947836948,16.812715191866133],[-99.19480674651614,16.780888401974934]]]}},{"type":"Feature","properties":{"cvegeo":"12056","cve_ent":"12","state_code":"GRO","nom_mun":"Tecoanapa"},"geometry":{"type":"Polygon","coordinates":[[[-99.2616886007672,17.143895674105398],[-99.25249630800285,17.07533167531122],[-99.26802811301849,17.04514169175728],[-99.22460245409718,17.022226403035617],[-99.17800703905021,17.03477525162129],[-99.16057338035918,17.001675390134444],[-99.16532801454764,16.882370394885154],[-99.17737308782509,16.824536570968576],[-99.16976567312355,16.792346046335766],[-99.19480674651614,16.780888401974934],[-99.21128947836948,16.812715191866133],[-99.25344723484054,16.83017445946359],[-99.28831455222262,16.88309786436838],[-99.31018586948956,16.865092994658504],[-99.32983835746855,16.90092086670745],[-99.38340723599191,16.920562542754592],[-99.38055445547884,16.894555508729212],[-99.42334616317503,16.916743327967648],[-99.4138368947981,16.944023433588676],[-99.3764337725155,16.96148270118613],[-99.41510479724835,16.9845798572786],[-99.40686343132168,17.005494604921388],[-99.44458352921684,17.01695224928222],[-99.43127055348913,17.052416386589556],[-99.45536070004403,17.065510837287647],[-99.47437923679789,17.127891345474396],[-99.36724147975113,17.102611780932243],[-99.30765006458904,17.05841800982618],[-99.3257176745052,17.09661015769562],[-99.31684235735341,17.13043748866569],[-99.31462352806545,17.16044560484882],[-99.29877474743724,17.139348989835227],[-99.2616886007672,17.143895674105398]]]}},{"type":"Feature","properties":{"cvegeo":"12058","cve_ent":"12","state_code":"GRO","nom_mun":"Teloloapan"},"geometry":{"type":"Polygon","coordinates":[[[-99.96157075330929,18.55282219574603],[-99.9704460704611,18.514448180505788],[-99.94160128971774,18.448248457532095],[-99.91085465529899,18.45497755025195],[-99.90483211866027,18.487531809626375],[-99.83509748389612,18.436972680542073],[-99.81290919101662,18.438609486879333],[-99.81354314224174,18.40532775802168],[-99.78786811762403,18.373500968130482],[-99.75775543443041,18.37477403972613],[-99.70196772661909,18.412784320224763],[-99.64396118951981,18.36659000803982],[-99.65378743350931,18.33840056556476],[-99.62494265276595,18.330034666507647],[-99.63191611624237,18.29638920290838],[-99.67756060445163,18.326215451720703],[-99.74158967818963,18.308392449381632],[-99.80466782508994,18.29293372286305],[-99.79801133722609,18.241828991666328],[-99.83287865460817,18.201636302718015],[-99.87186665495358,18.246557543307304],[-99.90483211866027,18.210911538629162],[-99.91687719193771,18.181994626670875],[-99.95459728983288,18.168718308601974],[-99.97615163148726,18.187086913053466],[-99.99929085120445,18.1694457780852],[-100.01862636357087,18.20872913017948],[-99.99580411946624,18.20072696586398],[-99.91592626510003,18.230553214676302],[-99.97583465587469,18.246557543307304],[-99.96252168014698,18.228007071485006],[-100.02876958317293,18.235463633688088],[-100.06522177861783,18.206728589100607],[-100.09311563252349,18.205091782763343],[-100.07282919331938,18.252195431802317],[-100.06046714442937,18.271291505737036],[-100.09533446181145,18.29002384493014],[-100.06173504687962,18.367681212264664],[-100.04620324186396,18.398234930560214],[-100.01513963183267,18.407873901212977],[-100.04081465645038,18.451703937577427],[-99.99960782681701,18.458796765038894],[-100.00689826590599,18.48371259483943],[-100.0680745591309,18.520449803742416],[-100.07694987628271,18.548821113588282],[-100.0680745591309,18.59101434361547],[-100.02179611969652,18.60374505957195],[-99.96157075330929,18.55282219574603]]]}},{"type":"Feature","properties":{"cvegeo":"12059","cve_ent":"12","state_code":"GRO","nom_mun":"Tepecoacuilco de Trujano"},"geometry":{"type":"Polygon","coordinates":[[[-99.36026801627472,17.92901711387855],[-99.41098411428501,17.960662036398944],[-99.45567767565659,17.932108859182268],[-99.5000542614156,17.95502414790393],[-99.52541231042075,17.92901711387855],[-99.51273328591817,17.956842821612],[-99.4769150416984,17.958843362690875],[-99.45028909024299,17.98957894835723],[-99.45314187075607,18.025770555147794],[-99.47564713924814,18.035409525800556],[-99.48896011497584,17.993943765256596],[-99.53397065195998,17.96138950588217],[-99.57010587179232,17.96775486386041],[-99.58468674997027,17.93665554345244],[-99.622723823478,17.932472593923883],[-99.63033123817955,17.95047746363376],[-99.6271614820539,17.953751076308283],[-99.60085250621106,17.967391129118795],[-99.62906333572928,17.987760274649162],[-99.61258060387594,18.070509928366278],[-99.57929816455669,18.093243349717135],[-99.58658860364567,18.17308312550134],[-99.5453817740123,18.196180281593808],[-99.4902280174261,18.207092323842218],[-99.48642431007534,18.235099898946473],[-99.50924655417997,18.29820787661645],[-99.44870421218017,18.302027091403392],[-99.43031962665144,18.330034666507647],[-99.40813133377193,18.337127493969113],[-99.40654645570912,18.271837107849457],[-99.37358099200242,18.248376217015373],[-99.38499211405474,18.204909915392538],[-99.36882635781396,18.184177035120555],[-99.39608626049449,18.155987592645495],[-99.32032908909162,18.1348909776319],[-99.33617786971983,18.08887853281777],[-99.33427601604444,18.046321568048967],[-99.35995104066215,17.999036051639187],[-99.36026801627472,17.92901711387855]]]}},{"type":"Feature","properties":{"cvegeo":"12061","cve_ent":"12","state_code":"GRO","nom_mun":"Tixtla de Guerrero"},"geometry":{"type":"Polygon","coordinates":[[[-99.28165806435877,17.65221497551053],[-99.26802811301849,17.572557067097133],[-99.2813410887462,17.523998479091706],[-99.30162752795032,17.504902405156987],[-99.38562606527987,17.473803084749015],[-99.40496157764629,17.490716750234053],[-99.40496157764629,17.491262352346475],[-99.41985943143682,17.54054840983513],[-99.46708879770891,17.592016875773467],[-99.42936869981375,17.733509690261194],[-99.40369367519604,17.738965711385397],[-99.36946030903908,17.67949508113156],[-99.33364206481932,17.687133510705447],[-99.3257176745052,17.66494569146701],[-99.28165806435877,17.65221497551053]]]}},{"type":"Feature","properties":{"cvegeo":"12074","cve_ent":"12","state_code":"GRO","nom_mun":"Zitlala"},"geometry":{"type":"Polygon","coordinates":[[[-99.0990801115217,17.849177338094346],[-99.08861991630707,17.820442293506865],[-99.10224986764734,17.75733431583689],[-99.13299650206608,17.68349616328931],[-99.19639162457895,17.666036895691853],[-99.21509318572025,17.645667750161486],[-99.23030801512334,17.64494028067826],[-99.28165806435877,17.65221497551053],[-99.28482782048441,17.700046094032732],[-99.26802811301849,17.699318624549505],[-99.26897903985619,17.752605764195913],[-99.23728147859975,17.759880459028185],[-99.22206664919666,17.856270165555813],[-99.12665698981479,17.829535662047206],[-99.0990801115217,17.849177338094346]]]}},{"type":"Feature","properties":{"cvegeo":"12075","cve_ent":"12","state_code":"GRO","nom_mun":"Eduardo Neri"},"geometry":{"type":"Polygon","coordinates":[[[-99.52541231042075,17.92901711387855],[-99.55837777412744,17.912285315764322],[-99.56186450586564,17.85936191085953],[-99.54157806666153,17.85245095076887],[-99.4848394320125,17.87081955522036],[-99.43222148032683,17.855542696072586],[-99.40337669958348,17.813531333416204],[-99.38911279701807,17.744421732509604],[-99.40369367519604,17.738965711385397],[-99.42936869981375,17.733509690261194],[-99.46708879770891,17.592016875773467],[-99.51019748101766,17.610021745483344],[-99.63318401869262,17.59874596849332],[-99.61638431122671,17.67658520319865],[-99.65505533595956,17.67131104944525],[-99.65790811647264,17.725871260687306],[-99.78247953221043,17.71404988158486],[-99.77740792240941,17.744421732509604],[-99.8192487032679,17.80116435220134],[-99.81988265449303,17.800800617459725],[-99.80973943489097,17.890643098638307],[-99.82241845939355,17.897735926099774],[-99.7970604103884,17.901555140886718],[-99.79864528845121,17.978485038738015],[-99.80023016651404,17.998490449526766],[-99.76567982474452,18.00412833802178],[-99.67724362883907,17.957570291095227],[-99.63033123817955,17.95047746363376],[-99.622723823478,17.932472593923883],[-99.58468674997027,17.93665554345244],[-99.57010587179232,17.96775486386041],[-99.53397065195998,17.96138950588217],[-99.48896011497584,17.993943765256596],[-99.47564713924814,18.035409525800556],[-99.45314187075607,18.025770555147794],[-99.45028909024299,17.98957894835723],[-99.4769150416984,17.958843362690875],[-99.51273328591817,17.956842821612],[-99.52541231042075,17.92901711387855]]]}},{"type":"Feature","properties":{"cvegeo":"12035","cve_ent":"12","state_code":"GRO","nom_mun":"Iguala de la Independencia"},"geometry":{"type":"Polygon","coordinates":[[[-99.52509533480819,18.410420044404272],[-99.5168539688815,18.39387011366085],[-99.45662860249428,18.38750475568261],[-99.430636602264,18.364043864848526],[-99.43031962665144,18.330034666507647],[-99.44870421218017,18.302027091403392],[-99.50924655417997,18.29820787661645],[-99.48642431007534,18.235099898946473],[-99.4902280174261,18.207092323842218],[-99.5453817740123,18.196180281593808],[-99.58658860364567,18.17308312550134],[-99.57929816455669,18.093243349717135],[-99.61258060387594,18.070509928366278],[-99.62906333572928,17.987760274649162],[-99.60085250621106,17.967391129118795],[-99.6271614820539,17.953751076308283],[-99.65125162860879,18.012494237078894],[-99.68833777527882,18.018132125573906],[-99.71496372673423,18.113794362618307],[-99.66329670188624,18.142893141947404],[-99.68104733618983,18.16726336963552],[-99.64839884809571,18.201636302718015],[-99.62145592102775,18.19545281211058],[-99.57993211578182,18.22727960200178],[-99.5827848962949,18.25601464658926],[-99.62779543327903,18.245830073824077],[-99.64586304319519,18.22364225458564],[-99.65980997014803,18.258560789780557],[-99.6315991406298,18.256742116072488],[-99.63128216501724,18.289114508076107],[-99.63191611624237,18.29638920290838],[-99.62494265276595,18.330034666507647],[-99.65378743350931,18.33840056556476],[-99.64396118951981,18.36659000803982],[-99.61258060387594,18.358587843724322],[-99.58120001823207,18.38932342939068],[-99.56440031076616,18.381503132445985],[-99.5409441154364,18.43078918993464],[-99.52509533480819,18.410420044404272]]]}},{"type":"Feature","properties":{"cvegeo":"12021","cve_ent":"12","state_code":"GRO","nom_mun":"Coyuca de Benítez"},"geometry":{"type":"Polygon","coordinates":[[[-100.04810509553936,17.402874810134346],[-100.03764490032474,17.376504041367355],[-99.97963836322546,17.306485103606718],[-99.95428031422031,17.259017719826133],[-99.92004694806336,17.253016096589505],[-99.91117163091155,17.277750059019237],[-99.86806294760281,17.267019884141632],[-99.83446353267098,17.277204456906816],[-99.85411602064997,17.24519579964481],[-99.80625270315277,17.173540055546916],[-99.84555767911074,17.167174697568676],[-99.85158021574946,17.124072130687452],[-99.88422870384359,17.12134412012535],[-99.88391172823103,17.05969108142183],[-99.84841045962382,17.0429592833076],[-99.88074197210538,16.972758478176157],[-99.92448460663925,16.944023433588676],[-99.89025124048231,16.911651041585056],[-99.93335992379106,16.90855929628134],[-99.97076304607366,16.925109227024763],[-100.0024606073301,16.913833450034737],[-100.12100948642916,16.948751985229652],[-100.2290981703136,16.990217745773613],[-100.26142968279517,17.021862668294006],[-100.29946675630289,17.05841800982618],[-100.29946675630289,17.058781744567796],[-100.29946675630289,17.05841800982618],[-100.29946675630289,17.058781744567796],[-100.30041768314058,17.064601500433614],[-100.31151182958033,17.09533708609997],[-100.28742168302544,17.153352777387354],[-100.22085680438693,17.164264819635765],[-100.25001856074284,17.182815291458063],[-100.20754382865923,17.285388488593124],[-100.21420031652308,17.301574684594932],[-100.10674558386376,17.356862365320215],[-100.15714470626149,17.403966014359188],[-100.13463943776942,17.45816249085963],[-100.115303925403,17.454343276072684],[-100.07251221770682,17.399601197459823],[-100.04810509553936,17.402874810134346]]]}},{"type":"Feature","properties":{"cvegeo":"12005","cve_ent":"12","state_code":"GRO","nom_mun":"Alpoyeca"},"geometry":{"type":"Polygon","coordinates":[[[-98.47083444741915,17.677858274794296],[-98.46100820342966,17.63039089101371],[-98.49460761836148,17.615841501349163],[-98.46893259374377,17.590925671548625],[-98.47907581334583,17.5716477302431],[-98.49460761836148,17.563281831185986],[-98.51584498440329,17.60165584642623],[-98.5522971798482,17.61838764454046],[-98.54595766759691,17.648395760723588],[-98.56180644822513,17.685314836997378],[-98.48985298417301,17.703319706707255],[-98.47083444741915,17.677858274794296]]]}},{"type":"Feature","properties":{"cvegeo":"12008","cve_ent":"12","state_code":"GRO","nom_mun":"Atenango del Río"},"geometry":{"type":"Polygon","coordinates":[[[-98.88512157304076,18.166899634893905],[-98.85944654842305,18.12852561965366],[-98.89526479264282,18.119614118484126],[-98.91016264643335,18.070509928366278],[-98.98813864712417,18.057597345038992],[-98.98687074467392,18.086332389626474],[-98.95485620780492,18.109975147831364],[-98.99384420815034,18.119614118484126],[-99.03790381829678,18.09287961497552],[-99.0261757206319,18.124706404866718],[-99.10922333112376,18.097790033987305],[-99.11049123357401,18.003582735909358],[-99.12000050195094,17.999036051639187],[-99.17071659996124,18.04795837438623],[-99.1862484049769,18.03741006687943],[-99.23791542982488,18.08196757272711],[-99.23189289318616,18.111793821539433],[-99.19258791722818,18.123251465900264],[-99.2128743564323,18.150713438892097],[-99.17071659996124,18.235463633688088],[-99.12538908736454,18.243102063261976],[-99.06421279413962,18.23637297054212],[-99.05438655015013,18.252195431802317],[-99.03188128165806,18.27220084259107],[-99.02332294011882,18.248376217015373],[-98.98940654957443,18.2491036864986],[-99.00050069601419,18.190178658357183],[-98.95707503709286,18.18854185201992],[-98.88512157304076,18.166899634893905]]]}},{"type":"Feature","properties":{"cvegeo":"12009","cve_ent":"12","state_code":"GRO","nom_mun":"Atlamajalcingo del Monte"},"geometry":{"type":"Polygon","coordinates":[[[-98.51394313072791,17.333219607115325],[-98.53771630167023,17.290480774975716],[-98.53391259431946,17.254107300814347],[-98.59160215580617,17.188453179953076],[-98.61886205848671,17.18136035249161],[-98.6331259610521,17.219552500361047],[-98.6277373756385,17.284842886480703],[-98.59889259489515,17.28502475385151],[-98.6483407904552,17.316851543742708],[-98.62900527808877,17.33394707659855],[-98.62139786338722,17.34213110828486],[-98.60618303398414,17.326854249137085],[-98.55324810668588,17.34213110828486],[-98.51394313072791,17.333219607115325]]]}},{"type":"Feature","properties":{"cvegeo":"12010","cve_ent":"12","state_code":"GRO","nom_mun":"Atlixtac"},"geometry":{"type":"Polygon","coordinates":[[[-98.76340293781605,17.654761118701828],[-98.76784059639195,17.59238061051508],[-98.80777952357506,17.574921342917623],[-98.79890420642326,17.532182510778014],[-98.83884313360636,17.494717832391803],[-98.79288166978453,17.48053217746887],[-98.7966853771353,17.421970884069065],[-98.86958976802511,17.382323797233173],[-98.8848045974282,17.355043691612146],[-98.91396635378412,17.34031243457679],[-98.93710557350131,17.290480774975716],[-98.99828186672623,17.30121094985332],[-98.95707503709286,17.36868374442266],[-98.95263737851697,17.403420412246767],[-98.88955923161666,17.446159244386376],[-98.88860830477897,17.4759854931987],[-98.91111357327104,17.499264516661974],[-98.9985988423388,17.548914308892243],[-99.02902850114498,17.597836631639286],[-99.07752576986732,17.59474488633557],[-99.07340508690399,17.628572217305642],[-99.03568498900883,17.65985340508442],[-98.99004050079957,17.65530672081425],[-98.86134840209843,17.60674813280882],[-98.82743201155405,17.617478307686426],[-98.79161376733428,17.66094460930926],[-98.76340293781605,17.654761118701828]]]}},{"type":"Feature","properties":{"cvegeo":"12012","cve_ent":"12","state_code":"GRO","nom_mun":"Ayutla de los Libres"},"geometry":{"type":"Polygon","coordinates":[[[-99.18371260007638,17.14953356260041],[-99.14789435585661,17.128436947586817],[-99.01983620838061,17.094064014504323],[-99.01539854980471,17.07114872578266],[-98.96880313475775,17.0589636119386],[-98.98940654957443,17.046232895982122],[-98.94946762239132,17.025863750451755],[-98.92157376848566,16.999311114313954],[-98.90730986592027,16.965847518085496],[-98.85025425565868,16.920198808012977],[-98.88638947549101,16.885098405447255],[-98.95612411025517,16.796347128493515],[-98.99447815937546,16.78161587145816],[-99.08703503824425,16.77652358507557],[-99.13236255084095,16.77652358507557],[-99.16976567312355,16.792346046335766],[-99.17737308782509,16.824536570968576],[-99.16532801454764,16.882370394885154],[-99.16057338035918,17.001675390134444],[-99.17800703905021,17.03477525162129],[-99.22460245409718,17.022226403035617],[-99.26802811301849,17.04514169175728],[-99.25249630800285,17.07533167531122],[-99.2616886007672,17.143895674105398],[-99.19607464896639,17.170630177614004],[-99.18371260007638,17.14953356260041]]]}},{"type":"Feature","properties":{"cvegeo":"12013","cve_ent":"12","state_code":"GRO","nom_mun":"Azoyú"},"geometry":{"type":"Polygon","coordinates":[[[-98.54912742372255,16.795801526381094],[-98.50823756970175,16.79198231159415],[-98.48224556947147,16.73433035504838],[-98.50411688673842,16.683953093334885],[-98.49872830132482,16.645760945465447],[-98.48763415488507,16.58847272366129],[-98.53993513095818,16.569194782355765],[-98.55800274087436,16.51881752064227],[-98.61410742429824,16.507359876281438],[-98.62583552196313,16.530457032373906],[-98.55895366771205,16.557191535882513],[-98.61283952184799,16.641214261195277],[-98.66926118088443,16.657946059309506],[-98.66228771740802,16.692500859762806],[-98.6803553273242,16.746333601521634],[-98.63344293666466,16.762883532265057],[-98.63471083911493,16.794528454785446],[-98.54912742372255,16.795801526381094]]]}},{"type":"Feature","properties":{"cvegeo":"12018","cve_ent":"12","state_code":"GRO","nom_mun":"Copala"},"geometry":{"type":"Polygon","coordinates":[[[-98.85564284107228,16.673950387940508],[-98.849303328821,16.645215343353026],[-98.82616410910379,16.619572044069262],[-98.81348508460121,16.554645392691217],[-98.85691074352253,16.528274623924226],[-98.90762684153283,16.534639981902465],[-99.0803785503804,16.593565010043882],[-99.0483640135114,16.597929826943247],[-99.07055230639091,16.63812251589156],[-99.04202450126012,16.652671905556108],[-98.97609357384673,16.647761486544322],[-98.92759630512438,16.661037804613223],[-98.90223825611923,16.688499777605056],[-98.9266453782867,16.71014199473107],[-98.88321971936537,16.70959639261865],[-98.90001942683128,16.659764733017575],[-98.85564284107228,16.673950387940508]]]}},{"type":"Feature","properties":{"cvegeo":"12019","cve_ent":"12","state_code":"GRO","nom_mun":"Copalillo"},"geometry":{"type":"Polygon","coordinates":[[[-98.85944654842305,18.12852561965366],[-98.86008049964818,18.092152145492292],[-98.86990674363767,18.05705174292657],[-98.90160430489411,18.023406279327304],[-98.88512157304076,17.98503226408706],[-98.90287220734436,17.96266257747782],[-98.87751415833921,17.92447042960838],[-98.93235093931285,17.920651214821437],[-98.93266791492542,17.94774945307166],[-98.96404850056928,17.923742960125153],[-98.9941611837629,17.933381930777916],[-99.04202450126012,17.880458525873124],[-99.08101250160553,17.882459066952],[-99.0990801115217,17.849177338094346],[-99.12665698981479,17.829535662047206],[-99.22206664919666,17.856270165555813],[-99.23094196634847,17.907374896752536],[-99.19036908794023,17.956842821612],[-99.2128743564323,18.00685634858388],[-99.18561445375177,18.012494237078894],[-99.1862484049769,18.03741006687943],[-99.17071659996124,18.04795837438623],[-99.12000050195094,17.999036051639187],[-99.11049123357401,18.003582735909358],[-99.10922333112376,18.097790033987305],[-99.0261757206319,18.124706404866718],[-99.03790381829678,18.09287961497552],[-98.99384420815034,18.119614118484126],[-98.95485620780492,18.109975147831364],[-98.98687074467392,18.086332389626474],[-98.98813864712417,18.057597345038992],[-98.91016264643335,18.070509928366278],[-98.89526479264282,18.119614118484126],[-98.85944654842305,18.12852561965366]]]}},{"type":"Feature","properties":{"cvegeo":"12020","cve_ent":"12","state_code":"GRO","nom_mun":"Copanatoyac"},"geometry":{"type":"Polygon","coordinates":[[[-98.66418957108341,17.47998657535645],[-98.66387259547085,17.429609313642953],[-98.64580498555468,17.446704846498797],[-98.60713396082183,17.423789557777134],[-98.58209288742924,17.36522826437733],[-98.62139786338722,17.34213110828486],[-98.62900527808877,17.33394707659855],[-98.70634732755447,17.340676169318407],[-98.76498781587887,17.34340417988051],[-98.74153162054911,17.43033678312618],[-98.76276898659093,17.488898076525984],[-98.79288166978453,17.48053217746887],[-98.83884313360636,17.494717832391803],[-98.79890420642326,17.532182510778014],[-98.68257415661215,17.51926992745073],[-98.65436332709392,17.49780957769552],[-98.66418957108341,17.47998657535645]]]}},{"type":"Feature","properties":{"cvegeo":"12024","cve_ent":"12","state_code":"GRO","nom_mun":"Cualác"},"geometry":{"type":"Polygon","coordinates":[[[-98.58272683865437,17.712594942618406],[-98.62583552196313,17.6885884496719],[-98.721245181345,17.67131104944525],[-98.72948654727166,17.61766017505723],[-98.7557955231145,17.613295358157867],[-98.76340293781605,17.654761118701828],[-98.7380448888109,17.674039060007352],[-98.7557955231145,17.700046094032732],[-98.73043747410937,17.7204152395631],[-98.70032479091574,17.77643038977161],[-98.71870937644448,17.78734243202002],[-98.67116303455983,17.82753512096833],[-98.60776791204695,17.855724563443392],[-98.6109376681726,17.802073689055373],[-98.60016049734541,17.74114811983508],[-98.58272683865437,17.712594942618406]]]}},{"type":"Feature","properties":{"cvegeo":"12025","cve_ent":"12","state_code":"GRO","nom_mun":"Cuautepec"},"geometry":{"type":"Polygon","coordinates":[[[-98.85564284107228,16.673950387940508],[-98.90001942683128,16.659764733017575],[-98.88321971936537,16.70959639261865],[-98.9266453782867,16.71014199473107],[-98.90223825611923,16.688499777605056],[-98.92759630512438,16.661037804613223],[-98.97609357384673,16.647761486544322],[-99.04202450126012,16.652671905556108],[-99.07055230639091,16.63812251589156],[-99.08798596508194,16.676314663760998],[-99.04265845248524,16.724327649654004],[-99.08703503824425,16.77652358507557],[-98.99447815937546,16.78161587145816],[-98.95612411025517,16.796347128493515],[-98.93742254911388,16.806713568629505],[-98.92601142706157,16.772704370288626],[-98.8661030362869,16.768703288130876],[-98.86229932893613,16.745242397296792],[-98.82616410910379,16.73323915082354],[-98.85564284107228,16.673950387940508]]]}},{"type":"Feature","properties":{"cvegeo":"12030","cve_ent":"12","state_code":"GRO","nom_mun":"Florencio Villarreal"},"geometry":{"type":"Polygon","coordinates":[[[-99.0803785503804,16.593565010043882],[-99.23189289318616,16.63412143373381],[-99.21224040520717,16.64630654757787],[-99.19480674651614,16.780888401974934],[-99.16976567312355,16.792346046335766],[-99.13236255084095,16.77652358507557],[-99.08703503824425,16.77652358507557],[-99.04265845248524,16.724327649654004],[-99.08798596508194,16.676314663760998],[-99.07055230639091,16.63812251589156],[-99.0483640135114,16.597929826943247],[-99.0803785503804,16.593565010043882]]]}},{"type":"Feature","properties":{"cvegeo":"12033","cve_ent":"12","state_code":"GRO","nom_mun":"Huamuxtitlán"},"geometry":{"type":"Polygon","coordinates":[[[-98.47146839864429,17.788615503615667],[-98.49429064274892,17.77279304235547],[-98.48985298417301,17.703319706707255],[-98.56180644822513,17.685314836997378],[-98.58272683865437,17.712594942618406],[-98.60016049734541,17.74114811983508],[-98.6109376681726,17.802073689055373],[-98.60776791204695,17.855724563443392],[-98.62076391216209,17.875366239490532],[-98.56782898486385,17.895007915537672],[-98.5522971798482,17.934109400261143],[-98.51933171614151,17.933381930777916],[-98.51964869175407,17.960116434286522],[-98.47241932548198,17.970846609164127],[-98.48509834998455,17.922469888529506],[-98.51109035021483,17.923561092754348],[-98.50475083796354,17.896462854504126],[-98.53993513095818,17.8904612312675],[-98.51330917950278,17.823170304068967],[-98.47146839864429,17.788615503615667]]]}},{"type":"Feature","properties":{"cvegeo":"12036","cve_ent":"12","state_code":"GRO","nom_mun":"Igualapa"},"geometry":{"type":"Polygon","coordinates":[[[-98.4597403009794,16.8809154559187],[-98.4882681061102,16.85945510616349],[-98.49112088662328,16.818171212990336],[-98.47083444741915,16.830538194205204],[-98.41758254450835,16.799620741168038],[-98.42582391043501,16.761792328040215],[-98.45371776434068,16.731784211857086],[-98.46671376445582,16.681588817514395],[-98.49872830132482,16.645760945465447],[-98.50411688673842,16.683953093334885],[-98.48224556947147,16.73433035504838],[-98.50823756970175,16.79198231159415],[-98.54912742372255,16.795801526381094],[-98.57353454589,16.850543604993955],[-98.5522971798482,16.854726554522514],[-98.52852400890586,16.915652123742806],[-98.4597403009794,16.8809154559187]]]}},{"type":"Feature","properties":{"cvegeo":"12041","cve_ent":"12","state_code":"GRO","nom_mun":"Malinaltepec"},"geometry":{"type":"Polygon","coordinates":[[[-98.62900527808877,17.33394707659855],[-98.6483407904552,17.316851543742708],[-98.59889259489515,17.28502475385151],[-98.6277373756385,17.284842886480703],[-98.6331259610521,17.219552500361047],[-98.61886205848671,17.18136035249161],[-98.58557961916745,17.131528692890534],[-98.57511942395283,17.089699197604958],[-98.61917903409928,17.131528692890534],[-98.64041640014108,17.10170244407821],[-98.69810596162779,17.115160629517916],[-98.75864830362758,17.061509755129897],[-98.72885259604654,17.070966858411854],[-98.69683805917754,17.002948461730092],[-98.70381152265395,16.985671061503442],[-98.70444547387908,16.916925195338454],[-98.75389366943912,16.942932229363834],[-98.77766684038144,17.00604020703381],[-98.809998352863,17.03604832321694],[-98.77925171844427,17.046051028611316],[-98.80302488938659,17.09115413657141],[-98.7966853771353,17.156080787949456],[-98.73043747410937,17.232283216317526],[-98.68764576641317,17.309576848910435],[-98.70634732755447,17.340676169318407],[-98.62900527808877,17.33394707659855]]]}},{"type":"Feature","properties":{"cvegeo":"12045","cve_ent":"12","state_code":"GRO","nom_mun":"Olinalá"},"geometry":{"type":"Polygon","coordinates":[[[-98.81506996266404,18.007947552808723],[-98.68796274202573,17.96193510799459],[-98.64485405871699,17.933381930777916],[-98.62076391216209,17.875366239490532],[-98.60776791204695,17.855724563443392],[-98.67116303455983,17.82753512096833],[-98.71870937644448,17.78734243202002],[-98.70032479091574,17.77643038977161],[-98.73043747410937,17.7204152395631],[-98.7557955231145,17.700046094032732],[-98.78273845018248,17.74460359988041],[-98.81919064562737,17.735692098710874],[-98.83757523115611,17.782977615120654],[-98.80714557234992,17.80971211862926],[-98.83599035309328,17.810439588112487],[-98.85310703617176,17.847358664386277],[-98.90128732928154,17.86281739090486],[-98.92189074409822,17.902282610369944],[-98.98021425681007,17.889551894413465],[-98.96404850056928,17.923742960125153],[-98.93266791492542,17.94774945307166],[-98.93235093931285,17.920651214821437],[-98.87751415833921,17.92447042960838],[-98.90287220734436,17.96266257747782],[-98.88512157304076,17.98503226408706],[-98.90160430489411,18.023406279327304],[-98.86990674363767,18.05705174292657],[-98.81285113337609,18.06469017250046],[-98.7380448888109,18.039956210070727],[-98.81506996266404,18.007947552808723]]]}},{"type":"Feature","properties":{"cvegeo":"12046","cve_ent":"12","state_code":"GRO","nom_mun":"Ometepec"},"geometry":{"type":"Polygon","coordinates":[[[-98.29142625070773,16.747242938375667],[-98.2907922994826,16.74706107100486],[-98.29142625070773,16.747242938375667],[-98.2907922994826,16.74706107100486],[-98.28096605549311,16.749789081566963],[-98.25814381138848,16.779797197750092],[-98.25624195771309,16.745242397296792],[-98.23151785993308,16.736330896127257],[-98.23817434779693,16.70723211679816],[-98.21408420124203,16.618844574586035],[-98.19379776203792,16.62139071777733],[-98.20584283531537,16.585926580469994],[-98.29301112877056,16.557737137994934],[-98.31678429971288,16.569922251838992],[-98.39539425162884,16.546825095746524],[-98.48763415488507,16.58847272366129],[-98.49872830132482,16.645760945465447],[-98.46671376445582,16.681588817514395],[-98.45371776434068,16.731784211857086],[-98.42582391043501,16.761792328040215],[-98.41758254450835,16.799620741168038],[-98.35799112934625,16.777796656671217],[-98.33453493401649,16.781979606199776],[-98.29142625070773,16.747242938375667]]]}},{"type":"Feature","properties":{"cvegeo":"12052","cve_ent":"12","state_code":"GRO","nom_mun":"San Luis Acatlán"},"geometry":{"type":"Polygon","coordinates":[[[-98.70381152265395,16.985671061503442],[-98.6429522050416,16.971121671838894],[-98.56148947261256,17.00604020703381],[-98.53613142360742,16.97876010141278],[-98.56592713118846,16.916925195338454],[-98.52852400890586,16.915652123742806],[-98.5522971798482,16.854726554522514],[-98.57353454589,16.850543604993955],[-98.54912742372255,16.795801526381094],[-98.63471083911493,16.794528454785446],[-98.63344293666466,16.762883532265057],[-98.6803553273242,16.746333601521634],[-98.68447601028753,16.75233522475826],[-98.77734986476888,16.718507893788185],[-98.79510049907249,16.67267731634486],[-98.849303328821,16.645215343353026],[-98.85564284107228,16.673950387940508],[-98.82616410910379,16.73323915082354],[-98.86229932893613,16.745242397296792],[-98.8661030362869,16.768703288130876],[-98.92601142706157,16.772704370288626],[-98.93742254911388,16.806713568629505],[-98.95612411025517,16.796347128493515],[-98.88638947549101,16.885098405447255],[-98.85025425565868,16.920198808012977],[-98.90730986592027,16.965847518085496],[-98.92157376848566,16.999311114313954],[-98.91618518307207,17.034047782138064],[-98.88163484130256,17.074967940569604],[-98.80302488938659,17.09115413657141],[-98.77925171844427,17.046051028611316],[-98.809998352863,17.03604832321694],[-98.77766684038144,17.00604020703381],[-98.75389366943912,16.942932229363834],[-98.70444547387908,16.916925195338454],[-98.70381152265395,16.985671061503442]]]}},{"type":"Feature","properties":{"cvegeo":"12063","cve_ent":"12","state_code":"GRO","nom_mun":"Tlacoapa"},"geometry":{"type":"Polygon","coordinates":[[[-98.70634732755447,17.340676169318407],[-98.68764576641317,17.309576848910435],[-98.73043747410937,17.232283216317526],[-98.7966853771353,17.156080787949456],[-98.80302488938659,17.09115413657141],[-98.88163484130256,17.074967940569604],[-98.84993728004612,17.089153595492537],[-98.84454869463252,17.131528692890534],[-98.85849562158536,17.154443981612197],[-98.85976352403561,17.22555412359767],[-98.81158323092583,17.25792651560129],[-98.82457923104097,17.291026377088137],[-98.76498781587887,17.34340417988051],[-98.70634732755447,17.340676169318407]]]}},{"type":"Feature","properties":{"cvegeo":"12066","cve_ent":"12","state_code":"GRO","nom_mun":"Tlapa de Comonfort"},"geometry":{"type":"Polygon","coordinates":[[[-98.56180644822513,17.685314836997378],[-98.54595766759691,17.648395760723588],[-98.5522971798482,17.61838764454046],[-98.51584498440329,17.60165584642623],[-98.49460761836148,17.563281831185986],[-98.47907581334583,17.5716477302431],[-98.44325756912606,17.554006595274835],[-98.45466869117837,17.530363837069945],[-98.53644839921998,17.49144421971728],[-98.53486352115715,17.481441514322903],[-98.52979191135613,17.440521355891363],[-98.5060187404138,17.454343276072684],[-98.49397366713636,17.383233134087206],[-98.51235825266508,17.342858577768087],[-98.5335956187069,17.343586047251314],[-98.53930117973306,17.37850458244623],[-98.51172430143995,17.41942474087777],[-98.59128518019361,17.420152210360996],[-98.59413796070669,17.419788475619384],[-98.59160215580617,17.45106966339816],[-98.56529317996333,17.46143610353415],[-98.56751200925129,17.46143610353415],[-98.57004781415179,17.500355720886816],[-98.6163262535862,17.478895371131607],[-98.66418957108341,17.47998657535645],[-98.65436332709392,17.49780957769552],[-98.68257415661215,17.51926992745073],[-98.79890420642326,17.532182510778014],[-98.80777952357506,17.574921342917623],[-98.76784059639195,17.59238061051508],[-98.76340293781605,17.654761118701828],[-98.7557955231145,17.613295358157867],[-98.72948654727166,17.61766017505723],[-98.721245181345,17.67131104944525],[-98.62583552196313,17.6885884496719],[-98.58272683865437,17.712594942618406],[-98.56180644822513,17.685314836997378]]]}},{"type":"Feature","properties":{"cvegeo":"12069","cve_ent":"12","state_code":"GRO","nom_mun":"Xalpatláhuac"},"geometry":{"type":"Polygon","coordinates":[[[-98.47432117915737,17.366501335972977],[-98.509505472152,17.333219607115325],[-98.51394313072791,17.333219607115325],[-98.55324810668588,17.34213110828486],[-98.60618303398414,17.326854249137085],[-98.62139786338722,17.34213110828486],[-98.58209288742924,17.36522826437733],[-98.60713396082183,17.423789557777134],[-98.64580498555468,17.446704846498797],[-98.66387259547085,17.429609313642953],[-98.66418957108341,17.47998657535645],[-98.6163262535862,17.478895371131607],[-98.57004781415179,17.500355720886816],[-98.56751200925129,17.46143610353415],[-98.56529317996333,17.46143610353415],[-98.59160215580617,17.45106966339816],[-98.59413796070669,17.419788475619384],[-98.59128518019361,17.420152210360996],[-98.51172430143995,17.41942474087777],[-98.53930117973306,17.37850458244623],[-98.5335956187069,17.343586047251314],[-98.51235825266508,17.342858577768087],[-98.49397366713636,17.383233134087206],[-98.5060187404138,17.454343276072684],[-98.52979191135613,17.440521355891363],[-98.53486352115715,17.481441514322903],[-98.53644839921998,17.49144421971728],[-98.45466869117837,17.530363837069945],[-98.44325756912606,17.457616888747207],[-98.46291005710505,17.45452514344349],[-98.47432117915737,17.366501335972977]]]}},{"type":"Feature","properties":{"cvegeo":"12070","cve_ent":"12","state_code":"GRO","nom_mun":"Xochihuehuetlán"},"geometry":{"type":"Polygon","coordinates":[[[-98.48700020365993,17.99085201995288],[-98.4340652763617,17.983759192491412],[-98.42297112992193,17.94174782983503],[-98.44072176422554,17.92265175590031],[-98.42487298359733,17.86572726883777],[-98.42487298359733,17.839538367441584],[-98.47146839864429,17.788615503615667],[-98.51330917950278,17.823170304068967],[-98.53993513095818,17.8904612312675],[-98.50475083796354,17.896462854504126],[-98.51109035021483,17.923561092754348],[-98.48509834998455,17.922469888529506],[-98.47241932548198,17.970846609164127],[-98.51964869175407,17.960116434286522],[-98.51933171614151,17.933381930777916],[-98.5522971798482,17.934109400261143],[-98.56782898486385,17.895007915537672],[-98.62076391216209,17.875366239490532],[-98.64485405871699,17.933381930777916],[-98.58494566794232,17.973756487097035],[-98.52979191135613,17.975575160805104],[-98.5237693747174,17.9941256326274],[-98.48700020365993,17.99085201995288]]]}},{"type":"Feature","properties":{"cvegeo":"12071","cve_ent":"12","state_code":"GRO","nom_mun":"Xochistlahuaca"},"geometry":{"type":"Polygon","coordinates":[[[-98.02516673615368,17.018952790361094],[-98.03055532156728,17.01567917768657],[-98.0578152242478,17.02386320937288],[-98.09743717581836,16.968939263389213],[-98.11138410277118,16.958936557994836],[-98.08095444396501,16.88491653807645],[-98.07239610242577,16.87345889371562],[-98.10789737103298,16.76161046066941],[-98.13579122493864,16.75742751114085],[-98.13927795667685,16.723600180170777],[-98.23817434779693,16.70723211679816],[-98.23151785993308,16.736330896127257],[-98.25624195771309,16.745242397296792],[-98.25814381138848,16.779797197750092],[-98.24768361617386,16.837812889037476],[-98.20584283531537,16.847088124948627],[-98.14688537137839,16.8490886660275],[-98.13864400545172,16.8703671484119],[-98.18175268876047,16.918743869046523],[-98.23088390870794,16.918198266934102],[-98.2454647868859,16.953116802129017],[-98.21376722562947,16.97548648873826],[-98.23532156728385,16.995855634268626],[-98.1627341520066,16.99549189952701],[-98.13388937126325,17.022226403035617],[-98.08475815131578,17.002766594359287],[-98.06637356578705,17.038048864295813],[-98.08127141957758,17.06660204151249],[-98.07271307803833,17.064237765692],[-98.00773307746265,17.039867538003882],[-98.02516673615368,17.018952790361094]]]}},{"type":"Feature","properties":{"cvegeo":"12072","cve_ent":"12","state_code":"GRO","nom_mun":"Zapotitlán Tablas"},"geometry":{"type":"Polygon","coordinates":[[[-98.76498781587887,17.34340417988051],[-98.82457923104097,17.291026377088137],[-98.81158323092583,17.25792651560129],[-98.85976352403561,17.22555412359767],[-98.85849562158536,17.154443981612197],[-98.91998889042284,17.16808403442271],[-98.90287220734436,17.20554871280892],[-98.93235093931285,17.216097020315715],[-98.93647162227619,17.251743024993857],[-98.89019318284178,17.235011226879628],[-98.86293328016126,17.282478610660213],[-98.82553015787866,17.29939227614525],[-98.85691074352253,17.35431622212892],[-98.8848045974282,17.355043691612146],[-98.86958976802511,17.382323797233173],[-98.7966853771353,17.421970884069065],[-98.79288166978453,17.48053217746887],[-98.76276898659093,17.488898076525984],[-98.74153162054911,17.43033678312618],[-98.76498781587887,17.34340417988051]]]}},{"type":"Feature","properties":{"cvegeo":"12076","cve_ent":"12","state_code":"GRO","nom_mun":"Acatepec"},"geometry":{"type":"Polygon","coordinates":[[[-98.85849562158536,17.154443981612197],[-98.84454869463252,17.131528692890534],[-98.84993728004612,17.089153595492537],[-98.88163484130256,17.074967940569604],[-98.91618518307207,17.034047782138064],[-98.92157376848566,16.999311114313954],[-98.94946762239132,17.025863750451755],[-98.98940654957443,17.046232895982122],[-98.96880313475775,17.0589636119386],[-99.01539854980471,17.07114872578266],[-99.01983620838061,17.094064014504323],[-99.14789435585661,17.128436947586817],[-99.18371260007638,17.14953356260041],[-99.16691289261047,17.1917267926276],[-99.09305757488298,17.192999864223246],[-99.05470352576269,17.21700635716975],[-99.01666645225497,17.2661105472876],[-99.00937601316599,17.29611866347073],[-98.99828186672623,17.30121094985332],[-98.93710557350131,17.290480774975716],[-98.91396635378412,17.34031243457679],[-98.8848045974282,17.355043691612146],[-98.85691074352253,17.35431622212892],[-98.82553015787866,17.29939227614525],[-98.86293328016126,17.282478610660213],[-98.89019318284178,17.235011226879628],[-98.93647162227619,17.251743024993857],[-98.93235093931285,17.216097020315715],[-98.90287220734436,17.20554871280892],[-98.91998889042284,17.16808403442271],[-98.85849562158536,17.154443981612197]]]}},{"type":"Feature","properties":{"cvegeo":"12077","cve_ent":"12","state_code":"GRO","nom_mun":"Marquelia"},"geometry":{"type":"Polygon","coordinates":[[[-98.66926118088443,16.657946059309506],[-98.70571337632934,16.66285647832129],[-98.7665726939417,16.641396128566083],[-98.78844401120864,16.617025900877966],[-98.78115357211965,16.576833211929653],[-98.75706342556477,16.549553106308625],[-98.73867884003603,16.5648299654564],[-98.67908742487393,16.531002634486327],[-98.66355561985829,16.508632947877086],[-98.72314703502038,16.49517476243738],[-98.77576498670606,16.555372862174444],[-98.81348508460121,16.554645392691217],[-98.82616410910379,16.619572044069262],[-98.849303328821,16.645215343353026],[-98.79510049907249,16.67267731634486],[-98.77734986476888,16.718507893788185],[-98.68447601028753,16.75233522475826],[-98.6803553273242,16.746333601521634],[-98.66228771740802,16.692500859762806],[-98.66926118088443,16.657946059309506]]]}},{"type":"Feature","properties":{"cvegeo":"12079","cve_ent":"12","state_code":"GRO","nom_mun":"José Joaquin de Herrera"},"geometry":{"type":"Polygon","coordinates":[[[-98.95263737851697,17.403420412246767],[-98.95707503709286,17.36868374442266],[-98.99447815937546,17.392508369998357],[-99.05343562331242,17.401965473280313],[-99.04424333054807,17.425062629372782],[-99.05153376963705,17.47998657535645],[-99.01254576929163,17.51454137580975],[-98.9808482080352,17.51563258003459],[-98.94281113452747,17.45925369508447],[-98.95263737851697,17.403420412246767]]]}},{"type":"Feature","properties":{"cvegeo":"12080","cve_ent":"12","state_code":"GRO","nom_mun":"Juchitán"},"geometry":{"type":"Polygon","coordinates":[[[-98.62583552196313,16.530457032373906],[-98.66355561985829,16.508632947877086],[-98.67908742487393,16.531002634486327],[-98.73867884003603,16.5648299654564],[-98.75706342556477,16.549553106308625],[-98.78115357211965,16.576833211929653],[-98.78844401120864,16.617025900877966],[-98.7665726939417,16.641396128566083],[-98.70571337632934,16.66285647832129],[-98.66926118088443,16.657946059309506],[-98.61283952184799,16.641214261195277],[-98.55895366771205,16.557191535882513],[-98.62583552196313,16.530457032373906]]]}},{"type":"Feature","properties":{"cvegeo":"12081","cve_ent":"12","state_code":"GRO","nom_mun":"Iliatenco"},"geometry":{"type":"Polygon","coordinates":[[[-98.57511942395283,17.089699197604958],[-98.57575337517795,17.05568999926408],[-98.55546693597384,17.048779039173418],[-98.51933171614151,17.001675390134444],[-98.53613142360742,16.97876010141278],[-98.56148947261256,17.00604020703381],[-98.6429522050416,16.971121671838894],[-98.70381152265395,16.985671061503442],[-98.69683805917754,17.002948461730092],[-98.72885259604654,17.070966858411854],[-98.75864830362758,17.061509755129897],[-98.69810596162779,17.115160629517916],[-98.64041640014108,17.10170244407821],[-98.61917903409928,17.131528692890534],[-98.57511942395283,17.089699197604958]]]}},{"type":"Feature","properties":{"cvegeo":"12023","cve_ent":"12","state_code":"GRO","nom_mun":"Cuajinicuilapa"},"geometry":{"type":"Polygon","coordinates":[[[-98.39539425162884,16.546825095746524],[-98.35704020250856,16.47735176009831],[-98.34974976341958,16.44497936809469],[-98.36623249527293,16.42370088571029],[-98.39951493459218,16.38041645145826],[-98.45403473995324,16.385690605211657],[-98.53866722850793,16.347134722600607],[-98.55261415546076,16.316035402192636],[-98.56877991170154,16.34222430358882],[-98.70286059581626,16.466075983108283],[-98.72314703502038,16.49517476243738],[-98.66355561985829,16.508632947877086],[-98.62583552196313,16.530457032373906],[-98.61410742429824,16.507359876281438],[-98.55800274087436,16.51881752064227],[-98.53993513095818,16.569194782355765],[-98.48763415488507,16.58847272366129],[-98.39539425162884,16.546825095746524]]]}},{"type":"Feature","properties":{"cvegeo":"12062","cve_ent":"12","state_code":"GRO","nom_mun":"Tlacoachistlahuaca"},"geometry":{"type":"Polygon","coordinates":[[[-98.21757093298024,17.186634506245007],[-98.22264254278127,17.122071589608577],[-98.18365454243586,17.117706772709212],[-98.09870507826861,17.08387944173914],[-98.08127141957758,17.06660204151249],[-98.06637356578705,17.038048864295813],[-98.08475815131578,17.002766594359287],[-98.13388937126325,17.022226403035617],[-98.1627341520066,16.99549189952701],[-98.23532156728385,16.995855634268626],[-98.21376722562947,16.97548648873826],[-98.2454647868859,16.953116802129017],[-98.23088390870794,16.918198266934102],[-98.18175268876047,16.918743869046523],[-98.13864400545172,16.8703671484119],[-98.14688537137839,16.8490886660275],[-98.20584283531537,16.847088124948627],[-98.24768361617386,16.837812889037476],[-98.25814381138848,16.779797197750092],[-98.28096605549311,16.749789081566963],[-98.2907922994826,16.74706107100486],[-98.29142625070773,16.747242938375667],[-98.2907922994826,16.74706107100486],[-98.29142625070773,16.747242938375667],[-98.33453493401649,16.781979606199776],[-98.35799112934625,16.777796656671217],[-98.41758254450835,16.799620741168038],[-98.47083444741915,16.830538194205204],[-98.49112088662328,16.818171212990336],[-98.4882681061102,16.85945510616349],[-98.4597403009794,16.8809154559187],[-98.44072176422554,16.891463763425495],[-98.44959708137735,16.92583669650799],[-98.40775630051886,16.897829121403735],[-98.41219395909475,16.965301915973075],[-98.39159054427807,16.949297587342073],[-98.33833864136726,16.966029385456302],[-98.28635464090671,17.013133034495276],[-98.28318488478106,17.033502180025643],[-98.26765307976541,17.05259825396036],[-98.22010673788076,17.041322476970336],[-98.22010673788076,17.06714764362491],[-98.27145678711618,17.085879982818014],[-98.28128303110567,17.122253456979383],[-98.26131356751412,17.134984172935862],[-98.24166107953513,17.14680555203831],[-98.26987190905336,17.16972084075997],[-98.2321518111582,17.202456967505203],[-98.21757093298024,17.186634506245007]]]}},{"type":"Feature","properties":{"cvegeo":"12065","cve_ent":"12","state_code":"GRO","nom_mun":"Tlalixtaquilla de Maldonado"},"geometry":{"type":"Polygon","coordinates":[[[-98.37700966610011,17.605111326471558],[-98.33009727544058,17.533273715002856],[-98.33168215350341,17.519451794821535],[-98.36306273914728,17.50290186407811],[-98.4153637152204,17.538002266643833],[-98.44325756912606,17.554006595274835],[-98.47907581334583,17.5716477302431],[-98.46893259374377,17.590925671548625],[-98.49460761836148,17.615841501349163],[-98.46100820342966,17.63039089101371],[-98.41251093470731,17.600928376943003],[-98.37700966610011,17.605111326471558]]]}},{"type":"Feature","properties":{"cvegeo":"12004","cve_ent":"12","state_code":"GRO","nom_mun":"Alcozauca de Guerrero"},"geometry":{"type":"Polygon","coordinates":[[[-98.4153637152204,17.538002266643833],[-98.36306273914728,17.50290186407811],[-98.33168215350341,17.519451794821535],[-98.31202966552442,17.477440432165153],[-98.33231610472853,17.47180254367014],[-98.33580283646674,17.45634381715156],[-98.30537317766057,17.394327043706426],[-98.2873055677444,17.32885479021596],[-98.30505620204801,17.327581718620312],[-98.3228068363516,17.27465831371552],[-98.28857347019465,17.238648574295766],[-98.24229503076026,17.25046995339821],[-98.20330703041485,17.216097020315715],[-98.21757093298024,17.186634506245007],[-98.2321518111582,17.202456967505203],[-98.26987190905336,17.16972084075997],[-98.28160000671824,17.221553041439922],[-98.35387044638291,17.241558452228674],[-98.35260254393265,17.269929762074543],[-98.3966621540791,17.279023130614885],[-98.39063961744037,17.308303777314787],[-98.43786898371246,17.319397686934003],[-98.47432117915737,17.366501335972977],[-98.46291005710505,17.45452514344349],[-98.44325756912606,17.457616888747207],[-98.45466869117837,17.530363837069945],[-98.44325756912606,17.554006595274835],[-98.4153637152204,17.538002266643833]]]}},{"type":"Feature","properties":{"cvegeo":"12043","cve_ent":"12","state_code":"GRO","nom_mun":"Metlatónoc"},"geometry":{"type":"Polygon","coordinates":[[[-98.43786898371246,17.319397686934003],[-98.39063961744037,17.308303777314787],[-98.3966621540791,17.279023130614885],[-98.35260254393265,17.269929762074543],[-98.35387044638291,17.241558452228674],[-98.28160000671824,17.221553041439922],[-98.26987190905336,17.16972084075997],[-98.24166107953513,17.14680555203831],[-98.26131356751412,17.134984172935862],[-98.28128303110567,17.122253456979383],[-98.27145678711618,17.085879982818014],[-98.22010673788076,17.06714764362491],[-98.22010673788076,17.041322476970336],[-98.26765307976541,17.05259825396036],[-98.28318488478106,17.033502180025643],[-98.29015834825748,17.101884311449016],[-98.33009727544058,17.136620979273125],[-98.39159054427807,17.152625307904128],[-98.42582391043501,17.193181731594052],[-98.39856400775449,17.229918940497036],[-98.4828795206966,17.296300530841535],[-98.53771630167023,17.23137387946349],[-98.52693913084305,17.179359811412734],[-98.53422956993202,17.130255621294886],[-98.52155054542945,17.04514169175728],[-98.49112088662328,16.99149081736926],[-98.46386098394274,16.992218286852488],[-98.41219395909475,16.965301915973075],[-98.40775630051886,16.897829121403735],[-98.44959708137735,16.92583669650799],[-98.44072176422554,16.891463763425495],[-98.4597403009794,16.8809154559187],[-98.52852400890586,16.915652123742806],[-98.56592713118846,16.916925195338454],[-98.53613142360742,16.97876010141278],[-98.51933171614151,17.001675390134444],[-98.55546693597384,17.048779039173418],[-98.57575337517795,17.05568999926408],[-98.57511942395283,17.089699197604958],[-98.58557961916745,17.131528692890534],[-98.61886205848671,17.18136035249161],[-98.59160215580617,17.188453179953076],[-98.53391259431946,17.254107300814347],[-98.53771630167023,17.290480774975716],[-98.51394313072791,17.333219607115325],[-98.509505472152,17.333219607115325],[-98.47432117915737,17.366501335972977],[-98.43786898371246,17.319397686934003]]]}},{"type":"Feature","properties":{"cvegeo":"12078","cve_ent":"12","state_code":"GRO","nom_mun":"Cochoapa el Grande"},"geometry":{"type":"Polygon","coordinates":[[[-98.28318488478106,17.033502180025643],[-98.28635464090671,17.013133034495276],[-98.33833864136726,16.966029385456302],[-98.39159054427807,16.949297587342073],[-98.41219395909475,16.965301915973075],[-98.46386098394274,16.992218286852488],[-98.49112088662328,16.99149081736926],[-98.52155054542945,17.04514169175728],[-98.53422956993202,17.130255621294886],[-98.52693913084305,17.179359811412734],[-98.53771630167023,17.23137387946349],[-98.4828795206966,17.296300530841535],[-98.39856400775449,17.229918940497036],[-98.42582391043501,17.193181731594052],[-98.39159054427807,17.152625307904128],[-98.33009727544058,17.136620979273125],[-98.29015834825748,17.101884311449016],[-98.28318488478106,17.033502180025643]]]}},{"type":"Feature","properties":{"cvegeo":"12002","cve_ent":"12","state_code":"GRO","nom_mun":"Ahuacuotzingo"},"geometry":{"type":"Polygon","coordinates":[[[-98.96404850056928,17.923742960125153],[-98.98021425681007,17.889551894413465],[-98.92189074409822,17.902282610369944],[-98.90128732928154,17.86281739090486],[-98.85310703617176,17.847358664386277],[-98.83599035309328,17.810439588112487],[-98.80714557234992,17.80971211862926],[-98.83757523115611,17.782977615120654],[-98.81919064562737,17.735692098710874],[-98.78273845018248,17.74460359988041],[-98.7557955231145,17.700046094032732],[-98.7380448888109,17.674039060007352],[-98.76340293781605,17.654761118701828],[-98.79161376733428,17.66094460930926],[-98.82743201155405,17.617478307686426],[-98.86134840209843,17.60674813280882],[-98.99004050079957,17.65530672081425],[-99.03568498900883,17.65985340508442],[-99.07340508690399,17.628572217305642],[-99.08006157476784,17.657852864005545],[-99.13299650206608,17.68349616328931],[-99.10224986764734,17.75733431583689],[-99.08861991630707,17.820442293506865],[-99.0990801115217,17.849177338094346],[-99.08101250160553,17.882459066952],[-99.04202450126012,17.880458525873124],[-98.9941611837629,17.933381930777916],[-98.96404850056928,17.923742960125153]]]}},{"type":"Feature","properties":{"cvegeo":"12048","cve_ent":"12","state_code":"GRO","nom_mun":"Petatlán"},"geometry":{"type":"Polygon","coordinates":[[[-100.87858120045794,17.689134051784322],[-100.9029883226254,17.60983987811254],[-100.9039392494631,17.56710104597293],[-100.9448291034839,17.570738393389064],[-100.97525876229008,17.594563018964763],[-100.99617915271932,17.54291268565562],[-100.97335690861469,17.49035301549244],[-101.04182364092858,17.445613642273955],[-101.02787671397576,17.3963275847853],[-101.05260081175578,17.381778195120752],[-101.07859281198606,17.327399851249506],[-101.16639505666637,17.38759795098657],[-101.20570003262436,17.428336242047305],[-101.26434052094876,17.456707551893174],[-101.44343174204762,17.525817152799775],[-101.44057896153454,17.555097799499677],[-101.3920816928122,17.566009841748087],[-101.36196900961858,17.64257600485777],[-101.38098754637244,17.643303474340996],[-101.36957642432013,17.686587908593026],[-101.40634559537759,17.718414698484224],[-101.35975018033064,17.70586584989855],[-101.37559896095885,17.77461171606354],[-101.34073164357677,17.811348924966524],[-101.3191773019224,17.810803322854103],[-101.29001554556648,17.774793583434345],[-101.25007661838337,17.828080723080753],[-101.2231336913154,17.832081805238502],[-101.24817476470798,17.862635523534053],[-101.22028091080232,17.877730515311022],[-101.23042413040437,17.932108859182268],[-101.20062842282333,17.918832541113368],[-101.13691632469789,17.905192488302855],[-101.15593486145175,17.856088298185007],[-101.11346012936814,17.71641415740535],[-101.04911408001757,17.74405799776799],[-101.0532347629809,17.7815226761542],[-100.99808100639471,17.798981943751656],[-100.96511554268803,17.747149743071706],[-100.92422568866722,17.731145414440704],[-100.87858120045794,17.689134051784322]]]}},{"type":"Feature","properties":{"cvegeo":"12003","cve_ent":"12","state_code":"GRO","nom_mun":"Ajuchitlán del Progreso"},"geometry":{"type":"Polygon","coordinates":[[[-100.58506178322337,18.281112343760604],[-100.55146236829154,18.25601464658926],[-100.52134968509793,18.198726424785104],[-100.49567466048022,18.235645501058894],[-100.44876226982069,18.216003825011754],[-100.43766812338094,18.24328393063278],[-100.3891708546586,18.22364225458564],[-100.32260597602009,18.239828450587453],[-100.31690041499392,18.19672588370623],[-100.34764704941267,18.163444154848577],[-100.3802955375068,18.175083666580214],[-100.38885387904604,18.20309124168447],[-100.41864958662708,18.16617216541068],[-100.46619592851174,18.155987592645495],[-100.4256230501035,18.07505661263645],[-100.41896656223965,18.044139159599286],[-100.46841475779968,17.95847962794926],[-100.50138022150638,17.953023606825056],[-100.5029650995692,17.87663931108618],[-100.53180988031255,17.777885328738062],[-100.47950890423944,17.675675866344616],[-100.48267866036508,17.634210105800655],[-100.51279134355869,17.596745427414444],[-100.56192256350617,17.582196037749895],[-100.59520500282542,17.59747289689767],[-100.59647290527568,17.62075192036095],[-100.63641183245879,17.64675895438633],[-100.70995017457372,17.668764906253955],[-100.75147397981965,17.651487506027305],[-100.8202576877461,17.696590613987404],[-100.8630493954423,17.729326740732635],[-100.844347834301,17.819714824023638],[-100.80599378518072,17.85936191085953],[-100.73087056500296,17.912285315764322],[-100.71692363805013,17.978485038738015],[-100.7118520282491,18.087787328592928],[-100.71819154050038,18.109975147831364],[-100.67666773525445,18.10433725933635],[-100.67032822300317,18.126706945945593],[-100.5990087101762,18.168172706489553],[-100.6300723202075,18.21854996820305],[-100.61897817376774,18.28420408906432],[-100.58506178322337,18.281112343760604]]]}},{"type":"Feature","properties":{"cvegeo":"12007","cve_ent":"12","state_code":"GRO","nom_mun":"Arcelia"},"geometry":{"type":"Polygon","coordinates":[[[-100.06173504687962,18.367681212264664],[-100.09533446181145,18.29002384493014],[-100.06046714442937,18.271291505737036],[-100.07282919331938,18.252195431802317],[-100.09311563252349,18.205091782763343],[-100.07282919331938,18.126525078574787],[-100.11498694979043,18.11015701520217],[-100.14826938910969,18.133072303923832],[-100.21166451162256,18.074874745265642],[-100.27188987800979,18.101245514032634],[-100.29946675630289,18.147803560959186],[-100.28171612199928,18.178902881367158],[-100.31690041499392,18.19672588370623],[-100.32260597602009,18.239828450587453],[-100.30770812222956,18.312939133651803],[-100.32355690285777,18.31657648106794],[-100.28742168302544,18.360224650061582],[-100.29185934160134,18.38168499981679],[-100.26808617065902,18.3793207239963],[-100.25794295105696,18.42860678148496],[-100.22687934102565,18.43078918993464],[-100.21071358478487,18.406055227504908],[-100.19232899925613,18.432789731013514],[-100.17077465760175,18.419331545573808],[-100.15524285258611,18.371500427051608],[-100.13051875480609,18.384958612491314],[-100.10579465702607,18.34385658668897],[-100.06173504687962,18.367681212264664]]]}},{"type":"Feature","properties":{"cvegeo":"12011","cve_ent":"12","state_code":"GRO","nom_mun":"Atoyac de Álvarez"},"geometry":{"type":"Polygon","coordinates":[[[-100.1926459748687,17.496718373470678],[-100.17964997475356,17.47416681949063],[-100.13463943776942,17.45816249085963],[-100.15714470626149,17.403966014359188],[-100.10674558386376,17.356862365320215],[-100.21420031652308,17.301574684594932],[-100.20754382865923,17.285388488593124],[-100.25001856074284,17.182815291458063],[-100.22085680438693,17.164264819635765],[-100.28742168302544,17.153352777387354],[-100.31151182958033,17.09533708609997],[-100.30041768314058,17.064601500433614],[-100.35493748850165,17.07296739949073],[-100.35145075676344,17.09715575980804],[-100.3802955375068,17.096064555583197],[-100.38092948873192,17.13116495814892],[-100.4256230501035,17.155717053207844],[-100.53688149011359,17.17135764709723],[-100.51881388019741,17.215369550832488],[-100.52768919734922,17.267565486254053],[-100.49662558731791,17.25738091348887],[-100.48711631894098,17.313032328955764],[-100.50486695324459,17.324489973316595],[-100.45827153819762,17.421243414585838],[-100.4896521238415,17.42451702726036],[-100.49345583119226,17.484351392255814],[-100.46397709922378,17.499264516661974],[-100.48267866036508,17.53290998026124],[-100.47031661147507,17.56419116804002],[-100.39804617181039,17.549459911004664],[-100.2601617803449,17.50290186407811],[-100.1926459748687,17.496718373470678]]]}},{"type":"Feature","properties":{"cvegeo":"12014","cve_ent":"12","state_code":"GRO","nom_mun":"Benito Juárez"},"geometry":{"type":"Polygon","coordinates":[[[-100.53688149011359,17.17135764709723],[-100.4256230501035,17.155717053207844],[-100.38092948873192,17.13116495814892],[-100.3802955375068,17.096064555583197],[-100.35145075676344,17.09715575980804],[-100.35493748850165,17.07296739949073],[-100.30041768314058,17.064601500433614],[-100.29946675630289,17.058781744567796],[-100.29946675630289,17.05841800982618],[-100.29946675630289,17.058781744567796],[-100.29946675630289,17.05841800982618],[-100.26142968279517,17.021862668294006],[-100.2290981703136,16.990217745773613],[-100.43544929409299,17.064055898321193],[-100.61612539325468,17.123344661204225],[-100.54448890481513,17.111887016843394],[-100.52768919734922,17.122799059091804],[-100.56287349034386,17.156626390061877],[-100.53688149011359,17.17135764709723]]]}},{"type":"Feature","properties":{"cvegeo":"12016","cve_ent":"12","state_code":"GRO","nom_mun":"Coahuayutla de José María Izazaga"},"geometry":{"type":"Polygon","coordinates":[[[-101.5014382791469,18.486986207513954],[-101.54137720633001,18.41987714768623],[-101.46625398615225,18.355496098420605],[-101.44311476643506,18.31475780735987],[-101.45040520552404,18.27965740479415],[-101.49129505954484,18.26929096465816],[-101.49636666934586,18.250376758094248],[-101.45547681532507,18.24455700222843],[-101.43043574193248,18.20945659966271],[-101.39810422945092,18.208910997550287],[-101.33756188745113,18.158715603207597],[-101.33502608255061,18.137800855564812],[-101.36672364380705,18.11488556684315],[-101.35214276562908,18.078148357940165],[-101.368942473095,18.061416559825936],[-101.40254188802682,18.028498565709896],[-101.4408959371471,18.0179502582031],[-101.42663203458171,17.99321629577337],[-101.49414784005792,17.981394916670922],[-101.55405623083257,18.011221165483246],[-101.59336120679056,18.00285526642613],[-101.66024306104164,18.023951881439725],[-101.70208384190013,18.076329684232096],[-101.70493662241321,18.061598427196742],[-101.77308637911455,18.090879073896645],[-101.777841013303,18.07505661263645],[-101.88434481912464,18.131435497586573],[-101.9014615022031,18.156533194757916],[-101.87420159952256,18.187814382536693],[-101.8241194527374,18.203273109055274],[-101.81936481854893,18.22673399988936],[-101.90463125832875,18.247830614902952],[-101.89702384362721,18.277111261602855],[-101.86215652624513,18.28838703859288],[-101.86183955063257,18.356223567903832],[-101.8881485264754,18.40987444229185],[-101.8605716481823,18.446066049082415],[-101.88688062402514,18.477165369490386],[-101.87959018493616,18.53918214293552],[-101.8561339896064,18.559551288465887],[-101.8437719407164,18.57428254550124],[-101.77213545227686,18.60374505957195],[-101.713811939565,18.61011041755019],[-101.70335174435039,18.588286333053368],[-101.63900569499982,18.602290120605495],[-101.60540628006801,18.574464412872047],[-101.58797262137696,18.52645142697904],[-101.5014382791469,18.486986207513954]]]}},{"type":"Feature","properties":{"cvegeo":"12027","cve_ent":"12","state_code":"GRO","nom_mun":"Cutzamala de Pinzón"},"geometry":{"type":"Polygon","coordinates":[[[-100.53878334378896,18.843991856407794],[-100.5020141727315,18.830715538338893],[-100.48204470913996,18.79870688107689],[-100.43132861112966,18.783430021929114],[-100.42213631836529,18.763242743769553],[-100.44749436737044,18.701589705066034],[-100.47348636760071,18.69085953018843],[-100.48679934332841,18.639936666362512],[-100.47475427005097,18.619021918719724],[-100.49187095312945,18.52881570279953],[-100.51786295335972,18.506082281448673],[-100.50169719711894,18.473709889445054],[-100.52483641683614,18.426969975147696],[-100.55748490493026,18.39677999159376],[-100.59076734424953,18.41460299393283],[-100.63736275929648,18.457705560814052],[-100.74450051634324,18.518085527921926],[-100.76478695554735,18.56100622743234],[-100.75147397981965,18.633571308384273],[-100.76225115064683,18.68031122268163],[-100.78412246791378,18.687767784884713],[-100.77334529708659,18.732507158103196],[-100.79711846802891,18.74669281302613],[-100.79046198016506,18.825441384585496],[-100.77714900443736,18.85981431766799],[-100.748304223694,18.86781648198349],[-100.70361066232243,18.824350180360653],[-100.70551251599781,18.795615135773172],[-100.62246490550595,18.866907145129456],[-100.6132726127416,18.886912555918208],[-100.5847448076108,18.858177511330727],[-100.53878334378896,18.843991856407794]]]}},{"type":"Feature","properties":{"cvegeo":"12054","cve_ent":"12","state_code":"GRO","nom_mun":"San Miguel Totolapan"},"geometry":{"type":"Polygon","coordinates":[[[-100.31690041499392,18.19672588370623],[-100.28171612199928,18.178902881367158],[-100.29946675630289,18.147803560959186],[-100.27188987800979,18.101245514032634],[-100.21166451162256,18.074874745265642],[-100.14826938910969,18.133072303923832],[-100.11498694979043,18.11015701520217],[-100.10294187651299,18.021223870877623],[-100.1828197308792,18.000854725347256],[-100.16538607218817,17.97175594601816],[-100.15936353554945,17.88409587328926],[-100.12925085235582,17.846449327532245],[-100.16380119412534,17.80334676065102],[-100.14319777930866,17.78097707404178],[-100.15397495013585,17.668219304141534],[-100.13685826705738,17.63039089101371],[-100.1419298768584,17.596745427414444],[-100.1660200234133,17.61766017505723],[-100.21388334091051,17.602928918021878],[-100.1926459748687,17.496718373470678],[-100.2601617803449,17.50290186407811],[-100.39804617181039,17.549459911004664],[-100.47031661147507,17.56419116804002],[-100.46619592851174,17.61020361285415],[-100.48267866036508,17.634210105800655],[-100.47950890423944,17.675675866344616],[-100.53180988031255,17.777885328738062],[-100.5029650995692,17.87663931108618],[-100.50138022150638,17.953023606825056],[-100.46841475779968,17.95847962794926],[-100.41896656223965,18.044139159599286],[-100.4256230501035,18.07505661263645],[-100.46619592851174,18.155987592645495],[-100.41864958662708,18.16617216541068],[-100.38885387904604,18.20309124168447],[-100.3802955375068,18.175083666580214],[-100.34764704941267,18.163444154848577],[-100.31690041499392,18.19672588370623]]]}},{"type":"Feature","properties":{"cvegeo":"12057","cve_ent":"12","state_code":"GRO","nom_mun":"Técpan de Galeana"},"geometry":{"type":"Polygon","coordinates":[[[-100.48267866036508,17.634210105800655],[-100.46619592851174,17.61020361285415],[-100.47031661147507,17.56419116804002],[-100.48267866036508,17.53290998026124],[-100.46397709922378,17.499264516661974],[-100.49345583119226,17.484351392255814],[-100.4896521238415,17.42451702726036],[-100.45827153819762,17.421243414585838],[-100.50486695324459,17.324489973316595],[-100.48711631894098,17.313032328955764],[-100.49662558731791,17.25738091348887],[-100.52768919734922,17.267565486254053],[-100.51881388019741,17.215369550832488],[-100.53688149011359,17.17135764709723],[-100.56287349034386,17.156626390061877],[-100.52768919734922,17.122799059091804],[-100.54448890481513,17.111887016843394],[-100.61612539325468,17.123344661204225],[-100.67508285719164,17.137348448756352],[-100.77017554096095,17.175176861884175],[-100.91598432274054,17.221734908810728],[-101.03389925061448,17.267383618883247],[-101.06464588503323,17.268656690478895],[-101.05038198246783,17.291208244458943],[-101.07859281198606,17.327399851249506],[-101.05260081175578,17.381778195120752],[-101.02787671397576,17.3963275847853],[-101.04182364092858,17.445613642273955],[-100.97335690861469,17.49035301549244],[-100.99617915271932,17.54291268565562],[-100.97525876229008,17.594563018964763],[-100.9448291034839,17.570738393389064],[-100.9039392494631,17.56710104597293],[-100.9029883226254,17.60983987811254],[-100.87858120045794,17.689134051784322],[-100.8202576877461,17.696590613987404],[-100.75147397981965,17.651487506027305],[-100.70995017457372,17.668764906253955],[-100.63641183245879,17.64675895438633],[-100.59647290527568,17.62075192036095],[-100.59520500282542,17.59747289689767],[-100.56192256350617,17.582196037749895],[-100.51279134355869,17.596745427414444],[-100.48267866036508,17.634210105800655]]]}},{"type":"Feature","properties":{"cvegeo":"12064","cve_ent":"12","state_code":"GRO","nom_mun":"Tlalchapa"},"geometry":{"type":"Polygon","coordinates":[[[-100.42974373306683,18.59919837530178],[-100.44939622104582,18.553731532600068],[-100.42974373306683,18.51099270046046],[-100.39614431813501,18.540455214531168],[-100.36191095197806,18.496625178166717],[-100.38536714730782,18.426424373035275],[-100.35937514707754,18.423514495102367],[-100.30612324416674,18.36786307963547],[-100.29185934160134,18.38168499981679],[-100.28742168302544,18.360224650061582],[-100.32355690285777,18.31657648106794],[-100.38061251311936,18.300208417695323],[-100.42055144030246,18.320941297967305],[-100.45510178207198,18.31421220524745],[-100.45446783084685,18.35476862893738],[-100.47316939198815,18.339309902418798],[-100.50074627028124,18.35567796579141],[-100.49979534344355,18.324033043271022],[-100.53593056327588,18.354223026824958],[-100.55970373421822,18.35240435311689],[-100.55748490493026,18.39677999159376],[-100.52483641683614,18.426969975147696],[-100.50169719711894,18.473709889445054],[-100.51786295335972,18.506082281448673],[-100.49187095312945,18.52881570279953],[-100.47475427005097,18.619021918719724],[-100.42974373306683,18.59919837530178]]]}},{"type":"Feature","properties":{"cvegeo":"12067","cve_ent":"12","state_code":"GRO","nom_mun":"Tlapehuala"},"geometry":{"type":"Polygon","coordinates":[[[-100.32355690285777,18.31657648106794],[-100.30770812222956,18.312939133651803],[-100.32260597602009,18.239828450587453],[-100.3891708546586,18.22364225458564],[-100.43766812338094,18.24328393063278],[-100.44876226982069,18.216003825011754],[-100.49567466048022,18.235645501058894],[-100.52134968509793,18.198726424785104],[-100.55146236829154,18.25601464658926],[-100.58506178322337,18.281112343760604],[-100.56350744156899,18.30966552097728],[-100.56667719769463,18.35349555734173],[-100.53593056327588,18.354223026824958],[-100.49979534344355,18.324033043271022],[-100.50074627028124,18.35567796579141],[-100.47316939198815,18.339309902418798],[-100.45446783084685,18.35476862893738],[-100.45510178207198,18.31421220524745],[-100.42055144030246,18.320941297967305],[-100.38061251311936,18.300208417695323],[-100.32355690285777,18.31657648106794]]]}},{"type":"Feature","properties":{"cvegeo":"12022","cve_ent":"12","state_code":"GRO","nom_mun":"Coyuca de Catalán"},"geometry":{"type":"Polygon","coordinates":[[[-100.82469534632202,18.474255491557475],[-100.79331476067814,18.477165369490386],[-100.7758811019871,18.437882017396106],[-100.73689310164168,18.42678810777689],[-100.71755758927526,18.399508002155862],[-100.68776188169421,18.40896510543782],[-100.68395817434345,18.386777286199383],[-100.70678041844808,18.35240435311689],[-100.68205632066805,18.3154852768431],[-100.66589056442727,18.343310984576547],[-100.61707632009237,18.298571611358064],[-100.61897817376774,18.28420408906432],[-100.6300723202075,18.21854996820305],[-100.5990087101762,18.168172706489553],[-100.67032822300317,18.126706945945593],[-100.67666773525445,18.10433725933635],[-100.71819154050038,18.109975147831364],[-100.7118520282491,18.087787328592928],[-100.71692363805013,17.978485038738015],[-100.73087056500296,17.912285315764322],[-100.80599378518072,17.85936191085953],[-100.844347834301,17.819714824023638],[-100.8630493954423,17.729326740732635],[-100.8202576877461,17.696590613987404],[-100.87858120045794,17.689134051784322],[-100.92422568866722,17.731145414440704],[-100.96511554268803,17.747149743071706],[-100.99808100639471,17.798981943751656],[-101.0532347629809,17.7815226761542],[-101.04911408001757,17.74405799776799],[-101.11346012936814,17.71641415740535],[-101.15593486145175,17.856088298185007],[-101.13691632469789,17.905192488302855],[-101.20062842282333,17.918832541113368],[-101.22186578886514,17.954842280533125],[-101.2079188619123,18.000309123234835],[-101.24120130123157,18.017040921349064],[-101.24151827684413,18.039046873216694],[-101.29445320414237,18.034500188946524],[-101.30998500915803,18.054505599735275],[-101.368942473095,18.061416559825936],[-101.35214276562908,18.078148357940165],[-101.36672364380705,18.11488556684315],[-101.33502608255061,18.137800855564812],[-101.33756188745113,18.158715603207597],[-101.2719479356503,18.145075550397085],[-101.22535252060335,18.163626022219383],[-101.19333798373435,18.139437661902072],[-101.06813261677144,18.11197568891024],[-101.04055573847833,18.164717226444225],[-101.03960481164064,18.192906668919285],[-100.98540198189214,18.218368100832244],[-100.96955320126392,18.282203547985446],[-100.9768436403529,18.310938592572928],[-100.94546305470902,18.331307738103295],[-100.93405193265671,18.373500968130482],[-100.94356120103365,18.41805847397816],[-100.92105593254158,18.445520446969994],[-100.87382656626949,18.492078493896546],[-100.82469534632202,18.474255491557475]]]}},{"type":"Feature","properties":{"cvegeo":"12073","cve_ent":"12","state_code":"GRO","nom_mun":"Zirándaro"},"geometry":{"type":"Polygon","coordinates":[[[-100.92105593254158,18.445520446969994],[-100.94356120103365,18.41805847397816],[-100.93405193265671,18.373500968130482],[-100.94546305470902,18.331307738103295],[-100.9768436403529,18.310938592572928],[-100.96955320126392,18.282203547985446],[-100.98540198189214,18.218368100832244],[-101.03960481164064,18.192906668919285],[-101.04055573847833,18.164717226444225],[-101.06813261677144,18.11197568891024],[-101.19333798373435,18.139437661902072],[-101.22535252060335,18.163626022219383],[-101.2719479356503,18.145075550397085],[-101.33756188745113,18.158715603207597],[-101.39810422945092,18.208910997550287],[-101.43043574193248,18.20945659966271],[-101.45547681532507,18.24455700222843],[-101.49636666934586,18.250376758094248],[-101.49129505954484,18.26929096465816],[-101.45040520552404,18.27965740479415],[-101.44311476643506,18.31475780735987],[-101.46625398615225,18.355496098420605],[-101.54137720633001,18.41987714768623],[-101.5014382791469,18.486986207513954],[-101.48146881555535,18.490259820188477],[-101.43804315663402,18.49135102441332],[-101.41110022956606,18.510628965718844],[-101.36957642432013,18.499716923470434],[-101.36418783890653,18.51826739529273],[-101.28114022841467,18.544638164059727],[-101.21267349610078,18.536635999744224],[-101.18794939832075,18.517539925809505],[-101.08873603158811,18.505900414077868],[-101.00949212844702,18.525542090125008],[-101.004420518646,18.49135102441332],[-100.97557573790264,18.48316699272701],[-100.96670042075084,18.453704478656302],[-100.92105593254158,18.445520446969994]]]}},{"type":"Feature","properties":{"cvegeo":"12068","cve_ent":"12","state_code":"GRO","nom_mun":"La Unión de Isidoro Montes de Oca"},"geometry":{"type":"Polygon","coordinates":[[[-101.49414784005792,17.981394916670922],[-101.50048735230921,17.917923204259335],[-101.52616237692692,17.906101825156888],[-101.56800315778541,17.9250160317208],[-101.56039574308386,17.883732138547646],[-101.5280642306023,17.819896691394444],[-101.593044231178,17.843175714857722],[-101.58987447505235,17.82698951885591],[-101.65739028052856,17.82753512096833],[-101.63932267061239,17.815350007124273],[-101.68084647585832,17.780795206670973],[-101.71539681762783,17.773884246580312],[-101.7477283301094,17.793162187885837],[-101.78418052555429,17.86445419724212],[-101.82633828202536,17.897735926099774],[-101.96802638084162,17.96830046597283],[-102.0393458936686,17.988669611503198],[-102.1014731137312,17.981758651412537],[-102.13729135795099,17.94011102349777],[-102.13792530917611,17.969755404939285],[-102.17342657778332,17.98957894835723],[-102.18452072422306,18.061598427196742],[-102.162015455731,18.164171624331804],[-102.13158579692482,18.188905586761535],[-102.05836443042246,18.19490720999816],[-102.03807799121834,18.20818352806706],[-101.97816960044368,18.207092323842218],[-101.96929428329187,18.233099357867598],[-101.92903838049621,18.23128068415953],[-101.90463125832875,18.247830614902952],[-101.81936481854893,18.22673399988936],[-101.8241194527374,18.203273109055274],[-101.87420159952256,18.187814382536693],[-101.9014615022031,18.156533194757916],[-101.88434481912464,18.131435497586573],[-101.777841013303,18.07505661263645],[-101.77308637911455,18.090879073896645],[-101.70493662241321,18.061598427196742],[-101.70208384190013,18.076329684232096],[-101.66024306104164,18.023951881439725],[-101.59336120679056,18.00285526642613],[-101.55405623083257,18.011221165483246],[-101.49414784005792,17.981394916670922]]]}},{"type":"Feature","properties":{"cvegeo":"12037","cve_ent":"12","state_code":"GRO","nom_mun":"Ixcateopan de Cuauhtémoc"},"geometry":{"type":"Polygon","coordinates":[[[-99.70196772661909,18.412784320224763],[-99.75775543443041,18.37477403972613],[-99.78786811762403,18.373500968130482],[-99.81354314224174,18.40532775802168],[-99.81290919101662,18.438609486879333],[-99.83509748389612,18.436972680542073],[-99.84682558156099,18.477165369490386],[-99.81354314224174,18.526269559608235],[-99.76219309300632,18.55282219574603],[-99.72193719021064,18.534453591294543],[-99.6902396289542,18.46316158193826],[-99.70196772661909,18.412784320224763]]]}},{"type":"Feature","properties":{"cvegeo":"12047","cve_ent":"12","state_code":"GRO","nom_mun":"Pedro Ascencio Alquisiras"},"geometry":{"type":"Polygon","coordinates":[[[-99.78596626394864,18.63939106425009],[-99.76821562964504,18.61011041755019],[-99.76219309300632,18.55282219574603],[-99.81354314224174,18.526269559608235],[-99.84682558156099,18.477165369490386],[-99.83509748389612,18.436972680542073],[-99.90483211866027,18.487531809626375],[-99.91085465529899,18.45497755025195],[-99.94160128971774,18.448248457532095],[-99.9704460704611,18.514448180505788],[-99.96157075330929,18.55282219574603],[-99.94286919216799,18.589741272019822],[-99.88803241119436,18.61884005134892],[-99.85855367922588,18.612656560741485],[-99.78596626394864,18.63939106425009]]]}},{"type":"Feature","properties":{"cvegeo":"12049","cve_ent":"12","state_code":"GRO","nom_mun":"Pilcaya"},"geometry":{"type":"Polygon","coordinates":[[[-99.5808830426195,18.730142882282706],[-99.57105679863001,18.706863858819432],[-99.53333670073485,18.694133142862952],[-99.49434870038944,18.720322044259138],[-99.48071874904917,18.68449417221019],[-99.49149591987636,18.660487679263685],[-99.49181289548892,18.645028952745104],[-99.5374573836982,18.65212178020657],[-99.56661914005412,18.676855742636302],[-99.61448245755133,18.655940994993514],[-99.64079143339417,18.691586999671657],[-99.67629270200138,18.677765079490335],[-99.68041338496471,18.69995289872877],[-99.71718255602218,18.705590787223784],[-99.73873689767655,18.737417577114982],[-99.67217201903804,18.713411084168477],[-99.70925816570806,18.768880632264565],[-99.69721309243062,18.786158032491215],[-99.66139484821085,18.771244908085055],[-99.63128216501724,18.720322044259138],[-99.62335777470312,18.73869064871063],[-99.5808830426195,18.730142882282706]]]}},{"type":"Feature","properties":{"cvegeo":"12060","cve_ent":"12","state_code":"GRO","nom_mun":"Tetipac"},"geometry":{"type":"Polygon","coordinates":[[[-99.5374573836982,18.65212178020657],[-99.55742684728975,18.613202162853906],[-99.59799972569797,18.60847361121293],[-99.62050499419006,18.58010230136706],[-99.63128216501724,18.604108794313564],[-99.66741738484957,18.58064790347948],[-99.69626216559293,18.620840592427793],[-99.76821562964504,18.61011041755019],[-99.78596626394864,18.63939106425009],[-99.77201933699581,18.686494713289065],[-99.73873689767655,18.737417577114982],[-99.71718255602218,18.705590787223784],[-99.68041338496471,18.69995289872877],[-99.67629270200138,18.677765079490335],[-99.64079143339417,18.691586999671657],[-99.61448245755133,18.655940994993514],[-99.56661914005412,18.676855742636302],[-99.5374573836982,18.65212178020657]]]}},{"type":"Feature","properties":{"cvegeo":"12055","cve_ent":"12","state_code":"GRO","nom_mun":"Taxco de Alarcón"},"geometry":{"type":"Polygon","coordinates":[[[-99.4645529928084,18.643755881149456],[-99.4636020659707,18.642482809553808],[-99.4537758219812,18.609928550179383],[-99.41985943143682,18.590286874132243],[-99.42302918756246,18.562097431657183],[-99.46486996842096,18.566098513814932],[-99.49783543212764,18.53699973448584],[-99.49339777355175,18.462070377713417],[-99.52509533480819,18.410420044404272],[-99.5409441154364,18.43078918993464],[-99.56440031076616,18.381503132445985],[-99.58120001823207,18.38932342939068],[-99.61258060387594,18.358587843724322],[-99.64396118951981,18.36659000803982],[-99.70196772661909,18.412784320224763],[-99.6902396289542,18.46316158193826],[-99.72193719021064,18.534453591294543],[-99.76219309300632,18.55282219574603],[-99.76821562964504,18.61011041755019],[-99.69626216559293,18.620840592427793],[-99.66741738484957,18.58064790347948],[-99.63128216501724,18.604108794313564],[-99.62050499419006,18.58010230136706],[-99.59799972569797,18.60847361121293],[-99.55742684728975,18.613202162853906],[-99.5374573836982,18.65212178020657],[-99.49181289548892,18.645028952745104],[-99.49149591987636,18.660487679263685],[-99.48071874904917,18.68449417221019],[-99.4645529928084,18.643755881149456]]]}},{"type":"Feature","properties":{"cvegeo":"12015","cve_ent":"12","state_code":"GRO","nom_mun":"Buenavista de Cuéllar"},"geometry":{"type":"Polygon","coordinates":[[[-99.42302918756246,18.562097431657183],[-99.37928655302858,18.520449803742416],[-99.35741523576164,18.46770826620843],[-99.32825347940572,18.488804881222023],[-99.32825347940572,18.45952423452212],[-99.26897903985619,18.45315887654388],[-99.30543123530109,18.439700691104175],[-99.30131055233775,18.412420585483147],[-99.40432762642116,18.39387011366085],[-99.430636602264,18.364043864848526],[-99.45662860249428,18.38750475568261],[-99.5168539688815,18.39387011366085],[-99.52509533480819,18.410420044404272],[-99.49339777355175,18.462070377713417],[-99.49783543212764,18.53699973448584],[-99.46486996842096,18.566098513814932],[-99.42302918756246,18.562097431657183]]]}},{"type":"Feature","properties":{"cvegeo":"12050","cve_ent":"12","state_code":"GRO","nom_mun":"Pungarabato"},"geometry":{"type":"Polygon","coordinates":[[[-100.55748490493026,18.39677999159376],[-100.55970373421822,18.35240435311689],[-100.53593056327588,18.354223026824958],[-100.56667719769463,18.35349555734173],[-100.56350744156899,18.30966552097728],[-100.58506178322337,18.281112343760604],[-100.61897817376774,18.28420408906432],[-100.61707632009237,18.298571611358064],[-100.66589056442727,18.343310984576547],[-100.68205632066805,18.3154852768431],[-100.70678041844808,18.35240435311689],[-100.68395817434345,18.386777286199383],[-100.64275134471008,18.346220862509455],[-100.59076734424953,18.41460299393283],[-100.55748490493026,18.39677999159376]]]}},{"type":"Feature","properties":{"cvegeo":"12038","cve_ent":"12","state_code":"GRO","nom_mun":"Zihuatanejo de Azueta"},"geometry":{"type":"Polygon","coordinates":[[[-101.20062842282333,17.918832541113368],[-101.23042413040437,17.932108859182268],[-101.22028091080232,17.877730515311022],[-101.24817476470798,17.862635523534053],[-101.2231336913154,17.832081805238502],[-101.25007661838337,17.828080723080753],[-101.29001554556648,17.774793583434345],[-101.3191773019224,17.810803322854103],[-101.34073164357677,17.811348924966524],[-101.37559896095885,17.77461171606354],[-101.35975018033064,17.70586584989855],[-101.40634559537759,17.718414698484224],[-101.36957642432013,17.686587908593026],[-101.38098754637244,17.643303474340996],[-101.36196900961858,17.64257600485777],[-101.3920816928122,17.566009841748087],[-101.44057896153454,17.555097799499677],[-101.45579379093763,17.5796498945586],[-101.51728705977511,17.623843665664666],[-101.54327906000539,17.618205777169653],[-101.5955800360785,17.63439197317146],[-101.60255349955493,17.657307261893123],[-101.6428094023506,17.6673099672875],[-101.64851496337675,17.70368344144887],[-101.68052950024575,17.748240947296548],[-101.71539681762783,17.773884246580312],[-101.68084647585832,17.780795206670973],[-101.63932267061239,17.815350007124273],[-101.65739028052856,17.82753512096833],[-101.58987447505235,17.82698951885591],[-101.593044231178,17.843175714857722],[-101.5280642306023,17.819896691394444],[-101.56039574308386,17.883732138547646],[-101.56800315778541,17.9250160317208],[-101.52616237692692,17.906101825156888],[-101.50048735230921,17.917923204259335],[-101.49414784005792,17.981394916670922],[-101.42663203458171,17.99321629577337],[-101.4408959371471,18.0179502582031],[-101.40254188802682,18.028498565709896],[-101.368942473095,18.061416559825936],[-101.30998500915803,18.054505599735275],[-101.29445320414237,18.034500188946524],[-101.24151827684413,18.039046873216694],[-101.24120130123157,18.017040921349064],[-101.2079188619123,18.000309123234835],[-101.22186578886514,17.954842280533125],[-101.20062842282333,17.918832541113368]]]}},{"type":"Feature","properties":{"cvegeo":"12001","cve_ent":"12","state_code":"GRO","nom_mun":"Acapulco de Juárez"},"geometry":{"type":"Polygon","coordinates":[[[-99.63508587236801,17.197000946380996],[-99.6262105552162,17.16681096282706],[-99.58975835977131,17.1571719921743],[-99.59578089641003,17.134984172935862],[-99.55552499361436,17.129710019182465],[-99.54411387156205,17.066783908883295],[-99.57042284740488,17.046232895982122],[-99.55837777412744,17.024590678856107],[-99.61004479897542,17.020225861956742],[-99.61131270142569,16.988217204694738],[-99.58880743293362,16.971121671838894],[-99.51590304204382,16.978032631929555],[-99.4902280174261,16.99385509318975],[-99.47723201731097,16.963119507523395],[-99.50290704192868,16.930201513407354],[-99.53397065195998,16.924927359653957],[-99.5168539688815,16.869094076816253],[-99.54474782278717,16.806713568629505],[-99.55742684728975,16.81289705923694],[-99.60212040866132,16.7852532188743],[-99.62240684786543,16.730693007632244],[-99.60877689652517,16.68413496070569],[-99.66614948239932,16.69868435037024],[-99.7542687026922,16.740877580397427],[-99.81100733734122,16.7852532188743],[-99.86584411831485,16.807804772854347],[-99.85189719136203,16.844178247015716],[-99.88359475261846,16.85945510616349],[-99.91592626510003,16.84672439020701],[-99.9596688996339,16.893282437133564],[-100.0024606073301,16.913833450034737],[-99.97076304607366,16.925109227024763],[-99.93335992379106,16.90855929628134],[-99.89025124048231,16.911651041585056],[-99.92448460663925,16.944023433588676],[-99.88074197210538,16.972758478176157],[-99.84841045962382,17.0429592833076],[-99.88391172823103,17.05969108142183],[-99.88422870384359,17.12134412012535],[-99.85158021574946,17.124072130687452],[-99.84555767911074,17.167174697568676],[-99.80625270315277,17.173540055546916],[-99.72732577562424,17.176449933479823],[-99.71813348285987,17.22682719519332],[-99.66963621413753,17.22973707312623],[-99.66963621413753,17.206276182292147],[-99.63508587236801,17.197000946380996]]]}}]}