{"type":"FeatureCollection","features":[{"type":"Feature","properties":{"cvegeo":"16108","cve_ent":"16","state_code":"MIC","nom_mun":"Zamora"},"geometry":{"type":"Polygon","coordinates":[[[-102.1442648214274,20.0768707631074],[-102.12809906518662,20.059411495509945],[-102.15345711419177,20.034131930967792],[-102.12809906518662,20.02085561289889],[-102.1388762360138,19.982299730287842],[-102.1762793582964,19.9944848441319],[-102.226044529469,19.95811136997053],[-102.26851926155263,19.950472940396644],[-102.33064648161523,19.99903152840207],[-102.36963448196065,19.97884425024251],[-102.3905548723899,19.991393098828183],[-102.40703760424324,20.04358903424975],[-102.37217028686116,20.073597150432878],[-102.35917428674603,20.106151409807303],[-102.31701653027497,20.109425022481826],[-102.29007360320699,20.089783346434686],[-102.22762940753182,20.098512980233416],[-102.1442648214274,20.0768707631074]]]}},{"type":"Feature","properties":{"cvegeo":"16085","cve_ent":"16","state_code":"MIC","nom_mun":"Tangancícuaro"},"geometry":{"type":"Polygon","coordinates":[[[-102.1388762360138,19.982299730287842],[-102.10781262598249,19.942834510822756],[-102.09576755270506,19.889911105917964],[-102.18800745596128,19.874088644657768],[-102.16138150450587,19.859357387622413],[-102.21241457812873,19.81407241229151],[-102.22414267579362,19.80879825853811],[-102.28088131044264,19.79734061417728],[-102.2935603349452,19.769333039073025],[-102.33857087192935,19.75223750621718],[-102.38928696993963,19.81279934069586],[-102.38104560401297,19.839715711575273],[-102.40798853108093,19.866813949825495],[-102.35220082326961,19.88663749324344],[-102.32874462793984,19.90809784299865],[-102.31986931078805,19.888092432209895],[-102.27295692012852,19.881727074231655],[-102.245697017448,19.93210433594515],[-102.26851926155263,19.950472940396644],[-102.226044529469,19.95811136997053],[-102.1762793582964,19.9944848441319],[-102.1388762360138,19.982299730287842]]]}},{"type":"Feature","properties":{"cvegeo":"16052","cve_ent":"16","state_code":"MIC","nom_mun":"Lázaro Cárdenas"},"geometry":{"type":"Polygon","coordinates":[[[-102.13158579692482,18.188905586761535],[-102.162015455731,18.164171624331804],[-102.18452072422306,18.061598427196742],[-102.17342657778332,17.98957894835723],[-102.13792530917611,17.969755404939285],[-102.13729135795099,17.94011102349777],[-102.19212813892462,17.915558928438845],[-102.31036004241112,17.969755404939285],[-102.4900852147351,18.02013266665278],[-102.60958502067186,18.048867711240263],[-102.718624631394,18.061598427196742],[-102.78899321738328,18.085059318030826],[-102.80198921749842,18.13616404922755],[-102.78455555880738,18.15162277574613],[-102.69960609464013,18.152713979970972],[-102.70943233862963,18.126525078574787],[-102.66220297235755,18.108156474123295],[-102.63842980141521,18.13616404922755],[-102.58200814237877,18.155987592645495],[-102.57757048380286,18.120341587967353],[-102.53858248345745,18.133072303923832],[-102.49864355627435,18.090333471784223],[-102.42352033609659,18.118704781630093],[-102.43081077518556,18.164171624331804],[-102.40101506760452,18.161079879028087],[-102.32779370110215,18.177811677142316],[-102.33349926212831,18.22145984613596],[-102.27993038360493,18.23000761256388],[-102.26027789562595,18.212002742854004],[-102.25932696878826,18.2491036864986],[-102.11542004068404,18.23764604213777],[-102.13158579692482,18.188905586761535]]]}},{"type":"Feature","properties":{"cvegeo":"16008","cve_ent":"16","state_code":"MIC","nom_mun":"Aquila"},"geometry":{"type":"Polygon","coordinates":[[[-103.54307819967387,18.685221641693417],[-103.50947878474204,18.643755881149456],[-103.46668707704586,18.620113122944566],[-103.44069507681559,18.628115287260066],[-103.42611419863762,18.597015966852098],[-103.39473361299376,18.621386194540214],[-103.35194190529756,18.58192097507513],[-103.37603205185246,18.552640328375226],[-103.37761692991528,18.52063167111322],[-103.34560239304628,18.50171746454931],[-103.30344463657522,18.511902037314492],[-103.30312766096266,18.53463545866535],[-103.26223780694185,18.52590582486662],[-103.22293283098388,18.53627226500261],[-103.20835195280591,18.522632212192097],[-103.23529487987389,18.489350483334444],[-103.2422683433503,18.413693657078795],[-103.20708405035566,18.42733370988931],[-103.1747525378741,18.40769203384217],[-103.11611204954968,18.410420044404272],[-103.10755370801046,18.380230060850337],[-103.07712404920427,18.38113939770437],[-103.04384160988502,18.33203520758652],[-102.99534434116268,18.330034666507647],[-102.92751156007391,18.343492851947353],[-102.89866677933055,18.319122624259236],[-102.85587507163436,18.33385388129459],[-102.84858463254538,18.313484735764224],[-102.78899321738328,18.305846306190336],[-102.75539380245147,18.310029255718895],[-102.73764316814786,18.268017893062513],[-102.74715243652479,18.23764604213777],[-102.79057809544611,18.22546092829371],[-102.78455555880738,18.15162277574613],[-102.80198921749842,18.13616404922755],[-102.78899321738328,18.085059318030826],[-102.98583507278575,18.171446319164076],[-103.06317712225145,18.19436160788574],[-103.11484414709943,18.193634138402512],[-103.21057078209387,18.23182628627195],[-103.29615419748625,18.24964928861102],[-103.49204512605101,18.329489064395226],[-103.53008219955873,18.38295807141244],[-103.52976522394617,18.40532775802168],[-103.57984737073133,18.50171746454931],[-103.62961254190394,18.549912317813124],[-103.71012434749528,18.597015966852098],[-103.68603420094038,18.624296072473122],[-103.6530687372337,18.62847902200168],[-103.62295605404009,18.629206491484908],[-103.62010327352701,18.655940994993514],[-103.54307819967387,18.685221641693417]]]}},{"type":"Feature","properties":{"cvegeo":"16010","cve_ent":"16","state_code":"MIC","nom_mun":"Arteaga"},"geometry":{"type":"Polygon","coordinates":[[[-101.87990716054873,18.624114205102316],[-101.8561339896064,18.559551288465887],[-101.87959018493616,18.53918214293552],[-101.88688062402514,18.477165369490386],[-101.8605716481823,18.446066049082415],[-101.8881485264754,18.40987444229185],[-101.86183955063257,18.356223567903832],[-101.86215652624513,18.28838703859288],[-101.89702384362721,18.277111261602855],[-101.90463125832875,18.247830614902952],[-101.92903838049621,18.23128068415953],[-101.96929428329187,18.233099357867598],[-101.97816960044368,18.207092323842218],[-102.03807799121834,18.20818352806706],[-102.05836443042246,18.19490720999816],[-102.13158579692482,18.188905586761535],[-102.11542004068404,18.23764604213777],[-102.25932696878826,18.2491036864986],[-102.26027789562595,18.212002742854004],[-102.27993038360493,18.23000761256388],[-102.33349926212831,18.22145984613596],[-102.32779370110215,18.177811677142316],[-102.40101506760452,18.161079879028087],[-102.43081077518556,18.164171624331804],[-102.42352033609659,18.118704781630093],[-102.49864355627435,18.090333471784223],[-102.53858248345745,18.133072303923832],[-102.57757048380286,18.120341587967353],[-102.58200814237877,18.155987592645495],[-102.63842980141521,18.13616404922755],[-102.66220297235755,18.108156474123295],[-102.70943233862963,18.126525078574787],[-102.69960609464013,18.152713979970972],[-102.78455555880738,18.15162277574613],[-102.79057809544611,18.22546092829371],[-102.74715243652479,18.23764604213777],[-102.73764316814786,18.268017893062513],[-102.75539380245147,18.310029255718895],[-102.78899321738328,18.305846306190336],[-102.84858463254538,18.313484735764224],[-102.85587507163436,18.33385388129459],[-102.85492414479667,18.374046570242903],[-102.82481146160305,18.405691492763296],[-102.81340033955074,18.39896240004344],[-102.77599721726814,18.38059379559195],[-102.74525058284941,18.390050898873906],[-102.69199867993859,18.367135610152243],[-102.67202921634704,18.3367637592275],[-102.61497360608546,18.35240435311689],[-102.58993253269287,18.331853340215716],[-102.54618989815899,18.346220862509455],[-102.50910375148896,18.321486900079726],[-102.50403214168793,18.35113128152124],[-102.45775370225354,18.403872819055227],[-102.37470609176168,18.402781614830385],[-102.34839711591884,18.418422208719775],[-102.3477631646937,18.46825386832085],[-102.32715974987703,18.490623554930092],[-102.28310013973058,18.490805422300898],[-102.27010413961544,18.534089856552928],[-102.28658687146878,18.555732073678943],[-102.26598345665211,18.59792530370613],[-102.2295312612072,18.59283301732354],[-102.21399945619156,18.626660348293612],[-102.16677008991947,18.632298236788625],[-102.18198491932256,18.67867441634437],[-102.09608452831762,18.687585917513907],[-102.07991877207684,18.65666846447674],[-102.03205545457962,18.625932878810385],[-101.95154364898828,18.655940994993514],[-101.93601184397262,18.637390523171216],[-101.87990716054873,18.624114205102316]]]}},{"type":"Feature","properties":{"cvegeo":"16096","cve_ent":"16","state_code":"MIC","nom_mun":"Tumbiscatío"},"geometry":{"type":"Polygon","coordinates":[[[-102.22762940753182,18.824350180360653],[-102.21241457812873,18.78415749141234],[-102.22445965140618,18.76688009118569],[-102.18198491932256,18.67867441634437],[-102.16677008991947,18.632298236788625],[-102.21399945619156,18.626660348293612],[-102.2295312612072,18.59283301732354],[-102.26598345665211,18.59792530370613],[-102.28658687146878,18.555732073678943],[-102.27010413961544,18.534089856552928],[-102.28310013973058,18.490805422300898],[-102.32715974987703,18.490623554930092],[-102.3477631646937,18.46825386832085],[-102.34839711591884,18.418422208719775],[-102.37470609176168,18.402781614830385],[-102.45775370225354,18.403872819055227],[-102.50403214168793,18.35113128152124],[-102.50910375148896,18.321486900079726],[-102.54618989815899,18.346220862509455],[-102.58993253269287,18.331853340215716],[-102.61497360608546,18.35240435311689],[-102.67202921634704,18.3367637592275],[-102.69199867993859,18.367135610152243],[-102.74525058284941,18.390050898873906],[-102.77599721726814,18.38059379559195],[-102.81340033955074,18.39896240004344],[-102.82481146160305,18.405691492763296],[-102.85175438867103,18.425515036181242],[-102.85270531550871,18.45952423452212],[-102.90373838913158,18.483530727468626],[-102.83336980314229,18.525542090125008],[-102.79438180279688,18.495170239200263],[-102.7782160465561,18.511902037314492],[-102.70562863127886,18.53627226500261],[-102.7319376071217,18.557732614757818],[-102.71703975333118,18.577010556063343],[-102.71482092404322,18.650121239127696],[-102.6501578990801,18.670490384658063],[-102.62416589884982,18.691586999671657],[-102.56964609348876,18.701953439807646],[-102.56425750807516,18.726141800124957],[-102.49642472698639,18.718321503180263],[-102.46155740960431,18.73359836232804],[-102.43778423866199,18.711410543089602],[-102.41052433598145,18.72086764637156],[-102.34364248173037,18.709591869381534],[-102.2837340909557,18.733780229698844],[-102.24157633448465,18.765425152219237],[-102.27105506645313,18.78415749141234],[-102.28500199340597,18.82744192566437],[-102.25742511511287,18.846174264857474],[-102.22762940753182,18.824350180360653]]]}},{"type":"Feature","properties":{"cvegeo":"16077","cve_ent":"16","state_code":"MIC","nom_mun":"San Lucas"},"geometry":{"type":"Polygon","coordinates":[[[-100.79046198016506,18.825441384585496],[-100.79711846802891,18.74669281302613],[-100.77334529708659,18.732507158103196],[-100.78412246791378,18.687767784884713],[-100.76225115064683,18.68031122268163],[-100.75147397981965,18.633571308384273],[-100.76478695554735,18.56100622743234],[-100.74450051634324,18.518085527921926],[-100.63736275929648,18.457705560814052],[-100.59076734424953,18.41460299393283],[-100.64275134471008,18.346220862509455],[-100.68395817434345,18.386777286199383],[-100.68776188169421,18.40896510543782],[-100.71755758927526,18.399508002155862],[-100.73689310164168,18.42678810777689],[-100.7758811019871,18.437882017396106],[-100.79331476067814,18.477165369490386],[-100.82469534632202,18.474255491557475],[-100.8452987611387,18.488804881222023],[-100.82628022438483,18.563006768511215],[-100.85322315145281,18.679038151085983],[-100.83927622449997,18.696497418683443],[-100.85385710267794,18.79470579891914],[-100.84783456603921,18.820349098202904],[-100.79046198016506,18.825441384585496]]]}},{"type":"Feature","properties":{"cvegeo":"16014","cve_ent":"16","state_code":"MIC","nom_mun":"Coahuayana"},"geometry":{"type":"Polygon","coordinates":[[[-103.57255693164235,18.872181298882854],[-103.57857946828108,18.850902816498454],[-103.52279176046976,18.821804037169358],[-103.51486737015564,18.740691189789505],[-103.54307819967387,18.685221641693417],[-103.62010327352701,18.655940994993514],[-103.62295605404009,18.629206491484908],[-103.6530687372337,18.62847902200168],[-103.68603420094038,18.624296072473122],[-103.73801820140095,18.68394857009777],[-103.69871322544296,18.755604314195665],[-103.63817088344318,18.783248154558308],[-103.6245409321029,18.826168854068722],[-103.64070668834368,18.867089012500262],[-103.61978629791444,18.893096046525642],[-103.58143224879416,18.876000513669798],[-103.57255693164235,18.872181298882854]]]}},{"type":"Feature","properties":{"cvegeo":"16038","cve_ent":"16","state_code":"MIC","nom_mun":"Huetamo"},"geometry":{"type":"Polygon","coordinates":[[[-100.89062627373539,18.860541787151217],[-100.84783456603921,18.820349098202904],[-100.85385710267794,18.79470579891914],[-100.83927622449997,18.696497418683443],[-100.85322315145281,18.679038151085983],[-100.82628022438483,18.563006768511215],[-100.8452987611387,18.488804881222023],[-100.82469534632202,18.474255491557475],[-100.87382656626949,18.492078493896546],[-100.92105593254158,18.445520446969994],[-100.96670042075084,18.453704478656302],[-100.97557573790264,18.48316699272701],[-101.004420518646,18.49135102441332],[-101.00949212844702,18.525542090125008],[-101.08873603158811,18.505900414077868],[-101.18794939832075,18.517539925809505],[-101.21267349610078,18.536635999744224],[-101.28114022841467,18.544638164059727],[-101.36418783890653,18.51826739529273],[-101.36957642432013,18.499716923470434],[-101.41110022956606,18.510628965718844],[-101.43804315663402,18.49135102441332],[-101.48146881555535,18.490259820188477],[-101.48527252290612,18.51372071102256],[-101.4507221811366,18.55882381898266],[-101.45928052267584,18.60847361121293],[-101.432971546833,18.669217313062415],[-101.42980179070736,18.707409460931853],[-101.3448523265401,18.698679827133123],[-101.27543466738851,18.719776442146717],[-101.24246920368182,18.745783476172097],[-101.24151827684413,18.790340982019774],[-101.21425837416359,18.813983740224664],[-101.14547466623713,18.823622710877427],[-101.13628237347277,18.8388995700252],[-101.06781564115887,18.87527304418657],[-101.01012607967216,18.817802955011608],[-100.97303993300213,18.84835667330716],[-100.93215007898132,18.835080355238258],[-100.89062627373539,18.860541787151217]]]}},{"type":"Feature","properties":{"cvegeo":"16029","cve_ent":"16","state_code":"MIC","nom_mun":"Churumuco"},"geometry":{"type":"Polygon","coordinates":[[[-101.60128559710466,18.91346519205601],[-101.54042627949231,18.85981431766799],[-101.50904569384844,18.767971295410533],[-101.42980179070736,18.707409460931853],[-101.432971546833,18.669217313062415],[-101.45928052267584,18.60847361121293],[-101.4507221811366,18.55882381898266],[-101.48527252290612,18.51372071102256],[-101.48146881555535,18.490259820188477],[-101.5014382791469,18.486986207513954],[-101.58797262137696,18.52645142697904],[-101.60540628006801,18.574464412872047],[-101.63900569499982,18.602290120605495],[-101.70335174435039,18.588286333053368],[-101.713811939565,18.61011041755019],[-101.77213545227686,18.60374505957195],[-101.8437719407164,18.57428254550124],[-101.8561339896064,18.559551288465887],[-101.87990716054873,18.624114205102316],[-101.78132774504121,18.7139566862809],[-101.77213545227686,18.74505600668887],[-101.72585701284245,18.733052760215617],[-101.70842335415142,18.76051473320745],[-101.69669525648654,18.817802955011608],[-101.63456803642393,18.86254232823009],[-101.6196701826334,18.905644895111315],[-101.63203223152341,18.941472767160263],[-101.61269671915699,18.953839748375128],[-101.58670471892671,18.94401891035156],[-101.60128559710466,18.91346519205601]]]}},{"type":"Feature","properties":{"cvegeo":"16026","cve_ent":"16","state_code":"MIC","nom_mun":"Chinicuila"},"geometry":{"type":"Polygon","coordinates":[[[-103.39600151544401,18.967116066444028],[-103.38078668604092,18.939654093452194],[-103.33260639293114,18.912919589943588],[-103.34528541743371,18.896369659200165],[-103.30819927076368,18.83835396791278],[-103.32848570996781,18.83162487519293],[-103.29013166084752,18.771790510197476],[-103.26921127041827,18.7617878048031],[-103.2422683433503,18.71086494097718],[-103.26509058745494,18.69595181657102],[-103.24638902631364,18.654122321285445],[-103.30312766096266,18.650121239127696],[-103.29995790483702,18.636844921058795],[-103.29425234381085,18.599925844785005],[-103.31897644159088,18.553185930487647],[-103.30312766096266,18.53463545866535],[-103.30344463657522,18.511902037314492],[-103.34560239304628,18.50171746454931],[-103.37761692991528,18.52063167111322],[-103.37603205185246,18.552640328375226],[-103.35194190529756,18.58192097507513],[-103.39473361299376,18.621386194540214],[-103.42611419863762,18.597015966852098],[-103.44069507681559,18.628115287260066],[-103.46668707704586,18.620113122944566],[-103.50947878474204,18.643755881149456],[-103.54307819967387,18.685221641693417],[-103.51486737015564,18.740691189789505],[-103.52279176046976,18.821804037169358],[-103.57857946828108,18.850902816498454],[-103.57255693164235,18.872181298882854],[-103.55892698030209,18.90582676248212],[-103.48887536992537,18.964751790623538],[-103.48380376012433,18.979846782400507],[-103.42072561322404,18.981665456108576],[-103.39600151544401,18.967116066444028]]]}},{"type":"Feature","properties":{"cvegeo":"16015","cve_ent":"16","state_code":"MIC","nom_mun":"Coalcomán de Vázquez Pallares"},"geometry":{"type":"Polygon","coordinates":[[[-102.9176853160844,18.960205106353367],[-102.8777463889013,18.921285489000702],[-102.9338510723252,18.88163840216481],[-102.92117204782262,18.846174264857474],[-102.93448502355032,18.80143489163899],[-102.89930073055568,18.768880632264565],[-102.92148902343519,18.74778401725097],[-102.89486307197977,18.692132601784078],[-102.90722512086978,18.57191826968075],[-102.87838034012643,18.564279840106863],[-102.83336980314229,18.525542090125008],[-102.90373838913158,18.483530727468626],[-102.85270531550871,18.45952423452212],[-102.85175438867103,18.425515036181242],[-102.82481146160305,18.405691492763296],[-102.85492414479667,18.374046570242903],[-102.85587507163436,18.33385388129459],[-102.89866677933055,18.319122624259236],[-102.92751156007391,18.343492851947353],[-102.99534434116268,18.330034666507647],[-103.04384160988502,18.33203520758652],[-103.07712404920427,18.38113939770437],[-103.10755370801046,18.380230060850337],[-103.11611204954968,18.410420044404272],[-103.1747525378741,18.40769203384217],[-103.20708405035566,18.42733370988931],[-103.2422683433503,18.413693657078795],[-103.23529487987389,18.489350483334444],[-103.20835195280591,18.522632212192097],[-103.22293283098388,18.53627226500261],[-103.26223780694185,18.52590582486662],[-103.30312766096266,18.53463545866535],[-103.31897644159088,18.553185930487647],[-103.29425234381085,18.599925844785005],[-103.29995790483702,18.636844921058795],[-103.30312766096266,18.650121239127696],[-103.24638902631364,18.654122321285445],[-103.26509058745494,18.69595181657102],[-103.2422683433503,18.71086494097718],[-103.26921127041827,18.7617878048031],[-103.29013166084752,18.771790510197476],[-103.32848570996781,18.83162487519293],[-103.30819927076368,18.83835396791278],[-103.34528541743371,18.896369659200165],[-103.33260639293114,18.912919589943588],[-103.38078668604092,18.939654093452194],[-103.39600151544401,18.967116066444028],[-103.37729995430271,18.980028649771313],[-103.33197244170601,18.973481424422268],[-103.24860785560159,19.014401582853807],[-103.22388375782157,19.023858686135764],[-103.2048652210677,18.968389138039676],[-103.1738016110364,18.936198613406866],[-103.12498736670149,18.930196990170238],[-103.04510951233527,19.032042717822073],[-103.03401536589553,19.004217010088624],[-103.03433234150809,19.004217010088624],[-103.03401536589553,19.004217010088624],[-103.03433234150809,19.004217010088624],[-103.03433234150809,19.003853275347012],[-102.97632580440882,18.95947763687014],[-102.95223565785392,18.979301180288086],[-102.9176853160844,18.960205106353367]]]}},{"type":"Feature","properties":{"cvegeo":"16002","cve_ent":"16","state_code":"MIC","nom_mun":"Aguililla"},"geometry":{"type":"Polygon","coordinates":[[[-102.6634708748078,19.060050292926327],[-102.59532111810647,19.04768331171146],[-102.61624150853571,18.922740427967156],[-102.64730511856702,18.8574500418475],[-102.60641526454621,18.793068992581876],[-102.59246833759339,18.744146669834834],[-102.56425750807516,18.726141800124957],[-102.56964609348876,18.701953439807646],[-102.62416589884982,18.691586999671657],[-102.6501578990801,18.670490384658063],[-102.71482092404322,18.650121239127696],[-102.71703975333118,18.577010556063343],[-102.7319376071217,18.557732614757818],[-102.70562863127886,18.53627226500261],[-102.7782160465561,18.511902037314492],[-102.79438180279688,18.495170239200263],[-102.83336980314229,18.525542090125008],[-102.87838034012643,18.564279840106863],[-102.90722512086978,18.57191826968075],[-102.89486307197977,18.692132601784078],[-102.92148902343519,18.74778401725097],[-102.89930073055568,18.768880632264565],[-102.93448502355032,18.80143489163899],[-102.92117204782262,18.846174264857474],[-102.9338510723252,18.88163840216481],[-102.8777463889013,18.921285489000702],[-102.82924912017896,18.944928247205592],[-102.81720404690151,18.917102539472147],[-102.78804229054559,18.958750167386913],[-102.7417638511112,18.975300098130337],[-102.69833819218988,19.012037307033317],[-102.70119097270296,19.041136086362414],[-102.6634708748078,19.060050292926327]]]}},{"type":"Feature","properties":{"cvegeo":"16035","cve_ent":"16","state_code":"MIC","nom_mun":"La Huacana"},"geometry":{"type":"Polygon","coordinates":[[[-101.91699330721876,19.073144743624418],[-101.86310745308282,19.06277830348843],[-101.85011145296768,19.02931470725997],[-101.81429320874791,19.04368222955371],[-101.75438481797325,18.992577498356987],[-101.71824959814091,18.99366870258183],[-101.69923106138705,18.950020533588184],[-101.63932267061239,18.974754496017916],[-101.61269671915699,18.953839748375128],[-101.63203223152341,18.941472767160263],[-101.6196701826334,18.905644895111315],[-101.63456803642393,18.86254232823009],[-101.69669525648654,18.817802955011608],[-101.70842335415142,18.76051473320745],[-101.72585701284245,18.733052760215617],[-101.77213545227686,18.74505600668887],[-101.78132774504121,18.7139566862809],[-101.87990716054873,18.624114205102316],[-101.93601184397262,18.637390523171216],[-101.95154364898828,18.655940994993514],[-102.03205545457962,18.625932878810385],[-102.07991877207684,18.65666846447674],[-102.09608452831762,18.687585917513907],[-102.18198491932256,18.67867441634437],[-102.22445965140618,18.76688009118569],[-102.21241457812873,18.78415749141234],[-102.22762940753182,18.824350180360653],[-102.19719974872564,18.863087930342513],[-102.1655021874692,18.862724195600897],[-102.12144257732277,18.825441384585496],[-102.09164686974171,18.843446254295372],[-102.06914160124964,18.828169395147597],[-102.06058325971041,18.873454370478502],[-102.08277155258992,18.89837020027904],[-102.05551164990938,18.92437723430442],[-102.05741350358477,19.011127970179285],[-102.04600238153245,19.03222458519288],[-102.00416160067395,19.06095962978036],[-101.97753564921855,19.039863014766766],[-101.91699330721876,19.073144743624418]]]}},{"type":"Feature","properties":{"cvegeo":"16055","cve_ent":"16","state_code":"MIC","nom_mun":"Múgica"},"geometry":{"type":"Polygon","coordinates":[[[-102.08625828432812,19.10933635041498],[-102.04600238153245,19.03222458519288],[-102.05741350358477,19.011127970179285],[-102.05551164990938,18.92437723430442],[-102.08277155258992,18.89837020027904],[-102.06058325971041,18.873454370478502],[-102.06914160124964,18.828169395147597],[-102.09164686974171,18.843446254295372],[-102.12144257732277,18.825441384585496],[-102.1655021874692,18.862724195600897],[-102.19434696821256,18.902007547695177],[-102.20924482200309,18.94674692091366],[-102.19593184627539,19.018038930269945],[-102.15028735806612,19.094605093379627],[-102.08625828432812,19.10933635041498]]]}},{"type":"Feature","properties":{"cvegeo":"16097","cve_ent":"16","state_code":"MIC","nom_mun":"Turicato"},"geometry":{"type":"Polygon","coordinates":[[[-101.62093808508365,19.1762635428719],[-101.5743426700367,19.181901431366914],[-101.55247135276976,19.15662186682476],[-101.5201398402882,19.117702249472096],[-101.5201398402882,19.11351929994354],[-101.49763457179613,19.08460238798525],[-101.48146881555535,19.11060942201063],[-101.38542520494835,19.13934446659811],[-101.33185632642497,19.124067607450336],[-101.32076217998522,19.05004758753195],[-101.30174364323136,19.047319576969848],[-101.27416676493826,18.96311498428628],[-101.19714169108512,18.931470061765886],[-101.23295993530489,18.843991856407794],[-101.21425837416359,18.813983740224664],[-101.24151827684413,18.790340982019774],[-101.24246920368182,18.745783476172097],[-101.27543466738851,18.719776442146717],[-101.3448523265401,18.698679827133123],[-101.42980179070736,18.707409460931853],[-101.50904569384844,18.767971295410533],[-101.54042627949231,18.85981431766799],[-101.60128559710466,18.91346519205601],[-101.58670471892671,18.94401891035156],[-101.61269671915699,18.953839748375128],[-101.63932267061239,18.974754496017916],[-101.63171525591085,19.027314166181093],[-101.61237974354442,19.036043799979822],[-101.62886247539777,19.076963958411362],[-101.6107948654816,19.12206706637146],[-101.63266618274854,19.162805357432195],[-101.62093808508365,19.1762635428719]]]}},{"type":"Feature","properties":{"cvegeo":"16013","cve_ent":"16","state_code":"MIC","nom_mun":"Carácuaro"},"geometry":{"type":"Polygon","coordinates":[[[-101.05735544594424,19.189721728311607],[-101.05577056788142,19.18844865671596],[-101.0231220797873,19.153348254150238],[-101.01583164069831,19.10424406403239],[-100.99047359169316,19.0806013058275],[-100.94673095715929,19.093150154413173],[-100.90457320068823,19.06150523189278],[-100.8630493954423,19.01312851125816],[-100.85702685880358,18.97857371080486],[-100.89823368843695,18.884366412726912],[-100.89062627373539,18.860541787151217],[-100.93215007898132,18.835080355238258],[-100.97303993300213,18.84835667330716],[-101.01012607967216,18.817802955011608],[-101.06781564115887,18.87527304418657],[-101.13628237347277,18.8388995700252],[-101.14547466623713,18.823622710877427],[-101.21425837416359,18.813983740224664],[-101.23295993530489,18.843991856407794],[-101.19714169108512,18.931470061765886],[-101.16132344686535,18.958750167386913],[-101.18065895923178,18.99585111103151],[-101.18699847148307,19.007672490133956],[-101.12645612948327,19.027677900922708],[-101.0871511535253,19.06605191616295],[-101.1191656903943,19.112609963089504],[-101.08049466566145,19.16935258278124],[-101.05735544594424,19.189721728311607]]]}},{"type":"Feature","properties":{"cvegeo":"16089","cve_ent":"16","state_code":"MIC","nom_mun":"Tepalcatepec"},"geometry":{"type":"Polygon","coordinates":[[[-102.77314443675506,19.245191276407695],[-102.78550648564507,19.197360157885495],[-102.76522004644096,19.161714153207352],[-102.72147741190707,19.123703872708724],[-102.72052648506939,19.094786960750433],[-102.69263263116372,19.098606175537377],[-102.6634708748078,19.060050292926327],[-102.70119097270296,19.041136086362414],[-102.69833819218988,19.012037307033317],[-102.7417638511112,18.975300098130337],[-102.78804229054559,18.958750167386913],[-102.81720404690151,18.917102539472147],[-102.82924912017896,18.944928247205592],[-102.8777463889013,18.921285489000702],[-102.9176853160844,18.960205106353367],[-102.95223565785392,18.979301180288086],[-102.97632580440882,18.95947763687014],[-103.03433234150809,19.003853275347012],[-103.03433234150809,19.004217010088624],[-103.03401536589553,19.004217010088624],[-103.03433234150809,19.004217010088624],[-103.03401536589553,19.004217010088624],[-103.04510951233527,19.032042717822073],[-103.02514004874372,19.053139332835666],[-102.99217458503703,19.05277559809405],[-103.01563078036679,19.07878263211943],[-103.019117512105,19.132251639136644],[-102.98044648737215,19.11988465792178],[-102.9604770237806,19.17389926705141],[-102.9151495111839,19.179537155546424],[-102.88408590115259,19.20572605694261],[-102.82481146160305,19.20572605694261],[-102.77314443675506,19.245191276407695]]]}},{"type":"Feature","properties":{"cvegeo":"16006","cve_ent":"16","state_code":"MIC","nom_mun":"Apatzingán"},"geometry":{"type":"Polygon","coordinates":[[[-102.21146365129104,19.21554689496618],[-102.21748618792977,19.184083839816594],[-102.26376462736415,19.10242539032432],[-102.27993038360493,19.036043799979822],[-102.34395945734293,18.913283324685203],[-102.29831496913367,18.888731229626277],[-102.25203652969928,18.880365330569163],[-102.2403084320344,18.898733935020655],[-102.19719974872564,18.863087930342513],[-102.22762940753182,18.824350180360653],[-102.25742511511287,18.846174264857474],[-102.28500199340597,18.82744192566437],[-102.27105506645313,18.78415749141234],[-102.24157633448465,18.765425152219237],[-102.2837340909557,18.733780229698844],[-102.34364248173037,18.709591869381534],[-102.41052433598145,18.72086764637156],[-102.43778423866199,18.711410543089602],[-102.46155740960431,18.73359836232804],[-102.49642472698639,18.718321503180263],[-102.56425750807516,18.726141800124957],[-102.59246833759339,18.744146669834834],[-102.60641526454621,18.793068992581876],[-102.64730511856702,18.8574500418475],[-102.61624150853571,18.922740427967156],[-102.59532111810647,19.04768331171146],[-102.56869516665105,19.034406993642563],[-102.56679331297568,19.003853275347012],[-102.51988092231615,18.99403243732344],[-102.5033981904628,19.044409699036937],[-102.52653741018,19.05914095607229],[-102.50466609291306,19.141890609789407],[-102.43556540937404,19.14116314030618],[-102.41306014088197,19.17990089028804],[-102.36773262828527,19.18262890085014],[-102.34300853050524,19.21318261914569],[-102.28151526166776,19.200815637930823],[-102.25298745653697,19.227913876181045],[-102.21146365129104,19.21554689496618]]]}},{"type":"Feature","properties":{"cvegeo":"16064","cve_ent":"16","state_code":"MIC","nom_mun":"Parácuaro"},"geometry":{"type":"Polygon","coordinates":[[[-102.19371301698743,19.271743912545496],[-102.17596238268384,19.280291678973416],[-102.12461233344841,19.200270035818406],[-102.09037896729146,19.18499317667063],[-102.08625828432812,19.148437835138452],[-102.08625828432812,19.10933635041498],[-102.15028735806612,19.094605093379627],[-102.19593184627539,19.018038930269945],[-102.20924482200309,18.94674692091366],[-102.19434696821256,18.902007547695177],[-102.1655021874692,18.862724195600897],[-102.19719974872564,18.863087930342513],[-102.2403084320344,18.898733935020655],[-102.25203652969928,18.880365330569163],[-102.29831496913367,18.888731229626277],[-102.34395945734293,18.913283324685203],[-102.27993038360493,19.036043799979822],[-102.26376462736415,19.10242539032432],[-102.21748618792977,19.184083839816594],[-102.21146365129104,19.21554689496618],[-102.20861087077796,19.21772930341586],[-102.19371301698743,19.267015360904516],[-102.19371301698743,19.271743912545496]]]}},{"type":"Feature","properties":{"cvegeo":"16057","cve_ent":"16","state_code":"MIC","nom_mun":"Nocupétaro"},"geometry":{"type":"Polygon","coordinates":[[[-101.08049466566145,19.16935258278124],[-101.1191656903943,19.112609963089504],[-101.0871511535253,19.06605191616295],[-101.12645612948327,19.027677900922708],[-101.18699847148307,19.007672490133956],[-101.18065895923178,18.99585111103151],[-101.16132344686535,18.958750167386913],[-101.19714169108512,18.931470061765886],[-101.27416676493826,18.96311498428628],[-101.30174364323136,19.047319576969848],[-101.32076217998522,19.05004758753195],[-101.33185632642497,19.124067607450336],[-101.29920783833084,19.165533367994296],[-101.3182263750847,19.218638640269894],[-101.23391086214258,19.211363945437622],[-101.21045466681282,19.222821589798453],[-101.16354227615331,19.18317450296256],[-101.10521876344146,19.18899425882838],[-101.08049466566145,19.16935258278124]]]}},{"type":"Feature","properties":{"cvegeo":"16059","cve_ent":"16","state_code":"MIC","nom_mun":"Nuevo Urecho"},"geometry":{"type":"Polygon","coordinates":[[[-101.85581701399384,19.282655954793906],[-101.80414998914586,19.277563668411315],[-101.83362872111434,19.262468676634345],[-101.84757564806716,19.243918204812047],[-101.80161418424534,19.213546353887303],[-101.81302530629765,19.16480589851107],[-101.77498823278992,19.068598059354247],[-101.81429320874791,19.04368222955371],[-101.85011145296768,19.02931470725997],[-101.86310745308282,19.06277830348843],[-101.91699330721876,19.073144743624418],[-101.95027574653801,19.12152146425904],[-101.90843496567952,19.213000751774885],[-101.94995877092545,19.25992253344305],[-101.94266833183647,19.26446921771322],[-101.89068433137592,19.265560421938062],[-101.85581701399384,19.282655954793906]]]}},{"type":"Feature","properties":{"cvegeo":"16033","cve_ent":"16","state_code":"MIC","nom_mun":"Gabriel Zamora"},"geometry":{"type":"Polygon","coordinates":[[[-101.94995877092545,19.25992253344305],[-101.90843496567952,19.213000751774885],[-101.95027574653801,19.12152146425904],[-101.91699330721876,19.073144743624418],[-101.97753564921855,19.039863014766766],[-102.00416160067395,19.06095962978036],[-102.04600238153245,19.03222458519288],[-102.08625828432812,19.10933635041498],[-102.08625828432812,19.148437835138452],[-102.09037896729146,19.18499317667063],[-102.08435643065273,19.240098990025103],[-102.05646257674707,19.2240946613941],[-102.08182062575221,19.272471382028723],[-102.03649311315552,19.272471382028723],[-101.99813906403523,19.252829705981583],[-101.94995877092545,19.25992253344305]]]}},{"type":"Feature","properties":{"cvegeo":"16009","cve_ent":"16","state_code":"MIC","nom_mun":"Ario"},"geometry":{"type":"Polygon","coordinates":[[[-101.57846335300003,19.298114681312487],[-101.56229759675925,19.250283562790287],[-101.59906676781672,19.236097907867354],[-101.62093808508365,19.1762635428719],[-101.63266618274854,19.162805357432195],[-101.6107948654816,19.12206706637146],[-101.62886247539777,19.076963958411362],[-101.61237974354442,19.036043799979822],[-101.63171525591085,19.027314166181093],[-101.63932267061239,18.974754496017916],[-101.69923106138705,18.950020533588184],[-101.71824959814091,18.99366870258183],[-101.75438481797325,18.992577498356987],[-101.81429320874791,19.04368222955371],[-101.77498823278992,19.068598059354247],[-101.81302530629765,19.16480589851107],[-101.80161418424534,19.213546353887303],[-101.84757564806716,19.243918204812047],[-101.83362872111434,19.262468676634345],[-101.80414998914586,19.277563668411315],[-101.85581701399384,19.282655954793906],[-101.81777994048612,19.30829925407767],[-101.77910891575327,19.29684160971684],[-101.7379020861199,19.302297630841046],[-101.68338228075883,19.287748241176498],[-101.67133720748139,19.30775365196525],[-101.61586647528263,19.287748241176498],[-101.57846335300003,19.298114681312487]]]}},{"type":"Feature","properties":{"cvegeo":"16081","cve_ent":"16","state_code":"MIC","nom_mun":"Susupuato"},"geometry":{"type":"Polygon","coordinates":[[[-100.37775973260628,19.31648328576398],[-100.31785134183161,19.317938224730433],[-100.319753195507,19.26174120715112],[-100.33813778103574,19.227004539327012],[-100.37268812280524,19.19299534098613],[-100.3615939763655,19.154621325745886],[-100.38980480588373,19.14298181401425],[-100.40914031825015,19.074963417332487],[-100.41167612315067,19.06332390560085],[-100.47919192862688,19.032042717822073],[-100.48014285546456,19.13425218021552],[-100.45161505033377,19.140799405564564],[-100.44654344053275,19.171898725972536],[-100.48045983107713,19.215728762336987],[-100.48299563597764,19.219729844494736],[-100.46936568463738,19.24319073532882],[-100.44305670879453,19.26628789142129],[-100.3802955375068,19.272107647287108],[-100.37775973260628,19.31648328576398]]]}},{"type":"Feature","properties":{"cvegeo":"16092","cve_ent":"16","state_code":"MIC","nom_mun":"Tiquicheo de Nicolás Romero"},"geometry":{"type":"Polygon","coordinates":[[[-100.75337583349503,19.287930108547304],[-100.73023661377783,19.208272200133905],[-100.74513446756836,19.174444869163832],[-100.72579895520194,19.153348254150238],[-100.69980695497166,19.012946643887354],[-100.66113593023881,19.010218633325252],[-100.63324207633315,19.107699544077718],[-100.5926691979249,19.09515069549205],[-100.59203524669978,19.068598059354247],[-100.55653397809257,19.058231619218258],[-100.52768919734922,19.010400500696058],[-100.54353797797744,18.9371079502609],[-100.6132726127416,18.886912555918208],[-100.62246490550595,18.866907145129456],[-100.70551251599781,18.795615135773172],[-100.70361066232243,18.824350180360653],[-100.748304223694,18.86781648198349],[-100.77714900443736,18.85981431766799],[-100.79046198016506,18.825441384585496],[-100.84783456603921,18.820349098202904],[-100.89062627373539,18.860541787151217],[-100.89823368843695,18.884366412726912],[-100.85702685880358,18.97857371080486],[-100.8630493954423,19.01312851125816],[-100.90457320068823,19.06150523189278],[-100.94673095715929,19.093150154413173],[-100.99047359169316,19.0806013058275],[-101.01583164069831,19.10424406403239],[-101.0231220797873,19.153348254150238],[-101.05577056788142,19.18844865671596],[-101.03136344571396,19.2160924970786],[-101.02502393346268,19.27265324939953],[-101.00378656742087,19.347946340913563],[-100.94197632297082,19.328122797495617],[-100.95338744502314,19.294295466525544],[-100.91503339590285,19.256103318656105],[-100.87636237117,19.245918745890922],[-100.91154666416465,19.228641345664272],[-100.90203739578772,19.201906842155665],[-100.86685310279307,19.18026462502965],[-100.87319261504436,19.219729844494736],[-100.83261973663612,19.22955068251831],[-100.82881602928535,19.257921992364174],[-100.77746598004993,19.267560963016937],[-100.75337583349503,19.287930108547304]]]}},{"type":"Feature","properties":{"cvegeo":"16046","cve_ent":"16","state_code":"MIC","nom_mun":"Juárez"},"geometry":{"type":"Polygon","coordinates":[[[-100.46429407483635,19.32739532801239],[-100.44717739175788,19.345945799834688],[-100.39677826936014,19.343945258755813],[-100.37775973260628,19.31648328576398],[-100.3802955375068,19.272107647287108],[-100.44305670879453,19.26628789142129],[-100.46936568463738,19.24319073532882],[-100.53244383153768,19.245191276407695],[-100.5403682218518,19.30138829398701],[-100.50074627028124,19.324849184821094],[-100.46429407483635,19.32739532801239]]]}},{"type":"Feature","properties":{"cvegeo":"16087","cve_ent":"16","state_code":"MIC","nom_mun":"Taretan"},"geometry":{"type":"Polygon","coordinates":[[[-101.80827067210919,19.369588558039577],[-101.78893515974276,19.347946340913563],[-101.81777994048612,19.30829925407767],[-101.85581701399384,19.282655954793906],[-101.89068433137592,19.265560421938062],[-101.94266833183647,19.26446921771322],[-101.98767886882061,19.32284864374222],[-101.99053164933369,19.324849184821094],[-101.99623721035985,19.331760144911755],[-101.99148257617138,19.35340236203777],[-101.95344550266366,19.371407231747646],[-101.95186062460084,19.370134160152],[-101.92713652682082,19.365769343252634],[-101.83806637969023,19.386138488783],[-101.80827067210919,19.369588558039577]]]}},{"type":"Feature","properties":{"cvegeo":"16012","cve_ent":"16","state_code":"MIC","nom_mun":"Buenavista"},"geometry":{"type":"Polygon","coordinates":[[[-102.48342872687125,19.409053777504663],[-102.49959448311203,19.337216166035958],[-102.46504414134252,19.32321237848383],[-102.4732855072692,19.293567997042317],[-102.45299906806507,19.271198310433075],[-102.44063701917506,19.213910088628918],[-102.41306014088197,19.17990089028804],[-102.43556540937404,19.14116314030618],[-102.50466609291306,19.141890609789407],[-102.52653741018,19.05914095607229],[-102.5033981904628,19.044409699036937],[-102.51988092231615,18.99403243732344],[-102.56679331297568,19.003853275347012],[-102.56869516665105,19.034406993642563],[-102.59532111810647,19.04768331171146],[-102.6634708748078,19.060050292926327],[-102.69263263116372,19.098606175537377],[-102.72052648506939,19.094786960750433],[-102.72147741190707,19.123703872708724],[-102.76522004644096,19.161714153207352],[-102.78550648564507,19.197360157885495],[-102.77314443675506,19.245191276407695],[-102.75380892438864,19.255557716543684],[-102.67076131389678,19.213000751774885],[-102.63811282580265,19.262468676634345],[-102.63811282580265,19.29502293600877],[-102.61116989873469,19.323030511113025],[-102.6013436547452,19.364496271656986],[-102.54460502009617,19.433242137821974],[-102.52336765405435,19.412872992291607],[-102.48342872687125,19.409053777504663]]]}},{"type":"Feature","properties":{"cvegeo":"16082","cve_ent":"16","state_code":"MIC","nom_mun":"Tacámbaro"},"geometry":{"type":"Polygon","coordinates":[[[-101.44121291275967,19.41341859440403],[-101.3822554488227,19.415419135482903],[-101.3556294973673,19.400142276335128],[-101.33946374112651,19.32557665430432],[-101.34231652163959,19.283929026389554],[-101.32519983856112,19.27374445362437],[-101.34833905827831,19.235552305754933],[-101.3182263750847,19.218638640269894],[-101.29920783833084,19.165533367994296],[-101.33185632642497,19.124067607450336],[-101.38542520494835,19.13934446659811],[-101.48146881555535,19.11060942201063],[-101.49763457179613,19.08460238798525],[-101.5201398402882,19.11351929994354],[-101.5201398402882,19.117702249472096],[-101.55247135276976,19.15662186682476],[-101.5743426700367,19.181901431366914],[-101.62093808508365,19.1762635428719],[-101.59906676781672,19.236097907867354],[-101.56229759675925,19.250283562790287],[-101.57846335300003,19.298114681312487],[-101.56927106023566,19.340853513452096],[-101.54803369419386,19.353584229408575],[-101.51284940119922,19.409053777504663],[-101.44121291275967,19.41341859440403]]]}},{"type":"Feature","properties":{"cvegeo":"16099","cve_ent":"16","state_code":"MIC","nom_mun":"Tuzantla"},"geometry":{"type":"Polygon","coordinates":[[[-100.60693310049031,19.44160803687909],[-100.54068519746436,19.371407231747646],[-100.5403682218518,19.30138829398701],[-100.53244383153768,19.245191276407695],[-100.46936568463738,19.24319073532882],[-100.48299563597764,19.219729844494736],[-100.48045983107713,19.215728762336987],[-100.44654344053275,19.171898725972536],[-100.45161505033377,19.140799405564564],[-100.48014285546456,19.13425218021552],[-100.47919192862688,19.032042717822073],[-100.52768919734922,19.010400500696058],[-100.55653397809257,19.058231619218258],[-100.59203524669978,19.068598059354247],[-100.5926691979249,19.09515069549205],[-100.63324207633315,19.107699544077718],[-100.66113593023881,19.010218633325252],[-100.69980695497166,19.012946643887354],[-100.72579895520194,19.153348254150238],[-100.74513446756836,19.174444869163832],[-100.73023661377783,19.208272200133905],[-100.75337583349503,19.287930108547304],[-100.75686256523323,19.365223741140213],[-100.7768320288248,19.395595592064957],[-100.71977641856321,19.403597756380456],[-100.69378441833294,19.43069599463068],[-100.60756705171544,19.414146063887255],[-100.60693310049031,19.44160803687909]]]}},{"type":"Feature","properties":{"cvegeo":"16079","cve_ent":"16","state_code":"MIC","nom_mun":"Salvador Escalante"},"geometry":{"type":"Polygon","coordinates":[[[-101.51284940119922,19.409053777504663],[-101.54803369419386,19.353584229408575],[-101.56927106023566,19.340853513452096],[-101.57846335300003,19.298114681312487],[-101.61586647528263,19.287748241176498],[-101.67133720748139,19.30775365196525],[-101.68338228075883,19.287748241176498],[-101.7379020861199,19.302297630841046],[-101.77910891575327,19.29684160971684],[-101.81777994048612,19.30829925407767],[-101.78893515974276,19.347946340913563],[-101.80827067210919,19.369588558039577],[-101.82919106253843,19.41669220707855],[-101.82919106253843,19.44160803687909],[-101.80129720863277,19.46525079508398],[-101.80510091598354,19.488711685918062],[-101.75818852532402,19.484346869018697],[-101.71666472007809,19.457976100251706],[-101.66087701226677,19.441789904249895],[-101.6098439386439,19.450519538048624],[-101.51284940119922,19.409053777504663]]]}},{"type":"Feature","properties":{"cvegeo":"16111","cve_ent":"16","state_code":"MIC","nom_mun":"Ziracuaretiro"},"geometry":{"type":"Polygon","coordinates":[[[-101.94013252693595,19.50726215774036],[-101.90875194129208,19.504716014549064],[-101.8827599410618,19.4339696073052],[-101.82919106253843,19.41669220707855],[-101.80827067210919,19.369588558039577],[-101.83806637969023,19.386138488783],[-101.92713652682082,19.365769343252634],[-101.95186062460084,19.370134160152],[-101.95344550266366,19.371407231747646],[-101.97785262483112,19.444154180070385],[-101.95186062460084,19.46124971292623],[-101.98450911269497,19.491439696480164],[-101.94013252693595,19.50726215774036]]]}},{"type":"Feature","properties":{"cvegeo":"16058","cve_ent":"16","state_code":"MIC","nom_mun":"Nuevo Parangaricutiro"},"geometry":{"type":"Polygon","coordinates":[[[-102.20512413903975,19.293749864413122],[-102.26281370052646,19.365587475881828],[-102.26059487123851,19.4074169711674],[-102.28214921289289,19.4392437610586],[-102.25203652969928,19.493258370188233],[-102.20258833413924,19.46179531503865],[-102.12049165048506,19.474707898365935],[-102.10083916250608,19.377954457096692],[-102.16613613869434,19.363586934802953],[-102.20512413903975,19.293749864413122]]]}},{"type":"Feature","properties":{"cvegeo":"16083","cve_ent":"16","state_code":"MIC","nom_mun":"Tancítaro"},"geometry":{"type":"Polygon","coordinates":[[[-102.34047272560473,19.532359854911704],[-102.32589184742677,19.505989086144712],[-102.27676062747929,19.50726215774036],[-102.25203652969928,19.493258370188233],[-102.28214921289289,19.4392437610586],[-102.26059487123851,19.4074169711674],[-102.26281370052646,19.365587475881828],[-102.20512413903975,19.293749864413122],[-102.19371301698743,19.271743912545496],[-102.19371301698743,19.267015360904516],[-102.20861087077796,19.21772930341586],[-102.21146365129104,19.21554689496618],[-102.25298745653697,19.227913876181045],[-102.28151526166776,19.200815637930823],[-102.34300853050524,19.21318261914569],[-102.36773262828527,19.18262890085014],[-102.41306014088197,19.17990089028804],[-102.44063701917506,19.213910088628918],[-102.45299906806507,19.271198310433075],[-102.4732855072692,19.293567997042317],[-102.46504414134252,19.32321237848383],[-102.49959448311203,19.337216166035958],[-102.48342872687125,19.409053777504663],[-102.41622989700761,19.44670032326168],[-102.3363520426414,19.429059188293415],[-102.33793692070421,19.474162296253514],[-102.35568755500782,19.495258911267108],[-102.34047272560473,19.532359854911704]]]}},{"type":"Feature","properties":{"cvegeo":"16047","cve_ent":"16","state_code":"MIC","nom_mun":"Jungapeo"},"geometry":{"type":"Polygon","coordinates":[[[-100.44083787950659,19.51417311783102],[-100.4176986597894,19.447427792744907],[-100.45827153819762,19.429059188293415],[-100.48394656281533,19.40978124698789],[-100.48172773352739,19.33430628810305],[-100.46429407483635,19.32739532801239],[-100.50074627028124,19.324849184821094],[-100.5403682218518,19.30138829398701],[-100.54068519746436,19.371407231747646],[-100.60693310049031,19.44160803687909],[-100.62531768601903,19.45361128335234],[-100.58094110026003,19.504170412436643],[-100.55970373421822,19.521265945292487],[-100.5020141727315,19.507625892481975],[-100.44083787950659,19.51417311783102]]]}},{"type":"Feature","properties":{"cvegeo":"16049","cve_ent":"16","state_code":"MIC","nom_mun":"Madero"},"geometry":{"type":"Polygon","coordinates":[[[-101.11662988549378,19.538725212889943],[-101.04594432389193,19.493258370188233],[-101.07605700708554,19.43978936317102],[-101.02470695785011,19.431423464113905],[-101.02692578713807,19.38159180451283],[-101.00378656742087,19.347946340913563],[-101.02502393346268,19.27265324939953],[-101.03136344571396,19.2160924970786],[-101.05577056788142,19.18844865671596],[-101.05735544594424,19.189721728311607],[-101.08049466566145,19.16935258278124],[-101.10521876344146,19.18899425882838],[-101.16354227615331,19.18317450296256],[-101.21045466681282,19.222821589798453],[-101.23391086214258,19.211363945437622],[-101.3182263750847,19.218638640269894],[-101.34833905827831,19.235552305754933],[-101.32519983856112,19.27374445362437],[-101.34231652163959,19.283929026389554],[-101.33946374112651,19.32557665430432],[-101.3556294973673,19.400142276335128],[-101.28304208209006,19.42887732092261],[-101.26370656972364,19.4657963971964],[-101.24246920368182,19.472889224657866],[-101.23771456949336,19.4790727152653],[-101.23581271581797,19.4790727152653],[-101.18477964219511,19.45306568123992],[-101.16829691034177,19.521993414775714],[-101.11662988549378,19.538725212889943]]]}},{"type":"Feature","properties":{"cvegeo":"16001","cve_ent":"16","state_code":"MIC","nom_mun":"Acuitzio"},"geometry":{"type":"Polygon","coordinates":[[[-101.26370656972364,19.4657963971964],[-101.28304208209006,19.42887732092261],[-101.3556294973673,19.400142276335128],[-101.3822554488227,19.415419135482903],[-101.44121291275967,19.41341859440403],[-101.42663203458171,19.454520620206374],[-101.37401408289603,19.480527654231754],[-101.38827798546143,19.497077584975177],[-101.33661096061344,19.542544427676887],[-101.30618130180726,19.525812629562658],[-101.26719330146184,19.5269038337875],[-101.26370656972364,19.4657963971964]]]}},{"type":"Feature","properties":{"cvegeo":"16112","cve_ent":"16","state_code":"MIC","nom_mun":"Zitácuaro"},"geometry":{"type":"Polygon","coordinates":[[[-100.23733953624027,19.546181775093025],[-100.22751329225078,19.557639419453857],[-100.19676665783204,19.531632385428477],[-100.20183826763306,19.499259993424857],[-100.17806509669074,19.492712768075812],[-100.20088734079538,19.492712768075812],[-100.19549875538178,19.44615472114926],[-100.23733953624027,19.40341588900965],[-100.29344421966417,19.395049989952536],[-100.31277973203059,19.362313863207305],[-100.30675719539187,19.32684972589997],[-100.31785134183161,19.317938224730433],[-100.37775973260628,19.31648328576398],[-100.39677826936014,19.343945258755813],[-100.44717739175788,19.345945799834688],[-100.46429407483635,19.32739532801239],[-100.48172773352739,19.33430628810305],[-100.48394656281533,19.40978124698789],[-100.45827153819762,19.429059188293415],[-100.4176986597894,19.447427792744907],[-100.44083787950659,19.51417311783102],[-100.41516285488888,19.525994496933464],[-100.37078626912987,19.53035931383283],[-100.36983534229218,19.527267568529112],[-100.26491641453337,19.532905457024125],[-100.23733953624027,19.546181775093025]]]}},{"type":"Feature","properties":{"cvegeo":"16039","cve_ent":"16","state_code":"MIC","nom_mun":"Huiramba"},"geometry":{"type":"Polygon","coordinates":[[[-101.47037466911559,19.57691736075938],[-101.4294848150948,19.55400207203772],[-101.4098323271158,19.514900587314248],[-101.41902461988016,19.475253500478356],[-101.45579379093763,19.474162296253514],[-101.497000620571,19.497623187087598],[-101.4836876448433,19.53090491594525],[-101.50841174262331,19.565277849027744],[-101.47037466911559,19.57691736075938]]]}},{"type":"Feature","properties":{"cvegeo":"16066","cve_ent":"16","state_code":"MIC","nom_mun":"Pátzcuaro"},"geometry":{"type":"Polygon","coordinates":[[[-101.52647935253948,19.56964266592711],[-101.50841174262331,19.565277849027744],[-101.4836876448433,19.53090491594525],[-101.497000620571,19.497623187087598],[-101.45579379093763,19.474162296253514],[-101.41902461988016,19.475253500478356],[-101.42663203458171,19.454520620206374],[-101.44121291275967,19.41341859440403],[-101.51284940119922,19.409053777504663],[-101.6098439386439,19.450519538048624],[-101.66087701226677,19.441789904249895],[-101.71666472007809,19.457976100251706],[-101.75818852532402,19.484346869018697],[-101.80510091598354,19.488711685918062],[-101.77910891575327,19.516901128393123],[-101.79527467199405,19.55327460255449],[-101.77023359860146,19.56727839010662],[-101.76326013512505,19.5481823161719],[-101.69130667107294,19.52635823167508],[-101.64788101215163,19.602560660043146],[-101.63773779254957,19.566732787994198],[-101.52647935253948,19.56964266592711]]]}},{"type":"Feature","properties":{"cvegeo":"16068","cve_ent":"16","state_code":"MIC","nom_mun":"Peribán"},"geometry":{"type":"Polygon","coordinates":[[[-102.39087184800246,19.575644289163733],[-102.34047272560473,19.532359854911704],[-102.35568755500782,19.495258911267108],[-102.33793692070421,19.474162296253514],[-102.3363520426414,19.429059188293415],[-102.41622989700761,19.44670032326168],[-102.48342872687125,19.409053777504663],[-102.52336765405435,19.412872992291607],[-102.54460502009617,19.433242137821974],[-102.56869516665105,19.445427251666032],[-102.54270316642078,19.47616283733239],[-102.5763025813526,19.497805054458404],[-102.57218189838927,19.511081372527304],[-102.50276423923768,19.560731164757573],[-102.44063701917506,19.580736575546325],[-102.39087184800246,19.575644289163733]]]}},{"type":"Feature","properties":{"cvegeo":"16090","cve_ent":"16","state_code":"MIC","nom_mun":"Tingambato"},"geometry":{"type":"Polygon","coordinates":[[[-101.81017252578457,19.594740363098452],[-101.77340335472711,19.594558495727647],[-101.77023359860146,19.56727839010662],[-101.79527467199405,19.55327460255449],[-101.77910891575327,19.516901128393123],[-101.80510091598354,19.488711685918062],[-101.80129720863277,19.46525079508398],[-101.82919106253843,19.44160803687909],[-101.82919106253843,19.41669220707855],[-101.8827599410618,19.4339696073052],[-101.90875194129208,19.504716014549064],[-101.94013252693595,19.50726215774036],[-101.93759672203544,19.56273170583645],[-101.8605716481823,19.55963996053273],[-101.81017252578457,19.594740363098452]]]}},{"type":"Feature","properties":{"cvegeo":"16102","cve_ent":"16","state_code":"MIC","nom_mun":"Uruapan"},"geometry":{"type":"Polygon","coordinates":[[[-102.16328335818126,19.617291917078504],[-102.12683116273635,19.627112755102072],[-102.09671847954274,19.593467291502805],[-102.04188169856911,19.589466209345055],[-102.0206443325273,19.56727839010662],[-101.97468286870547,19.57819043235503],[-101.93759672203544,19.56273170583645],[-101.94013252693595,19.50726215774036],[-101.98450911269497,19.491439696480164],[-101.95186062460084,19.46124971292623],[-101.97785262483112,19.444154180070385],[-101.95344550266366,19.371407231747646],[-101.99148257617138,19.35340236203777],[-101.99623721035985,19.331760144911755],[-101.99053164933369,19.324849184821094],[-101.98767886882061,19.32284864374222],[-101.94266833183647,19.26446921771322],[-101.94995877092545,19.25992253344305],[-101.99813906403523,19.252829705981583],[-102.03649311315552,19.272471382028723],[-102.08182062575221,19.272471382028723],[-102.05646257674707,19.2240946613941],[-102.08435643065273,19.240098990025103],[-102.09037896729146,19.18499317667063],[-102.12461233344841,19.200270035818406],[-102.17596238268384,19.280291678973416],[-102.19371301698743,19.271743912545496],[-102.20512413903975,19.293749864413122],[-102.16613613869434,19.363586934802953],[-102.10083916250608,19.377954457096692],[-102.12049165048506,19.474707898365935],[-102.20258833413924,19.46179531503865],[-102.25203652969928,19.493258370188233],[-102.27676062747929,19.50726215774036],[-102.32589184742677,19.505989086144712],[-102.34047272560473,19.532359854911704],[-102.39087184800246,19.575644289163733],[-102.3886530187145,19.576189891276154],[-102.3363520426414,19.57018826803953],[-102.32367301813882,19.58455579033327],[-102.28817174953161,19.556184480487403],[-102.26344765175159,19.562186103724027],[-102.27834550554212,19.594012893615226],[-102.27295692012852,19.613654569662366],[-102.19624882188795,19.622747938202707],[-102.19371301698743,19.58055470817552],[-102.16328335818126,19.617291917078504]]]}},{"type":"Feature","properties":{"cvegeo":"16048","cve_ent":"16","state_code":"MIC","nom_mun":"Lagunillas"},"geometry":{"type":"Polygon","coordinates":[[[-101.37559896095885,19.58455579033327],[-101.37591593657142,19.58328271873762],[-101.37559896095885,19.58455579033327],[-101.38796100984887,19.516901128393123],[-101.4098323271158,19.514900587314248],[-101.4294848150948,19.55400207203772],[-101.47037466911559,19.57691736075938],[-101.43043574193248,19.612199630695912],[-101.40222491241425,19.632205041484664],[-101.36704061941961,19.621111131865447],[-101.37559896095885,19.58455579033327]]]}},{"type":"Feature","properties":{"cvegeo":"16061","cve_ent":"16","state_code":"MIC","nom_mun":"Ocampo"},"geometry":{"type":"Polygon","coordinates":[[[-100.35493748850165,19.641298410025005],[-100.32038714673213,19.58964807671586],[-100.26713524382133,19.591103015682314],[-100.26713524382133,19.59146675042393],[-100.26713524382133,19.591103015682314],[-100.26713524382133,19.59146675042393],[-100.2468488046172,19.597468373660554],[-100.22751329225078,19.557639419453857],[-100.23733953624027,19.546181775093025],[-100.26491641453337,19.532905457024125],[-100.36983534229218,19.527267568529112],[-100.37078626912987,19.53035931383283],[-100.37997856189423,19.55636634785821],[-100.42689095255375,19.610926559100264],[-100.41833261101452,19.6278402245853],[-100.35493748850165,19.641298410025005]]]}},{"type":"Feature","properties":{"cvegeo":"16098","cve_ent":"16","state_code":"MIC","nom_mun":"Tuxpan"},"geometry":{"type":"Polygon","coordinates":[[[-100.45953944064789,19.6438445532163],[-100.41833261101452,19.6278402245853],[-100.42689095255375,19.610926559100264],[-100.37997856189423,19.55636634785821],[-100.37078626912987,19.53035931383283],[-100.41516285488888,19.525994496933464],[-100.44083787950659,19.51417311783102],[-100.5020141727315,19.507625892481975],[-100.55970373421822,19.521265945292487],[-100.58094110026003,19.504170412436643],[-100.59171827108722,19.534724130732194],[-100.56192256350617,19.565277849027744],[-100.57745436852181,19.611290293841876],[-100.48648236771585,19.637842929979676],[-100.45953944064789,19.6438445532163]]]}},{"type":"Feature","properties":{"cvegeo":"16100","cve_ent":"16","state_code":"MIC","nom_mun":"Tzintzuntzan"},"geometry":{"type":"Polygon","coordinates":[[[-101.5014382791469,19.639479736316936],[-101.44977125429891,19.641298410025005],[-101.43994501030942,19.629113296180947],[-101.43075271754505,19.612199630695912],[-101.43043574193248,19.612199630695912],[-101.47037466911559,19.57691736075938],[-101.50841174262331,19.565277849027744],[-101.52647935253948,19.56964266592711],[-101.63773779254957,19.566732787994198],[-101.64788101215163,19.602560660043146],[-101.64217545112547,19.648209370115666],[-101.61206276793186,19.6623950250386],[-101.5014382791469,19.639479736316936]]]}},{"type":"Feature","properties":{"cvegeo":"16101","cve_ent":"16","state_code":"MIC","nom_mun":"Tzitzio"},"geometry":{"type":"Polygon","coordinates":[[[-100.9235917374421,19.670033454612486],[-100.88492071270923,19.664577433488283],[-100.84688363920152,19.60292439478476],[-100.85480802951562,19.49453144178388],[-100.83800832204972,19.46124971292623],[-100.79680149241635,19.445427251666032],[-100.7768320288248,19.395595592064957],[-100.75686256523323,19.365223741140213],[-100.75337583349503,19.287930108547304],[-100.77746598004993,19.267560963016937],[-100.82881602928535,19.257921992364174],[-100.83261973663612,19.22955068251831],[-100.87319261504436,19.219729844494736],[-100.86685310279307,19.18026462502965],[-100.90203739578772,19.201906842155665],[-100.91154666416465,19.228641345664272],[-100.87636237117,19.245918745890922],[-100.91503339590285,19.256103318656105],[-100.95338744502314,19.294295466525544],[-100.94197632297082,19.328122797495617],[-101.00378656742087,19.347946340913563],[-101.02692578713807,19.38159180451283],[-101.02470695785011,19.431423464113905],[-101.07605700708554,19.43978936317102],[-101.04594432389193,19.493258370188233],[-101.11662988549378,19.538725212889943],[-101.13216169050943,19.56600531851097],[-101.10712061711685,19.588193137749407],[-101.06559681187092,19.573098145972438],[-101.0329483237768,19.540907621339628],[-100.97082110371417,19.567642124848234],[-100.9128145666149,19.62420287716916],[-100.9235917374421,19.670033454612486]]]}},{"type":"Feature","properties":{"cvegeo":"16005","cve_ent":"16","state_code":"MIC","nom_mun":"Angangueo"},"geometry":{"type":"Polygon","coordinates":[[[-100.3375038298106,19.655302197577132],[-100.31785134183161,19.669669719870875],[-100.26523339014594,19.662031290296987],[-100.2468488046172,19.597468373660554],[-100.26713524382133,19.59146675042393],[-100.26713524382133,19.591103015682314],[-100.26713524382133,19.59146675042393],[-100.26713524382133,19.591103015682314],[-100.32038714673213,19.58964807671586],[-100.35493748850165,19.641298410025005],[-100.3375038298106,19.655302197577132]]]}},{"type":"Feature","properties":{"cvegeo":"16007","cve_ent":"16","state_code":"MIC","nom_mun":"Aporo"},"geometry":{"type":"Polygon","coordinates":[[[-100.39804617181039,19.702951448728527],[-100.37268812280524,19.6969498254919],[-100.3375038298106,19.655302197577132],[-100.35493748850165,19.641298410025005],[-100.41833261101452,19.6278402245853],[-100.45953944064789,19.6438445532163],[-100.4310116355171,19.656393401801974],[-100.39804617181039,19.702951448728527]]]}},{"type":"Feature","properties":{"cvegeo":"16032","cve_ent":"16","state_code":"MIC","nom_mun":"Erongarícuaro"},"geometry":{"type":"Polygon","coordinates":[[[-101.74392462275863,19.69531301915464],[-101.70620452486347,19.70276958135772],[-101.66531467084266,19.674943873624272],[-101.6596091098165,19.65657526917278],[-101.64217545112547,19.648209370115666],[-101.64788101215163,19.602560660043146],[-101.69130667107294,19.52635823167508],[-101.76326013512505,19.5481823161719],[-101.77023359860146,19.56727839010662],[-101.77340335472711,19.594558495727647],[-101.81017252578457,19.594740363098452],[-101.7965425744443,19.644208287957916],[-101.80541789159611,19.676944414703147],[-101.80161418424534,19.691857539109307],[-101.74392462275863,19.69531301915464]]]}},{"type":"Feature","properties":{"cvegeo":"16065","cve_ent":"16","state_code":"MIC","nom_mun":"Paracho"},"geometry":{"type":"Polygon","coordinates":[[[-102.12841604079918,19.74132546396877],[-102.11858979680969,19.7049519898074],[-102.09037896729146,19.692585008592538],[-102.00923321047499,19.713863490976937],[-101.97151311257983,19.673125199916203],[-101.97151311257983,19.64566322692437],[-101.99433535668446,19.600923853705886],[-101.97468286870547,19.57819043235503],[-102.0206443325273,19.56727839010662],[-102.04188169856911,19.589466209345055],[-102.09671847954274,19.593467291502805],[-102.12683116273635,19.627112755102072],[-102.16328335818126,19.617291917078504],[-102.16043057766818,19.623293540315128],[-102.14648365071535,19.6571208712852],[-102.17374355339588,19.670942791466523],[-102.17881516319692,19.71768270576388],[-102.12841604079918,19.74132546396877]]]}},{"type":"Feature","properties":{"cvegeo":"16056","cve_ent":"16","state_code":"MIC","nom_mun":"Nahuatzen"},"geometry":{"type":"Polygon","coordinates":[[[-101.87990716054873,19.749691363025885],[-101.78988608658045,19.7395067902607],[-101.79590862321918,19.715864032055812],[-101.80161418424534,19.691857539109307],[-101.80541789159611,19.676944414703147],[-101.7965425744443,19.644208287957916],[-101.81017252578457,19.594740363098452],[-101.8605716481823,19.55963996053273],[-101.93759672203544,19.56273170583645],[-101.97468286870547,19.57819043235503],[-101.99433535668446,19.600923853705886],[-101.97151311257983,19.64566322692437],[-101.93379301468467,19.673125199916203],[-101.87990716054873,19.749691363025885]]]}},{"type":"Feature","properties":{"cvegeo":"16073","cve_ent":"16","state_code":"MIC","nom_mun":"Quiroga"},"geometry":{"type":"Polygon","coordinates":[[[-101.5068268645605,19.77824454024256],[-101.48939320586945,19.688765793805594],[-101.4427977908225,19.726048604820996],[-101.40254188802682,19.690948202255274],[-101.44374871766018,19.681491098973318],[-101.44977125429891,19.641298410025005],[-101.5014382791469,19.639479736316936],[-101.61206276793186,19.6623950250386],[-101.64217545112547,19.648209370115666],[-101.6596091098165,19.65657526917278],[-101.66531467084266,19.674943873624272],[-101.6418584755129,19.71131734778564],[-101.60001769465441,19.70840746985273],[-101.56419945043464,19.72986781960794],[-101.57656149932465,19.756602323116546],[-101.5068268645605,19.77824454024256]]]}},{"type":"Feature","properties":{"cvegeo":"16041","cve_ent":"16","state_code":"MIC","nom_mun":"Irimbo"},"geometry":{"type":"Polygon","coordinates":[[[-100.43956997705632,19.78279122451273],[-100.44812831859556,19.766059426398503],[-100.39804617181039,19.702951448728527],[-100.4310116355171,19.656393401801974],[-100.45953944064789,19.6438445532163],[-100.48648236771585,19.637842929979676],[-100.50423300201946,19.673670802028624],[-100.49662558731791,19.719683246842756],[-100.52483641683614,19.772061049635127],[-100.50613485569484,19.78915658249097],[-100.43956997705632,19.78279122451273]]]}},{"type":"Feature","properties":{"cvegeo":"16022","cve_ent":"16","state_code":"MIC","nom_mun":"Charo"},"geometry":{"type":"Polygon","coordinates":[[[-101.07130237289708,19.79734061417728],[-101.05894032400707,19.787156041412096],[-101.00220168935805,19.787337908782902],[-100.99617915271932,19.745144678755715],[-100.94102539613313,19.708771204594346],[-100.9235917374421,19.670033454612486],[-100.9128145666149,19.62420287716916],[-100.97082110371417,19.567642124848234],[-101.0329483237768,19.540907621339628],[-101.06559681187092,19.573098145972438],[-101.04562734827937,19.591103015682314],[-101.07764188514837,19.63529678678838],[-101.08461534862478,19.66803291353361],[-101.100464129253,19.677671884186374],[-101.09032090965094,19.7395067902607],[-101.07225329973477,19.751510036733954],[-101.07130237289708,19.79734061417728]]]}},{"type":"Feature","properties":{"cvegeo":"16024","cve_ent":"16","state_code":"MIC","nom_mun":"Cherán"},"geometry":{"type":"Polygon","coordinates":[[[-102.00035789332318,19.833350353597034],[-101.95503038072648,19.787337908782902],[-101.93284208784698,19.790793388828234],[-101.87990716054873,19.749691363025885],[-101.93379301468467,19.673125199916203],[-101.97151311257983,19.64566322692437],[-101.97151311257983,19.673125199916203],[-102.00923321047499,19.713863490976937],[-102.09037896729146,19.692585008592538],[-102.11858979680969,19.7049519898074],[-102.12841604079918,19.74132546396877],[-102.1087635528202,19.766059426398503],[-102.06819067441195,19.76096714001591],[-102.05994930848529,19.7395067902607],[-102.00099184454831,19.750964434621533],[-102.00986716170011,19.764240752690434],[-102.00035789332318,19.833350353597034]]]}},{"type":"Feature","properties":{"cvegeo":"16075","cve_ent":"16","state_code":"MIC","nom_mun":"Los Reyes"},"geometry":{"type":"Polygon","coordinates":[[[-102.4092564335312,19.804433441638746],[-102.38928696993963,19.81279934069586],[-102.33857087192935,19.75223750621718],[-102.2935603349452,19.769333039073025],[-102.28088131044264,19.79734061417728],[-102.27010413961544,19.734232636507304],[-102.28785477391905,19.634933052046765],[-102.30623935944777,19.613108967549945],[-102.27834550554212,19.594012893615226],[-102.26344765175159,19.562186103724027],[-102.28817174953161,19.556184480487403],[-102.32367301813882,19.58455579033327],[-102.3363520426414,19.57018826803953],[-102.3886530187145,19.576189891276154],[-102.39087184800246,19.575644289163733],[-102.44063701917506,19.580736575546325],[-102.50276423923768,19.560731164757573],[-102.57218189838927,19.511081372527304],[-102.5826420936039,19.528358772753954],[-102.59120043514314,19.58928434197425],[-102.56077077633695,19.611835895954297],[-102.45046326316456,19.621111131865447],[-102.46377623889227,19.648209370115666],[-102.44285584846301,19.71077174567322],[-102.41908267752069,19.72532113533777],[-102.39784531147887,19.784791765591606],[-102.4092564335312,19.804433441638746]]]}},{"type":"Feature","properties":{"cvegeo":"16021","cve_ent":"16","state_code":"MIC","nom_mun":"Charapan"},"geometry":{"type":"Polygon","coordinates":[[[-102.21241457812873,19.81407241229151],[-102.17881516319692,19.71768270576388],[-102.17374355339588,19.670942791466523],[-102.14648365071535,19.6571208712852],[-102.16043057766818,19.623293540315128],[-102.16328335818126,19.617291917078504],[-102.19371301698743,19.58055470817552],[-102.19624882188795,19.622747938202707],[-102.27295692012852,19.613654569662366],[-102.27834550554212,19.594012893615226],[-102.30623935944777,19.613108967549945],[-102.28785477391905,19.634933052046765],[-102.27010413961544,19.734232636507304],[-102.28088131044264,19.79734061417728],[-102.22414267579362,19.80879825853811],[-102.21241457812873,19.81407241229151]]]}},{"type":"Feature","properties":{"cvegeo":"16080","cve_ent":"16","state_code":"MIC","nom_mun":"Senguio"},"geometry":{"type":"Polygon","coordinates":[[[-100.27062197555954,19.828621801956057],[-100.29059143915109,19.778972009725788],[-100.25540714615644,19.747872689317816],[-100.25857690228209,19.700223438166425],[-100.26523339014594,19.662031290296987],[-100.31785134183161,19.669669719870875],[-100.3375038298106,19.655302197577132],[-100.37268812280524,19.6969498254919],[-100.39804617181039,19.702951448728527],[-100.44812831859556,19.766059426398503],[-100.43956997705632,19.78279122451273],[-100.41072519631297,19.80825265642569],[-100.35240168360113,19.81461801440393],[-100.31151182958033,19.799341155256155],[-100.31277973203059,19.82280204609024],[-100.27062197555954,19.828621801956057]]]}},{"type":"Feature","properties":{"cvegeo":"16072","cve_ent":"16","state_code":"MIC","nom_mun":"Queréndaro"},"geometry":{"type":"Polygon","coordinates":[[[-100.95782510359903,19.854810703352243],[-100.91788617641593,19.850264019082072],[-100.84371388307588,19.836260231529945],[-100.79965427292943,19.762422078982365],[-100.77714900443736,19.749691363025885],[-100.77397924831172,19.745690280868136],[-100.80979749253149,19.702405846616106],[-100.81043144375661,19.66475930085909],[-100.77080949218607,19.61274523280833],[-100.78380549230121,19.597104638918942],[-100.84688363920152,19.60292439478476],[-100.88492071270923,19.664577433488283],[-100.89126022496052,19.733687034394883],[-100.87858120045794,19.774425325455617],[-100.90235437140028,19.789702184603392],[-100.9039392494631,19.792975797277915],[-100.95782510359903,19.854810703352243]]]}},{"type":"Feature","properties":{"cvegeo":"16095","cve_ent":"16","state_code":"MIC","nom_mun":"Tocumbo"},"geometry":{"type":"Polygon","coordinates":[[[-102.60578131332109,19.866268347713074],[-102.558551947049,19.833895955709455],[-102.53351087365641,19.760239670532684],[-102.56267263001234,19.732413962799235],[-102.51385838567742,19.71477282783097],[-102.45933858031636,19.718410175247108],[-102.44285584846301,19.71077174567322],[-102.46377623889227,19.648209370115666],[-102.45046326316456,19.621111131865447],[-102.56077077633695,19.611835895954297],[-102.59120043514314,19.58928434197425],[-102.5826420936039,19.528358772753954],[-102.65744833816908,19.48725674695161],[-102.68946287503807,19.513263780976985],[-102.71545487526835,19.498350656570825],[-102.71640580210605,19.600378251593465],[-102.69516843606424,19.603651864267988],[-102.66251994797011,19.65202858490261],[-102.6580822893942,19.720592583696792],[-102.57440072767722,19.741507331339577],[-102.5826420936039,19.801523563705835],[-102.61750941098597,19.83826077260882],[-102.60578131332109,19.866268347713074]]]}},{"type":"Feature","properties":{"cvegeo":"16053","cve_ent":"16","state_code":"MIC","nom_mun":"Morelia"},"geometry":{"type":"Polygon","coordinates":[[[-101.25705008185979,19.86063045921806],[-101.27955535035186,19.84517173269948],[-101.24025037439387,19.79552194046921],[-101.22979017917925,19.757329792599773],[-101.15720276390202,19.746417750351362],[-101.11346012936814,19.770060508556252],[-101.09032090965094,19.7395067902607],[-101.100464129253,19.677671884186374],[-101.08461534862478,19.66803291353361],[-101.07764188514837,19.63529678678838],[-101.04562734827937,19.591103015682314],[-101.06559681187092,19.573098145972438],[-101.10712061711685,19.588193137749407],[-101.13216169050943,19.56600531851097],[-101.11662988549378,19.538725212889943],[-101.16829691034177,19.521993414775714],[-101.18477964219511,19.45306568123992],[-101.23581271581797,19.4790727152653],[-101.23771456949336,19.4790727152653],[-101.24246920368182,19.472889224657866],[-101.26370656972364,19.4657963971964],[-101.26719330146184,19.5269038337875],[-101.30618130180726,19.525812629562658],[-101.33661096061344,19.542544427676887],[-101.38827798546143,19.497077584975177],[-101.37401408289603,19.480527654231754],[-101.42663203458171,19.454520620206374],[-101.41902461988016,19.475253500478356],[-101.4098323271158,19.514900587314248],[-101.38796100984887,19.516901128393123],[-101.37559896095885,19.58455579033327],[-101.37591593657142,19.58328271873762],[-101.37559896095885,19.58455579033327],[-101.36704061941961,19.621111131865447],[-101.40222491241425,19.632205041484664],[-101.43043574193248,19.612199630695912],[-101.43075271754505,19.612199630695912],[-101.43994501030942,19.629113296180947],[-101.44977125429891,19.641298410025005],[-101.44374871766018,19.681491098973318],[-101.40254188802682,19.690948202255274],[-101.4427977908225,19.726048604820996],[-101.48939320586945,19.688765793805594],[-101.5068268645605,19.77824454024256],[-101.49795154740869,19.802614767930677],[-101.42726598580684,19.822256443977817],[-101.3768668634091,19.828258067214442],[-101.29191739924187,19.85972112236403],[-101.25705008185979,19.86063045921806]]]}},{"type":"Feature","properties":{"cvegeo":"16093","cve_ent":"16","state_code":"MIC","nom_mun":"Tlalpujahua"},"geometry":{"type":"Polygon","coordinates":[[[-100.15460890136097,19.8457173348119],[-100.13432246215686,19.845353600070286],[-100.14478265737148,19.764240752690434],[-100.14985426717251,19.72750354378745],[-100.19042714558076,19.699495968683195],[-100.25857690228209,19.700223438166425],[-100.25540714615644,19.747872689317816],[-100.29059143915109,19.778972009725788],[-100.27062197555954,19.828621801956057],[-100.21134753601,19.835532762046718],[-100.21134753601,19.869541960387597],[-100.15460890136097,19.8457173348119]]]}},{"type":"Feature","properties":{"cvegeo":"16034","cve_ent":"16","state_code":"MIC","nom_mun":"Hidalgo"},"geometry":{"type":"Polygon","coordinates":[[[-100.59869173456363,19.86244913292613],[-100.5847448076108,19.83007674092251],[-100.59647290527568,19.80534277849278],[-100.55621700248001,19.796249409952438],[-100.52483641683614,19.772061049635127],[-100.49662558731791,19.719683246842756],[-100.50423300201946,19.673670802028624],[-100.48648236771585,19.637842929979676],[-100.57745436852181,19.611290293841876],[-100.56192256350617,19.565277849027744],[-100.59171827108722,19.534724130732194],[-100.58094110026003,19.504170412436643],[-100.62531768601903,19.45361128335234],[-100.60693310049031,19.44160803687909],[-100.60756705171544,19.414146063887255],[-100.69378441833294,19.43069599463068],[-100.71977641856321,19.403597756380456],[-100.7768320288248,19.395595592064957],[-100.79680149241635,19.445427251666032],[-100.83800832204972,19.46124971292623],[-100.85480802951562,19.49453144178388],[-100.84688363920152,19.60292439478476],[-100.78380549230121,19.597104638918942],[-100.77080949218607,19.61274523280833],[-100.81043144375661,19.66475930085909],[-100.80979749253149,19.702405846616106],[-100.77397924831172,19.745690280868136],[-100.70678041844808,19.73441450387811],[-100.70012393058423,19.769878641185446],[-100.71819154050038,19.79333953201953],[-100.61041983222852,19.821710841865396],[-100.59869173456363,19.86244913292613]]]}},{"type":"Feature","properties":{"cvegeo":"16040","cve_ent":"16","state_code":"MIC","nom_mun":"Indaparapeo"},"geometry":{"type":"Polygon","coordinates":[[[-100.97589271351521,19.87154250146647],[-100.95782510359903,19.854810703352243],[-100.9039392494631,19.792975797277915],[-100.90235437140028,19.789702184603392],[-100.87858120045794,19.774425325455617],[-100.89126022496052,19.733687034394883],[-100.88492071270923,19.664577433488283],[-100.9235917374421,19.670033454612486],[-100.94102539613313,19.708771204594346],[-100.99617915271932,19.745144678755715],[-101.00220168935805,19.787337908782902],[-100.99744705516959,19.796249409952438],[-101.00949212844702,19.8191646986741],[-100.97589271351521,19.87154250146647]]]}},{"type":"Feature","properties":{"cvegeo":"16088","cve_ent":"16","state_code":"MIC","nom_mun":"Tarímbaro"},"geometry":{"type":"Polygon","coordinates":[[[-101.14547466623713,19.894094055446523],[-101.14198793449893,19.893184718592487],[-101.09349066577659,19.882818278456497],[-101.06813261677144,19.87117876672486],[-101.07130237289708,19.79734061417728],[-101.07225329973477,19.751510036733954],[-101.09032090965094,19.7395067902607],[-101.11346012936814,19.770060508556252],[-101.15720276390202,19.746417750351362],[-101.22979017917925,19.757329792599773],[-101.24025037439387,19.79552194046921],[-101.27955535035186,19.84517173269948],[-101.25705008185979,19.86063045921806],[-101.1812929104569,19.867359551937916],[-101.14547466623713,19.894094055446523]]]}},{"type":"Feature","properties":{"cvegeo":"16091","cve_ent":"16","state_code":"MIC","nom_mun":"Tingüindín"},"geometry":{"type":"Polygon","coordinates":[[[-102.61180384995981,19.881727074231655],[-102.57313282522696,19.900823148166374],[-102.52083184915385,19.868996358275176],[-102.53160901998103,19.808616391167305],[-102.46567809256764,19.78915658249097],[-102.4092564335312,19.804433441638746],[-102.39784531147887,19.784791765591606],[-102.41908267752069,19.72532113533777],[-102.44285584846301,19.71077174567322],[-102.45933858031636,19.718410175247108],[-102.51385838567742,19.71477282783097],[-102.56267263001234,19.732413962799235],[-102.53351087365641,19.760239670532684],[-102.558551947049,19.833895955709455],[-102.60578131332109,19.866268347713074],[-102.61180384995981,19.881727074231655]]]}},{"type":"Feature","properties":{"cvegeo":"16019","cve_ent":"16","state_code":"MIC","nom_mun":"Cotija"},"geometry":{"type":"Polygon","coordinates":[[[-102.66917643583396,19.902641821874443],[-102.61180384995981,19.881727074231655],[-102.60578131332109,19.866268347713074],[-102.61750941098597,19.83826077260882],[-102.5826420936039,19.801523563705835],[-102.57440072767722,19.741507331339577],[-102.6580822893942,19.720592583696792],[-102.66251994797011,19.65202858490261],[-102.69516843606424,19.603651864267988],[-102.71640580210605,19.600378251593465],[-102.77472931481789,19.62656715298965],[-102.79311390034663,19.6623950250386],[-102.78075185145661,19.701860244503685],[-102.81086453465022,19.74077986185635],[-102.81973985180203,19.77769893813014],[-102.79438180279688,19.812617473325055],[-102.74461663162427,19.81407241229151],[-102.73130365589657,19.8988226070875],[-102.6723461919596,19.884818819535372],[-102.66917643583396,19.902641821874443]]]}},{"type":"Feature","properties":{"cvegeo":"16025","cve_ent":"16","state_code":"MIC","nom_mun":"Chilchota"},"geometry":{"type":"Polygon","coordinates":[[[-102.09576755270506,19.889911105917964],[-102.01145203976293,19.886819360614247],[-101.9940183810719,19.844444263216253],[-102.00035789332318,19.833350353597034],[-102.00986716170011,19.764240752690434],[-102.00099184454831,19.750964434621533],[-102.05994930848529,19.7395067902607],[-102.06819067441195,19.76096714001591],[-102.1087635528202,19.766059426398503],[-102.12841604079918,19.74132546396877],[-102.17881516319692,19.71768270576388],[-102.21241457812873,19.81407241229151],[-102.16138150450587,19.859357387622413],[-102.18800745596128,19.874088644657768],[-102.09576755270506,19.889911105917964]]]}},{"type":"Feature","properties":{"cvegeo":"16016","cve_ent":"16","state_code":"MIC","nom_mun":"Coeneo"},"geometry":{"type":"Polygon","coordinates":[[[-101.59684793852877,19.89827700497508],[-101.58290101157593,19.870087562500018],[-101.50999662068614,19.862267265555325],[-101.49795154740869,19.802614767930677],[-101.5068268645605,19.77824454024256],[-101.57656149932465,19.756602323116546],[-101.56419945043464,19.72986781960794],[-101.60001769465441,19.70840746985273],[-101.6418584755129,19.71131734778564],[-101.66531467084266,19.674943873624272],[-101.70620452486347,19.70276958135772],[-101.74392462275863,19.69531301915464],[-101.72141935426656,19.802614767930677],[-101.69479340281114,19.817709759707647],[-101.71095915905192,19.839533844204468],[-101.7024008175127,19.89300285122168],[-101.6516847195024,19.88663749324344],[-101.59684793852877,19.89827700497508]]]}},{"type":"Feature","properties":{"cvegeo":"16110","cve_ent":"16","state_code":"MIC","nom_mun":"Zinapécuaro"},"geometry":{"type":"Polygon","coordinates":[[[-100.61992910060545,19.95702016574569],[-100.60629914926517,19.941015837114687],[-100.59171827108722,19.90518796506574],[-100.59869173456363,19.86244913292613],[-100.61041983222852,19.821710841865396],[-100.71819154050038,19.79333953201953],[-100.70012393058423,19.769878641185446],[-100.70678041844808,19.73441450387811],[-100.77397924831172,19.745690280868136],[-100.77714900443736,19.749691363025885],[-100.79965427292943,19.762422078982365],[-100.84371388307588,19.836260231529945],[-100.91788617641593,19.850264019082072],[-100.95782510359903,19.854810703352243],[-100.97589271351521,19.87154250146647],[-100.95180256696031,19.887001227985053],[-100.9590930060493,19.930831264349504],[-100.94768188399698,19.962476186869896],[-100.90901085926413,19.96211245212828],[-100.83578949276176,19.934650479136447],[-100.82469534632202,19.978298648130092],[-100.79204685822788,19.955565226779235],[-100.78000178495044,19.91555440520173],[-100.74703632124374,19.912826394639627],[-100.71660666243757,19.941379571856302],[-100.66050197901367,19.96447672794877],[-100.61992910060545,19.95702016574569]]]}},{"type":"Feature","properties":{"cvegeo":"16037","cve_ent":"16","state_code":"MIC","nom_mun":"Huaniqueo"},"geometry":{"type":"Polygon","coordinates":[[[-101.42980179070736,19.956292696262462],[-101.41680579059222,19.911007720931558],[-101.3920816928122,19.894094055446523],[-101.42789993703197,19.888638034322316],[-101.44216383959737,19.863904071892584],[-101.42726598580684,19.822256443977817],[-101.49795154740869,19.802614767930677],[-101.50999662068614,19.862267265555325],[-101.58290101157593,19.870087562500018],[-101.59684793852877,19.89827700497508],[-101.60318745078006,19.92701204956256],[-101.54803369419386,19.947926797205348],[-101.53789047459179,19.93974276551904],[-101.42980179070736,19.956292696262462]]]}},{"type":"Feature","properties":{"cvegeo":"16003","cve_ent":"16","state_code":"MIC","nom_mun":"Álvaro Obregón"},"geometry":{"type":"Polygon","coordinates":[[[-101.00315261619573,19.95301908358794],[-100.9590930060493,19.930831264349504],[-100.95180256696031,19.887001227985053],[-100.97589271351521,19.87154250146647],[-101.00949212844702,19.8191646986741],[-100.99744705516959,19.796249409952438],[-101.00220168935805,19.787337908782902],[-101.05894032400707,19.787156041412096],[-101.07130237289708,19.79734061417728],[-101.06813261677144,19.87117876672486],[-101.09349066577659,19.882818278456497],[-101.0310464701014,19.91610000731415],[-101.01868442121139,19.971933290151853],[-101.00315261619573,19.95301908358794]]]}},{"type":"Feature","properties":{"cvegeo":"16027","cve_ent":"16","state_code":"MIC","nom_mun":"Chucándiro"},"geometry":{"type":"Polygon","coordinates":[[[-101.36196900961858,19.967568473252488],[-101.31632452140931,19.949927338284223],[-101.28874764311622,19.965567932173613],[-101.29857388710572,19.883545747939724],[-101.29191739924187,19.85972112236403],[-101.3768668634091,19.828258067214442],[-101.42726598580684,19.822256443977817],[-101.44216383959737,19.863904071892584],[-101.42789993703197,19.888638034322316],[-101.3920816928122,19.894094055446523],[-101.41680579059222,19.911007720931558],[-101.42980179070736,19.956292696262462],[-101.36196900961858,19.967568473252488]]]}},{"type":"Feature","properties":{"cvegeo":"16018","cve_ent":"16","state_code":"MIC","nom_mun":"Copándaro"},"geometry":{"type":"Polygon","coordinates":[[[-101.20728491068718,19.961384982645054],[-101.14547466623713,19.965204197431998],[-101.13564842224764,19.95811136997053],[-101.14547466623713,19.894094055446523],[-101.1812929104569,19.867359551937916],[-101.25705008185979,19.86063045921806],[-101.29191739924187,19.85972112236403],[-101.29857388710572,19.883545747939724],[-101.28874764311622,19.965567932173613],[-101.26370656972364,19.978480515500898],[-101.20728491068718,19.961384982645054]]]}},{"type":"Feature","properties":{"cvegeo":"16044","cve_ent":"16","state_code":"MIC","nom_mun":"Jiménez"},"geometry":{"type":"Polygon","coordinates":[[[-101.56419945043464,19.98593707770398],[-101.54803369419386,19.947926797205348],[-101.60318745078006,19.92701204956256],[-101.59684793852877,19.89827700497508],[-101.6516847195024,19.88663749324344],[-101.7024008175127,19.89300285122168],[-101.73504930560682,19.88791056483909],[-101.785131452392,19.90573356717816],[-101.84250403826614,19.891184177513612],[-101.87420159952256,19.910825853560752],[-101.88054111177385,19.949199868800996],[-101.84313798949127,19.92646644745014],[-101.78671633045481,19.93283180542838],[-101.75375086674812,19.95065480776745],[-101.70810637853886,19.939015296035812],[-101.69923106138705,19.96393112583635],[-101.64597915847624,19.97884425024251],[-101.59684793852877,19.95483775729601],[-101.56419945043464,19.98593707770398]]]}},{"type":"Feature","properties":{"cvegeo":"16070","cve_ent":"16","state_code":"MIC","nom_mun":"Purépero"},"geometry":{"type":"Polygon","coordinates":[[[-101.93727974642287,19.965204197431998],[-101.92650257559569,19.947381195092927],[-101.9334760390721,19.914099466235275],[-101.91223867303029,19.903551158728476],[-101.90875194129208,19.857174979172733],[-101.96707545400392,19.839533844204468],[-101.9940183810719,19.844444263216253],[-102.01145203976293,19.886819360614247],[-102.09576755270506,19.889911105917964],[-102.10781262598249,19.942834510822756],[-102.06723974757426,19.927739519045787],[-102.05012306449578,19.955019624666814],[-101.97183008819239,19.981208526063],[-101.93727974642287,19.965204197431998]]]}},{"type":"Feature","properties":{"cvegeo":"16107","cve_ent":"16","state_code":"MIC","nom_mun":"Zacapu"},"geometry":{"type":"Polygon","coordinates":[[[-101.93252511223442,19.967568473252488],[-101.90748403884183,19.965567932173613],[-101.88054111177385,19.949199868800996],[-101.87420159952256,19.910825853560752],[-101.84250403826614,19.891184177513612],[-101.785131452392,19.90573356717816],[-101.73504930560682,19.88791056483909],[-101.7024008175127,19.89300285122168],[-101.71095915905192,19.839533844204468],[-101.69479340281114,19.817709759707647],[-101.72141935426656,19.802614767930677],[-101.74392462275863,19.69531301915464],[-101.80161418424534,19.691857539109307],[-101.79590862321918,19.715864032055812],[-101.78988608658045,19.7395067902607],[-101.87990716054873,19.749691363025885],[-101.93284208784698,19.790793388828234],[-101.95503038072648,19.787337908782902],[-102.00035789332318,19.833350353597034],[-101.9940183810719,19.844444263216253],[-101.96707545400392,19.839533844204468],[-101.90875194129208,19.857174979172733],[-101.91223867303029,19.903551158728476],[-101.9334760390721,19.914099466235275],[-101.92650257559569,19.947381195092927],[-101.93727974642287,19.965204197431998],[-101.93252511223442,19.967568473252488]]]}},{"type":"Feature","properties":{"cvegeo":"16084","cve_ent":"16","state_code":"MIC","nom_mun":"Tangamandapio"},"geometry":{"type":"Polygon","coordinates":[[[-102.3905548723899,19.991393098828183],[-102.36963448196065,19.97884425024251],[-102.36456287215962,19.898458872345884],[-102.35220082326961,19.88663749324344],[-102.40798853108093,19.866813949825495],[-102.38104560401297,19.839715711575273],[-102.38928696993963,19.81279934069586],[-102.4092564335312,19.804433441638746],[-102.46567809256764,19.78915658249097],[-102.53160901998103,19.808616391167305],[-102.52083184915385,19.868996358275176],[-102.57313282522696,19.900823148166374],[-102.51100560516434,19.9120989251564],[-102.5220997516041,19.958838839453758],[-102.48374570248382,19.979207984984125],[-102.41337711649453,19.981026658692194],[-102.3905548723899,19.991393098828183]]]}},{"type":"Feature","properties":{"cvegeo":"16043","cve_ent":"16","state_code":"MIC","nom_mun":"Jacona"},"geometry":{"type":"Polygon","coordinates":[[[-102.26851926155263,19.950472940396644],[-102.245697017448,19.93210433594515],[-102.27295692012852,19.881727074231655],[-102.31986931078805,19.888092432209895],[-102.32874462793984,19.90809784299865],[-102.35220082326961,19.88663749324344],[-102.36456287215962,19.898458872345884],[-102.36963448196065,19.97884425024251],[-102.33064648161523,19.99903152840207],[-102.26851926155263,19.950472940396644]]]}},{"type":"Feature","properties":{"cvegeo":"16050","cve_ent":"16","state_code":"MIC","nom_mun":"Maravatío"},"geometry":{"type":"Polygon","coordinates":[[[-100.28520285373749,20.00303261055982],[-100.2734747560726,19.97447943334315],[-100.31309670764315,19.900095678683147],[-100.2931272440516,19.88390948268134],[-100.22973212153873,19.90391489347009],[-100.23924138991566,19.875907318365837],[-100.21134753601,19.869541960387597],[-100.21134753601,19.835532762046718],[-100.27062197555954,19.828621801956057],[-100.31277973203059,19.82280204609024],[-100.31151182958033,19.799341155256155],[-100.35240168360113,19.81461801440393],[-100.41072519631297,19.80825265642569],[-100.43956997705632,19.78279122451273],[-100.50613485569484,19.78915658249097],[-100.52483641683614,19.772061049635127],[-100.55621700248001,19.796249409952438],[-100.59647290527568,19.80534277849278],[-100.5847448076108,19.83007674092251],[-100.59869173456363,19.86244913292613],[-100.59171827108722,19.90518796506574],[-100.60629914926517,19.941015837114687],[-100.61992910060545,19.95702016574569],[-100.60186149068927,19.98593707770398],[-100.55780188054283,19.99157496619899],[-100.5926691979249,19.966477269027646],[-100.52705524612409,19.96574979954442],[-100.53593056327588,19.92301096740481],[-100.511840416721,19.95811136997053],[-100.44844529420813,19.982663465029454],[-100.36286187881575,19.98993815986173],[-100.33877173226087,20.001213936851755],[-100.28520285373749,20.00303261055982]]]}},{"type":"Feature","properties":{"cvegeo":"16036","cve_ent":"16","state_code":"MIC","nom_mun":"Huandacareo"},"geometry":{"type":"Polygon","coordinates":[[[-101.32836959468676,20.03194952251811],[-101.29191739924187,20.03595060467586],[-101.23834852071849,20.032131389888917],[-101.20316422772385,20.00721556008838],[-101.20728491068718,19.961384982645054],[-101.26370656972364,19.978480515500898],[-101.28874764311622,19.965567932173613],[-101.31632452140931,19.949927338284223],[-101.36196900961858,19.967568473252488],[-101.33439213132549,19.981026658692194],[-101.33122237519984,19.9839365366251],[-101.32836959468676,20.03194952251811]]]}},{"type":"Feature","properties":{"cvegeo":"16054","cve_ent":"16","state_code":"MIC","nom_mun":"Morelos"},"geometry":{"type":"Polygon","coordinates":[[[-101.40254188802682,20.044862105845397],[-101.32836959468676,20.03194952251811],[-101.33122237519984,19.9839365366251],[-101.33439213132549,19.981026658692194],[-101.36196900961858,19.967568473252488],[-101.42980179070736,19.956292696262462],[-101.53789047459179,19.93974276551904],[-101.54803369419386,19.947926797205348],[-101.56419945043464,19.98593707770398],[-101.51316637681178,20.012489713841777],[-101.47956696187995,20.014853989662267],[-101.46245027880148,20.03722367627151],[-101.43043574193248,20.0290396445852],[-101.40254188802682,20.044862105845397]]]}},{"type":"Feature","properties":{"cvegeo":"16020","cve_ent":"16","state_code":"MIC","nom_mun":"Cuitzeo"},"geometry":{"type":"Polygon","coordinates":[[[-101.132478666122,20.060684567105593],[-101.02438998223755,19.99739472206481],[-101.01868442121139,19.971933290151853],[-101.0310464701014,19.91610000731415],[-101.09349066577659,19.882818278456497],[-101.14198793449893,19.893184718592487],[-101.14547466623713,19.894094055446523],[-101.13564842224764,19.95811136997053],[-101.14547466623713,19.965204197431998],[-101.20728491068718,19.961384982645054],[-101.20316422772385,20.00721556008838],[-101.20157934966102,20.025766031910678],[-101.16068949564023,20.03995168683361],[-101.19650773986,20.057047219689455],[-101.17400247136793,20.09778551075019],[-101.132478666122,20.060684567105593]]]}},{"type":"Feature","properties":{"cvegeo":"16078","cve_ent":"16","state_code":"MIC","nom_mun":"Santa Ana Maya"},"geometry":{"type":"Polygon","coordinates":[[[-101.01171095773498,20.08159931474838],[-100.99269242098111,20.064685649263343],[-101.0142467626355,20.045589575328624],[-100.97018715248905,20.005215019009505],[-101.00315261619573,19.95301908358794],[-101.01868442121139,19.971933290151853],[-101.02438998223755,19.99739472206481],[-101.132478666122,20.060684567105593],[-101.08049466566145,20.08287238634403],[-101.01171095773498,20.08159931474838]]]}},{"type":"Feature","properties":{"cvegeo":"16017","cve_ent":"16","state_code":"MIC","nom_mun":"Contepec"},"geometry":{"type":"Polygon","coordinates":[[[-100.13780919389507,20.044316503732976],[-100.15302402329816,20.054319209127353],[-100.15524285258611,20.00721556008838],[-100.11593787662812,20.00594248849273],[-100.13146968164378,19.98175412817542],[-100.13051875480609,19.91610000731415],[-100.09184773007324,19.859902989734834],[-100.13432246215686,19.845353600070286],[-100.15460890136097,19.8457173348119],[-100.21134753601,19.869541960387597],[-100.23924138991566,19.875907318365837],[-100.22973212153873,19.90391489347009],[-100.2931272440516,19.88390948268134],[-100.31309670764315,19.900095678683147],[-100.2734747560726,19.97447943334315],[-100.28520285373749,20.00303261055982],[-100.33877173226087,20.001213936851755],[-100.33623592736035,20.033404461484565],[-100.26364851208311,20.04177036054168],[-100.2699880243344,20.064503781892537],[-100.22687934102565,20.043770901620555],[-100.2015212920205,20.07577955888256],[-100.13780919389507,20.044316503732976]]]}},{"type":"Feature","properties":{"cvegeo":"16045","cve_ent":"16","state_code":"MIC","nom_mun":"Jiquilpan"},"geometry":{"type":"Polygon","coordinates":[[[-102.66759155777113,20.048863188003146],[-102.66442180164549,19.955565226779235],[-102.68597614329987,19.939197163406618],[-102.66917643583396,19.902641821874443],[-102.6723461919596,19.884818819535372],[-102.73130365589657,19.8988226070875],[-102.78423858319482,19.95120040987987],[-102.88250102308977,19.975752504938797],[-102.86570131562385,20.004123814784663],[-102.87901429135155,20.047408249036692],[-102.8644334131736,20.04995439222799],[-102.82069077863972,20.01812760233679],[-102.80642687607433,20.036678074159088],[-102.74588453407453,20.002850743189015],[-102.71830765578143,20.00303261055982],[-102.71672277771862,20.038678615237963],[-102.66759155777113,20.048863188003146]]]}},{"type":"Feature","properties":{"cvegeo":"16094","cve_ent":"16","state_code":"MIC","nom_mun":"Tlazazalca"},"geometry":{"type":"Polygon","coordinates":[[[-102.13475555305047,20.101604725537133],[-102.09640150393018,20.07450648728691],[-102.09735243076787,20.045043973216202],[-102.00669740557447,20.053773607014932],[-101.97690169799343,20.03595060467586],[-101.97214706380495,20.00721556008838],[-101.93252511223442,19.967568473252488],[-101.93727974642287,19.965204197431998],[-101.97183008819239,19.981208526063],[-102.05012306449578,19.955019624666814],[-102.06723974757426,19.927739519045787],[-102.10781262598249,19.942834510822756],[-102.1388762360138,19.982299730287842],[-102.12809906518662,20.02085561289889],[-102.15345711419177,20.034131930967792],[-102.12809906518662,20.059411495509945],[-102.1442648214274,20.0768707631074],[-102.13475555305047,20.101604725537133]]]}},{"type":"Feature","properties":{"cvegeo":"16104","cve_ent":"16","state_code":"MIC","nom_mun":"Villamar"},"geometry":{"type":"Polygon","coordinates":[[[-102.60673224015878,20.079053171557085],[-102.52431858089206,20.081963049489993],[-102.48152687319586,20.048499453261535],[-102.50022843433716,19.984845873479138],[-102.48374570248382,19.979207984984125],[-102.5220997516041,19.958838839453758],[-102.51100560516434,19.9120989251564],[-102.57313282522696,19.900823148166374],[-102.61180384995981,19.881727074231655],[-102.66917643583396,19.902641821874443],[-102.68597614329987,19.939197163406618],[-102.66442180164549,19.955565226779235],[-102.66759155777113,20.048863188003146],[-102.67488199686012,20.083054253714835],[-102.66030111868216,20.095603102300508],[-102.60673224015878,20.079053171557085]]]}},{"type":"Feature","properties":{"cvegeo":"16051","cve_ent":"16","state_code":"MIC","nom_mun":"Marcos Castellanos"},"geometry":{"type":"Polygon","coordinates":[[[-102.92592668201108,20.07177847672481],[-102.87838034012643,20.06832299667948],[-102.87901429135155,20.047408249036692],[-102.86570131562385,20.004123814784663],[-102.88250102308977,19.975752504938797],[-102.90912697454517,19.970660218556205],[-102.95128473101623,19.996485385210775],[-102.99375946309985,19.983754669254296],[-103.01563078036679,19.959566308936985],[-103.05018112213631,19.996485385210775],[-103.02101936578039,20.047226381665887],[-103.03116258538245,20.06595872085899],[-103.0324304878327,20.136523260732048],[-102.99883107290088,20.12597495322525],[-102.94431126753982,20.130885372237035],[-102.95413751152931,20.0821449168608],[-102.92592668201108,20.07177847672481]]]}},{"type":"Feature","properties":{"cvegeo":"16076","cve_ent":"16","state_code":"MIC","nom_mun":"Sahuayo"},"geometry":{"type":"Polygon","coordinates":[[[-102.67488199686012,20.083054253714835],[-102.66759155777113,20.048863188003146],[-102.71672277771862,20.038678615237963],[-102.71830765578143,20.00303261055982],[-102.74588453407453,20.002850743189015],[-102.80642687607433,20.036678074159088],[-102.82069077863972,20.01812760233679],[-102.8644334131736,20.04995439222799],[-102.8511204374459,20.090692683288722],[-102.78138580268174,20.088146540097426],[-102.69326658238884,20.092693224367597],[-102.67488199686012,20.083054253714835]]]}},{"type":"Feature","properties":{"cvegeo":"16063","cve_ent":"16","state_code":"MIC","nom_mun":"Panindícuaro"},"geometry":{"type":"Polygon","coordinates":[[[-101.71095915905192,20.062503240813662],[-101.66721652451805,20.025766031910678],[-101.67418998799447,19.994121109390285],[-101.64597915847624,19.97884425024251],[-101.69923106138705,19.96393112583635],[-101.70810637853886,19.939015296035812],[-101.75375086674812,19.95065480776745],[-101.78671633045481,19.93283180542838],[-101.84313798949127,19.92646644745014],[-101.88054111177385,19.949199868800996],[-101.90748403884183,19.965567932173613],[-101.83679847723998,20.058320291285103],[-101.84250403826614,20.087600937985005],[-101.81207437945996,20.1086975529986],[-101.7787919401407,20.073051548320457],[-101.80034628179507,20.05268240279009],[-101.75692062287376,20.03722367627151],[-101.71095915905192,20.062503240813662]]]}},{"type":"Feature","properties":{"cvegeo":"16023","cve_ent":"16","state_code":"MIC","nom_mun":"Chavinda"},"geometry":{"type":"Polygon","coordinates":[[[-102.43841818988712,20.107606348773757],[-102.4225694092589,20.086327866389357],[-102.37217028686116,20.073597150432878],[-102.40703760424324,20.04358903424975],[-102.3905548723899,19.991393098828183],[-102.41337711649453,19.981026658692194],[-102.48374570248382,19.979207984984125],[-102.50022843433716,19.984845873479138],[-102.48152687319586,20.048499453261535],[-102.52431858089206,20.081963049489993],[-102.47550433655714,20.11506291097684],[-102.43841818988712,20.107606348773757]]]}},{"type":"Feature","properties":{"cvegeo":"16074","cve_ent":"16","state_code":"MIC","nom_mun":"Cojumatlán de Régules"},"geometry":{"type":"Polygon","coordinates":[[[-102.78455555880738,20.13743259758608],[-102.78138580268174,20.088146540097426],[-102.8511204374459,20.090692683288722],[-102.8644334131736,20.04995439222799],[-102.87901429135155,20.047408249036692],[-102.87838034012643,20.06832299667948],[-102.92592668201108,20.07177847672481],[-102.95413751152931,20.0821449168608],[-102.94431126753982,20.130885372237035],[-102.92465877956083,20.136159525990433],[-102.95413751152931,20.170896193814542],[-102.87552755961335,20.15761987574564],[-102.81657009567638,20.105969542436497],[-102.81973985180203,20.137250730215275],[-102.78455555880738,20.13743259758608]]]}},{"type":"Feature","properties":{"cvegeo":"16067","cve_ent":"16","state_code":"MIC","nom_mun":"Penjamillo"},"geometry":{"type":"Polygon","coordinates":[[[-101.7965425744443,20.212725689100115],[-101.7797428669784,20.163257764240655],[-101.82031574538664,20.125429351112828],[-101.81207437945996,20.1086975529986],[-101.84250403826614,20.087600937985005],[-101.83679847723998,20.058320291285103],[-101.90748403884183,19.965567932173613],[-101.93252511223442,19.967568473252488],[-101.97214706380495,20.00721556008838],[-101.97690169799343,20.03595060467586],[-102.00669740557447,20.053773607014932],[-101.96707545400392,20.093056959109212],[-101.97468286870547,20.1086975529986],[-101.95820013685213,20.126702422708476],[-101.97499984431803,20.15252758936305],[-101.95598130756417,20.18199010343376],[-101.9147744779308,20.194175217277817],[-101.83489662356459,20.224728935573367],[-101.7965425744443,20.212725689100115]]]}},{"type":"Feature","properties":{"cvegeo":"16004","cve_ent":"16","state_code":"MIC","nom_mun":"Angamacutiro"},"geometry":{"type":"Polygon","coordinates":[[[-101.64788101215163,20.238187121013073],[-101.6329831583611,20.20272298370574],[-101.6383717437747,20.169986856960506],[-101.71095915905192,20.062503240813662],[-101.75692062287376,20.03722367627151],[-101.80034628179507,20.05268240279009],[-101.7787919401407,20.073051548320457],[-101.81207437945996,20.1086975529986],[-101.82031574538664,20.125429351112828],[-101.7797428669784,20.163257764240655],[-101.7965425744443,20.212725689100115],[-101.76040735461197,20.201813646851704],[-101.72744189090528,20.211452617504467],[-101.69384247597345,20.191810941457327],[-101.68591808565935,20.218363577595127],[-101.64788101215163,20.238187121013073]]]}},{"type":"Feature","properties":{"cvegeo":"16042","cve_ent":"16","state_code":"MIC","nom_mun":"Ixtlán"},"geometry":{"type":"Polygon","coordinates":[[[-102.44063701917506,20.220909720786423],[-102.38136257962553,20.22400146609014],[-102.36329496970936,20.201086177368477],[-102.3629779940968,20.201086177368477],[-102.36329496970936,20.201086177368477],[-102.37470609176168,20.171259928556154],[-102.35917428674603,20.106151409807303],[-102.37217028686116,20.073597150432878],[-102.4225694092589,20.086327866389357],[-102.43841818988712,20.107606348773757],[-102.4723345804315,20.14379795556432],[-102.44222189723789,20.185809318220702],[-102.44222189723789,20.186173052962317],[-102.44063701917506,20.220909720786423]]]}},{"type":"Feature","properties":{"cvegeo":"16028","cve_ent":"16","state_code":"MIC","nom_mun":"Churintzio"},"geometry":{"type":"Polygon","coordinates":[[[-102.13855926040124,20.23382230411371],[-102.09957126005582,20.20272298370574],[-102.08530735749042,20.21818171022432],[-102.05139096694604,20.189628533007646],[-102.05773047919733,20.16744071376921],[-101.99338442984677,20.114517308864418],[-101.97468286870547,20.1086975529986],[-101.96707545400392,20.093056959109212],[-102.00669740557447,20.053773607014932],[-102.09735243076787,20.045043973216202],[-102.09640150393018,20.07450648728691],[-102.13475555305047,20.101604725537133],[-102.15123828490381,20.10633327717811],[-102.1655021874692,20.169077520106473],[-102.14997038245356,20.178170888646815],[-102.13855926040124,20.23382230411371]]]}},{"type":"Feature","properties":{"cvegeo":"16103","cve_ent":"16","state_code":"MIC","nom_mun":"Venustiano Carranza"},"geometry":{"type":"Polygon","coordinates":[[[-102.56235565439978,20.20617846375107],[-102.56711028858824,20.146889700868037],[-102.59658902055672,20.146344098755616],[-102.60673224015878,20.079053171557085],[-102.66030111868216,20.095603102300508],[-102.67488199686012,20.083054253714835],[-102.69326658238884,20.092693224367597],[-102.78138580268174,20.088146540097426],[-102.78455555880738,20.13743259758608],[-102.73066970467144,20.166167642173562],[-102.67963663104858,20.171259928556154],[-102.68280638717422,20.20672406586349],[-102.56235565439978,20.20617846375107]]]}},{"type":"Feature","properties":{"cvegeo":"16062","cve_ent":"16","state_code":"MIC","nom_mun":"Pajacuarán"},"geometry":{"type":"Polygon","coordinates":[[[-102.54143526397053,20.219636649190775],[-102.44222189723789,20.185809318220702],[-102.44222189723789,20.186173052962317],[-102.44222189723789,20.185809318220702],[-102.4723345804315,20.14379795556432],[-102.43841818988712,20.107606348773757],[-102.47550433655714,20.11506291097684],[-102.52431858089206,20.081963049489993],[-102.60673224015878,20.079053171557085],[-102.59658902055672,20.146344098755616],[-102.56711028858824,20.146889700868037],[-102.56235565439978,20.20617846375107],[-102.54143526397053,20.21981851656158],[-102.54143526397053,20.219636649190775]]]}},{"type":"Feature","properties":{"cvegeo":"16031","cve_ent":"16","state_code":"MIC","nom_mun":"Epitacio Huerta"},"geometry":{"type":"Polygon","coordinates":[[[-100.2015212920205,20.07577955888256],[-100.22687934102565,20.043770901620555],[-100.2699880243344,20.064503781892537],[-100.26364851208311,20.04177036054168],[-100.33623592736035,20.033404461484565],[-100.33877173226087,20.001213936851755],[-100.36286187881575,19.98993815986173],[-100.35810724462729,20.064685649263343],[-100.38980480588373,20.080689977894345],[-100.38092948873192,20.129794168012193],[-100.35588841533934,20.182353838175374],[-100.35525446411421,20.219091047078354],[-100.32355690285777,20.252009041194395],[-100.35081680553832,20.288382515355764],[-100.307391146617,20.285290770052047],[-100.26079573157004,20.267467767712976],[-100.18155182842895,20.205087259526227],[-100.19201202364357,20.175988480197134],[-100.23607163379002,20.1432523534519],[-100.19771758466973,20.129794168012193],[-100.2015212920205,20.07577955888256]]]}},{"type":"Feature","properties":{"cvegeo":"16109","cve_ent":"16","state_code":"MIC","nom_mun":"Zináparo"},"geometry":{"type":"Polygon","coordinates":[[[-102.01050111292524,20.247826091665836],[-101.97690169799343,20.23218549777645],[-101.95598130756417,20.18199010343376],[-101.97499984431803,20.15252758936305],[-101.95820013685213,20.126702422708476],[-101.97468286870547,20.1086975529986],[-101.99338442984677,20.114517308864418],[-102.05773047919733,20.16744071376921],[-102.05139096694604,20.189628533007646],[-102.08530735749042,20.21818171022432],[-102.01050111292524,20.247826091665836]]]}},{"type":"Feature","properties":{"cvegeo":"16030","cve_ent":"16","state_code":"MIC","nom_mun":"Ecuandureo"},"geometry":{"type":"Polygon","coordinates":[[[-102.17532843145871,20.244552478991313],[-102.13855926040124,20.23382230411371],[-102.14997038245356,20.178170888646815],[-102.1655021874692,20.169077520106473],[-102.15123828490381,20.10633327717811],[-102.13475555305047,20.101604725537133],[-102.1442648214274,20.0768707631074],[-102.22762940753182,20.098512980233416],[-102.29007360320699,20.089783346434686],[-102.31701653027497,20.109425022481826],[-102.35917428674603,20.106151409807303],[-102.37470609176168,20.171259928556154],[-102.36329496970936,20.201086177368477],[-102.3629779940968,20.201086177368477],[-102.34205760366756,20.187809859299577],[-102.30180170087188,20.201086177368477],[-102.27929643237981,20.186354920333123],[-102.23713867590875,20.23218549777645],[-102.17532843145871,20.244552478991313]]]}},{"type":"Feature","properties":{"cvegeo":"16071","cve_ent":"16","state_code":"MIC","nom_mun":"Puruándiro"},"geometry":{"type":"Polygon","coordinates":[[[-101.48749135219407,20.285290770052047],[-101.45864657145071,20.26946830879185],[-101.41997554671786,20.274378727803636],[-101.39525144893784,20.248371693778257],[-101.36133505839345,20.248917295890678],[-101.36323691206884,20.19563015624427],[-101.42029252233043,20.2016317794809],[-101.42251135161837,20.163257764240655],[-101.38922891229912,20.130339770124614],[-101.40856442466554,20.122883207921532],[-101.40254188802682,20.044862105845397],[-101.43043574193248,20.0290396445852],[-101.46245027880148,20.03722367627151],[-101.47956696187995,20.014853989662267],[-101.51316637681178,20.012489713841777],[-101.56419945043464,19.98593707770398],[-101.59684793852877,19.95483775729601],[-101.64597915847624,19.97884425024251],[-101.67418998799447,19.994121109390285],[-101.66721652451805,20.025766031910678],[-101.71095915905192,20.062503240813662],[-101.6383717437747,20.169986856960506],[-101.58638774331415,20.15198198725063],[-101.56166364553413,20.169623122218894],[-101.57053896268593,20.21254382172931],[-101.53535466969129,20.242551937912438],[-101.49731759618356,20.254191449644075],[-101.48749135219407,20.285290770052047]]]}},{"type":"Feature","properties":{"cvegeo":"16011","cve_ent":"16","state_code":"MIC","nom_mun":"Briseñas"},"geometry":{"type":"Polygon","coordinates":[[[-102.52241672721667,20.275651799399284],[-102.54143526397053,20.21981851656158],[-102.54143526397053,20.219636649190775],[-102.54143526397053,20.21981851656158],[-102.56235565439978,20.20617846375107],[-102.68280638717422,20.20672406586349],[-102.68502521646218,20.211998219616888],[-102.67900267982345,20.226729476652242],[-102.62733565497547,20.229639354585153],[-102.61116989873469,20.268740839308624],[-102.59120043514314,20.25855626654344],[-102.52241672721667,20.275651799399284]]]}},{"type":"Feature","properties":{"cvegeo":"16060","cve_ent":"16","state_code":"MIC","nom_mun":"Numarán"},"geometry":{"type":"Polygon","coordinates":[[[-101.94647203918724,20.343124593968625],[-101.9601019905275,20.30584178295322],[-101.93474394152236,20.297475883896105],[-101.95154364898828,20.2707413803875],[-101.93981555132339,20.227093211393857],[-101.90780101445439,20.215089964920605],[-101.9147744779308,20.194175217277817],[-101.95598130756417,20.18199010343376],[-101.97690169799343,20.23218549777645],[-102.01050111292524,20.247826091665836],[-101.9734149662552,20.287109443760116],[-101.96897730767931,20.335668031765543],[-101.94647203918724,20.343124593968625]]]}},{"type":"Feature","properties":{"cvegeo":"16105","cve_ent":"16","state_code":"MIC","nom_mun":"Vista Hermosa"},"geometry":{"type":"Polygon","coordinates":[[[-102.36868355512296,20.328029602191656],[-102.43493145814891,20.29492974070481],[-102.44063701917506,20.220909720786423],[-102.44222189723789,20.186173052962317],[-102.44222189723789,20.185809318220702],[-102.54143526397053,20.219636649190775],[-102.54143526397053,20.21981851656158],[-102.52241672721667,20.275651799399284],[-102.53129204436847,20.29492974070481],[-102.43239565324839,20.34094218551894],[-102.36868355512296,20.328029602191656]]]}},{"type":"Feature","properties":{"cvegeo":"16113","cve_ent":"16","state_code":"MIC","nom_mun":"José Sixto Verduzco"},"geometry":{"type":"Polygon","coordinates":[[[-101.56388247482208,20.320391172617768],[-101.52330959641384,20.33239441909102],[-101.50048735230921,20.311479671448232],[-101.46023144951353,20.323482917921485],[-101.45991447390097,20.323482917921485],[-101.44501662011044,20.28965558695141],[-101.45864657145071,20.26946830879185],[-101.48749135219407,20.285290770052047],[-101.49731759618356,20.254191449644075],[-101.53535466969129,20.242551937912438],[-101.57053896268593,20.21254382172931],[-101.56166364553413,20.169623122218894],[-101.58638774331415,20.15198198725063],[-101.6383717437747,20.169986856960506],[-101.6329831583611,20.20272298370574],[-101.64788101215163,20.238187121013073],[-101.62569271927212,20.266922165600555],[-101.62727759733494,20.303295639761924],[-101.56388247482208,20.320391172617768]]]}},{"type":"Feature","properties":{"cvegeo":"16086","cve_ent":"16","state_code":"MIC","nom_mun":"Tanhuato"},"geometry":{"type":"Polygon","coordinates":[[[-102.29799799352111,20.35367290147542],[-102.31891838395035,20.32784773482085],[-102.31194492047393,20.279652881557034],[-102.25330443214953,20.272196319353952],[-102.23713867590875,20.23218549777645],[-102.27929643237981,20.186354920333123],[-102.30180170087188,20.201086177368477],[-102.34205760366756,20.187809859299577],[-102.3629779940968,20.201086177368477],[-102.36329496970936,20.201086177368477],[-102.38136257962553,20.22400146609014],[-102.44063701917506,20.220909720786423],[-102.43493145814891,20.29492974070481],[-102.36868355512296,20.328029602191656],[-102.34712921346858,20.3345768275407],[-102.34712921346858,20.334940562282316],[-102.29799799352111,20.35367290147542]]]}},{"type":"Feature","properties":{"cvegeo":"16106","cve_ent":"16","state_code":"MIC","nom_mun":"Yurécuaro"},"geometry":{"type":"Polygon","coordinates":[[[-102.29799799352111,20.35367290147542],[-102.2536214077621,20.335486164394737],[-102.2197050172177,20.351126758284124],[-102.18008306564717,20.355309707812683],[-102.11637096752173,20.303841241874345],[-102.17532843145871,20.244552478991313],[-102.23713867590875,20.23218549777645],[-102.25330443214953,20.272196319353952],[-102.31194492047393,20.279652881557034],[-102.31891838395035,20.32784773482085],[-102.29799799352111,20.35367290147542]]]}},{"type":"Feature","properties":{"cvegeo":"16069","cve_ent":"16","state_code":"MIC","nom_mun":"La Piedad"},"geometry":{"type":"Polygon","coordinates":[[[-101.94647203918724,20.343124593968625],[-101.96897730767931,20.335668031765543],[-101.9734149662552,20.287109443760116],[-102.01050111292524,20.247826091665836],[-102.08530735749042,20.21818171022432],[-102.09957126005582,20.20272298370574],[-102.13855926040124,20.23382230411371],[-102.17532843145871,20.244552478991313],[-102.11637096752173,20.303841241874345],[-102.18008306564717,20.355309707812683],[-102.09640150393018,20.384044752400165],[-102.0108180885378,20.379316200759185],[-102.02539896671577,20.34730754349718],[-101.99021467372113,20.36058386156608],[-101.94647203918724,20.343124593968625]]]}}]}