{"type":"FeatureCollection","features":[{"type":"Feature","properties":{"cvegeo":"20453","cve_ent":"20","state_code":"OAX","nom_mun":"Santiago Astata"},"geometry":{"type":"Polygon","coordinates":[[[-95.71219569127163,15.90756128736046],[-95.69951666676906,15.988674134740313],[-95.59396378778513,16.024502006789263],[-95.53627422629842,16.062876022029506],[-95.51376895780635,15.963758304939775],[-95.56765481194229,15.957938549073956],[-95.66116261764877,15.913017308484665],[-95.71219569127163,15.90756128736046]]]}},{"type":"Feature","properties":{"cvegeo":"20413","cve_ent":"20","state_code":"OAX","nom_mun":"Santa María Huatulco"},"geometry":{"type":"Polygon","coordinates":[[[-96.24471472037973,15.953209997432978],[-96.24186193986665,15.871915282682318],[-96.11221891432784,15.870278476345057],[-96.10080779227552,15.836451145374983],[-96.04533706007676,15.788620026852783],[-96.12172818270477,15.760612451748528],[-96.13187140230683,15.739333969364127],[-96.23742428129076,15.682409482301583],[-96.33346789189775,15.68786550342579],[-96.33695462363596,15.803896886000558],[-96.3721389166306,15.868641670007795],[-96.26088047662051,15.863913118366817],[-96.26309930590847,15.91847332960887],[-96.29638174522772,15.924474952845497],[-96.25580886681949,15.961394029119287],[-96.24471472037973,15.953209997432978]]]}},{"type":"Feature","properties":{"cvegeo":"20334","cve_ent":"20","state_code":"OAX","nom_mun":"Villa de Tututepec de Melchor Ocampo"},"geometry":{"type":"Polygon","coordinates":[[[-97.45809736527606,16.27020482474931],[-97.46253502385196,16.1981853459098],[-97.44098068219759,16.163448678085693],[-97.39058155979986,16.145989410488234],[-97.39121551102498,16.11398075322623],[-97.41562263319244,16.050145306073027],[-97.40674731604064,16.005951534966965],[-97.37980438897267,15.965395111277036],[-97.35983492538111,15.987582930515472],[-97.32116390064826,15.98994720633596],[-97.28661355887876,16.024138272047647],[-97.26315736354898,16.01886411829425],[-97.17884185060687,15.983218113616108],[-97.21053941186331,15.922656279137428],[-97.27393453437618,15.938478740397624],[-97.35793307170573,15.944662231005056],[-97.36839326692035,15.936660066689555],[-97.47965170693044,15.9537555995454],[-97.53131873177843,15.969396193434786],[-97.56555209793538,15.963030835456548],[-97.64099229372569,15.977762092491902],[-97.6799802940711,15.96284896808574],[-97.79060478285606,15.985764256807403],[-97.79123873408119,16.01249876031601],[-97.75193375812322,16.038142059599775],[-97.7262587335055,16.091611066616988],[-97.74464331903424,16.145989410488234],[-97.71453063584062,16.215280878765643],[-97.66888614763135,16.238378034858112],[-97.640041366888,16.206187510225302],[-97.5991515128672,16.243470321240704],[-97.51103229257431,16.24892634236491],[-97.45809736527606,16.27020482474931]]]}},{"type":"Feature","properties":{"cvegeo":"20102","cve_ent":"20","state_code":"OAX","nom_mun":"San Andrés Zautla"},"geometry":{"type":"Polygon","coordinates":[[[-96.83619121342481,17.219188765619432],[-96.81875755473376,17.187180108357428],[-96.84570048180174,17.173540055546916],[-96.85394184772841,17.15589892057865],[-96.87137550641945,17.142986337251365],[-96.86503599416817,17.17772300507547],[-96.96393238528825,17.150988501566864],[-96.98358487326723,17.151534103679285],[-96.98295092204211,17.17772300507547],[-96.90782770186435,17.213914611866034],[-96.8460174574143,17.221734908810728],[-96.83619121342481,17.219188765619432]]]}},{"type":"Feature","properties":{"cvegeo":"20427","cve_ent":"20","state_code":"OAX","nom_mun":"Santa María Petapa"},"geometry":{"type":"Polygon","coordinates":[[[-95.04622992927393,16.899102192999383],[-95.04622992927393,16.898920325628577],[-95.04622992927393,16.899102192999383],[-95.04622992927393,16.898920325628577],[-95.0259434900698,16.88600774230129],[-95.01548329485519,16.881642925401927],[-95.04939968539958,16.889645089717426],[-95.06398056357753,16.83526674584618],[-95.05035061223727,16.8330843373965],[-95.06239568551472,16.814351998203392],[-95.13244729589144,16.808350374966768],[-95.17523900358762,16.885644007559677],[-95.15526953999607,16.91256037843909],[-95.12959451537836,16.90910489839376],[-95.08363305155652,16.89764725403293],[-94.99075919707516,16.960027762219678],[-94.97459344083438,16.952571200016596],[-94.960329538269,16.99549189952701],[-94.94448075764078,16.987671602582317],[-94.94352983080309,16.93911301457689],[-94.9913931483003,16.931474585003002],[-95.04622992927393,16.899102192999383]]]}},{"type":"Feature","properties":{"cvegeo":"20010","cve_ent":"20","state_code":"OAX","nom_mun":"El Barrio de la Soledad"},"geometry":{"type":"Polygon","coordinates":[[[-94.89154583034252,16.894555508729212],[-94.90263997678228,16.84981613551073],[-94.8864742205415,16.835630480587795],[-94.92260944037383,16.854726554522514],[-95.01865305098083,16.773431839771852],[-94.99836661177672,16.75233522475826],[-95.04369412437342,16.70504970834848],[-95.12293802751451,16.717234822192538],[-95.16224300347248,16.711051331585104],[-95.14576027161914,16.75797311325327],[-95.17492202797506,16.773795574513468],[-95.13244729589144,16.808350374966768],[-95.06239568551472,16.814351998203392],[-95.05035061223727,16.8330843373965],[-95.02467558761956,16.8543628197809],[-94.99551383126364,16.84981613551073],[-94.89154583034252,16.894555508729212]]]}},{"type":"Feature","properties":{"cvegeo":"20305","cve_ent":"20","state_code":"OAX","nom_mun":"San Pedro Comitancillo"},"geometry":{"type":"Polygon","coordinates":[[[-95.12008524700143,16.440614551195324],[-95.15178280825786,16.454436471376646],[-95.20091402820533,16.423337150968674],[-95.20186495504302,16.425701426789164],[-95.20693656484406,16.461529298838112],[-95.17523900358762,16.499903314078356],[-95.12864358854065,16.48462645493058],[-95.12008524700143,16.440614551195324]]]}},{"type":"Feature","properties":{"cvegeo":"20005","cve_ent":"20","state_code":"OAX","nom_mun":"Asunción Ixtaltepec"},"geometry":{"type":"Polygon","coordinates":[[[-94.8864742205415,16.835630480587795],[-94.85002202509659,16.79434658741464],[-94.83480719569351,16.814351998203392],[-94.81103402475118,16.772704370288626],[-94.83544114691864,16.748516009971315],[-94.81198495158888,16.688499777605056],[-94.8490710982589,16.6312115558009],[-94.83449022008095,16.61902644195684],[-94.87664797655201,16.60938747130408],[-94.87664797655201,16.576287609817232],[-94.91405109883459,16.590655132110975],[-94.95335607479258,16.58265296779547],[-94.97617831889721,16.55446352532041],[-94.97649529450977,16.523546072283246],[-95.06239568551472,16.487718200234298],[-95.08585188084447,16.433521723733858],[-95.12008524700143,16.440614551195324],[-95.12864358854065,16.48462645493058],[-95.17523900358762,16.499903314078356],[-95.18284641828916,16.538641064060215],[-95.20249890626816,16.535549318756498],[-95.18728407686507,16.552462984241537],[-95.15970719857197,16.5488256368254],[-95.15622046683376,16.518999388013075],[-95.12008524700143,16.51754444904662],[-95.0598598806142,16.535549318756498],[-95.02087188026879,16.58210736568305],[-95.0012193922898,16.623391258856206],[-95.01770212414314,16.647761486544322],[-95.0012193922898,16.68140695014359],[-95.04369412437342,16.70504970834848],[-94.99836661177672,16.75233522475826],[-95.01865305098083,16.773431839771852],[-94.92260944037383,16.854726554522514],[-94.8864742205415,16.835630480587795]]]}},{"type":"Feature","properties":{"cvegeo":"20025","cve_ent":"20","state_code":"OAX","nom_mun":"Chahuites"},"geometry":{"type":"Polygon","coordinates":[[[-94.18278836064864,16.30075854304486],[-94.19927109250199,16.240924178049408],[-94.22938377569561,16.24474339283635],[-94.21416894629252,16.297121195628723],[-94.18278836064864,16.30075854304486]]]}},{"type":"Feature","properties":{"cvegeo":"20075","cve_ent":"20","state_code":"OAX","nom_mun":"Reforma de Pineda"},"geometry":{"type":"Polygon","coordinates":[[[-94.46521363144348,16.41551685402398],[-94.44048953366345,16.43643160166677],[-94.4214709969096,16.420609140406572],[-94.44239138733884,16.39878505590975],[-94.41101080169497,16.353136345837232],[-94.4633117777681,16.35386381532046],[-94.46521363144348,16.41551685402398]]]}},{"type":"Feature","properties":{"cvegeo":"20141","cve_ent":"20","state_code":"OAX","nom_mun":"San Francisco del Mar"},"geometry":{"type":"Polygon","coordinates":[[[-94.4633117777681,16.35386381532046],[-94.41101080169497,16.353136345837232],[-94.41513148465832,16.285481683897086],[-94.40942592363216,16.25983838461332],[-94.4446102166268,16.215280878765643],[-94.39104133810342,16.17563379192975],[-94.28992611769539,16.145261941005007],[-94.21733870241816,16.135622970352244],[-94.20339177546532,16.152900370578894],[-94.15330962868016,16.122892254395765],[-94.10291050628243,16.142533930442905],[-94.10069167699447,16.138896583026767],[-94.03602865203135,16.022137730968772],[-94.00021040781158,16.002859789663248],[-94.20244084862763,16.09670335299958],[-94.38406787462701,16.157992656961486],[-94.54033685162123,16.19181998793156],[-94.68456075533801,16.208369918674983],[-94.73939753631164,16.20782431656256],[-94.73812963386138,16.224374247305985],[-94.66712709664696,16.364048388085642],[-94.61292426689846,16.35259074372481],[-94.6268711938513,16.408969628674935],[-94.57964182757921,16.411697639237037],[-94.5726683641028,16.367867602872586],[-94.51371090016582,16.364593990198063],[-94.48613402187273,16.340769364622368],[-94.49627724147479,16.305850829427452],[-94.56252514450074,16.286754755492733],[-94.52607294905583,16.28166246911014],[-94.49310748534914,16.225647318901633],[-94.42907841161114,16.263111997287844],[-94.46204387531783,16.28475421441386],[-94.43953860682576,16.31348925900134],[-94.4633117777681,16.35386381532046]]]}},{"type":"Feature","properties":{"cvegeo":"20143","cve_ent":"20","state_code":"OAX","nom_mun":"San Francisco Ixhuatán"},"geometry":{"type":"Polygon","coordinates":[[[-94.47060221685707,16.419881670923345],[-94.46521363144348,16.41551685402398],[-94.4633117777681,16.35386381532046],[-94.43953860682576,16.31348925900134],[-94.46204387531783,16.28475421441386],[-94.42907841161114,16.263111997287844],[-94.49310748534914,16.225647318901633],[-94.52607294905583,16.28166246911014],[-94.56252514450074,16.286754755492733],[-94.49627724147479,16.305850829427452],[-94.48613402187273,16.340769364622368],[-94.51371090016582,16.364593990198063],[-94.5726683641028,16.367867602872586],[-94.57964182757921,16.411697639237037],[-94.6268711938513,16.408969628674935],[-94.64176904764182,16.43515853007112],[-94.57869090074152,16.44497936809469],[-94.49754514392504,16.43915961222887],[-94.47060221685707,16.419881670923345]]]}},{"type":"Feature","properties":{"cvegeo":"20043","cve_ent":"20","state_code":"OAX","nom_mun":"Heroica Ciudad de Juchitán de Zaragoza"},"geometry":{"type":"Polygon","coordinates":[[[-94.81483773210195,16.518999388013075],[-94.87252729358866,16.509178549989507],[-94.90232300116972,16.520272459608723],[-94.88679119615406,16.459528757759237],[-94.83861090304428,16.44043268382452],[-94.82403002486632,16.467894656816352],[-94.78884573187167,16.44607057231953],[-94.80279265882452,16.438977744858065],[-94.8189584150653,16.377870308266964],[-94.7717290487932,16.329493587632342],[-94.78726085380886,16.310215646326817],[-94.86618778133737,16.280389397514494],[-94.83734300059402,16.22692039049728],[-94.76792534144244,16.22291930833953],[-94.75651421939011,16.21018859238305],[-94.83195441518043,16.214553409282416],[-94.92387734282408,16.207642449191756],[-94.94067705029,16.2327401463631],[-95.08078027104344,16.226011053643248],[-95.11691549087578,16.234558820071168],[-95.12357197873963,16.264930670995913],[-95.12230407628937,16.3071239010231],[-95.07348983195446,16.331494128711217],[-94.98568758727414,16.328220516036694],[-94.95969558704387,16.366230796535326],[-94.99487988003851,16.377688440896158],[-95.02467558761956,16.41769926247366],[-95.06366358796497,16.400967464359432],[-95.06366358796497,16.3682313376142],[-95.08870466135755,16.36768573550178],[-95.100749734635,16.401513066471853],[-95.04020739263521,16.431521182654983],[-95.02404163639443,16.48062537277283],[-94.98917431901235,16.47789736221073],[-94.97649529450977,16.523546072283246],[-94.97617831889721,16.55446352532041],[-94.95335607479258,16.58265296779547],[-94.91405109883459,16.590655132110975],[-94.87664797655201,16.576287609817232],[-94.87664797655201,16.60938747130408],[-94.83449022008095,16.61902644195684],[-94.79803802463604,16.615752829282318],[-94.81483773210195,16.518999388013075]]]}},{"type":"Feature","properties":{"cvegeo":"20557","cve_ent":"20","state_code":"OAX","nom_mun":"Unión Hidalgo"},"geometry":{"type":"Polygon","coordinates":[[[-94.81483773210195,16.518999388013075],[-94.72766943864676,16.48880940445914],[-94.74827285346345,16.45880128827601],[-94.78884573187167,16.44607057231953],[-94.82403002486632,16.467894656816352],[-94.83861090304428,16.44043268382452],[-94.88679119615406,16.459528757759237],[-94.90232300116972,16.520272459608723],[-94.87252729358866,16.509178549989507],[-94.81483773210195,16.518999388013075]]]}},{"type":"Feature","properties":{"cvegeo":"20071","cve_ent":"20","state_code":"OAX","nom_mun":"Pluma Hidalgo"},"geometry":{"type":"Polygon","coordinates":[[[-96.4219040878032,15.968123121839138],[-96.4120778438137,15.965031376535423],[-96.38576886797087,15.954483069028626],[-96.39464418512267,15.929567239228088],[-96.35248642865162,15.903742072573516],[-96.37530867275625,15.869005404749409],[-96.4894198932794,15.88682840708848],[-96.49227267379248,15.922838146508234],[-96.46849950285016,15.969759928176401],[-96.4219040878032,15.968123121839138]]]}},{"type":"Feature","properties":{"cvegeo":"20012","cve_ent":"20","state_code":"OAX","nom_mun":"Candelaria Loxicha"},"geometry":{"type":"Polygon","coordinates":[[[-96.46849950285016,15.969759928176401],[-96.49227267379248,15.922838146508234],[-96.4894198932794,15.88682840708848],[-96.4859331615412,15.85682029090535],[-96.50431774706993,15.81990121463156],[-96.53157764975047,15.810262243978798],[-96.56612799151998,15.79625845642667],[-96.58863326001205,15.838815421195472],[-96.58324467459846,15.871551547940705],[-96.58387862582359,15.902105266236255],[-96.54076994251484,15.932477117160998],[-96.54647550354099,15.99976804435953],[-96.52016652769815,16.002314187550827],[-96.47325413703862,15.986673593661438],[-96.46849950285016,15.969759928176401]]]}},{"type":"Feature","properties":{"cvegeo":"20401","cve_ent":"20","state_code":"OAX","nom_mun":"Santa María Colotepec"},"geometry":{"type":"Polygon","coordinates":[[[-96.8292177499484,15.960848427006866],[-96.82858379872326,15.960302824894445],[-96.8460174574143,15.949390782646034],[-96.81178409125735,15.893921234549946],[-96.85235696966559,15.737333428285252],[-96.93001599474385,15.780981597278895],[-97.0159163857488,15.805897427079433],[-97.04856487384292,15.828267113688675],[-97.06219482518318,15.860093903579873],[-97.01084477594776,15.923201881249849],[-96.97756233662851,15.930294708711315],[-96.89483170174921,15.968486856580753],[-96.8292177499484,15.960848427006866]]]}},{"type":"Feature","properties":{"cvegeo":"20318","cve_ent":"20","state_code":"OAX","nom_mun":"San Pedro Mixtepec -Dto. 22 -"},"geometry":{"type":"Polygon","coordinates":[[[-96.90022028716281,15.989219736852734],[-96.89483170174921,15.968486856580753],[-96.97756233662851,15.930294708711315],[-97.01084477594776,15.923201881249849],[-97.06219482518318,15.860093903579873],[-97.10308467920399,15.868641670007795],[-97.15601960650224,15.903378337831903],[-97.21053941186331,15.922656279137428],[-97.17884185060687,15.983218113616108],[-97.14017082587402,16.016863577215375],[-97.04064048352882,16.002859789663248],[-96.99816575144519,16.017409179327796],[-96.99816575144519,15.987946665257086],[-96.90022028716281,15.989219736852734]]]}},{"type":"Feature","properties":{"cvegeo":"20057","cve_ent":"20","state_code":"OAX","nom_mun":"Matías Romero Avendaño"},"geometry":{"type":"MultiPolygon","coordinates":[[[[-95.17111832062429,17.310486185764468],[-95.17555597920018,17.277750059019237],[-95.17302017429967,17.20373003910085],[-95.24846037008999,17.170084575501583],[-95.2820597850218,17.17372192291772],[-95.29695763881233,17.148806093117184],[-95.30044437055054,17.20718551914618],[-95.28142583379667,17.19227239474002],[-95.20186495504302,17.198092150605838],[-95.21929861373407,17.235193094250434],[-95.27476934593282,17.24519579964481],[-95.26589402878102,17.31157738998931],[-95.24814339447742,17.279568732727306],[-95.19489149156661,17.277931926390043],[-95.19267266227865,17.31103178787689],[-95.17111832062429,17.310486185764468]]],[[[-95.12230407628937,17.431973589463443],[-95.0766595880801,17.372866693951217],[-94.972691587159,17.331400933407256],[-94.8909118791174,17.31103178787689],[-94.9096134402587,17.26792922099567],[-94.9229264159864,17.193545466335667],[-94.82371304925375,17.18863504732388],[-94.80215870759938,17.125527069653906],[-94.72576758497138,17.10752219994403],[-94.70516417015469,17.08387944173914],[-94.74446914611266,17.043686752790826],[-94.79708709779835,17.04350488542002],[-94.82117724435324,17.028955495755472],[-94.83639207375633,17.050779580252293],[-94.87886680583995,17.065874572029262],[-94.91183226954665,17.04696036546535],[-94.88013470829021,17.007313278629457],[-94.8436825128453,17.016770381911414],[-94.83449022008095,16.979123836154397],[-94.77109509756808,16.94184102513899],[-94.78852875625911,16.914379052147158],[-94.8544596836725,16.893282437133564],[-94.89154583034252,16.894555508729212],[-94.99551383126364,16.84981613551073],[-95.02467558761956,16.8543628197809],[-95.05035061223727,16.8330843373965],[-95.06398056357753,16.83526674584618],[-95.04939968539958,16.889645089717426],[-95.01548329485519,16.881642925401927],[-95.0259434900698,16.88600774230129],[-95.04622992927393,16.898920325628577],[-95.04622992927393,16.899102192999383],[-95.04622992927393,16.898920325628577],[-95.04622992927393,16.899102192999383],[-94.9913931483003,16.931474585003002],[-94.94352983080309,16.93911301457689],[-94.94448075764078,16.987671602582317],[-94.960329538269,16.99549189952701],[-94.93370358681359,17.02277200514804],[-94.97871412379773,17.033502180025643],[-94.95367305040514,17.143713806734592],[-94.99709870932645,17.106794730460802],[-95.036720660897,17.116979303225985],[-95.05700710010112,17.08897172812173],[-95.07539168562985,17.099156300886914],[-95.07000310021625,17.14444127621782],[-95.10708924688629,17.16681096282706],[-95.11311178352501,17.19227239474002],[-95.15843929612171,17.18936251680711],[-95.14829607651966,17.295573061358308],[-95.1540016375458,17.310304318393662],[-95.13561705201708,17.35431622212892],[-95.19267266227865,17.35668049794941],[-95.16858251572377,17.322307564866914],[-95.20344983310585,17.315396604776254],[-95.21866466250894,17.341949240914055],[-95.21232515025766,17.379959521412683],[-95.1869671012525,17.37213922446799],[-95.18284641828916,17.423243955664713],[-95.12230407628937,17.431973589463443]],[[-94.99487988003851,17.25519850503919],[-94.98790641656208,17.203002569617624],[-94.93306963558845,17.209731662337475],[-94.95969558704387,17.24592326912804],[-94.99487988003851,17.25519850503919]]]]}},{"type":"Feature","properties":{"cvegeo":"20103","cve_ent":"20","state_code":"OAX","nom_mun":"San Antonino Castillo Velasco"},"geometry":{"type":"Polygon","coordinates":[[[-96.69989170002214,16.79652899586432],[-96.7144725782001,16.81216958975371],[-96.70496330982317,16.84163210382442],[-96.69703891950905,16.840359032228772],[-96.69703891950905,16.82708271415987],[-96.67072994366622,16.810350916045643],[-96.69989170002214,16.79652899586432]]]}},{"type":"Feature","properties":{"cvegeo":"20360","cve_ent":"20","state_code":"OAX","nom_mun":"Santa Ana Zegache"},"geometry":{"type":"Polygon","coordinates":[[[-96.70496330982317,16.84163210382442],[-96.7144725782001,16.81216958975371],[-96.75187570048269,16.81289705923694],[-96.75567940783347,16.827992051013908],[-96.75821521273397,16.858182034567843],[-96.7223969685142,16.86873034207464],[-96.70496330982317,16.84163210382442]]]}},{"type":"Feature","properties":{"cvegeo":"20452","cve_ent":"20","state_code":"OAX","nom_mun":"Santiago Apóstol"},"geometry":{"type":"Polygon","coordinates":[[[-96.69989170002214,16.79652899586432],[-96.75916613957168,16.774523043996695],[-96.75472848099577,16.797438332718357],[-96.75124174925756,16.811442120270485],[-96.75187570048269,16.81289705923694],[-96.7144725782001,16.81216958975371],[-96.69989170002214,16.79652899586432]]]}},{"type":"Feature","properties":{"cvegeo":"20087","cve_ent":"20","state_code":"OAX","nom_mun":"San Agustín Yatareni"},"geometry":{"type":"Polygon","coordinates":[[[-96.66090369967672,17.09024479971738],[-96.66312252896468,17.07533167531122],[-96.68562779745675,17.067329510995716],[-96.6957710170588,17.08151516591865],[-96.68784662674469,17.0907904018298],[-96.66090369967672,17.09024479971738]]]}},{"type":"Feature","properties":{"cvegeo":"20072","cve_ent":"20","state_code":"OAX","nom_mun":"San José del Progreso"},"geometry":{"type":"Polygon","coordinates":[[[-96.68943150480752,16.73378475293596],[-96.68911452919495,16.733602885565155],[-96.68214106571854,16.711596933697525],[-96.63744750434697,16.711051331585104],[-96.62254965055644,16.706322779944127],[-96.59497277226333,16.656672987713858],[-96.60226321135232,16.647761486544322],[-96.65551511426312,16.611206145012147],[-96.71035189523677,16.647034017061095],[-96.72841950515293,16.677042133244225],[-96.72081209045139,16.69686567666217],[-96.69545404144624,16.719053495900607],[-96.72715160270268,16.72105403697948],[-96.72937043199062,16.729965538149017],[-96.71415560258754,16.738877039318552],[-96.68943150480752,16.73378475293596]]]}},{"type":"Feature","properties":{"cvegeo":"20301","cve_ent":"20","state_code":"OAX","nom_mun":"San Pedro Apóstol"},"geometry":{"type":"Polygon","coordinates":[[[-96.72366487096447,16.747970407858894],[-96.71415560258754,16.738877039318552],[-96.72937043199062,16.729965538149017],[-96.75282662732039,16.72978367077821],[-96.75472848099577,16.758154980624077],[-96.72366487096447,16.747970407858894]]]}},{"type":"Feature","properties":{"cvegeo":"20068","cve_ent":"20","state_code":"OAX","nom_mun":"Ocotlán de Morelos"},"geometry":{"type":"Polygon","coordinates":[[[-96.68087316326827,16.839085960633124],[-96.65614906548826,16.827446448901487],[-96.61811199198054,16.82671897941826],[-96.63300984577106,16.8065317012587],[-96.63427774822132,16.748516009971315],[-96.6006783332895,16.725600721249652],[-96.62254965055644,16.706322779944127],[-96.63744750434697,16.711051331585104],[-96.64917560201184,16.735785294014836],[-96.67104691927878,16.76615714493958],[-96.68943150480752,16.74706107100486],[-96.71193677329958,16.763065399635863],[-96.72207999290164,16.75160775527503],[-96.72366487096447,16.747970407858894],[-96.75472848099577,16.758154980624077],[-96.75282662732039,16.72978367077821],[-96.74490223700627,16.70504970834848],[-96.78262233490143,16.69177339027958],[-96.82509706698505,16.712870005293173],[-96.80132389604273,16.737603967722904],[-96.79561833501657,16.743423723588723],[-96.75916613957168,16.774523043996695],[-96.69989170002214,16.79652899586432],[-96.67072994366622,16.810350916045643],[-96.69703891950905,16.82708271415987],[-96.69703891950905,16.840359032228772],[-96.67675248030494,16.873277026344812],[-96.68087316326827,16.839085960633124]]]}},{"type":"Feature","properties":{"cvegeo":"20132","cve_ent":"20","state_code":"OAX","nom_mun":"San Dionisio Ocotlán"},"geometry":{"type":"Polygon","coordinates":[[[-96.64917560201184,16.735785294014836],[-96.68784662674469,16.745424264667598],[-96.68943150480752,16.74706107100486],[-96.67104691927878,16.76615714493958],[-96.64917560201184,16.735785294014836]]]}},{"type":"Feature","properties":{"cvegeo":"20243","cve_ent":"20","state_code":"OAX","nom_mun":"San Martín Tilcajete"},"geometry":{"type":"Polygon","coordinates":[[[-96.67675248030494,16.873277026344812],[-96.69703891950905,16.840359032228772],[-96.70496330982317,16.84163210382442],[-96.7223969685142,16.86873034207464],[-96.70528028543573,16.893828039245985],[-96.70052565124726,16.90092086670745],[-96.68721267551956,16.886189609672098],[-96.66185462651441,16.916197725855227],[-96.67675248030494,16.873277026344812]]]}},{"type":"Feature","properties":{"cvegeo":"20315","cve_ent":"20","state_code":"OAX","nom_mun":"San Pedro Mártir"},"geometry":{"type":"Polygon","coordinates":[[[-96.68943150480752,16.74706107100486],[-96.68784662674469,16.745424264667598],[-96.68943150480752,16.73378475293596],[-96.68911452919495,16.733602885565155],[-96.68943150480752,16.73378475293596],[-96.71415560258754,16.738877039318552],[-96.72366487096447,16.747970407858894],[-96.72207999290164,16.75160775527503],[-96.71193677329958,16.763065399635863],[-96.68943150480752,16.74706107100486]]]}},{"type":"Feature","properties":{"cvegeo":"20530","cve_ent":"20","state_code":"OAX","nom_mun":"Santo Tomás Jalieza"},"geometry":{"type":"Polygon","coordinates":[[[-96.58039189408538,16.83981343011635],[-96.61811199198054,16.82671897941826],[-96.65614906548826,16.827446448901487],[-96.68087316326827,16.839085960633124],[-96.67675248030494,16.873277026344812],[-96.66185462651441,16.916197725855227],[-96.66122067528929,16.923290553316694],[-96.6583678947762,16.926200431249605],[-96.63079101648312,16.91892573641733],[-96.58039189408538,16.83981343011635]]]}},{"type":"Feature","properties":{"cvegeo":"20546","cve_ent":"20","state_code":"OAX","nom_mun":"Teotitlán del Valle"},"geometry":{"type":"Polygon","coordinates":[[[-96.46754857601248,17.106794730460802],[-96.46691462478734,17.051325182364714],[-96.49702730798096,16.98694413309909],[-96.51255911299661,16.99149081736926],[-96.52555511311175,16.994582562672978],[-96.54235482057766,17.06660204151249],[-96.56073940610639,17.016224779798993],[-96.58165979653563,17.016224779798993],[-96.59592369910104,17.04805156969019],[-96.53823413761432,17.100065637740947],[-96.5233362838238,17.11388755792227],[-96.46754857601248,17.106794730460802]]]}},{"type":"Feature","properties":{"cvegeo":"20550","cve_ent":"20","state_code":"OAX","nom_mun":"San Jerónimo Tlacochahuaya"},"geometry":{"type":"Polygon","coordinates":[[[-96.51255911299661,16.99149081736926],[-96.51921560086046,16.970939804468088],[-96.57246750377126,16.979669438266818],[-96.59402184542564,17.006767676517036],[-96.5873653575618,17.013133034495276],[-96.58165979653563,17.016224779798993],[-96.56073940610639,17.016224779798993],[-96.54235482057766,17.06660204151249],[-96.52555511311175,16.994582562672978],[-96.51255911299661,16.99149081736926]]]}},{"type":"Feature","properties":{"cvegeo":"20145","cve_ent":"20","state_code":"OAX","nom_mun":"San Francisco Lachigoló"},"geometry":{"type":"Polygon","coordinates":[[[-96.58165979653563,17.016224779798993],[-96.5873653575618,17.013133034495276],[-96.59402184542564,17.006767676517036],[-96.59877647961412,17.006767676517036],[-96.61335735779207,17.01058689130398],[-96.60860272360361,17.020771464069163],[-96.60923667482874,17.039685670633077],[-96.59592369910104,17.04805156969019],[-96.58165979653563,17.016224779798993]]]}},{"type":"Feature","properties":{"cvegeo":"20067","cve_ent":"20","state_code":"OAX","nom_mun":"Oaxaca de Juárez"},"geometry":{"type":"Polygon","coordinates":[[[-96.68784662674469,17.0907904018298],[-96.6957710170588,17.08151516591865],[-96.70464633421061,17.050597712881487],[-96.71320467574984,17.029137363126278],[-96.72303091973933,17.046232895982122],[-96.77279609091194,17.04805156969019],[-96.75758126150885,17.079514624839774],[-96.76645657866065,17.111887016843394],[-96.7785016519381,17.122799059091804],[-96.7785016519381,17.122617191720998],[-96.71066887084933,17.15589892057865],[-96.67263179734161,17.16408295226496],[-96.68784662674469,17.0907904018298]]]}},{"type":"Feature","properties":{"cvegeo":"20091","cve_ent":"20","state_code":"OAX","nom_mun":"San Andrés Huayápam"},"geometry":{"type":"Polygon","coordinates":[[[-96.67263179734161,17.16408295226496],[-96.65361326058775,17.17372192291772],[-96.6504435044621,17.145714347813467],[-96.66090369967672,17.09024479971738],[-96.68784662674469,17.0907904018298],[-96.67263179734161,17.16408295226496]]]}},{"type":"Feature","properties":{"cvegeo":"20553","cve_ent":"20","state_code":"OAX","nom_mun":"Tlalixtac de Cabrera"},"geometry":{"type":"Polygon","coordinates":[[[-96.53823413761432,17.131528692890534],[-96.5233362838238,17.11388755792227],[-96.53823413761432,17.100065637740947],[-96.60258018696489,17.09024479971738],[-96.62571940668208,17.069875654187012],[-96.63522867505901,17.053143856072783],[-96.66312252896468,17.009495687079138],[-96.66692623631545,17.021317066181584],[-96.6637564801898,17.060418550905055],[-96.66312252896468,17.07533167531122],[-96.66090369967672,17.09024479971738],[-96.6504435044621,17.145714347813467],[-96.62254965055644,17.14498687833024],[-96.60765179676591,17.11897984430486],[-96.53823413761432,17.131528692890534]]]}},{"type":"Feature","properties":{"cvegeo":"20483","cve_ent":"20","state_code":"OAX","nom_mun":"Santiago Suchilquitongo"},"geometry":{"type":"Polygon","coordinates":[[[-96.8460174574143,17.221734908810728],[-96.90782770186435,17.213914611866034],[-96.98295092204211,17.17772300507547],[-96.98358487326723,17.17772300507547],[-96.99562994654468,17.207003651775373],[-96.96551726335106,17.24701447335288],[-96.92018975075436,17.264110006208725],[-96.85299092089072,17.263564404096304],[-96.83302145729917,17.284115416997476],[-96.8460174574143,17.221734908810728]]]}},{"type":"Feature","properties":{"cvegeo":"20077","cve_ent":"20","state_code":"OAX","nom_mun":"Reyes Etla"},"geometry":{"type":"Polygon","coordinates":[[[-96.80481062778094,17.215187683461682],[-96.8095652619694,17.182815291458063],[-96.81717267667095,17.182087821974836],[-96.81875755473376,17.187180108357428],[-96.83619121342481,17.219188765619432],[-96.80481062778094,17.215187683461682]]]}},{"type":"Feature","properties":{"cvegeo":"20045","cve_ent":"20","state_code":"OAX","nom_mun":"Magdalena Apasco"},"geometry":{"type":"Polygon","coordinates":[[[-96.78008653000091,17.268111088366474],[-96.80385970094325,17.214460213978455],[-96.80481062778094,17.215187683461682],[-96.83619121342481,17.219188765619432],[-96.8460174574143,17.221734908810728],[-96.83302145729917,17.284115416997476],[-96.80100692043017,17.261200128275814],[-96.78008653000091,17.268111088366474]]]}},{"type":"Feature","properties":{"cvegeo":"20193","cve_ent":"20","state_code":"OAX","nom_mun":"San Juan del Estado"},"geometry":{"type":"Polygon","coordinates":[[[-96.76455472498526,17.381960062491558],[-96.72398184657703,17.36068158010716],[-96.71415560258754,17.304120827786228],[-96.74743804190679,17.28338794751425],[-96.78008653000091,17.268111088366474],[-96.80100692043017,17.261200128275814],[-96.83302145729917,17.284115416997476],[-96.81083316441966,17.383233134087206],[-96.84379862812635,17.3830512667164],[-96.81748965228351,17.405420953325642],[-96.76455472498526,17.381960062491558]]]}},{"type":"Feature","properties":{"cvegeo":"20338","cve_ent":"20","state_code":"OAX","nom_mun":"Villa de Etla"},"geometry":{"type":"Polygon","coordinates":[[[-96.77374701774963,17.20318443698843],[-96.77469794458733,17.187180108357428],[-96.77469794458733,17.186634506245007],[-96.78420721296426,17.179359811412734],[-96.8095652619694,17.182815291458063],[-96.80481062778094,17.215187683461682],[-96.80385970094325,17.214460213978455],[-96.77374701774963,17.20318443698843]]]}},{"type":"Feature","properties":{"cvegeo":"20294","cve_ent":"20","state_code":"OAX","nom_mun":"San Pablo Huitzo"},"geometry":{"type":"Polygon","coordinates":[[[-96.83302145729917,17.284115416997476],[-96.85299092089072,17.263564404096304],[-96.92018975075436,17.264110006208725],[-96.96551726335106,17.24701447335288],[-96.96393238528825,17.287207162301193],[-96.90085423838794,17.285388488593124],[-96.89261287246126,17.32430810594579],[-96.84379862812635,17.3830512667164],[-96.81083316441966,17.383233134087206],[-96.83302145729917,17.284115416997476]]]}},{"type":"Feature","properties":{"cvegeo":"20277","cve_ent":"20","state_code":"OAX","nom_mun":"Villa Sola de Vega"},"geometry":{"type":"Polygon","coordinates":[[[-97.16869863100482,16.84799746180266],[-97.1883511189838,16.795074056897867],[-97.16362702120378,16.759973654332146],[-97.20546780206227,16.717962291675764],[-97.17218536274302,16.68195255225601],[-97.14143872832427,16.671404244749212],[-97.09579424011501,16.62484619782266],[-97.09008867908885,16.5833804372787],[-97.0558553129319,16.57174092554706],[-97.0789945326491,16.556464066399286],[-97.04159141036651,16.514998305855325],[-96.9927771660316,16.548643769454593],[-96.99689784899493,16.59211007107743],[-97.0016524831834,16.676314663760998],[-96.97914721469132,16.723782047541583],[-96.94808360466003,16.724873251766425],[-96.92557833616796,16.63757691377914],[-96.98643765378031,16.62993848420525],[-96.96393238528825,16.589563927886132],[-96.97724536101595,16.545552024150876],[-96.93635550699514,16.574287068738357],[-96.97566048295312,16.506814274169017],[-96.93413667770719,16.467712789445546],[-96.90972955553974,16.47789736221073],[-96.85489277456611,16.462074900950533],[-96.84982116476507,16.45771008405117],[-96.86788877468125,16.435885999554348],[-96.87993384795868,16.411152037124616],[-96.88532243337228,16.325856240216204],[-96.86186623804252,16.317854075900705],[-96.86820575029381,16.290573970279677],[-96.95664194619926,16.323128229654102],[-96.9927771660316,16.321855158058455],[-97.01845219064931,16.34804405945464],[-97.07836058142396,16.36586706179371],[-97.14334058199967,16.350590202645936],[-97.23082585106742,16.372778021884372],[-97.17979277744456,16.422609681485447],[-97.16489492365403,16.47607868850266],[-97.12051833789504,16.484990189672196],[-97.11766555738195,16.506268672056596],[-97.15697053333993,16.59083699948178],[-97.19247180194714,16.637031311666718],[-97.20293199716176,16.698866217741045],[-97.22448633881613,16.75288082687068],[-97.27678731488925,16.767430216535228],[-97.27773824172695,16.781979606199776],[-97.24445580240769,16.814715732945007],[-97.275519412439,16.84672439020701],[-97.22258448514076,16.86709353573738],[-97.16869863100482,16.84799746180266]]]}},{"type":"Feature","properties":{"cvegeo":"20155","cve_ent":"20","state_code":"OAX","nom_mun":"San Ildefonso Sola"},"geometry":{"type":"Polygon","coordinates":[[[-96.92557833616796,16.63757691377914],[-96.92367648249257,16.575014538221584],[-96.93635550699514,16.574287068738357],[-96.97724536101595,16.545552024150876],[-96.96393238528825,16.589563927886132],[-96.98643765378031,16.62993848420525],[-96.92557833616796,16.63757691377914]]]}},{"type":"Feature","properties":{"cvegeo":"20487","cve_ent":"20","state_code":"OAX","nom_mun":"Santiago Tenango"},"geometry":{"type":"Polygon","coordinates":[[[-96.96551726335106,17.24701447335288],[-96.99562994654468,17.207003651775373],[-97.03144819076445,17.23191948157591],[-97.03398399566497,17.32885479021596],[-96.99658087338237,17.387961685728186],[-96.96012867793748,17.313577931068185],[-96.96393238528825,17.287207162301193],[-96.96551726335106,17.24701447335288]]]}},{"type":"Feature","properties":{"cvegeo":"20494","cve_ent":"20","state_code":"OAX","nom_mun":"Santiago Tlazoyaltepec"},"geometry":{"type":"Polygon","coordinates":[[[-96.94681570220976,17.061509755129897],[-96.92399345810513,17.006767676517036],[-96.92684623861821,16.9818518467165],[-96.94111014118361,16.987853469953123],[-96.9927771660316,17.013133034495276],[-97.0247917029006,17.015497310315766],[-97.02542565412573,17.046232895982122],[-96.94681570220976,17.061509755129897]]]}},{"type":"Feature","properties":{"cvegeo":"20511","cve_ent":"20","state_code":"OAX","nom_mun":"Santo Domingo Nuxaá"},"geometry":{"type":"Polygon","coordinates":[[[-96.98358487326723,17.17772300507547],[-96.98295092204211,17.17772300507547],[-96.98358487326723,17.151534103679285],[-97.02701053218854,17.117888640080018],[-97.05205160558113,17.085334380705593],[-97.0666324837591,17.145896215184273],[-97.10783931339246,17.174813127142563],[-97.12844272820914,17.162446145927696],[-97.17028350906763,17.201183895909555],[-97.14143872832427,17.228100266788967],[-97.07297199601038,17.223735449889602],[-96.98358487326723,17.17772300507547]]]}},{"type":"Feature","properties":{"cvegeo":"20531","cve_ent":"20","state_code":"OAX","nom_mun":"Santo Tomás Mazaltepec"},"geometry":{"type":"Polygon","coordinates":[[[-96.87137550641945,17.142986337251365],[-96.93064994596898,17.10570352623596],[-96.96393238528825,17.150988501566864],[-96.86503599416817,17.17772300507547],[-96.87137550641945,17.142986337251365]]]}},{"type":"Feature","properties":{"cvegeo":"20535","cve_ent":"20","state_code":"OAX","nom_mun":"San Vicente Lachixío"},"geometry":{"type":"Polygon","coordinates":[[[-96.99689784899493,16.59211007107743],[-97.03493492250266,16.61848083984442],[-97.0213049711624,16.575560140334005],[-97.0558553129319,16.57174092554706],[-97.09008867908885,16.5833804372787],[-97.08279823999987,16.66231087620887],[-97.06916828865961,16.707595851539775],[-97.07202106917268,16.718507893788185],[-96.97914721469132,16.723782047541583],[-97.0016524831834,16.676314663760998],[-96.99689784899493,16.59211007107743]]]}},{"type":"Feature","properties":{"cvegeo":"20569","cve_ent":"20","state_code":"OAX","nom_mun":"Santa Inés de Zaragoza"},"geometry":{"type":"Polygon","coordinates":[[[-97.1056204841045,17.312850461584958],[-97.07677570336115,17.279568732727306],[-97.12812575259657,17.252288627106278],[-97.14143872832427,17.228100266788967],[-97.17028350906763,17.201183895909555],[-97.1829625335702,17.25392543344354],[-97.17820789938175,17.300847215111705],[-97.14809521618812,17.327945453361927],[-97.1056204841045,17.312850461584958]]]}},{"type":"Feature","properties":{"cvegeo":"20048","cve_ent":"20","state_code":"OAX","nom_mun":"Magdalena Mixtepec"},"geometry":{"type":"Polygon","coordinates":[[[-96.90148818961306,16.933475126081877],[-96.88817521388536,16.94493277044271],[-96.88373755530947,16.899647795111804],[-96.84823628670226,16.879278649581437],[-96.92399345810513,16.86400179043366],[-96.97027189753953,16.892009365537916],[-96.96393238528825,16.91037796998941],[-96.91923882391667,16.880551721177085],[-96.92557833616796,16.903467009898748],[-96.90148818961306,16.933475126081877]]]}},{"type":"Feature","properties":{"cvegeo":"20092","cve_ent":"20","state_code":"OAX","nom_mun":"San Andrés Ixtlahuaca"},"geometry":{"type":"Polygon","coordinates":[[[-96.8140029205453,17.071876195265887],[-96.87010760396919,17.050779580252293],[-96.8726434088697,17.0296829652387],[-96.90339004328845,17.021317066181584],[-96.90877862870204,17.04987024339826],[-96.87708106744562,17.05568999926408],[-96.8327044816866,17.096064555583197],[-96.82858379872326,17.08897172812173],[-96.8140029205453,17.071876195265887]]]}},{"type":"Feature","properties":{"cvegeo":"20094","cve_ent":"20","state_code":"OAX","nom_mun":"San Andrés Nuxiño"},"geometry":{"type":"Polygon","coordinates":[[[-97.14143872832427,17.228100266788967],[-97.12812575259657,17.252288627106278],[-97.07677570336115,17.279568732727306],[-97.03144819076445,17.23191948157591],[-96.99562994654468,17.207003651775373],[-96.98358487326723,17.17772300507547],[-97.07297199601038,17.223735449889602],[-97.14143872832427,17.228100266788967]]]}},{"type":"Feature","properties":{"cvegeo":"20049","cve_ent":"20","state_code":"OAX","nom_mun":"Magdalena Ocotlán"},"geometry":{"type":"Polygon","coordinates":[[[-96.72081209045139,16.69686567666217],[-96.72715160270268,16.72105403697948],[-96.69545404144624,16.719053495900607],[-96.72081209045139,16.69686567666217]]]}},{"type":"Feature","properties":{"cvegeo":"20051","cve_ent":"20","state_code":"OAX","nom_mun":"Magdalena Teitipac"},"geometry":{"type":"Polygon","coordinates":[[[-96.5677128695828,16.933838860823492],[-96.54647550354099,16.930747115519775],[-96.54457364986561,16.892554967650337],[-96.52460418627405,16.870912750524322],[-96.5188986252479,16.8676391378498],[-96.53379647903841,16.851634809218798],[-96.55693569875562,16.844723849128137],[-96.58958418684975,16.91765266482168],[-96.58165979653563,16.93092898289058],[-96.5677128695828,16.933838860823492]]]}},{"type":"Feature","properties":{"cvegeo":"20069","cve_ent":"20","state_code":"OAX","nom_mun":"La Pe"},"geometry":{"type":"Polygon","coordinates":[[[-96.82509706698505,16.630665953688478],[-96.81368594493274,16.661037804613223],[-96.75758126150885,16.616480298765545],[-96.78484116418939,16.585926580469994],[-96.78515813980195,16.583198569907893],[-96.82509706698505,16.630665953688478]]]}},{"type":"Feature","properties":{"cvegeo":"20078","cve_ent":"20","state_code":"OAX","nom_mun":"Rojas de Cuauhtémoc"},"geometry":{"type":"Polygon","coordinates":[[[-96.60860272360361,17.020771464069163],[-96.61335735779207,17.01058689130398],[-96.62603638229464,16.98748973521151],[-96.65551511426312,16.986216663615863],[-96.66312252896468,17.005312737550582],[-96.66312252896468,17.009495687079138],[-96.60860272360361,17.020771464069163]]]}},{"type":"Feature","properties":{"cvegeo":"20083","cve_ent":"20","state_code":"OAX","nom_mun":"San Agustín de las Juntas"},"geometry":{"type":"Polygon","coordinates":[[[-96.66312252896468,17.005312737550582],[-96.65551511426312,16.986216663615863],[-96.65076048007467,16.97785076455875],[-96.654881163038,16.977305162446328],[-96.68214106571854,16.9633013748942],[-96.70749911472369,16.982579316199725],[-96.71859326116343,17.000402318538796],[-96.71320467574984,17.01804345350706],[-96.66312252896468,17.005312737550582]]]}},{"type":"Feature","properties":{"cvegeo":"20084","cve_ent":"20","state_code":"OAX","nom_mun":"San Agustín Etla"},"geometry":{"type":"Polygon","coordinates":[[[-96.65741696793852,17.180814750379188],[-96.69703891950905,17.18772571046985],[-96.76296984692245,17.163719217523344],[-96.77469794458733,17.186634506245007],[-96.77469794458733,17.187180108357428],[-96.77374701774963,17.20318443698843],[-96.70528028543573,17.236829900587697],[-96.69513706583368,17.24465019753239],[-96.65741696793852,17.180814750379188]]]}},{"type":"Feature","properties":{"cvegeo":"20112","cve_ent":"20","state_code":"OAX","nom_mun":"San Baltazar Chichicápam"},"geometry":{"type":"Polygon","coordinates":[[[-96.47674086877684,16.669403703670337],[-96.51858164963534,16.705959045202512],[-96.51572886912226,16.7374221003521],[-96.56073940610639,16.826355244676645],[-96.55693569875562,16.844723849128137],[-96.53379647903841,16.851634809218798],[-96.46691462478734,16.759973654332146],[-96.48878594205428,16.74833414260051],[-96.47166925897581,16.701957963044762],[-96.47674086877684,16.669403703670337]]]}},{"type":"Feature","properties":{"cvegeo":"20118","cve_ent":"20","state_code":"OAX","nom_mun":"San Bartolomé Quialana"},"geometry":{"type":"Polygon","coordinates":[[[-96.4761069175517,16.920744410125398],[-96.49861218604377,16.862001249354787],[-96.5188986252479,16.8676391378498],[-96.52460418627405,16.870912750524322],[-96.5090723812584,16.929474043924127],[-96.4761069175517,16.920744410125398]]]}},{"type":"Feature","properties":{"cvegeo":"20162","cve_ent":"20","state_code":"OAX","nom_mun":"San Jerónimo Taviche"},"geometry":{"type":"Polygon","coordinates":[[[-96.59719160155129,16.743969325701144],[-96.54076994251484,16.727237527586915],[-96.51572886912226,16.7374221003521],[-96.51858164963534,16.705959045202512],[-96.53918506445201,16.66358394780452],[-96.59497277226333,16.656672987713858],[-96.62254965055644,16.706322779944127],[-96.6006783332895,16.725600721249652],[-96.63427774822132,16.748516009971315],[-96.59719160155129,16.743969325701144]]]}},{"type":"Feature","properties":{"cvegeo":"20178","cve_ent":"20","state_code":"OAX","nom_mun":"San Juan Bautista Guelache"},"geometry":{"type":"Polygon","coordinates":[[[-96.77374701774963,17.20318443698843],[-96.80385970094325,17.214460213978455],[-96.78008653000091,17.268111088366474],[-96.74743804190679,17.28338794751425],[-96.70528028543573,17.236829900587697],[-96.77374701774963,17.20318443698843]]]}},{"type":"Feature","properties":{"cvegeo":"20191","cve_ent":"20","state_code":"OAX","nom_mun":"San Juan Chicomezúchil"},"geometry":{"type":"Polygon","coordinates":[[[-96.52809091801227,17.309576848910435],[-96.51255911299661,17.30884937942721],[-96.4967103323684,17.29939227614525],[-96.47895969806478,17.293026918167012],[-96.4903708201171,17.271930303153418],[-96.51699677157251,17.237557370070924],[-96.51255911299661,17.271748435782612],[-96.52809091801227,17.309576848910435]]]}},{"type":"Feature","properties":{"cvegeo":"20197","cve_ent":"20","state_code":"OAX","nom_mun":"San Juan Guelavía"},"geometry":{"type":"Polygon","coordinates":[[[-96.51921560086046,16.970939804468088],[-96.50843843003327,16.94947945471288],[-96.50843843003327,16.949297587342073],[-96.50843843003327,16.94947945471288],[-96.50843843003327,16.949297587342073],[-96.5090723812584,16.929474043924127],[-96.54647550354099,16.930747115519775],[-96.5677128695828,16.933838860823492],[-96.57024867448332,16.970394202355667],[-96.57246750377126,16.979669438266818],[-96.51921560086046,16.970939804468088]]]}},{"type":"Feature","properties":{"cvegeo":"20219","cve_ent":"20","state_code":"OAX","nom_mun":"San Juan Teitipac"},"geometry":{"type":"Polygon","coordinates":[[[-96.55693569875562,16.844723849128137],[-96.58039189408538,16.83981343011635],[-96.63079101648312,16.91892573641733],[-96.62508545545695,16.931656452373808],[-96.60289716257745,16.942386627251413],[-96.58165979653563,16.93092898289058],[-96.58958418684975,16.91765266482168],[-96.55693569875562,16.844723849128137]]]}},{"type":"Feature","properties":{"cvegeo":"20227","cve_ent":"20","state_code":"OAX","nom_mun":"San Lorenzo Cacaotepec"},"geometry":{"type":"Polygon","coordinates":[[[-96.7785016519381,17.12352652857503],[-96.82858379872326,17.08897172812173],[-96.8327044816866,17.096064555583197],[-96.82636496943532,17.146987419409115],[-96.8006899448176,17.16044560484882],[-96.7997390179799,17.160991206961242],[-96.77438096897477,17.160263737478015],[-96.7785016519381,17.12352652857503]]]}},{"type":"Feature","properties":{"cvegeo":"20233","cve_ent":"20","state_code":"OAX","nom_mun":"San Lucas Quiaviní"},"geometry":{"type":"Polygon","coordinates":[[[-96.41651550238961,16.923836155429115],[-96.41556457555191,16.918562001675717],[-96.42697569760423,16.91128730684344],[-96.42634174637911,16.841086501712],[-96.43902077088168,16.833266204767305],[-96.49861218604377,16.862001249354787],[-96.4761069175517,16.920744410125398],[-96.41651550238961,16.923836155429115]]]}},{"type":"Feature","properties":{"cvegeo":"20238","cve_ent":"20","state_code":"OAX","nom_mun":"San Martín de los Cansecos"},"geometry":{"type":"Polygon","coordinates":[[[-96.71035189523677,16.647034017061095],[-96.74331735894346,16.645760945465447],[-96.72841950515293,16.677042133244225],[-96.71035189523677,16.647034017061095]]]}},{"type":"Feature","properties":{"cvegeo":"20247","cve_ent":"20","state_code":"OAX","nom_mun":"Capulálpam de Méndez"},"geometry":{"type":"Polygon","coordinates":[[[-96.40225159982421,17.34158550617244],[-96.3632635994788,17.312304859472537],[-96.38291608745779,17.303938960415422],[-96.39115745338447,17.303938960415422],[-96.39147442899703,17.303938960415422],[-96.39210838022215,17.304120827786228],[-96.41049296575089,17.30284775619058],[-96.41049296575089,17.303211490932195],[-96.41049296575089,17.30284775619058],[-96.41049296575089,17.303211490932195],[-96.41556457555191,17.299574143516057],[-96.43458311230577,17.295754928729114],[-96.45962418569836,17.28793463178442],[-96.46342789304913,17.28975330549249],[-96.47103530775068,17.312304859472537],[-96.43521706353091,17.34213110828486],[-96.40225159982421,17.34158550617244]]]}},{"type":"Feature","properties":{"cvegeo":"20262","cve_ent":"20","state_code":"OAX","nom_mun":"San Miguel Amatlán"},"geometry":{"type":"Polygon","coordinates":[[[-96.47895969806478,17.293026918167012],[-96.46342789304913,17.28975330549249],[-96.45962418569836,17.28793463178442],[-96.4361679903686,17.25919958719694],[-96.46120906376119,17.24646887124046],[-96.44884701487118,17.186816373615812],[-96.4085911120755,17.14498687833024],[-96.46754857601248,17.106794730460802],[-96.45867325886067,17.15408024687058],[-96.48371433225326,17.239012309037378],[-96.46786555162504,17.26665614940002],[-96.4903708201171,17.271930303153418],[-96.47895969806478,17.293026918167012]]]}},{"type":"Feature","properties":{"cvegeo":"20267","cve_ent":"20","state_code":"OAX","nom_mun":"San Miguel del Río"},"geometry":{"type":"Polygon","coordinates":[[[-96.59307091858796,17.319943289046424],[-96.57658818673461,17.349769537858748],[-96.54869433282894,17.326308647024664],[-96.59307091858796,17.319943289046424]]]}},{"type":"Feature","properties":{"cvegeo":"20284","cve_ent":"20","state_code":"OAX","nom_mun":"San Miguel Tilquiápam"},"geometry":{"type":"Polygon","coordinates":[[[-96.51572886912226,16.7374221003521],[-96.54076994251484,16.727237527586915],[-96.59719160155129,16.743969325701144],[-96.60765179676591,16.762337930152636],[-96.58039189408538,16.83981343011635],[-96.55693569875562,16.844723849128137],[-96.56073940610639,16.826355244676645],[-96.51572886912226,16.7374221003521]]]}},{"type":"Feature","properties":{"cvegeo":"20293","cve_ent":"20","state_code":"OAX","nom_mun":"San Pablo Etla"},"geometry":{"type":"Polygon","coordinates":[[[-96.65741696793852,17.180814750379188],[-96.65361326058775,17.17372192291772],[-96.67263179734161,17.16408295226496],[-96.71066887084933,17.15589892057865],[-96.7785016519381,17.122617191720998],[-96.7785016519381,17.122799059091804],[-96.7785016519381,17.12352652857503],[-96.77438096897477,17.160263737478015],[-96.7997390179799,17.160991206961242],[-96.78420721296426,17.179359811412734],[-96.77469794458733,17.186634506245007],[-96.77469794458733,17.187180108357428],[-96.77469794458733,17.186634506245007],[-96.76296984692245,17.163719217523344],[-96.69703891950905,17.18772571046985],[-96.65741696793852,17.180814750379188]]]}},{"type":"Feature","properties":{"cvegeo":"20295","cve_ent":"20","state_code":"OAX","nom_mun":"San Pablo Huixtepec"},"geometry":{"type":"Polygon","coordinates":[[[-96.77659979826271,16.834539276362953],[-96.77628282265015,16.834539276362953],[-96.77659979826271,16.834539276362953],[-96.77628282265015,16.834539276362953],[-96.75567940783347,16.827992051013908],[-96.75187570048269,16.81289705923694],[-96.75124174925756,16.811442120270485],[-96.76392077376013,16.79780206745997],[-96.82319521330967,16.809623446562416],[-96.82287823769711,16.78161587145816],[-96.83936096955046,16.784162014649457],[-96.84823628670226,16.797074597976742],[-96.84887023792739,16.84672439020701],[-96.814953847383,16.830538194205204],[-96.81368594493274,16.850543604993955],[-96.77659979826271,16.834539276362953]]]}},{"type":"Feature","properties":{"cvegeo":"20310","cve_ent":"20","state_code":"OAX","nom_mun":"San Pedro Ixtlahuaca"},"geometry":{"type":"Polygon","coordinates":[[[-96.782939310514,17.050597712881487],[-96.80734643268146,17.044232354903247],[-96.83238750607404,17.050052110769066],[-96.86154926242996,17.029137363126278],[-96.8726434088697,17.0296829652387],[-96.87010760396919,17.050779580252293],[-96.8140029205453,17.071876195265887],[-96.782939310514,17.050597712881487]]]}},{"type":"Feature","properties":{"cvegeo":"20328","cve_ent":"20","state_code":"OAX","nom_mun":"San Pedro Taviche"},"geometry":{"type":"Polygon","coordinates":[[[-96.47230321020093,16.656672987713858],[-96.49575940553069,16.64266920016173],[-96.47737482000197,16.592291938448234],[-96.5135100398343,16.608841869191657],[-96.59370486981308,16.618298972473614],[-96.60226321135232,16.647761486544322],[-96.59497277226333,16.656672987713858],[-96.53918506445201,16.66358394780452],[-96.51858164963534,16.705959045202512],[-96.47674086877684,16.669403703670337],[-96.47230321020093,16.656672987713858]]]}},{"type":"Feature","properties":{"cvegeo":"20343","cve_ent":"20","state_code":"OAX","nom_mun":"San Sebastián Abasolo"},"geometry":{"type":"Polygon","coordinates":[[[-96.59402184542564,17.006767676517036],[-96.57246750377126,16.979669438266818],[-96.57024867448332,16.970394202355667],[-96.59687462593872,16.966393120197917],[-96.65076048007467,16.97785076455875],[-96.65551511426312,16.986216663615863],[-96.62603638229464,16.98748973521151],[-96.59877647961412,17.006767676517036],[-96.59402184542564,17.006767676517036]]]}},{"type":"Feature","properties":{"cvegeo":"20349","cve_ent":"20","state_code":"OAX","nom_mun":"San Sebastián Teitipac"},"geometry":{"type":"Polygon","coordinates":[[[-96.59687462593872,16.966393120197917],[-96.60289716257745,16.942386627251413],[-96.62508545545695,16.931656452373808],[-96.63079101648312,16.91892573641733],[-96.6583678947762,16.926200431249605],[-96.654881163038,16.977305162446328],[-96.65076048007467,16.97785076455875],[-96.59687462593872,16.966393120197917]]]}},{"type":"Feature","properties":{"cvegeo":"20107","cve_ent":"20","state_code":"OAX","nom_mun":"San Antonio de la Cal"},"geometry":{"type":"Polygon","coordinates":[[[-96.68340896816879,17.031501638946768],[-96.66692623631545,17.021317066181584],[-96.66312252896468,17.009495687079138],[-96.66312252896468,17.005312737550582],[-96.71320467574984,17.01804345350706],[-96.71320467574984,17.029137363126278],[-96.70464633421061,17.050597712881487],[-96.70179355369753,17.04477795701567],[-96.68340896816879,17.031501638946768]]]}},{"type":"Feature","properties":{"cvegeo":"20356","cve_ent":"20","state_code":"OAX","nom_mun":"Santa Ana del Valle"},"geometry":{"type":"Polygon","coordinates":[[[-96.4513828197717,16.9845798572786],[-96.49702730798096,16.98694413309909],[-96.46691462478734,17.051325182364714],[-96.4459942343581,17.037503262183392],[-96.4513828197717,16.9845798572786]]]}},{"type":"Feature","properties":{"cvegeo":"20358","cve_ent":"20","state_code":"OAX","nom_mun":"Santa Ana Tlapacoyan"},"geometry":{"type":"Polygon","coordinates":[[[-96.83207053046148,16.745242397296792],[-96.81875755473376,16.74596986678002],[-96.80132389604273,16.737603967722904],[-96.82509706698505,16.712870005293173],[-96.84411560373891,16.70959639261865],[-96.88563940898484,16.7268737928453],[-96.91289931166538,16.76324726700667],[-96.87644711622048,16.78743562732398],[-96.83207053046148,16.745242397296792]]]}},{"type":"Feature","properties":{"cvegeo":"20363","cve_ent":"20","state_code":"OAX","nom_mun":"Santa Catarina Ixtepeji"},"geometry":{"type":"Polygon","coordinates":[[[-96.53823413761432,17.131528692890534],[-96.60765179676591,17.11897984430486],[-96.62254965055644,17.14498687833024],[-96.6504435044621,17.145714347813467],[-96.65361326058775,17.17372192291772],[-96.63110799209568,17.201183895909555],[-96.59307091858796,17.319943289046424],[-96.54869433282894,17.326308647024664],[-96.52809091801227,17.309576848910435],[-96.51255911299661,17.271748435782612],[-96.51699677157251,17.237557370070924],[-96.53918506445201,17.230646409980263],[-96.5223853569861,17.175176861884175],[-96.53823413761432,17.131528692890534]]]}},{"type":"Feature","properties":{"cvegeo":"20365","cve_ent":"20","state_code":"OAX","nom_mun":"Santa Catarina Lachatao"},"geometry":{"type":"Polygon","coordinates":[[[-96.46754857601248,17.106794730460802],[-96.5233362838238,17.11388755792227],[-96.53823413761432,17.131528692890534],[-96.5223853569861,17.175176861884175],[-96.53918506445201,17.230646409980263],[-96.51699677157251,17.237557370070924],[-96.4903708201171,17.271930303153418],[-96.46786555162504,17.26665614940002],[-96.48371433225326,17.239012309037378],[-96.45867325886067,17.15408024687058],[-96.46754857601248,17.106794730460802]]]}},{"type":"Feature","properties":{"cvegeo":"20368","cve_ent":"20","state_code":"OAX","nom_mun":"Santa Catarina Minas"},"geometry":{"type":"Polygon","coordinates":[[[-96.59719160155129,16.743969325701144],[-96.63427774822132,16.748516009971315],[-96.63300984577106,16.8065317012587],[-96.61811199198054,16.82671897941826],[-96.58039189408538,16.83981343011635],[-96.60765179676591,16.762337930152636],[-96.59719160155129,16.743969325701144]]]}},{"type":"Feature","properties":{"cvegeo":"20369","cve_ent":"20","state_code":"OAX","nom_mun":"Santa Catarina Quiané"},"geometry":{"type":"Polygon","coordinates":[[[-96.73951365159269,16.90728622468569],[-96.73666087107961,16.906558755202465],[-96.70528028543573,16.893828039245985],[-96.7223969685142,16.86873034207464],[-96.75821521273397,16.858182034567843],[-96.75377755415808,16.87800557798579],[-96.73951365159269,16.90728622468569]]]}},{"type":"Feature","properties":{"cvegeo":"20378","cve_ent":"20","state_code":"OAX","nom_mun":"Santa Cruz Mixtepec"},"geometry":{"type":"Polygon","coordinates":[[[-96.84823628670226,16.797074597976742],[-96.83936096955046,16.784162014649457],[-96.81875755473376,16.74596986678002],[-96.83207053046148,16.745242397296792],[-96.87644711622048,16.78743562732398],[-96.96805306825158,16.781434004087355],[-96.9819999952044,16.7932553831898],[-96.94966848272284,16.81798934561953],[-96.84823628670226,16.797074597976742]]]}},{"type":"Feature","properties":{"cvegeo":"20380","cve_ent":"20","state_code":"OAX","nom_mun":"Santa Cruz Papalutla"},"geometry":{"type":"Polygon","coordinates":[[[-96.5677128695828,16.933838860823492],[-96.58165979653563,16.93092898289058],[-96.60289716257745,16.942386627251413],[-96.59687462593872,16.966393120197917],[-96.57024867448332,16.970394202355667],[-96.5677128695828,16.933838860823492]]]}},{"type":"Feature","properties":{"cvegeo":"20385","cve_ent":"20","state_code":"OAX","nom_mun":"Santa Cruz Xoxocotlán"},"geometry":{"type":"Polygon","coordinates":[[[-96.71320467574984,17.029137363126278],[-96.71320467574984,17.01804345350706],[-96.71859326116343,17.000402318538796],[-96.72524974902728,16.98003317300843],[-96.73285716372884,16.965847518085496],[-96.74712106629423,16.97203100869293],[-96.76296984692245,16.99731057323508],[-96.80734643268146,17.044232354903247],[-96.782939310514,17.050597712881487],[-96.77279609091194,17.04805156969019],[-96.72303091973933,17.046232895982122],[-96.71320467574984,17.029137363126278]]]}},{"type":"Feature","properties":{"cvegeo":"20387","cve_ent":"20","state_code":"OAX","nom_mun":"Santa Gertrudis"},"geometry":{"type":"Polygon","coordinates":[[[-96.76392077376013,16.79780206745997],[-96.75472848099577,16.797438332718357],[-96.75916613957168,16.774523043996695],[-96.79561833501657,16.743423723588723],[-96.82287823769711,16.78161587145816],[-96.82319521330967,16.809623446562416],[-96.76392077376013,16.79780206745997]]]}},{"type":"Feature","properties":{"cvegeo":"20388","cve_ent":"20","state_code":"OAX","nom_mun":"Santa Inés del Monte"},"geometry":{"type":"Polygon","coordinates":[[[-96.85901345752944,16.961846435927747],[-96.82794984749813,16.942204759880607],[-96.81241804248248,16.918016399563296],[-96.84823628670226,16.879278649581437],[-96.88373755530947,16.899647795111804],[-96.88817521388536,16.94493277044271],[-96.85901345752944,16.961846435927747]]]}},{"type":"Feature","properties":{"cvegeo":"20393","cve_ent":"20","state_code":"OAX","nom_mun":"Santa Lucía Ocotlán"},"geometry":{"type":"Polygon","coordinates":[[[-96.64917560201184,16.735785294014836],[-96.63744750434697,16.711051331585104],[-96.68214106571854,16.711596933697525],[-96.68911452919495,16.733602885565155],[-96.68943150480752,16.73378475293596],[-96.68784662674469,16.745424264667598],[-96.64917560201184,16.735785294014836]]]}},{"type":"Feature","properties":{"cvegeo":"20399","cve_ent":"20","state_code":"OAX","nom_mun":"Santa María Atzompa"},"geometry":{"type":"Polygon","coordinates":[[[-96.7785016519381,17.12352652857503],[-96.7785016519381,17.122799059091804],[-96.76645657866065,17.111887016843394],[-96.76709052988578,17.104430454640312],[-96.75758126150885,17.079514624839774],[-96.77279609091194,17.04805156969019],[-96.782939310514,17.050597712881487],[-96.8140029205453,17.071876195265887],[-96.82858379872326,17.08897172812173],[-96.7785016519381,17.12352652857503]]]}},{"type":"Feature","properties":{"cvegeo":"20403","cve_ent":"20","state_code":"OAX","nom_mun":"Santa María Coyotepec"},"geometry":{"type":"Polygon","coordinates":[[[-96.68214106571854,16.9633013748942],[-96.72841950515293,16.96148270118613],[-96.73285716372884,16.965847518085496],[-96.72524974902728,16.98003317300843],[-96.70749911472369,16.982579316199725],[-96.68214106571854,16.9633013748942]]]}},{"type":"Feature","properties":{"cvegeo":"20419","cve_ent":"20","state_code":"OAX","nom_mun":"Santa María Jaltianguis"},"geometry":{"type":"Polygon","coordinates":[[[-96.52809091801227,17.309576848910435],[-96.54869433282894,17.326308647024664],[-96.57658818673461,17.349769537858748],[-96.58609745511154,17.37486723503009],[-96.57468633305922,17.392508369998357],[-96.52523813749919,17.385051807795275],[-96.49861218604377,17.403602279617573],[-96.49417452746788,17.41251378078711],[-96.52809091801227,17.309576848910435]]]}},{"type":"Feature","properties":{"cvegeo":"20443","cve_ent":"20","state_code":"OAX","nom_mun":"Santa María Yavesía"},"geometry":{"type":"Polygon","coordinates":[[[-96.4361679903686,17.25919958719694],[-96.41080994136345,17.238830441666572],[-96.36199569702855,17.230646409980263],[-96.37974633133214,17.154807716353808],[-96.4085911120755,17.14498687833024],[-96.44884701487118,17.186816373615812],[-96.46120906376119,17.24646887124046],[-96.4361679903686,17.25919958719694]]]}},{"type":"Feature","properties":{"cvegeo":"20449","cve_ent":"20","state_code":"OAX","nom_mun":"Santa María Zoquitlán"},"geometry":{"type":"Polygon","coordinates":[[[-96.26214837907078,16.60065783750535],[-96.2440807691546,16.58574471309919],[-96.25961257417026,16.532821308194396],[-96.27989901337438,16.53609492086892],[-96.2913101354267,16.439341479599676],[-96.30779286728004,16.4478892460276],[-96.3366376480234,16.457528216680362],[-96.37625959959394,16.437159071149996],[-96.4219040878032,16.465348513625056],[-96.47230321020093,16.59483808163953],[-96.47737482000197,16.592291938448234],[-96.49575940553069,16.64266920016173],[-96.47230321020093,16.656672987713858],[-96.41556457555191,16.67740586798584],[-96.32712837964647,16.620481380923295],[-96.26214837907078,16.60065783750535]]]}},{"type":"Feature","properties":{"cvegeo":"20475","cve_ent":"20","state_code":"OAX","nom_mun":"Santiago Matatlán"},"geometry":{"type":"Polygon","coordinates":[[[-96.40383647788704,16.697047544032976],[-96.40478740472473,16.693410196616842],[-96.41905130729013,16.73614902875645],[-96.46691462478734,16.759973654332146],[-96.53379647903841,16.851634809218798],[-96.5188986252479,16.8676391378498],[-96.49861218604377,16.862001249354787],[-96.43902077088168,16.833266204767305],[-96.42634174637911,16.841086501712],[-96.42697569760423,16.91128730684344],[-96.41556457555191,16.918562001675717],[-96.33346789189775,16.874731965311266],[-96.32490955035851,16.858182034567843],[-96.34931667252597,16.803439955954982],[-96.366750331217,16.819262417215178],[-96.41176086820114,16.814170130832586],[-96.41683247800218,16.757245643770045],[-96.40383647788704,16.697047544032976]]]}},{"type":"Feature","properties":{"cvegeo":"20496","cve_ent":"20","state_code":"OAX","nom_mun":"Santiago Xiacuí"},"geometry":{"type":"Polygon","coordinates":[[[-96.35375433110187,17.291753846571364],[-96.34931667252597,17.271384701040997],[-96.36199569702855,17.230646409980263],[-96.41080994136345,17.238830441666572],[-96.4361679903686,17.25919958719694],[-96.45962418569836,17.28793463178442],[-96.43458311230577,17.295754928729114],[-96.41556457555191,17.299574143516057],[-96.41049296575089,17.303211490932195],[-96.41049296575089,17.30284775619058],[-96.41049296575089,17.303211490932195],[-96.41049296575089,17.30284775619058],[-96.39210838022215,17.304120827786228],[-96.39147442899703,17.303938960415422],[-96.39115745338447,17.303938960415422],[-96.38291608745779,17.303938960415422],[-96.3632635994788,17.312304859472537],[-96.35375433110187,17.291753846571364]]]}},{"type":"Feature","properties":{"cvegeo":"20504","cve_ent":"20","state_code":"OAX","nom_mun":"Nuevo Zoquiápam"},"geometry":{"type":"Polygon","coordinates":[[[-96.59307091858796,17.319943289046424],[-96.63110799209568,17.201183895909555],[-96.65361326058775,17.17372192291772],[-96.65741696793852,17.180814750379188],[-96.69513706583368,17.24465019753239],[-96.68214106571854,17.297573602437183],[-96.6184289675931,17.324489973316595],[-96.59307091858796,17.319943289046424]]]}},{"type":"Feature","properties":{"cvegeo":"20519","cve_ent":"20","state_code":"OAX","nom_mun":"Santo Domingo Tomaltepec"},"geometry":{"type":"Polygon","coordinates":[[[-96.59592369910104,17.04805156969019],[-96.60923667482874,17.039685670633077],[-96.63522867505901,17.053143856072783],[-96.62571940668208,17.069875654187012],[-96.60258018696489,17.09024479971738],[-96.53823413761432,17.100065637740947],[-96.59592369910104,17.04805156969019]]]}},{"type":"Feature","properties":{"cvegeo":"20539","cve_ent":"20","state_code":"OAX","nom_mun":"Soledad Etla"},"geometry":{"type":"Polygon","coordinates":[[[-96.81685570105839,17.174267525030142],[-96.8006899448176,17.16044560484882],[-96.82636496943532,17.146987419409115],[-96.85394184772841,17.15589892057865],[-96.84570048180174,17.173540055546916],[-96.81685570105839,17.174267525030142]]]}},{"type":"Feature","properties":{"cvegeo":"20544","cve_ent":"20","state_code":"OAX","nom_mun":"Teococuilco de Marcos Pérez"},"geometry":{"type":"Polygon","coordinates":[[[-96.69513706583368,17.24465019753239],[-96.70528028543573,17.236829900587697],[-96.74743804190679,17.28338794751425],[-96.71415560258754,17.304120827786228],[-96.72398184657703,17.36068158010716],[-96.68784662674469,17.375230969771707],[-96.66977901682853,17.40214734065112],[-96.64790769956159,17.37559470451332],[-96.58609745511154,17.37486723503009],[-96.57658818673461,17.349769537858748],[-96.59307091858796,17.319943289046424],[-96.6184289675931,17.324489973316595],[-96.68214106571854,17.297573602437183],[-96.69513706583368,17.24465019753239]]]}},{"type":"Feature","properties":{"cvegeo":"20555","cve_ent":"20","state_code":"OAX","nom_mun":"Trinidad Zaachila"},"geometry":{"type":"Polygon","coordinates":[[[-96.7563133590586,16.907104357314886],[-96.76582262743553,16.911105439472635],[-96.81241804248248,16.918016399563296],[-96.82794984749813,16.942204759880607],[-96.76930935917373,16.945296505184324],[-96.7563133590586,16.907104357314886]]]}},{"type":"Feature","properties":{"cvegeo":"20560","cve_ent":"20","state_code":"OAX","nom_mun":"Villa Díaz Ordaz"},"geometry":{"type":"Polygon","coordinates":[[[-96.37974633133214,17.154807716353808],[-96.35597316038982,17.12134412012535],[-96.35090155058879,17.104794189381927],[-96.24883540334307,17.09588268821239],[-96.24186193986665,17.07696848164848],[-96.33315091628519,17.032229108429995],[-96.32459257474595,16.98512545939102],[-96.36611637999188,16.9951281647854],[-96.40922506330062,16.95184373053337],[-96.4593072100858,16.966574987568723],[-96.4513828197717,16.9845798572786],[-96.4459942343581,17.037503262183392],[-96.46691462478734,17.051325182364714],[-96.46754857601248,17.106794730460802],[-96.4085911120755,17.14498687833024],[-96.37974633133214,17.154807716353808]]]}},{"type":"Feature","properties":{"cvegeo":"20561","cve_ent":"20","state_code":"OAX","nom_mun":"Yaxe"},"geometry":{"type":"Polygon","coordinates":[[[-96.40478740472473,16.693410196616842],[-96.41556457555191,16.67740586798584],[-96.47230321020093,16.656672987713858],[-96.47674086877684,16.669403703670337],[-96.47166925897581,16.701957963044762],[-96.48878594205428,16.74833414260051],[-96.46691462478734,16.759973654332146],[-96.41905130729013,16.73614902875645],[-96.40478740472473,16.693410196616842]]]}},{"type":"Feature","properties":{"cvegeo":"20565","cve_ent":"20","state_code":"OAX","nom_mun":"Villa de Zaachila"},"geometry":{"type":"Polygon","coordinates":[[[-96.76265287130988,16.963483242265006],[-96.74712106629423,16.97203100869293],[-96.73285716372884,16.965847518085496],[-96.72841950515293,16.96148270118613],[-96.72651765147755,16.946933311521583],[-96.66122067528929,16.923290553316694],[-96.66185462651441,16.916197725855227],[-96.68721267551956,16.886189609672098],[-96.70052565124726,16.90092086670745],[-96.73983062720525,16.928928441811706],[-96.74490223700627,16.90801369416892],[-96.75599638344603,16.901466468819873],[-96.7563133590586,16.907104357314886],[-96.76930935917373,16.945296505184324],[-96.82794984749813,16.942204759880607],[-96.85901345752944,16.961846435927747],[-96.83999492077558,17.008586350225105],[-96.82414614014736,17.02095333143997],[-96.81083316441966,16.976213958221486],[-96.76265287130988,16.963483242265006]]]}},{"type":"Feature","properties":{"cvegeo":"20420","cve_ent":"20","state_code":"OAX","nom_mun":"Santa María Lachixío"},"geometry":{"type":"Polygon","coordinates":[[[-97.01718428819905,16.766339012310386],[-97.0159163857488,16.76197419541102],[-96.97914721469132,16.723782047541583],[-97.07202106917268,16.718507893788185],[-97.06916828865961,16.707595851539775],[-97.09801306940297,16.723054578058356],[-97.04729697139267,16.77015822709733],[-97.01718428819905,16.766339012310386]]]}},{"type":"Feature","properties":{"cvegeo":"20426","cve_ent":"20","state_code":"OAX","nom_mun":"Santa María Peñoles"},"geometry":{"type":"Polygon","coordinates":[[[-96.96393238528825,17.150988501566864],[-96.93064994596898,17.10570352623596],[-96.94681570220976,17.061509755129897],[-97.02542565412573,17.046232895982122],[-97.0247917029006,17.015497310315766],[-96.9927771660316,17.013133034495276],[-96.94111014118361,16.987853469953123],[-96.96837004386414,16.97421341714261],[-97.00355433685878,16.984397989907794],[-97.06948526427217,16.966574987568723],[-97.06599853253397,16.976213958221486],[-97.147461264963,16.991308949998455],[-97.15697053333993,17.018407188248673],[-97.1189334598322,17.0589636119386],[-97.05205160558113,17.085334380705593],[-97.02701053218854,17.117888640080018],[-96.98358487326723,17.151534103679285],[-96.96393238528825,17.150988501566864]]]}},{"type":"Feature","properties":{"cvegeo":"20104","cve_ent":"20","state_code":"OAX","nom_mun":"San Antonino el Alto"},"geometry":{"type":"Polygon","coordinates":[[[-97.0026034100211,16.862001249354787],[-96.9819999952044,16.83181126580085],[-96.94966848272284,16.81798934561953],[-96.9819999952044,16.7932553831898],[-97.0159163857488,16.76197419541102],[-97.01718428819905,16.766339012310386],[-97.04222536159163,16.815988804540655],[-97.06599853253397,16.837267286925055],[-97.09040565470141,16.817261876136303],[-97.1297106306594,16.83072006157601],[-97.11164302074323,16.851271074477182],[-97.16014028946557,16.84854306391508],[-97.07677570336115,16.868366607333027],[-97.07138711794755,16.877641843244177],[-97.0026034100211,16.862001249354787]]]}},{"type":"Feature","properties":{"cvegeo":"20108","cve_ent":"20","state_code":"OAX","nom_mun":"San Antonio Huitepec"},"geometry":{"type":"Polygon","coordinates":[[[-97.06948526427217,16.966574987568723],[-97.09294145960193,16.920198808012977],[-97.07677570336115,16.868366607333027],[-97.16014028946557,16.84854306391508],[-97.16869863100482,16.84799746180266],[-97.22258448514076,16.86709353573738],[-97.20863755818792,16.918743869046523],[-97.19659248491047,16.976759560333907],[-97.17028350906763,16.979305703525203],[-97.147461264963,16.991308949998455],[-97.06599853253397,16.976213958221486],[-97.06948526427217,16.966574987568723]]]}},{"type":"Feature","properties":{"cvegeo":"20217","cve_ent":"20","state_code":"OAX","nom_mun":"San Juan Tamazola"},"geometry":{"type":"Polygon","coordinates":[[[-97.17028350906763,17.201183895909555],[-97.12844272820914,17.162446145927696],[-97.10783931339246,17.174813127142563],[-97.0666324837591,17.145896215184273],[-97.05205160558113,17.085334380705593],[-97.1189334598322,17.0589636119386],[-97.15697053333993,17.018407188248673],[-97.147461264963,16.991308949998455],[-97.17028350906763,16.979305703525203],[-97.16584585049173,16.997128705864274],[-97.1981773629733,17.03877633377904],[-97.20736965573766,17.004949002808967],[-97.23272770474281,17.035502721104518],[-97.25428204639718,17.075513542682025],[-97.26410829038667,17.104976056752733],[-97.26315736354898,17.152079705791706],[-97.24287092434487,17.1731763208053],[-97.24033511944435,17.207549253887795],[-97.21339219237639,17.242649656453516],[-97.1829625335702,17.25392543344354],[-97.17028350906763,17.201183895909555]]]}},{"type":"Feature","properties":{"cvegeo":"20241","cve_ent":"20","state_code":"OAX","nom_mun":"San Martín Lachilá"},"geometry":{"type":"Polygon","coordinates":[[[-96.83745911587506,16.617753370361193],[-96.83936096955046,16.592837540560655],[-96.87993384795868,16.623391258856206],[-96.85394184772841,16.63175715791332],[-96.83745911587506,16.617753370361193]]]}},{"type":"Feature","properties":{"cvegeo":"20271","cve_ent":"20","state_code":"OAX","nom_mun":"San Miguel Mixtepec"},"geometry":{"type":"Polygon","coordinates":[[[-96.87644711622048,16.78743562732398],[-96.91289931166538,16.76324726700667],[-96.88563940898484,16.7268737928453],[-96.94808360466003,16.724873251766425],[-96.97914721469132,16.723782047541583],[-97.0159163857488,16.76197419541102],[-96.9819999952044,16.7932553831898],[-96.96805306825158,16.781434004087355],[-96.87644711622048,16.78743562732398]]]}},{"type":"Feature","properties":{"cvegeo":"20273","cve_ent":"20","state_code":"OAX","nom_mun":"San Miguel Peras"},"geometry":{"type":"Polygon","coordinates":[[[-96.92684623861821,16.9818518467165],[-96.91733697024128,16.958027221140803],[-96.95315521446105,16.93092898289058],[-96.96456633651337,16.915470256372],[-97.0602929715078,16.914742786888773],[-97.07138711794755,16.877641843244177],[-97.07677570336115,16.868366607333027],[-97.09294145960193,16.920198808012977],[-97.06948526427217,16.966574987568723],[-97.00355433685878,16.984397989907794],[-96.96837004386414,16.97421341714261],[-96.94111014118361,16.987853469953123],[-96.92684623861821,16.9818518467165]]]}},{"type":"Feature","properties":{"cvegeo":"20013","cve_ent":"20","state_code":"OAX","nom_mun":"Ciénega de Zimatlán"},"geometry":{"type":"Polygon","coordinates":[[[-96.76582262743553,16.911105439472635],[-96.7563133590586,16.907104357314886],[-96.75599638344603,16.901466468819873],[-96.74490223700627,16.90801369416892],[-96.73951365159269,16.90728622468569],[-96.75377755415808,16.87800557798579],[-96.78801092031503,16.906013153090043],[-96.76582262743553,16.911105439472635]]]}},{"type":"Feature","properties":{"cvegeo":"20017","cve_ent":"20","state_code":"OAX","nom_mun":"La Compañía"},"geometry":{"type":"Polygon","coordinates":[[[-96.87993384795868,16.623391258856206],[-96.87296038448227,16.599202898538895],[-96.83936096955046,16.592837540560655],[-96.83745911587506,16.617753370361193],[-96.82509706698505,16.630665953688478],[-96.78515813980195,16.583198569907893],[-96.78610906663964,16.5488256368254],[-96.77723374948783,16.539914135655863],[-96.81685570105839,16.52736528707019],[-96.84348165251379,16.5515536473875],[-96.89514867736177,16.557737137994934],[-96.92367648249257,16.575014538221584],[-96.92557833616796,16.63757691377914],[-96.89990331155025,16.610114940787305],[-96.87993384795868,16.623391258856206]]]}},{"type":"Feature","properties":{"cvegeo":"20023","cve_ent":"20","state_code":"OAX","nom_mun":"Cuilápam de Guerrero"},"geometry":{"type":"Polygon","coordinates":[[[-96.80734643268146,17.044232354903247],[-96.76296984692245,16.99731057323508],[-96.76265287130988,16.963483242265006],[-96.81083316441966,16.976213958221486],[-96.82414614014736,17.02095333143997],[-96.83999492077558,17.008586350225105],[-96.86154926242996,17.029137363126278],[-96.83238750607404,17.050052110769066],[-96.80734643268146,17.044232354903247]]]}},{"type":"Feature","properties":{"cvegeo":"20033","cve_ent":"20","state_code":"OAX","nom_mun":"Guadalupe Etla"},"geometry":{"type":"Polygon","coordinates":[[[-96.78420721296426,17.179359811412734],[-96.7997390179799,17.160991206961242],[-96.8006899448176,17.16044560484882],[-96.81685570105839,17.174267525030142],[-96.81717267667095,17.182087821974836],[-96.8095652619694,17.182815291458063],[-96.78420721296426,17.179359811412734]]]}},{"type":"Feature","properties":{"cvegeo":"20123","cve_ent":"20","state_code":"OAX","nom_mun":"San Bernardo Mixtepec"},"geometry":{"type":"Polygon","coordinates":[[[-97.0026034100211,16.862001249354787],[-96.97027189753953,16.892009365537916],[-96.92399345810513,16.86400179043366],[-96.84823628670226,16.879278649581437],[-96.84887023792739,16.84672439020701],[-96.84823628670226,16.797074597976742],[-96.94966848272284,16.81798934561953],[-96.9819999952044,16.83181126580085],[-97.0026034100211,16.862001249354787]]]}},{"type":"Feature","properties":{"cvegeo":"20135","cve_ent":"20","state_code":"OAX","nom_mun":"San Felipe Tejalápam"},"geometry":{"type":"Polygon","coordinates":[[[-96.82636496943532,17.146987419409115],[-96.8327044816866,17.096064555583197],[-96.87708106744562,17.05568999926408],[-96.90877862870204,17.04987024339826],[-96.90339004328845,17.021317066181584],[-96.92399345810513,17.006767676517036],[-96.94681570220976,17.061509755129897],[-96.93064994596898,17.10570352623596],[-96.87137550641945,17.142986337251365],[-96.85394184772841,17.15589892057865],[-96.82636496943532,17.146987419409115]]]}},{"type":"Feature","properties":{"cvegeo":"20150","cve_ent":"20","state_code":"OAX","nom_mun":"San Francisco Telixtlahuaca"},"geometry":{"type":"Polygon","coordinates":[[[-96.92843111668104,17.44870538757767],[-96.93033297035642,17.41305938289953],[-96.87232643325714,17.446886713869603],[-96.84379862812635,17.3830512667164],[-96.89261287246126,17.32430810594579],[-96.90085423838794,17.285388488593124],[-96.96393238528825,17.287207162301193],[-96.96012867793748,17.313577931068185],[-96.99658087338237,17.387961685728186],[-96.99658087338237,17.412150046045497],[-96.92843111668104,17.44870538757767]]]}},{"type":"Feature","properties":{"cvegeo":"20161","cve_ent":"20","state_code":"OAX","nom_mun":"San Jerónimo Sosola"},"geometry":{"type":"Polygon","coordinates":[[[-96.92843111668104,17.44870538757767],[-96.99658087338237,17.412150046045497],[-96.99658087338237,17.387961685728186],[-97.03398399566497,17.32885479021596],[-97.03144819076445,17.23191948157591],[-97.07677570336115,17.279568732727306],[-97.1056204841045,17.312850461584958],[-97.08470009367525,17.37450350028848],[-97.14429150883736,17.401419871167892],[-97.10530350849194,17.431609854721827],[-97.04412721526703,17.41997034299019],[-96.99911667828289,17.443976835936695],[-97.01908614187444,17.47998657535645],[-97.01781823942419,17.49780957769552],[-96.97629443417826,17.50872161994393],[-96.95600799497413,17.536729195048185],[-96.92843111668104,17.44870538757767]]]}},{"type":"Feature","properties":{"cvegeo":"20398","cve_ent":"20","state_code":"OAX","nom_mun":"Ayoquezco de Aldama"},"geometry":{"type":"Polygon","coordinates":[[[-96.85394184772841,16.63175715791332],[-96.87993384795868,16.623391258856206],[-96.89990331155025,16.610114940787305],[-96.92557833616796,16.63757691377914],[-96.94808360466003,16.724873251766425],[-96.88563940898484,16.7268737928453],[-96.84411560373891,16.70959639261865],[-96.83587423781225,16.684680562818112],[-96.85394184772841,16.63175715791332]]]}},{"type":"Feature","properties":{"cvegeo":"20028","cve_ent":"20","state_code":"OAX","nom_mun":"Heroica Ciudad de Ejutla de Crespo"},"geometry":{"type":"Polygon","coordinates":[[[-96.75282662732039,16.72978367077821],[-96.72937043199062,16.729965538149017],[-96.72715160270268,16.72105403697948],[-96.72081209045139,16.69686567666217],[-96.72841950515293,16.677042133244225],[-96.74331735894346,16.645760945465447],[-96.71035189523677,16.647034017061095],[-96.65551511426312,16.611206145012147],[-96.60226321135232,16.647761486544322],[-96.59370486981308,16.618298972473614],[-96.60194623573976,16.601930909100997],[-96.59307091858796,16.52845649129503],[-96.6681941387657,16.592291938448234],[-96.70306145614778,16.494811027695764],[-96.73697784669217,16.47844296432315],[-96.77913560316323,16.48007977066041],[-96.80766340829402,16.458073818792784],[-96.84982116476507,16.45771008405117],[-96.85489277456611,16.462074900950533],[-96.85869648191688,16.49153741502124],[-96.80417667655581,16.47607868850266],[-96.80100692043017,16.49226488450447],[-96.75282662732039,16.490809945538015],[-96.77723374948783,16.539914135655863],[-96.78610906663964,16.5488256368254],[-96.74490223700627,16.571922792917867],[-96.71859326116343,16.608841869191657],[-96.74395131016858,16.60520452177552],[-96.74933989558218,16.581925498312245],[-96.78484116418939,16.585926580469994],[-96.75758126150885,16.616480298765545],[-96.81368594493274,16.661037804613223],[-96.82509706698505,16.630665953688478],[-96.83745911587506,16.617753370361193],[-96.85394184772841,16.63175715791332],[-96.83587423781225,16.684680562818112],[-96.84411560373891,16.70959639261865],[-96.82509706698505,16.712870005293173],[-96.78262233490143,16.69177339027958],[-96.74490223700627,16.70504970834848],[-96.75282662732039,16.72978367077821]]]}},{"type":"Feature","properties":{"cvegeo":"20409","cve_ent":"20","state_code":"OAX","nom_mun":"Santa María del Tule"},"geometry":{"type":"Polygon","coordinates":[[[-96.60923667482874,17.039685670633077],[-96.60860272360361,17.020771464069163],[-96.66312252896468,17.009495687079138],[-96.63522867505901,17.053143856072783],[-96.60923667482874,17.039685670633077]]]}},{"type":"Feature","properties":{"cvegeo":"20059","cve_ent":"20","state_code":"OAX","nom_mun":"Miahuatlán de Porfirio Díaz"},"geometry":{"type":"Polygon","coordinates":[[[-96.58673140633667,16.476806157985887],[-96.57975794286025,16.47553308639024],[-96.55820360120588,16.479352301177183],[-96.57658818673461,16.446798041802758],[-96.53506438148868,16.453163399780998],[-96.5401359912897,16.412243241349458],[-96.55915452804356,16.363320918602415],[-96.52840789362483,16.321855158058455],[-96.52111745453584,16.35622809114095],[-96.45423560028478,16.346770987858992],[-96.42982847811732,16.349317131050288],[-96.43648496598117,16.31985461697958],[-96.45265072222195,16.31294365688892],[-96.47959364928991,16.347134722600607],[-96.50495169829506,16.32440130124975],[-96.52967579607508,16.300576675674055],[-96.48815199082915,16.250926883443785],[-96.53506438148868,16.25110875081459],[-96.55186408895459,16.289119031313223],[-96.5962406747136,16.280207530143688],[-96.6371305287344,16.246016464432],[-96.65805091916364,16.22692039049728],[-96.69545404144624,16.25238182241024],[-96.76106799324705,16.22819346209293],[-96.77596584703758,16.251654352927012],[-96.83397238413686,16.286027286009507],[-96.86820575029381,16.290573970279677],[-96.86186623804252,16.317854075900705],[-96.81431989615787,16.34113309936398],[-96.78705999347733,16.316035402192636],[-96.76328682253501,16.335131476127355],[-96.74014760281781,16.290573970279677],[-96.718910236776,16.287300357605154],[-96.69830682195932,16.272205365828185],[-96.67611852907982,16.290755837650483],[-96.66407345580237,16.261838925692196],[-96.62159872371875,16.292574511358552],[-96.63839843118465,16.329493587632342],[-96.60860272360361,16.367867602872586],[-96.63110799209568,16.41897233406931],[-96.65361326058775,16.371504950288724],[-96.69703891950905,16.401513066471853],[-96.70432935859805,16.41497125191156],[-96.66977901682853,16.456255145084715],[-96.72493277341472,16.424973957305937],[-96.7144725782001,16.457528216680362],[-96.73507599301678,16.470804534749263],[-96.73697784669217,16.47844296432315],[-96.70306145614778,16.494811027695764],[-96.63491169944645,16.461529298838112],[-96.58673140633667,16.476806157985887]]]}},{"type":"Feature","properties":{"cvegeo":"20154","cve_ent":"20","state_code":"OAX","nom_mun":"San Ildefonso Amatlán"},"geometry":{"type":"Polygon","coordinates":[[[-96.43648496598117,16.31985461697958],[-96.42887755127963,16.28930089868403],[-96.39020652654678,16.249108209735716],[-96.40700623401268,16.262930129917038],[-96.4646957954994,16.240924178049408],[-96.50495169829506,16.32440130124975],[-96.47959364928991,16.347134722600607],[-96.45265072222195,16.31294365688892],[-96.43648496598117,16.31985461697958]]]}},{"type":"Feature","properties":{"cvegeo":"20167","cve_ent":"20","state_code":"OAX","nom_mun":"San José del Peñasco"},"geometry":{"type":"Polygon","coordinates":[[[-96.50495169829506,16.32440130124975],[-96.4646957954994,16.240924178049408],[-96.47737482000197,16.231830809509066],[-96.48815199082915,16.250926883443785],[-96.52967579607508,16.300576675674055],[-96.50495169829506,16.32440130124975]]]}},{"type":"Feature","properties":{"cvegeo":"20209","cve_ent":"20","state_code":"OAX","nom_mun":"San Juan Mixtepec -Dto. 26 -"},"geometry":{"type":"Polygon","coordinates":[[[-96.29638174522772,16.30203161464051],[-96.29162711103926,16.249835679218943],[-96.26848789132205,16.21382593979919],[-96.27324252551053,16.1981853459098],[-96.34614691640033,16.201277091213516],[-96.34392808711237,16.226738523126475],[-96.34931667252597,16.26565814047914],[-96.30652496482978,16.321855158058455],[-96.29638174522772,16.30203161464051]]]}},{"type":"Feature","properties":{"cvegeo":"20254","cve_ent":"20","state_code":"OAX","nom_mun":"San Mateo Río Hondo"},"geometry":{"type":"Polygon","coordinates":[[[-96.4859331615412,16.185272762582514],[-96.44187355139476,16.171450842401192],[-96.42951150250475,16.14053338936403],[-96.40288555104934,16.15726518747826],[-96.41461364871422,16.116526896417525],[-96.43331520985552,16.11270768163058],[-96.46152603937375,16.124165325991413],[-96.51255911299661,16.102341241494592],[-96.50495169829506,16.060148011467405],[-96.52523813749919,16.013771831911658],[-96.57341843060897,16.063057889400312],[-96.57722213795974,16.08179022859342],[-96.62793823597003,16.094157209808284],[-96.63427774822132,16.11270768163058],[-96.58387862582359,16.15726518747826],[-96.58419560143615,16.170723372917966],[-96.4859331615412,16.185272762582514]]]}},{"type":"Feature","properties":{"cvegeo":"20319","cve_ent":"20","state_code":"OAX","nom_mun":"San Pedro Mixtepec -Dto. 26 -"},"geometry":{"type":"Polygon","coordinates":[[[-96.20889647615996,16.273296570053027],[-96.17434613439045,16.243470321240704],[-96.16388593917583,16.208188051304177],[-96.13155442669427,16.201458958584322],[-96.10302662156347,16.16235747386085],[-96.12077725586707,16.149808625275178],[-96.25010330579333,16.186545834178162],[-96.26848789132205,16.21382593979919],[-96.29162711103926,16.249835679218943],[-96.29638174522772,16.30203161464051],[-96.28845735491362,16.289664633425645],[-96.20889647615996,16.273296570053027]]]}},{"type":"Feature","properties":{"cvegeo":"20347","cve_ent":"20","state_code":"OAX","nom_mun":"San Sebastián Río Hondo"},"geometry":{"type":"Polygon","coordinates":[[[-96.47737482000197,16.231830809509066],[-96.4646957954994,16.240924178049408],[-96.40700623401268,16.262930129917038],[-96.39020652654678,16.249108209735716],[-96.35724106284007,16.212734735574347],[-96.3775275020442,16.167995362355864],[-96.40288555104934,16.15726518747826],[-96.42951150250475,16.14053338936403],[-96.44187355139476,16.171450842401192],[-96.4859331615412,16.185272762582514],[-96.47737482000197,16.231830809509066]]]}},{"type":"Feature","properties":{"cvegeo":"20314","cve_ent":"20","state_code":"OAX","nom_mun":"San Pedro Juchatengo"},"geometry":{"type":"Polygon","coordinates":[[[-97.08755287418833,16.266931212074788],[-97.14238965516196,16.27838885643562],[-97.14334058199967,16.350590202645936],[-97.07836058142396,16.36586706179371],[-97.0701192154973,16.318581545383932],[-97.08755287418833,16.266931212074788]]]}},{"type":"Feature","properties":{"cvegeo":"20149","cve_ent":"20","state_code":"OAX","nom_mun":"San Francisco Sola"},"geometry":{"type":"Polygon","coordinates":[[[-96.92367648249257,16.575014538221584],[-96.89514867736177,16.557737137994934],[-96.82985170117352,16.520272459608723],[-96.85869648191688,16.49153741502124],[-96.85489277456611,16.462074900950533],[-96.90972955553974,16.47789736221073],[-96.93413667770719,16.467712789445546],[-96.97566048295312,16.506814274169017],[-96.93635550699514,16.574287068738357],[-96.92367648249257,16.575014538221584]]]}},{"type":"Feature","properties":{"cvegeo":"20096","cve_ent":"20","state_code":"OAX","nom_mun":"San Andrés Sinaxtla"},"geometry":{"type":"Polygon","coordinates":[[[-97.29580585164311,17.466528389916743],[-97.28471170520336,17.488898076525984],[-97.32750341289955,17.476894830052732],[-97.33796360811418,17.501628792482464],[-97.29390399796773,17.499082649291168],[-97.25840272936053,17.48053217746887],[-97.25935365619821,17.46143610353415],[-97.29580585164311,17.466528389916743]]]}},{"type":"Feature","properties":{"cvegeo":"20215","cve_ent":"20","state_code":"OAX","nom_mun":"San Juan Sayultepec"},"geometry":{"type":"Polygon","coordinates":[[[-97.29580585164311,17.466528389916743],[-97.25935365619821,17.46143610353415],[-97.2568178512977,17.449069122319287],[-97.28788146132901,17.436520273733613],[-97.32591853483673,17.4308823852386],[-97.32686946167442,17.44361310119508],[-97.29580585164311,17.466528389916743]]]}},{"type":"Feature","properties":{"cvegeo":"20562","cve_ent":"20","state_code":"OAX","nom_mun":"Magdalena Yodocono de Porfirio Díaz"},"geometry":{"type":"Polygon","coordinates":[[[-97.34620497404084,17.386143012020117],[-97.36046887660625,17.36522826437733],[-97.44351648709811,17.3484964662631],[-97.44288253587297,17.349223935746327],[-97.44415043832323,17.35758983480344],[-97.4302035113704,17.386143012020117],[-97.39597014521345,17.40087426905547],[-97.36744234008266,17.407421494404517],[-97.34620497404084,17.386143012020117]]]}},{"type":"Feature","properties":{"cvegeo":"20147","cve_ent":"20","state_code":"OAX","nom_mun":"San Francisco Nuxaño"},"geometry":{"type":"Polygon","coordinates":[[[-97.3110206810462,17.38359686882882],[-97.31894507136032,17.340858036689212],[-97.33891453495187,17.33340147448613],[-97.36046887660625,17.36522826437733],[-97.34620497404084,17.386143012020117],[-97.31609229084724,17.387961685728186],[-97.3110206810462,17.38359686882882]]]}},{"type":"Feature","properties":{"cvegeo":"20230","cve_ent":"20","state_code":"OAX","nom_mun":"San Lorenzo Victoria"},"geometry":{"type":"Polygon","coordinates":[[[-98.08475815131578,17.644576545936644],[-98.11075015154606,17.568555984939383],[-98.13927795667685,17.565464239635666],[-98.1227952248235,17.617842042428038],[-98.1627341520066,17.67894947901914],[-98.12342917604863,17.685314836997378],[-98.1104331759335,17.651487506027305],[-98.08475815131578,17.644576545936644]]]}},{"type":"Feature","properties":{"cvegeo":"20164","cve_ent":"20","state_code":"OAX","nom_mun":"San Jorge Nuchita"},"geometry":{"type":"Polygon","coordinates":[[[-98.08285629764039,17.71914216796745],[-98.06700751701217,17.719687770079872],[-98.0498908339337,17.720778974304714],[-98.0498908339337,17.7204152395631],[-98.06922634630013,17.64675895438633],[-98.08475815131578,17.644576545936644],[-98.1104331759335,17.651487506027305],[-98.12342917604863,17.685314836997378],[-98.1237461516612,17.728417403878602],[-98.08285629764039,17.71914216796745]]]}},{"type":"Feature","properties":{"cvegeo":"20548","cve_ent":"20","state_code":"OAX","nom_mun":"Tepelmeme Villa de Morelos"},"geometry":{"type":"Polygon","coordinates":[[[-97.21434311921408,18.163626022219383],[-97.21370916798895,18.10670153515684],[-97.19215482633457,18.03522765842975],[-97.19564155807278,17.970301007051706],[-97.24572370485795,17.91537706106804],[-97.38867970612446,17.825716447260262],[-97.39311736470037,17.863181125646474],[-97.41815843809296,17.90210074299914],[-97.42544887718194,17.94411210565552],[-97.40928312094115,17.952478004712635],[-97.3652235107947,18.044321026970092],[-97.36902721814548,18.100518044549407],[-97.3528614619047,18.123251465900264],[-97.30911882737082,18.155987592645495],[-97.23748233893127,18.17308312550134],[-97.21434311921408,18.163626022219383]]]}},{"type":"Feature","properties":{"cvegeo":"20018","cve_ent":"20","state_code":"OAX","nom_mun":"Concepción Buenavista"},"geometry":{"type":"Polygon","coordinates":[[[-97.36902721814548,18.100518044549407],[-97.3652235107947,18.044321026970092],[-97.40928312094115,17.952478004712635],[-97.42544887718194,17.94411210565552],[-97.41815843809296,17.90210074299914],[-97.39311736470037,17.863181125646474],[-97.45048995057452,17.90846610097738],[-97.52212643901406,17.939201686643734],[-97.5306847805533,17.93083578758662],[-97.57918204927564,17.973756487097035],[-97.48345541428121,17.98048557981689],[-97.47965170693044,18.027043626743442],[-97.46982546294095,18.027043626743442],[-97.41118497461653,18.102336718257476],[-97.36902721814548,18.100518044549407]]]}},{"type":"Feature","properties":{"cvegeo":"20021","cve_ent":"20","state_code":"OAX","nom_mun":"Cosolapa"},"geometry":{"type":"Polygon","coordinates":[[[-96.6282552115826,18.631752634676204],[-96.58419560143615,18.60210825323469],[-96.58419560143615,18.601744518493074],[-96.65678301671339,18.566098513814932],[-96.64125121169774,18.53463545866535],[-96.6716808705039,18.515357517359824],[-96.65963579722647,18.492078493896546],[-96.6824580413311,18.499716923470434],[-96.72715160270268,18.529725039653563],[-96.69957472440957,18.553185930487647],[-96.70211052931009,18.580829770850286],[-96.67928828520546,18.607564274358893],[-96.68435989500648,18.644301483261877],[-96.68340896816879,18.66939918043322],[-96.6282552115826,18.631752634676204]]]}},{"type":"Feature","properties":{"cvegeo":"20327","cve_ent":"20","state_code":"OAX","nom_mun":"San Pedro Tapanatepec"},"geometry":{"type":"Polygon","coordinates":[[[-94.13936270172732,16.461893033579727],[-94.10259353066986,16.407332822337672],[-94.05092650582188,16.329493587632342],[-94.0328588959057,16.275842713244323],[-94.04870767653392,16.215826480878064],[-94.10956699414628,16.178907404604274],[-94.10291050628243,16.142533930442905],[-94.15330962868016,16.122892254395765],[-94.20339177546532,16.152900370578894],[-94.21733870241816,16.135622970352244],[-94.28992611769539,16.145261941005007],[-94.39104133810342,16.17563379192975],[-94.4446102166268,16.215280878765643],[-94.40942592363216,16.25983838461332],[-94.41513148465832,16.285481683897086],[-94.37012094767418,16.299303604078407],[-94.36409841103546,16.338405088801878],[-94.31084650812464,16.334585874014934],[-94.28643938595718,16.354773152174495],[-94.25886250766409,16.432612386879825],[-94.20751245842867,16.445343102836304],[-94.19958806811455,16.483898985447354],[-94.13936270172732,16.461893033579727]],[[-94.18278836064864,16.30075854304486],[-94.21416894629252,16.297121195628723],[-94.22938377569561,16.24474339283635],[-94.19927109250199,16.240924178049408],[-94.18278836064864,16.30075854304486]]]}},{"type":"Feature","properties":{"cvegeo":"20211","cve_ent":"20","state_code":"OAX","nom_mun":"San Juan Ozolotepec"},"geometry":{"type":"Polygon","coordinates":[[[-96.10302662156347,16.16235747386085],[-96.11950935341682,16.11398075322623],[-96.14201462190888,16.045598621802856],[-96.16705569530147,16.034686579554446],[-96.17054242703968,16.012316892945204],[-96.21016437861022,16.013589964540852],[-96.26848789132205,16.050872775556254],[-96.26563511080899,16.07815288117728],[-96.2957477940026,16.085063841267942],[-96.29447989155234,16.12434719336222],[-96.25010330579333,16.186545834178162],[-96.12077725586707,16.149808625275178],[-96.10302662156347,16.16235747386085]],[[-96.23266964710228,16.098703894078454],[-96.23045081781434,16.063421624141927],[-96.1765649636784,16.05632879668046],[-96.162301061113,16.105069252056694],[-96.19716837849508,16.115981294305104],[-96.20826252493484,16.145807543117428],[-96.24344681792948,16.117072498529947],[-96.23266964710228,16.098703894078454]]]}},{"type":"Feature","properties":{"cvegeo":"20474","cve_ent":"20","state_code":"OAX","nom_mun":"Santiago Llano Grande"},"geometry":{"type":"Polygon","coordinates":[[[-98.29301112877056,16.557737137994934],[-98.27779629936747,16.512634030034835],[-98.20267307918972,16.51008788684354],[-98.19728449377612,16.47735176009831],[-98.22042371349332,16.405514148629603],[-98.25719288455079,16.411152037124616],[-98.25465707965027,16.455163940859872],[-98.292694153158,16.468985861041194],[-98.3113957142993,16.47098640212007],[-98.31678429971288,16.569922251838992],[-98.29301112877056,16.557737137994934]]]}},{"type":"Feature","properties":{"cvegeo":"20476","cve_ent":"20","state_code":"OAX","nom_mun":"Santiago Miltepec"},"geometry":{"type":"Polygon","coordinates":[[[-97.6799802940711,17.94993186152134],[-97.7449602946468,17.95629721949958],[-97.768099514364,17.976666365029946],[-97.77000136803939,17.99721737793112],[-97.6986818552124,18.021769472990044],[-97.68695375754753,18.028498565709896],[-97.6799802940711,17.94993186152134]]]}},{"type":"Feature","properties":{"cvegeo":"20477","cve_ent":"20","state_code":"OAX","nom_mun":"Santiago Minas"},"geometry":{"type":"Polygon","coordinates":[[[-97.28724751010388,16.4957203645498],[-97.24223697311974,16.494083558212537],[-97.18803414337124,16.471168269490875],[-97.16489492365403,16.47607868850266],[-97.17979277744456,16.422609681485447],[-97.23082585106742,16.372778021884372],[-97.30975277859595,16.386963676807305],[-97.33384292515083,16.422791548856253],[-97.36110282783137,16.418608599327698],[-97.37948741336011,16.442433224903393],[-97.38138926703549,16.452617797668577],[-97.31831112013518,16.479897903289604],[-97.28724751010388,16.4957203645498]]]}},{"type":"Feature","properties":{"cvegeo":"20478","cve_ent":"20","state_code":"OAX","nom_mun":"Santiago Nacaltepec"},"geometry":{"type":"Polygon","coordinates":[[[-96.87771501867074,17.58892513046975],[-96.86662087223098,17.528181428620265],[-96.79593531062913,17.489443678638406],[-96.85394184772841,17.476167360569505],[-96.87232643325714,17.446886713869603],[-96.93033297035642,17.41305938289953],[-96.92843111668104,17.44870538757767],[-96.95600799497413,17.536729195048185],[-96.987388580618,17.555825268982904],[-97.0007015563457,17.58837952835733],[-96.94776662904746,17.616205236090778],[-96.94586477537207,17.60111024431381],[-96.87771501867074,17.58892513046975]]]}},{"type":"Feature","properties":{"cvegeo":"20479","cve_ent":"20","state_code":"OAX","nom_mun":"Santiago Nejapilla"},"geometry":{"type":"Polygon","coordinates":[[[-97.38646087683652,17.45870809297205],[-97.36490653518214,17.42397142514794],[-97.36205375466906,17.41251378078711],[-97.36744234008266,17.407421494404517],[-97.39597014521345,17.40087426905547],[-97.40072477940191,17.462527307758993],[-97.38646087683652,17.45870809297205]]]}},{"type":"Feature","properties":{"cvegeo":"20480","cve_ent":"20","state_code":"OAX","nom_mun":"Santiago Nundiche"},"geometry":{"type":"Polygon","coordinates":[[[-97.63211697657388,17.347223394667452],[-97.65240341577801,17.326308647024664],[-97.75098283128553,17.296846132953956],[-97.76936741681425,17.299937878257673],[-97.76080907527502,17.3484964662631],[-97.69804790398727,17.351770078937623],[-97.65018458649006,17.379413919300262],[-97.6257774643226,17.369047479164273],[-97.63211697657388,17.347223394667452]]]}},{"type":"Feature","properties":{"cvegeo":"20481","cve_ent":"20","state_code":"OAX","nom_mun":"Santiago Nuyoó"},"geometry":{"type":"Polygon","coordinates":[[[-97.74274146535885,17.070966858411854],[-97.73006244085627,17.01877092299029],[-97.72245502615473,16.999856716426375],[-97.75542048986142,16.973304080288578],[-97.80740449032197,16.9605733643321],[-97.8169137586989,16.96693872231034],[-97.79123873408119,16.977123295075522],[-97.7947254658194,17.010405023933174],[-97.76778253875143,17.01567917768657],[-97.77475600222785,17.076604746906867],[-97.74274146535885,17.070966858411854]]]}},{"type":"Feature","properties":{"cvegeo":"20482","cve_ent":"20","state_code":"OAX","nom_mun":"Santiago Pinotepa Nacional"},"geometry":{"type":"Polygon","coordinates":[[[-98.18777522539919,16.471713871603296],[-98.19411473765048,16.45189032818535],[-98.15702859098045,16.451162858702123],[-98.1548097616925,16.428975039463687],[-98.11011620032093,16.39714824957249],[-98.06256985843628,16.39314716741474],[-98.01819327267727,16.414243782428333],[-98.00995190675059,16.422609681485447],[-98.00646517501238,16.37859777775019],[-97.98332595529519,16.355500621657722],[-98.00171054082392,16.3416787014764],[-97.95131141842619,16.31348925900134],[-97.98871454070878,16.317854075900705],[-98.00773307746265,16.285481683897086],[-97.96779415027953,16.248562607623295],[-97.96494136976645,16.182181017278797],[-97.98966546754647,16.115253824821878],[-98.08856185866655,16.16999590343474],[-98.22581229890692,16.236559361150043],[-98.3281954217652,16.258019710905252],[-98.3094938606239,16.35259074372481],[-98.23849132340949,16.340405629880753],[-98.20077122551433,16.372778021884372],[-98.22042371349332,16.405514148629603],[-98.19728449377612,16.47735176009831],[-98.18777522539919,16.471713871603296]]]}},{"type":"Feature","properties":{"cvegeo":"20484","cve_ent":"20","state_code":"OAX","nom_mun":"Santiago Tamazola"},"geometry":{"type":"Polygon","coordinates":[[[-98.2010882011269,17.83517355054222],[-98.19443171326304,17.810439588112487],[-98.14910420066634,17.789888575211315],[-98.14371561525275,17.759334856915764],[-98.21408420124203,17.775339185546766],[-98.25243825036232,17.797527004785202],[-98.26480029925233,17.76879196019772],[-98.18206966437303,17.719687770079872],[-98.18206966437303,17.679676948502365],[-98.19982029867664,17.64439467856584],[-98.26194751873925,17.640029861666473],[-98.2686040066031,17.61766017505723],[-98.30378829959774,17.627844747822415],[-98.2695549334408,17.702410369853222],[-98.25782683577592,17.742057456689114],[-98.28128303110567,17.79188911629019],[-98.26828703099054,17.82535271251865],[-98.27874722620516,17.882459066952],[-98.25243825036232,17.875911841602953],[-98.24134410392257,17.818623619798796],[-98.2010882011269,17.83517355054222]]]}},{"type":"Feature","properties":{"cvegeo":"20485","cve_ent":"20","state_code":"OAX","nom_mun":"Santiago Tapextla"},"geometry":{"type":"Polygon","coordinates":[[[-98.39951493459218,16.38041645145826],[-98.42202020308424,16.274569641648675],[-98.43152947146118,16.27384217216545],[-98.55261415546076,16.316035402192636],[-98.53866722850793,16.347134722600607],[-98.45403473995324,16.385690605211657],[-98.39951493459218,16.38041645145826]]]}},{"type":"Feature","properties":{"cvegeo":"20486","cve_ent":"20","state_code":"OAX","nom_mun":"Villa Tejúpam de la Unión"},"geometry":{"type":"Polygon","coordinates":[[[-97.47014243855351,17.73187288392393],[-97.43210536504579,17.713322412101633],[-97.40072477940191,17.68349616328931],[-97.38455902316113,17.656943527151512],[-97.45904829211375,17.59801849901009],[-97.50183999980995,17.614568429753515],[-97.5138850730874,17.629117819418063],[-97.52371131707689,17.702592237224028],[-97.49486653633353,17.72096084167552],[-97.47014243855351,17.73187288392393]]]}},{"type":"Feature","properties":{"cvegeo":"20488","cve_ent":"20","state_code":"OAX","nom_mun":"Santiago Tepetlapa"},"geometry":{"type":"Polygon","coordinates":[[[-97.41562263319244,17.770792501276595],[-97.42323004789398,17.77915840033371],[-97.40009082817679,17.82298843669816],[-97.39628712082602,17.82426150829381],[-97.37409882794651,17.777703461367256],[-97.41562263319244,17.770792501276595]]]}},{"type":"Feature","properties":{"cvegeo":"20489","cve_ent":"20","state_code":"OAX","nom_mun":"Santiago Tetepec"},"geometry":{"type":"Polygon","coordinates":[[[-97.61817004962106,16.437704673262417],[-97.60580800073105,16.387691146290532],[-97.62863024483568,16.33258533293606],[-97.59978546409232,16.315489800080215],[-97.61500029349541,16.298212399853565],[-97.59883453725463,16.259110915130094],[-97.73862078239551,16.241651647532635],[-97.76746556313887,16.253654894005887],[-97.78743502673042,16.31803594327151],[-97.75859024598707,16.342042436218016],[-97.70533834307625,16.30839697261875],[-97.6834670258093,16.35259074372481],[-97.7075571723642,16.405514148629603],[-97.69804790398727,16.442978827015814],[-97.68441795264701,16.469167728412],[-97.63053209851107,16.46516664625425],[-97.61817004962106,16.437704673262417]]]}},{"type":"Feature","properties":{"cvegeo":"20490","cve_ent":"20","state_code":"OAX","nom_mun":"Santiago Texcalcingo"},"geometry":{"type":"Polygon","coordinates":[[[-96.94111014118361,18.21964117242789],[-97.00450526369647,18.198544557414298],[-97.00894292227238,18.205637384875764],[-96.97692838540338,18.232553755755177],[-96.94111014118361,18.21964117242789]]]}},{"type":"Feature","properties":{"cvegeo":"20491","cve_ent":"20","state_code":"OAX","nom_mun":"Santiago Textitlán"},"geometry":{"type":"Polygon","coordinates":[[[-97.27773824172695,16.781979606199776],[-97.27678731488925,16.767430216535228],[-97.22448633881613,16.75288082687068],[-97.20293199716176,16.698866217741045],[-97.22638819249153,16.64321480227415],[-97.24667463169564,16.641941730678504],[-97.32116390064826,16.689590981829898],[-97.4346411699463,16.678315204839873],[-97.44922204812426,16.70268543252799],[-97.40864916971603,16.708141453652196],[-97.40738126726576,16.758518715365692],[-97.38424204754857,16.784707616761878],[-97.33194107147546,16.793073515818993],[-97.27773824172695,16.781979606199776]]]}},{"type":"Feature","properties":{"cvegeo":"20492","cve_ent":"20","state_code":"OAX","nom_mun":"Santiago Tilantongo"},"geometry":{"type":"Polygon","coordinates":[[[-97.3021453638944,17.2901170402341],[-97.28819843694157,17.229918940497036],[-97.31133765665876,17.17263071869288],[-97.33320897392571,17.153898379499775],[-97.3262355104493,17.126618273878748],[-97.32021297381057,17.09988377037014],[-97.3385975593393,17.065147102546035],[-97.36490653518214,17.059509214051022],[-97.38075531581036,17.095518953470776],[-97.3671253644701,17.11316008843904],[-97.36871024253291,17.162082411186084],[-97.4238639991191,17.150261032083638],[-97.4311544382081,17.213914611866034],[-97.41530565757988,17.291753846571364],[-97.40864916971603,17.252652361847893],[-97.36046887660625,17.255380372409995],[-97.34874077894136,17.284115416997476],[-97.39153248663754,17.308303777314787],[-97.33891453495187,17.33340147448613],[-97.31894507136032,17.340858036689212],[-97.30626604685774,17.336493219789848],[-97.3021453638944,17.2901170402341]]]}},{"type":"Feature","properties":{"cvegeo":"20493","cve_ent":"20","state_code":"OAX","nom_mun":"Santiago Tillo"},"geometry":{"type":"Polygon","coordinates":[[[-97.32686946167442,17.44361310119508],[-97.34081638862725,17.477986034277574],[-97.32750341289955,17.476894830052732],[-97.28471170520336,17.488898076525984],[-97.29580585164311,17.466528389916743],[-97.32686946167442,17.44361310119508]]]}},{"type":"Feature","properties":{"cvegeo":"20497","cve_ent":"20","state_code":"OAX","nom_mun":"Santiago Yaitepec"},"geometry":{"type":"Polygon","coordinates":[[[-97.21656194850203,16.24656206654442],[-97.19944526542355,16.19363866163963],[-97.22416936320357,16.172542046626035],[-97.25079531465897,16.175815659300557],[-97.27742126611439,16.223828645193564],[-97.21656194850203,16.24656206654442]]]}},{"type":"Feature","properties":{"cvegeo":"20499","cve_ent":"20","state_code":"OAX","nom_mun":"Santiago Yolomécatl"},"geometry":{"type":"Polygon","coordinates":[[[-97.52656409758995,17.452524602364615],[-97.55002029291973,17.414332454495177],[-97.56301629303486,17.413786852382756],[-97.57442741508717,17.427608772564078],[-97.6124644885949,17.457980623488822],[-97.62419258625978,17.498900781920362],[-97.58837434204001,17.517633121113466],[-97.53385453667894,17.48235085117694],[-97.52656409758995,17.452524602364615]]]}},{"type":"Feature","properties":{"cvegeo":"20500","cve_ent":"20","state_code":"OAX","nom_mun":"Santiago Yosondúa"},"geometry":{"type":"Polygon","coordinates":[[[-97.54336380505588,16.92583669650799],[-97.53036780494074,16.881642925401927],[-97.50247395103507,16.904740081494396],[-97.45904829211375,16.894737376100018],[-97.50976439012405,16.87164022000755],[-97.45270877986246,16.87673250639014],[-97.40833219410347,16.8676391378498],[-97.38360809632344,16.86400179043366],[-97.36744234008266,16.827446448901487],[-97.38012136458524,16.814170130832586],[-97.45175785302477,16.81216958975371],[-97.51483599992508,16.783252677795424],[-97.55319004904537,16.72632819073288],[-97.60422312266823,16.798711404314005],[-97.64289414740108,16.91947133852975],[-97.63718858637492,16.93729434086882],[-97.56650302477307,16.96693872231034],[-97.54336380505588,16.92583669650799]]]}},{"type":"Feature","properties":{"cvegeo":"20501","cve_ent":"20","state_code":"OAX","nom_mun":"Santiago Yucuyachi"},"geometry":{"type":"Polygon","coordinates":[[[-98.18777522539919,17.584560313570385],[-98.21408420124203,17.602383315909456],[-98.2400762014723,17.588561395728135],[-98.27430956762926,17.59929157060574],[-98.2686040066031,17.61766017505723],[-98.26194751873925,17.640029861666473],[-98.19982029867664,17.64439467856584],[-98.17446224967149,17.63621064687953],[-98.18777522539919,17.584560313570385]]]}},{"type":"Feature","properties":{"cvegeo":"20507","cve_ent":"20","state_code":"OAX","nom_mun":"Santo Domingo Armenta"},"geometry":{"type":"Polygon","coordinates":[[[-98.31551639726263,16.392783432673124],[-98.3094938606239,16.35259074372481],[-98.3281954217652,16.258019710905252],[-98.43152947146118,16.27384217216545],[-98.42202020308424,16.274569641648675],[-98.39951493459218,16.38041645145826],[-98.36623249527293,16.42370088571029],[-98.3646476172101,16.390237289481828],[-98.31551639726263,16.392783432673124]]]}},{"type":"Feature","properties":{"cvegeo":"20510","cve_ent":"20","state_code":"OAX","nom_mun":"Santo Domingo Ixcatlán"},"geometry":{"type":"Polygon","coordinates":[[[-97.50247395103507,16.904740081494396],[-97.53036780494074,16.881642925401927],[-97.54336380505588,16.92583669650799],[-97.51103229257431,16.9367487387564],[-97.50247395103507,16.904740081494396]]]}},{"type":"Feature","properties":{"cvegeo":"20516","cve_ent":"20","state_code":"OAX","nom_mun":"Santo Domingo Teojomulco"},"geometry":{"type":"Polygon","coordinates":[[[-97.15697053333993,16.59083699948178],[-97.17852487499431,16.597929826943247],[-97.21561102166433,16.57756068141288],[-97.22543726565382,16.541369074622317],[-97.28724751010388,16.4957203645498],[-97.31831112013518,16.479897903289604],[-97.35159355945444,16.53482184927327],[-97.38012136458524,16.55973767907381],[-97.38963063296217,16.5781062835253],[-97.36268770589419,16.580652426716597],[-97.34620497404084,16.613206686091022],[-97.29485492480542,16.605568256517135],[-97.24667463169564,16.641941730678504],[-97.22638819249153,16.64321480227415],[-97.20293199716176,16.698866217741045],[-97.19247180194714,16.637031311666718],[-97.15697053333993,16.59083699948178]]]}},{"type":"Feature","properties":{"cvegeo":"20520","cve_ent":"20","state_code":"OAX","nom_mun":"Santo Domingo Tonalá"},"geometry":{"type":"Polygon","coordinates":[[[-97.86858078354689,17.699318624549505],[-97.93482868657284,17.655670455555864],[-97.92785522309643,17.61838764454046],[-97.9449719061749,17.61256788867464],[-97.98300897968262,17.64257600485777],[-98.0445022485201,17.626753543597573],[-98.06922634630013,17.64675895438633],[-98.0498908339337,17.7204152395631],[-98.0498908339337,17.720778974304714],[-97.94085122321157,17.72969047547425],[-97.92214966207027,17.698227420324663],[-97.86858078354689,17.699318624549505]]]}},{"type":"Feature","properties":{"cvegeo":"20521","cve_ent":"20","state_code":"OAX","nom_mun":"Santo Domingo Tonaltepec"},"geometry":{"type":"Polygon","coordinates":[[[-97.32465063238647,17.608203071775275],[-97.33099014463775,17.58146856826667],[-97.3696611693706,17.576740016625692],[-97.38360809632344,17.65348804710618],[-97.32465063238647,17.608203071775275]]]}},{"type":"Feature","properties":{"cvegeo":"20523","cve_ent":"20","state_code":"OAX","nom_mun":"Santo Domingo Yanhuitlán"},"geometry":{"type":"Polygon","coordinates":[[[-97.30024351021902,17.556916473207746],[-97.30024351021902,17.55655273846613],[-97.29707375409338,17.51508697792217],[-97.29390399796773,17.499082649291168],[-97.33796360811418,17.501628792482464],[-97.32750341289955,17.476894830052732],[-97.34081638862725,17.477986034277574],[-97.3563481936429,17.491262352346475],[-97.38994760857473,17.47362121737821],[-97.38994760857473,17.500901322999237],[-97.35603121803034,17.524544081204127],[-97.39755502327627,17.54345828776804],[-97.39280038908781,17.567282913343735],[-97.32591853483673,17.574375740805202],[-97.30024351021902,17.556916473207746]]]}},{"type":"Feature","properties":{"cvegeo":"20524","cve_ent":"20","state_code":"OAX","nom_mun":"Santo Domingo Yodohino"},"geometry":{"type":"Polygon","coordinates":[[[-97.74337541658397,17.621479389844176],[-97.71579853829088,17.65221497551053],[-97.67585961110777,17.65585232292667],[-97.67173892814444,17.616932705574005],[-97.71643248951601,17.606384398067206],[-97.74337541658397,17.621479389844176]]]}},{"type":"Feature","properties":{"cvegeo":"20526","cve_ent":"20","state_code":"OAX","nom_mun":"Santos Reyes Nopala"},"geometry":{"type":"Polygon","coordinates":[[[-97.22416936320357,16.172542046626035],[-97.15855541140276,16.131076286082074],[-97.14619336251275,16.137441644060313],[-97.10498653287938,16.123437856508186],[-97.10625443532963,16.09779455722442],[-97.1528498503766,16.017591046698602],[-97.14017082587402,16.016863577215375],[-97.17884185060687,15.983218113616108],[-97.26315736354898,16.01886411829425],[-97.22670516810409,16.051418377668675],[-97.25935365619821,16.147080614713076],[-97.25079531465897,16.175815659300557],[-97.22416936320357,16.172542046626035]]]}},{"type":"Feature","properties":{"cvegeo":"20527","cve_ent":"20","state_code":"OAX","nom_mun":"Santos Reyes Pápalo"},"geometry":{"type":"Polygon","coordinates":[[[-96.81653872544582,17.750787090487844],[-96.83111960362378,17.76460901066916],[-96.87010760396919,17.75387883579156],[-96.90339004328845,17.76242660221948],[-96.9420610680213,17.80461983224667],[-96.93635550699514,17.81662307871992],[-96.91638604340359,17.82880819256398],[-96.81305199370762,17.821715365102513],[-96.8327044816866,17.77697599188403],[-96.81653872544582,17.750787090487844]]]}},{"type":"Feature","properties":{"cvegeo":"20528","cve_ent":"20","state_code":"OAX","nom_mun":"Santos Reyes Tepejillo"},"geometry":{"type":"Polygon","coordinates":[[[-97.90598390582949,17.436520273733613],[-97.91517619859385,17.41415058712437],[-97.95511512577696,17.39450891107723],[-97.96018673557799,17.35995411062393],[-97.99632195541032,17.392508369998357],[-97.97476761375594,17.422516486181486],[-97.97920527233185,17.453070204477036],[-97.96145463802824,17.460163031938503],[-97.92531941819591,17.464709716208674],[-97.90598390582949,17.436520273733613]]]}},{"type":"Feature","properties":{"cvegeo":"20529","cve_ent":"20","state_code":"OAX","nom_mun":"Santos Reyes Yucuná"},"geometry":{"type":"Polygon","coordinates":[[[-97.96494136976645,17.784068819345496],[-97.94655678423773,17.746240406217673],[-97.98998244315904,17.752242029454298],[-98.00931795552546,17.737510772418943],[-98.05369454128447,17.752242029454298],[-98.06954332191269,17.771883705501438],[-98.03245717524266,17.80789344492119],[-97.9769864430439,17.807165975437965],[-97.96494136976645,17.784068819345496]]]}},{"type":"Feature","properties":{"cvegeo":"20532","cve_ent":"20","state_code":"OAX","nom_mun":"Santo Tomás Ocotepec"},"geometry":{"type":"Polygon","coordinates":[[[-97.75510351424886,17.170084575501583],[-97.73259824575679,17.126072671766327],[-97.74274146535885,17.070966858411854],[-97.77475600222785,17.076604746906867],[-97.82040049043711,17.08842612600931],[-97.84417366137944,17.078787155356547],[-97.83910205157841,17.11261448632662],[-97.80740449032197,17.12479960017068],[-97.78394829499221,17.164264819635765],[-97.75510351424886,17.170084575501583]]]}},{"type":"Feature","properties":{"cvegeo":"20536","cve_ent":"20","state_code":"OAX","nom_mun":"San Vicente Nuñú"},"geometry":{"type":"Polygon","coordinates":[[[-97.40072477940191,17.462527307758993],[-97.39597014521345,17.40087426905547],[-97.4302035113704,17.386143012020117],[-97.44415043832323,17.35758983480344],[-97.46633873120274,17.42688130308085],[-97.46475385313991,17.472893747894982],[-97.41562263319244,17.48053217746887],[-97.40072477940191,17.462527307758993]]]}},{"type":"Feature","properties":{"cvegeo":"20540","cve_ent":"20","state_code":"OAX","nom_mun":"Villa de Tamazulápam del Progreso"},"geometry":{"type":"Polygon","coordinates":[[[-97.57379346386205,17.77333864446789],[-97.5626993174223,17.731691016553125],[-97.52371131707689,17.702592237224028],[-97.5138850730874,17.629117819418063],[-97.56428419548511,17.61656897083239],[-97.64226019617595,17.668764906253955],[-97.6267283911603,17.702592237224028],[-97.6356037083121,17.745331069363637],[-97.64479600107646,17.7682463580853],[-97.61373239104516,17.754242570533172],[-97.57379346386205,17.77333864446789]]]}},{"type":"Feature","properties":{"cvegeo":"20543","cve_ent":"20","state_code":"OAX","nom_mun":"Tataltepec de Valdés"},"geometry":{"type":"Polygon","coordinates":[[[-97.45809736527606,16.27020482474931],[-97.51103229257431,16.24892634236491],[-97.5991515128672,16.243470321240704],[-97.59883453725463,16.259110915130094],[-97.61500029349541,16.298212399853565],[-97.59978546409232,16.315489800080215],[-97.62863024483568,16.33258533293606],[-97.60580800073105,16.387691146290532],[-97.5519221465951,16.35950170381547],[-97.48250448744352,16.362047847006767],[-97.44510136516092,16.3389506909143],[-97.44002975535989,16.280207530143688],[-97.45809736527606,16.27020482474931]]]}},{"type":"Feature","properties":{"cvegeo":"20545","cve_ent":"20","state_code":"OAX","nom_mun":"Teotitlán de Flores Magón"},"geometry":{"type":"Polygon","coordinates":[[[-96.99531297093212,18.1534414494542],[-97.09959794746578,18.090879073896645],[-97.0932584352145,18.069964326253857],[-97.11512975248144,18.044866629082513],[-97.19215482633457,18.03522765842975],[-97.21370916798895,18.10670153515684],[-97.1883511189838,18.12634321120398],[-97.17345326519327,18.105428463561193],[-97.10942419145528,18.118704781630093],[-97.0888207766386,18.149076632554834],[-97.04222536159163,18.156533194757916],[-97.02510867851316,18.189814923615568],[-97.00894292227238,18.205637384875764],[-97.00450526369647,18.198544557414298],[-96.99531297093212,18.1534414494542]]]}},{"type":"Feature","properties":{"cvegeo":"20547","cve_ent":"20","state_code":"OAX","nom_mun":"Teotongo"},"geometry":{"type":"Polygon","coordinates":[[[-97.52117551217637,17.786796829907598],[-97.50944741451148,17.756424978982857],[-97.49486653633353,17.72096084167552],[-97.52371131707689,17.702592237224028],[-97.5626993174223,17.731691016553125],[-97.57379346386205,17.77333864446789],[-97.52117551217637,17.786796829907598]]]}},{"type":"Feature","properties":{"cvegeo":"20549","cve_ent":"20","state_code":"OAX","nom_mun":"Tezoatlán de Segura y Luna"},"geometry":{"type":"Polygon","coordinates":[[[-97.77792575835349,17.694226338166914],[-97.77095229487708,17.694226338166914],[-97.75763931914938,17.66039900719684],[-97.73228127014423,17.674584662119774],[-97.71579853829088,17.65221497551053],[-97.74337541658397,17.621479389844176],[-97.73640195310756,17.590925671548625],[-97.80423473419633,17.525089683316548],[-97.8454415638297,17.502719996707306],[-97.8543168809815,17.450705928656546],[-97.87999190559921,17.42178901669826],[-97.90598390582949,17.436520273733613],[-97.92531941819591,17.464709716208674],[-97.96145463802824,17.460163031938503],[-97.97223180885544,17.53018196969914],[-97.93768146708592,17.530363837069945],[-97.96240556486595,17.580013629300215],[-97.9449719061749,17.61256788867464],[-97.92785522309643,17.61838764454046],[-97.93482868657284,17.655670455555864],[-97.86858078354689,17.699318624549505],[-97.78965385601838,17.716596024776155],[-97.77792575835349,17.694226338166914]]]}},{"type":"Feature","properties":{"cvegeo":"20552","cve_ent":"20","state_code":"OAX","nom_mun":"Tlacotepec Plumas"},"geometry":{"type":"Polygon","coordinates":[[[-97.42798468208245,17.82880819256398],[-97.447954145674,17.8266257841143],[-97.46887453610324,17.824988977777036],[-97.46887453610324,17.82535271251865],[-97.46887453610324,17.83808342847513],[-97.52814897565278,17.895007915537672],[-97.52561317075227,17.917377602146914],[-97.48694214601942,17.90846610097738],[-97.4336902431086,17.8771849131986],[-97.42798468208245,17.82880819256398]]]}},{"type":"Feature","properties":{"cvegeo":"20556","cve_ent":"20","state_code":"OAX","nom_mun":"La Trinidad Vista Hermosa"},"geometry":{"type":"Polygon","coordinates":[[[-97.47870078009275,17.780795206670973],[-97.48028565815557,17.76879196019772],[-97.50944741451148,17.756424978982857],[-97.52117551217637,17.786796829907598],[-97.51039834134917,17.796253933189554],[-97.47870078009275,17.780795206670973]]]}},{"type":"Feature","properties":{"cvegeo":"20558","cve_ent":"20","state_code":"OAX","nom_mun":"Valerio Trujano"},"geometry":{"type":"Polygon","coordinates":[[[-96.96932097070183,17.722052045900362],[-97.01369755646084,17.72096084167552],[-97.00957687349751,17.75969859165738],[-97.02796145902624,17.802437423796988],[-97.0026034100211,17.824988977777036],[-96.96044565355004,17.7842506867163],[-96.94459687292182,17.73551023134007],[-96.96932097070183,17.722052045900362]]]}},{"type":"Feature","properties":{"cvegeo":"20564","cve_ent":"20","state_code":"OAX","nom_mun":"Yutanduchi de Guerrero"},"geometry":{"type":"Polygon","coordinates":[[[-97.26410829038667,17.104976056752733],[-97.25428204639718,17.075513542682025],[-97.27139872947566,17.038048864295813],[-97.3217978518734,17.039140068520656],[-97.3385975593393,17.065147102546035],[-97.32021297381057,17.09988377037014],[-97.3262355104493,17.126618273878748],[-97.26410829038667,17.104976056752733]]]}},{"type":"Feature","properties":{"cvegeo":"20566","cve_ent":"20","state_code":"OAX","nom_mun":"San Mateo Yucutindó"},"geometry":{"type":"Polygon","coordinates":[[[-97.20863755818792,16.918743869046523],[-97.22258448514076,16.86709353573738],[-97.275519412439,16.84672439020701],[-97.24445580240769,16.814715732945007],[-97.27773824172695,16.781979606199776],[-97.33194107147546,16.793073515818993],[-97.38424204754857,16.784707616761878],[-97.40738126726576,16.758518715365692],[-97.40864916971603,16.708141453652196],[-97.44922204812426,16.70268543252799],[-97.4346411699463,16.678315204839873],[-97.45080692618708,16.66467515202936],[-97.51166624379944,16.70723211679816],[-97.55477492710818,16.677042133244225],[-97.55319004904537,16.72632819073288],[-97.51483599992508,16.783252677795424],[-97.46443687752735,16.751425887904226],[-97.44827112128657,16.713415607405594],[-97.41467170635475,16.74924347945454],[-97.3858269256114,16.803439955954982],[-97.32465063238647,16.81526133505743],[-97.28946633939182,16.860182575646718],[-97.2809079978526,16.896010447695666],[-97.22987492422973,16.90037526459503],[-97.20863755818792,16.918743869046523]]]}},{"type":"Feature","properties":{"cvegeo":"20567","cve_ent":"20","state_code":"OAX","nom_mun":"Zapotitlán Lagunas"},"geometry":{"type":"Polygon","coordinates":[[[-98.33516888524161,17.883732138547646],[-98.33168215350341,17.879912923760703],[-98.34911581219444,17.85936191085953],[-98.32090498267623,17.8293537946764],[-98.29966761663441,17.831354335755275],[-98.30695805572338,17.75606124424124],[-98.32122195828879,17.729326740732635],[-98.40395259316809,17.692953266571266],[-98.47083444741915,17.677858274794296],[-98.48985298417301,17.703319706707255],[-98.49429064274892,17.77279304235547],[-98.47146839864429,17.788615503615667],[-98.42487298359733,17.839538367441584],[-98.42487298359733,17.86572726883777],[-98.38271522712627,17.88355027117684],[-98.33516888524161,17.883732138547646]]]}},{"type":"Feature","properties":{"cvegeo":"20568","cve_ent":"20","state_code":"OAX","nom_mun":"Zapotitlán Palmas"},"geometry":{"type":"Polygon","coordinates":[[[-97.81913258798686,17.914649591584812],[-97.80455170980889,17.846449327532245],[-97.84385668576688,17.844630653824176],[-97.87935795437409,17.917923204259335],[-97.81913258798686,17.914649591584812]]]}},{"type":"Feature","properties":{"cvegeo":"20004","cve_ent":"20","state_code":"OAX","nom_mun":"Asunción Cuyotepeji"},"geometry":{"type":"Polygon","coordinates":[[[-97.5912271225531,17.945567044621974],[-97.57379346386205,17.91083037679787],[-97.61721912278337,17.90210074299914],[-97.71326273339037,17.910466642056253],[-97.7449602946468,17.95629721949958],[-97.6799802940711,17.94993186152134],[-97.64638087913929,17.958297760578454],[-97.5912271225531,17.945567044621974]]]}},{"type":"Feature","properties":{"cvegeo":"20011","cve_ent":"20","state_code":"OAX","nom_mun":"Calihualá"},"geometry":{"type":"Polygon","coordinates":[[[-98.2400762014723,17.588561395728135],[-98.20425795725254,17.542367083543198],[-98.21281629879178,17.502719996707306],[-98.2686040066031,17.51926992745073],[-98.3113957142993,17.513813906326522],[-98.3193201046134,17.531455041294787],[-98.28318488478106,17.533455582373662],[-98.2873055677444,17.580559231412636],[-98.27430956762926,17.59929157060574],[-98.2400762014723,17.588561395728135]]]}},{"type":"Feature","properties":{"cvegeo":"20016","cve_ent":"20","state_code":"OAX","nom_mun":"Coicoyán de las Flores"},"geometry":{"type":"Polygon","coordinates":[[[-98.18650732294894,17.286661560188772],[-98.21218234756665,17.261200128275814],[-98.20267307918972,17.231192012092684],[-98.1681227374202,17.249015014431755],[-98.15797951781815,17.19736468112261],[-98.16622088374481,17.125163334912294],[-98.18365454243586,17.117706772709212],[-98.22264254278127,17.122071589608577],[-98.21757093298024,17.186634506245007],[-98.20330703041485,17.216097020315715],[-98.24229503076026,17.25046995339821],[-98.28857347019465,17.238648574295766],[-98.3228068363516,17.27465831371552],[-98.29776576295902,17.272657772636645],[-98.25243825036232,17.30757630783156],[-98.24895151862411,17.28975330549249],[-98.18650732294894,17.286661560188772]]]}},{"type":"Feature","properties":{"cvegeo":"20022","cve_ent":"20","state_code":"OAX","nom_mun":"Cosoltepec"},"geometry":{"type":"Polygon","coordinates":[[[-97.76017512404988,18.142347539834983],[-97.76651463630117,18.133617906036253],[-97.78901990479324,18.124160802754297],[-97.77095229487708,18.078875827423392],[-97.80169892929581,18.06869125465821],[-97.8267400026884,18.103609789853124],[-97.86065639323279,18.10251858562828],[-97.86382614935843,18.147803560959186],[-97.83941902719097,18.17126445179327],[-97.78775200234298,18.17308312550134],[-97.77095229487708,18.216003825011754],[-97.74622819709705,18.20763792595464],[-97.73006244085627,18.169991380197622],[-97.76017512404988,18.142347539834983]]]}},{"type":"Feature","properties":{"cvegeo":"20024","cve_ent":"20","state_code":"OAX","nom_mun":"Cuyamecalco Villa de Zaragoza"},"geometry":{"type":"Polygon","coordinates":[[[-96.80227482288042,17.950659331004566],[-96.83492331097455,17.9222880211587],[-96.86440204294304,17.92810777702452],[-96.88912614072305,17.933381930777916],[-96.91733697024128,17.968482333343637],[-96.87169248203202,18.01049369600002],[-96.83492331097455,18.016313451865837],[-96.80227482288042,17.950659331004566]]]}},{"type":"Feature","properties":{"cvegeo":"20026","cve_ent":"20","state_code":"OAX","nom_mun":"Chalcatongo de Hidalgo"},"geometry":{"type":"Polygon","coordinates":[[[-97.46380292630222,16.937839942981242],[-97.51103229257431,16.9367487387564],[-97.54336380505588,16.92583669650799],[-97.56650302477307,16.96693872231034],[-97.63718858637492,16.93729434086882],[-97.6356037083121,16.965847518085496],[-97.62989814728594,16.988399072065544],[-97.5893252688777,17.05332572344359],[-97.56460117109768,17.069693786816206],[-97.52751502442766,17.017679718765446],[-97.51800575605073,16.979305703525203],[-97.48599121918173,16.974940886625838],[-97.46380292630222,16.937839942981242]]]}},{"type":"Feature","properties":{"cvegeo":"20029","cve_ent":"20","state_code":"OAX","nom_mun":"Eloxochitlán de Flores Magón"},"geometry":{"type":"Polygon","coordinates":[[[-96.85520975017867,18.241283389553907],[-96.8460174574143,18.17944848347958],[-96.85330789650328,18.15162277574613],[-96.85679462824149,18.153259582083393],[-96.90148818961306,18.171446319164076],[-96.90243911645076,18.19545281211058],[-96.8647190185556,18.22364225458564],[-96.86630389661842,18.242010859037133],[-96.85520975017867,18.241283389553907]]]}},{"type":"Feature","properties":{"cvegeo":"20032","cve_ent":"20","state_code":"OAX","nom_mun":"Fresnillo de Trujano"},"geometry":{"type":"Polygon","coordinates":[[[-98.10028995633144,17.892643639717182],[-98.15195698117942,17.895917252391705],[-98.16590390813225,17.91937814322579],[-98.15322488362968,17.96775486386041],[-98.12976868829992,17.977939436625594],[-98.1104331759335,17.980667447187695],[-98.0952183465304,17.927744042282903],[-98.10028995633144,17.892643639717182]]]}},{"type":"Feature","properties":{"cvegeo":"20034","cve_ent":"20","state_code":"OAX","nom_mun":"Guadalupe de Ramírez"},"geometry":{"type":"Polygon","coordinates":[[[-98.14371561525275,17.759334856915764],[-98.11455385889683,17.75606124424124],[-98.1237461516612,17.728417403878602],[-98.1814357131479,17.75551564212882],[-98.21915581104307,17.75042335574623],[-98.21408420124203,17.775339185546766],[-98.14371561525275,17.759334856915764]]]}},{"type":"Feature","properties":{"cvegeo":"20037","cve_ent":"20","state_code":"OAX","nom_mun":"Mesones Hidalgo"},"geometry":{"type":"Polygon","coordinates":[[[-97.91422527175617,16.890190691829847],[-97.91866293033206,16.849634268139923],[-97.97476761375594,16.877096241131756],[-98.08095444396501,16.88491653807645],[-98.11138410277118,16.958936557994836],[-98.09743717581836,16.968939263389213],[-98.02643463860394,16.966574987568723],[-97.9937861505098,16.98639853098667],[-97.96272254047851,16.970394202355667],[-97.94338702811208,16.9049219488652],[-97.91422527175617,16.890190691829847]]]}},{"type":"Feature","properties":{"cvegeo":"20046","cve_ent":"20","state_code":"OAX","nom_mun":"Magdalena Jaltepec"},"geometry":{"type":"Polygon","coordinates":[[[-97.14809521618812,17.327945453361927],[-97.17820789938175,17.300847215111705],[-97.1829625335702,17.25392543344354],[-97.21339219237639,17.242649656453516],[-97.24033511944435,17.207549253887795],[-97.28217590030285,17.230464542609457],[-97.27868916856464,17.18772571046985],[-97.24287092434487,17.1731763208053],[-97.26315736354898,17.152079705791706],[-97.26410829038667,17.104976056752733],[-97.3262355104493,17.126618273878748],[-97.33320897392571,17.153898379499775],[-97.31133765665876,17.17263071869288],[-97.28819843694157,17.229918940497036],[-97.3021453638944,17.2901170402341],[-97.25840272936053,17.320488891158845],[-97.24318789995743,17.364500794894102],[-97.19912828981099,17.375412837142513],[-97.1607742406907,17.377777112963003],[-97.14809521618812,17.327945453361927]]]}},{"type":"Feature","properties":{"cvegeo":"20047","cve_ent":"20","state_code":"OAX","nom_mun":"Santa Magdalena Jicotlán"},"geometry":{"type":"Polygon","coordinates":[[[-97.46887453610324,17.824988977777036],[-97.46887453610324,17.82535271251865],[-97.46887453610324,17.824988977777036],[-97.447954145674,17.8266257841143],[-97.45619551160067,17.791161646806962],[-97.47870078009275,17.780795206670973],[-97.51039834134917,17.796253933189554],[-97.50691160961097,17.830444998901243],[-97.46887453610324,17.824988977777036]]]}},{"type":"Feature","properties":{"cvegeo":"20050","cve_ent":"20","state_code":"OAX","nom_mun":"Magdalena Peñasco"},"geometry":{"type":"Polygon","coordinates":[[[-97.49581746317122,17.270475364186964],[-97.49201375582045,17.235011226879628],[-97.51261717063713,17.239012309037378],[-97.57379346386205,17.18990811891953],[-97.57886507366308,17.175176861884175],[-97.6124644885949,17.22228051092315],[-97.61024565930695,17.2528342292187],[-97.5617483905846,17.265746812545984],[-97.54463170750613,17.293936255021045],[-97.5386091708674,17.294481857133466],[-97.49581746317122,17.270475364186964]]]}},{"type":"Feature","properties":{"cvegeo":"20054","cve_ent":"20","state_code":"OAX","nom_mun":"Magdalena Zahuatlán"},"geometry":{"type":"Polygon","coordinates":[[[-97.19912828981099,17.375412837142513],[-97.24318789995743,17.364500794894102],[-97.24952741220872,17.393235839481584],[-97.25174624149668,17.405420953325642],[-97.22543726565382,17.41997034299019],[-97.19912828981099,17.375412837142513]]]}},{"type":"Feature","properties":{"cvegeo":"20055","cve_ent":"20","state_code":"OAX","nom_mun":"Mariscala de Juárez"},"geometry":{"type":"Polygon","coordinates":[[[-98.10028995633144,17.892643639717182],[-98.06922634630013,17.881913464839577],[-98.0676414682373,17.856088298185007],[-98.11613873695966,17.834264213688186],[-98.06954332191269,17.771883705501438],[-98.05369454128447,17.752242029454298],[-98.06700751701217,17.719687770079872],[-98.08285629764039,17.71914216796745],[-98.1237461516612,17.728417403878602],[-98.11455385889683,17.75606124424124],[-98.13642517616377,17.796253933189554],[-98.1405458591271,17.84444878645337],[-98.19950332306408,17.841902643262074],[-98.20711073776562,17.886823883851363],[-98.16590390813225,17.91937814322579],[-98.15195698117942,17.895917252391705],[-98.10028995633144,17.892643639717182]]]}},{"type":"Feature","properties":{"cvegeo":"20056","cve_ent":"20","state_code":"OAX","nom_mun":"Mártires de Tacubaya"},"geometry":{"type":"Polygon","coordinates":[[[-98.20584283531537,16.585926580469994],[-98.2153521036923,16.557191535882513],[-98.18809220101176,16.55755527062413],[-98.20267307918972,16.51008788684354],[-98.27779629936747,16.512634030034835],[-98.29301112877056,16.557737137994934],[-98.20584283531537,16.585926580469994]]]}},{"type":"Feature","properties":{"cvegeo":"20058","cve_ent":"20","state_code":"OAX","nom_mun":"Mazatlán Villa de Flores"},"geometry":{"type":"Polygon","coordinates":[[[-96.81717267667095,18.06014348823029],[-96.81241804248248,18.032135913126034],[-96.83492331097455,18.016313451865837],[-96.87169248203202,18.01049369600002],[-96.91733697024128,17.968482333343637],[-96.88912614072305,17.933381930777916],[-96.93603853138258,17.936291808710827],[-96.98326789765467,18.027043626743442],[-96.9892904342934,18.06014348823029],[-96.96678516580133,18.090333471784223],[-96.89039404317332,18.072510469445152],[-96.8735943357074,18.09578949290843],[-96.81717267667095,18.06014348823029]]]}},{"type":"Feature","properties":{"cvegeo":"20065","cve_ent":"20","state_code":"OAX","nom_mun":"Ixpantepec Nieves"},"geometry":{"type":"Polygon","coordinates":[[[-97.97223180885544,17.53018196969914],[-97.96145463802824,17.460163031938503],[-97.97920527233185,17.453070204477036],[-98.01121980920085,17.50053758825762],[-98.0410155167819,17.467073992029164],[-98.06478868772423,17.472893747894982],[-98.07112819997552,17.484351392255814],[-98.0676414682373,17.529454500215913],[-98.0232648824783,17.50926722205635],[-98.03784576065625,17.554552197387256],[-97.97223180885544,17.53018196969914]]]}},{"type":"Feature","properties":{"cvegeo":"20070","cve_ent":"20","state_code":"OAX","nom_mun":"Pinotepa de Don Luis"},"geometry":{"type":"Polygon","coordinates":[[[-97.9912503456093,16.4506172565897],[-97.92341756452052,16.425701426789164],[-97.91802897910694,16.386236207324078],[-97.98332595529519,16.355500621657722],[-98.00646517501238,16.37859777775019],[-98.00995190675059,16.422609681485447],[-97.9912503456093,16.4506172565897]]]}},{"type":"Feature","properties":{"cvegeo":"20076","cve_ent":"20","state_code":"OAX","nom_mun":"La Reforma"},"geometry":{"type":"Polygon","coordinates":[[[-97.79884614878274,16.715234281113663],[-97.81786468553659,16.678315204839873],[-97.79726127071991,16.65721858982628],[-97.82166839288737,16.62939288209283],[-97.79884614878274,16.600475970134543],[-97.84195483209149,16.593383142673076],[-97.85938849078252,16.565557434939628],[-97.86921473477202,16.576833211929653],[-97.93482868657284,16.564648098085595],[-97.91961385716975,16.60938747130408],[-97.94085122321157,16.643396669644957],[-97.89996136919076,16.66412954991694],[-97.89298790571435,16.71141506632672],[-97.83973600280353,16.71141506632672],[-97.84575853944226,16.743969325701144],[-97.82547210023814,16.754153898466328],[-97.79884614878274,16.715234281113663]]]}},{"type":"Feature","properties":{"cvegeo":"20081","cve_ent":"20","state_code":"OAX","nom_mun":"San Agustín Atenango"},"geometry":{"type":"Polygon","coordinates":[[[-97.9449719061749,17.61256788867464],[-97.96240556486595,17.580013629300215],[-97.93768146708592,17.530363837069945],[-97.97223180885544,17.53018196969914],[-98.03784576065625,17.554552197387256],[-98.0445022485201,17.626753543597573],[-97.98300897968262,17.64257600485777],[-97.9449719061749,17.61256788867464]]]}},{"type":"Feature","properties":{"cvegeo":"20082","cve_ent":"20","state_code":"OAX","nom_mun":"San Agustín Chayuco"},"geometry":{"type":"Polygon","coordinates":[[[-97.68441795264701,16.469167728412],[-97.69804790398727,16.442978827015814],[-97.73766985555781,16.460801829354885],[-97.77380507539016,16.413516312945106],[-97.79662731949479,16.357501162736597],[-97.83466439300251,16.388782350515374],[-97.85938849078252,16.45698261456794],[-97.88284468611229,16.479170433806377],[-97.8543168809815,16.554099790578796],[-97.83276253932712,16.513725234259677],[-97.84956224679303,16.485172057043002],[-97.7734880997776,16.475896821131855],[-97.74844702638501,16.498266507741096],[-97.7262587335055,16.470804534749263],[-97.68441795264701,16.469167728412]]]}},{"type":"Feature","properties":{"cvegeo":"20086","cve_ent":"20","state_code":"OAX","nom_mun":"San Agustín Tlacotepec"},"geometry":{"type":"Polygon","coordinates":[[[-97.49201375582045,17.235011226879628],[-97.48218751183096,17.164264819635765],[-97.54272985383075,17.173540055546916],[-97.57379346386205,17.18990811891953],[-97.51261717063713,17.239012309037378],[-97.49201375582045,17.235011226879628]]]}},{"type":"Feature","properties":{"cvegeo":"20088","cve_ent":"20","state_code":"OAX","nom_mun":"San Andrés Cabecera Nueva"},"geometry":{"type":"Polygon","coordinates":[[[-97.84797736873021,16.923836155429115],[-97.84512458821713,16.902375805673906],[-97.73323219698192,16.89982966248261],[-97.65652409874134,16.918743869046523],[-97.66920312324392,16.880551721177085],[-97.73037941646884,16.81853494773195],[-97.77095229487708,16.797620200089163],[-97.78268039254195,16.8198080193276],[-97.8115251732853,16.81289705923694],[-97.82198536849994,16.78070653460413],[-97.79440849020683,16.75688190902843],[-97.76841648997656,16.762519797523442],[-97.79884614878274,16.715234281113663],[-97.82547210023814,16.754153898466328],[-97.84575853944226,16.743969325701144],[-97.864143124971,16.78579882098672],[-97.87904097876152,16.863274320950435],[-97.9031311253164,16.892009365537916],[-97.85463385659406,16.898374723516156],[-97.87840702753638,16.934020728194298],[-97.84797736873021,16.923836155429115]]]}},{"type":"Feature","properties":{"cvegeo":"20089","cve_ent":"20","state_code":"OAX","nom_mun":"San Andrés Dinicuiti"},"geometry":{"type":"Polygon","coordinates":[[[-97.64226019617595,17.668764906253955],[-97.67585961110777,17.65585232292667],[-97.71579853829088,17.65221497551053],[-97.73228127014423,17.674584662119774],[-97.75763931914938,17.66039900719684],[-97.77095229487708,17.694226338166914],[-97.71928527002909,17.71459548369728],[-97.6898065380606,17.742057456689114],[-97.6356037083121,17.745331069363637],[-97.6267283911603,17.702592237224028],[-97.64226019617595,17.668764906253955]]]}},{"type":"Feature","properties":{"cvegeo":"20090","cve_ent":"20","state_code":"OAX","nom_mun":"San Andrés Huaxpaltepec"},"geometry":{"type":"Polygon","coordinates":[[[-97.98332595529519,16.355500621657722],[-97.91802897910694,16.386236207324078],[-97.86065639323279,16.37914337986261],[-97.8730184421228,16.32494690336217],[-97.86097336884535,16.295848124033075],[-97.90439902776666,16.313307391630534],[-97.95131141842619,16.31348925900134],[-98.00171054082392,16.3416787014764],[-97.98332595529519,16.355500621657722]]]}},{"type":"Feature","properties":{"cvegeo":"20093","cve_ent":"20","state_code":"OAX","nom_mun":"San Andrés Lagunas"},"geometry":{"type":"Polygon","coordinates":[[[-97.55319004904537,17.55782581006178],[-97.56428419548511,17.61656897083239],[-97.5138850730874,17.629117819418063],[-97.50183999980995,17.614568429753515],[-97.50913043889892,17.55891701428662],[-97.5173718048256,17.542185216172392],[-97.55319004904537,17.55782581006178]]]}},{"type":"Feature","properties":{"cvegeo":"20099","cve_ent":"20","state_code":"OAX","nom_mun":"San Andrés Tepetlapa"},"geometry":{"type":"Polygon","coordinates":[[[-98.36654947088549,17.637847453216793],[-98.37162108068651,17.62984528890129],[-98.40046586142986,17.652760577622953],[-98.40395259316809,17.692953266571266],[-98.36750039772318,17.659671537713614],[-98.36654947088549,17.637847453216793]]]}},{"type":"Feature","properties":{"cvegeo":"20101","cve_ent":"20","state_code":"OAX","nom_mun":"San Andrés Zabache"},"geometry":{"type":"Polygon","coordinates":[[[-96.87993384795868,16.623391258856206],[-96.83936096955046,16.592837540560655],[-96.87296038448227,16.599202898538895],[-96.87993384795868,16.623391258856206]]]}},{"type":"Feature","properties":{"cvegeo":"20052","cve_ent":"20","state_code":"OAX","nom_mun":"Magdalena Tequisistlán"},"geometry":{"type":"Polygon","coordinates":[[[-95.50108993330377,16.315489800080215],[-95.51345198219379,16.322946362283297],[-95.60062027564898,16.273296570053027],[-95.62756320271694,16.21018859238305],[-95.60854466596308,16.148353686308724],[-95.61425022698924,16.13234935767772],[-95.7239237889365,16.11179834477655],[-95.75720622825577,16.194911733235276],[-95.73501793537626,16.18781890577381],[-95.74421022814063,16.22873906420535],[-95.78414915532373,16.267113079445593],[-95.71631637423496,16.280934999626915],[-95.69571295941829,16.336040812981388],[-95.76259481366935,16.34222430358882],[-95.73787071588934,16.385326870470045],[-95.75720622825577,16.40678722022525],[-95.68683764226648,16.511724693180803],[-95.76069295999397,16.537367992464567],[-95.75530437458038,16.56264755700672],[-95.7293123743501,16.608841869191657],[-95.70649013024547,16.61211548186618],[-95.72265588648625,16.58901832577371],[-95.67162281286339,16.57246839503029],[-95.66908700796287,16.536276788239725],[-95.63104993445515,16.52845649129503],[-95.58413754379563,16.48062537277283],[-95.5239121774084,16.4373409385208],[-95.52327822618328,16.346043518375765],[-95.50108993330377,16.315489800080215]]]}},{"type":"Feature","properties":{"cvegeo":"20053","cve_ent":"20","state_code":"OAX","nom_mun":"Magdalena Tlacotepec"},"geometry":{"type":"Polygon","coordinates":[[[-95.20249890626816,16.535549318756498],[-95.18284641828916,16.538641064060215],[-95.17523900358762,16.499903314078356],[-95.20693656484406,16.461529298838112],[-95.24275480906383,16.45771008405117],[-95.27445237032026,16.48462645493058],[-95.31882895607927,16.4957203645498],[-95.33150798058185,16.57483267085078],[-95.26589402878102,16.544460819926034],[-95.20249890626816,16.535549318756498]]]}},{"type":"Feature","properties":{"cvegeo":"20060","cve_ent":"20","state_code":"OAX","nom_mun":"Mixistlán de la Reforma"},"geometry":{"type":"Polygon","coordinates":[[[-96.13852789017068,17.20718551914618],[-96.13821091455812,17.226099725710093],[-96.11443774361578,17.208094856000216],[-96.06435559683062,17.2050031106965],[-96.06213676754267,17.16499228911899],[-96.07101208469447,17.131528692890534],[-96.11285286555297,17.11897984430486],[-96.16039920743762,17.122799059091804],[-96.16198408550044,17.124253998058258],[-96.16198408550044,17.13225616237376],[-96.11729052412886,17.166083493343834],[-96.13852789017068,17.20718551914618]]]}},{"type":"Feature","properties":{"cvegeo":"20061","cve_ent":"20","state_code":"OAX","nom_mun":"Monjas"},"geometry":{"type":"Polygon","coordinates":[[[-96.63839843118465,16.329493587632342],[-96.65361326058775,16.371504950288724],[-96.63110799209568,16.41897233406931],[-96.60860272360361,16.367867602872586],[-96.63839843118465,16.329493587632342]]]}},{"type":"Feature","properties":{"cvegeo":"20066","cve_ent":"20","state_code":"OAX","nom_mun":"Santiago Niltepec"},"geometry":{"type":"Polygon","coordinates":[[[-94.42337285058498,16.571013456063834],[-94.48708494871042,16.4558914103431],[-94.47060221685707,16.419881670923345],[-94.49754514392504,16.43915961222887],[-94.57869090074152,16.44497936809469],[-94.64176904764182,16.43515853007112],[-94.70801695066777,16.444251898611462],[-94.76443860970423,16.402058668584274],[-94.78884573187167,16.44607057231953],[-94.74827285346345,16.45880128827601],[-94.72766943864676,16.48880940445914],[-94.70389626770444,16.565557434939628],[-94.68329285288775,16.555009127432832],[-94.6588857307203,16.59483808163953],[-94.62021470598745,16.600112235392928],[-94.63701441345336,16.62993848420525],[-94.49025470483606,16.59993036802212],[-94.46838338756912,16.63812251589156],[-94.46394572899322,16.59483808163953],[-94.41576543588344,16.585199110986768],[-94.42337285058498,16.571013456063834]]]}},{"type":"Feature","properties":{"cvegeo":"20074","cve_ent":"20","state_code":"OAX","nom_mun":"Santa Catarina Quioquitani"},"geometry":{"type":"Polygon","coordinates":[[[-96.21016437861022,16.279116325918846],[-96.20889647615996,16.273296570053027],[-96.28845735491362,16.289664633425645],[-96.29638174522772,16.30203161464051],[-96.30652496482978,16.321855158058455],[-96.30779286728004,16.353681947949653],[-96.3036721843167,16.36132037752354],[-96.2726085742854,16.316762871675863],[-96.24312984231692,16.314580463226182],[-96.21016437861022,16.279116325918846]]]}},{"type":"Feature","properties":{"cvegeo":"20079","cve_ent":"20","state_code":"OAX","nom_mun":"Salina Cruz"},"geometry":{"type":"Polygon","coordinates":[[[-95.16509578398556,16.249835679218943],[-95.17904271093839,16.21891822618178],[-95.13942075936785,16.219827563035814],[-95.13910378375529,16.188546375257037],[-95.15209978387043,16.167995362355864],[-95.2332455406869,16.1583563917031],[-95.28015793134642,16.115617559563493],[-95.28935022411079,16.206369377596108],[-95.27381841909514,16.20564190811288],[-95.19203871105353,16.264203201512686],[-95.16509578398556,16.249835679218943]]]}},{"type":"Feature","properties":{"cvegeo":"20080","cve_ent":"20","state_code":"OAX","nom_mun":"San Agustín Amatengo"},"geometry":{"type":"Polygon","coordinates":[[[-96.77723374948783,16.539914135655863],[-96.75282662732039,16.490809945538015],[-96.80100692043017,16.49226488450447],[-96.80417667655581,16.47607868850266],[-96.85869648191688,16.49153741502124],[-96.82985170117352,16.520272459608723],[-96.89514867736177,16.557737137994934],[-96.84348165251379,16.5515536473875],[-96.81685570105839,16.52736528707019],[-96.77723374948783,16.539914135655863]]]}},{"type":"Feature","properties":{"cvegeo":"20085","cve_ent":"20","state_code":"OAX","nom_mun":"San Agustín Loxicha"},"geometry":{"type":"Polygon","coordinates":[[[-96.52523813749919,16.013771831911658],[-96.52016652769815,16.002314187550827],[-96.54647550354099,15.99976804435953],[-96.54076994251484,15.932477117160998],[-96.58387862582359,15.902105266236255],[-96.58324467459846,15.871551547940705],[-96.63142496770824,15.874461425873614],[-96.63934935802234,15.900832194640607],[-96.70242750492265,15.840997829645154],[-96.70052565124726,15.906651950506426],[-96.6824580413311,15.978671429345937],[-96.70813306594881,16.02632068049733],[-96.65551511426312,16.055055725084813],[-96.6504435044621,16.08579131075117],[-96.62793823597003,16.094157209808284],[-96.57722213795974,16.08179022859342],[-96.57341843060897,16.063057889400312],[-96.52523813749919,16.013771831911658]]]}},{"type":"Feature","properties":{"cvegeo":"20095","cve_ent":"20","state_code":"OAX","nom_mun":"San Andrés Paxtlán"},"geometry":{"type":"Polygon","coordinates":[[[-96.53506438148868,16.25110875081459],[-96.48815199082915,16.250926883443785],[-96.47737482000197,16.231830809509066],[-96.4859331615412,16.185272762582514],[-96.58419560143615,16.170723372917966],[-96.58514652827384,16.19054691633591],[-96.53855111322689,16.21600834824887],[-96.55756964998075,16.251654352927012],[-96.53506438148868,16.25110875081459]]]}},{"type":"Feature","properties":{"cvegeo":"20097","cve_ent":"20","state_code":"OAX","nom_mun":"San Andrés Solaga"},"geometry":{"type":"Polygon","coordinates":[[[-96.24439774476717,17.312304859472537],[-96.2184057445369,17.296846132953956],[-96.19558350043226,17.310122451022856],[-96.17973471980405,17.287207162301193],[-96.17783286612865,17.266838016770826],[-96.18195354909199,17.258472117713712],[-96.22696408607614,17.233556287913174],[-96.25073725701846,17.261200128275814],[-96.27229159867284,17.293026918167012],[-96.24439774476717,17.312304859472537]]]}},{"type":"Feature","properties":{"cvegeo":"20098","cve_ent":"20","state_code":"OAX","nom_mun":"San Andrés Teotilálpam"},"geometry":{"type":"Polygon","coordinates":[[[-96.4903708201171,17.99776298004354],[-96.51921560086046,17.94302090143068],[-96.55693569875562,17.94411210565552],[-96.56549404029485,17.923197358012732],[-96.55186408895459,17.87663931108618],[-96.56898077203306,17.907920498864957],[-96.6139913090172,17.904101284078013],[-96.64220213853542,17.884277740660067],[-96.68657872429444,17.893189241829603],[-96.71035189523677,17.926470970687255],[-96.66692623631545,17.921196816933858],[-96.70179355369753,17.965754322781535],[-96.67516760224213,17.97630263028833],[-96.59560672348847,17.94593077936359],[-96.55630174753048,17.974302089209456],[-96.55281501579228,18.002673399055325],[-96.51667979595994,18.020678268765202],[-96.49354057624275,18.016313451865837],[-96.4903708201171,17.99776298004354]]]}},{"type":"Feature","properties":{"cvegeo":"20100","cve_ent":"20","state_code":"OAX","nom_mun":"San Andrés Yaá"},"geometry":{"type":"Polygon","coordinates":[[[-96.13060349985656,17.328127320732733],[-96.08812876777294,17.295209326616693],[-96.1115849631027,17.261018260905008],[-96.13504115843247,17.27647698742359],[-96.17783286612865,17.266838016770826],[-96.17973471980405,17.287207162301193],[-96.13060349985656,17.328127320732733]]]}},{"type":"Feature","properties":{"cvegeo":"20113","cve_ent":"20","state_code":"OAX","nom_mun":"San Baltazar Loxicha"},"geometry":{"type":"Polygon","coordinates":[[[-96.74902291996962,15.993038951639678],[-96.77723374948783,15.96466764179381],[-96.82858379872326,15.960302824894445],[-96.8292177499484,15.960848427006866],[-96.84570048180174,16.022137730968772],[-96.81590477422068,16.054691990343198],[-96.8371421402625,16.076334207469213],[-96.81590477422068,16.103796180461046],[-96.76233589569732,16.12725707129513],[-96.75124174925756,16.103250578348625],[-96.77247911529938,16.067786441041292],[-96.74902291996962,15.993038951639678]]]}},{"type":"Feature","properties":{"cvegeo":"20114","cve_ent":"20","state_code":"OAX","nom_mun":"San Baltazar Yatzachi el Bajo"},"geometry":{"type":"Polygon","coordinates":[[[-96.24883540334307,17.232283216317526],[-96.22696408607614,17.233556287913174],[-96.18195354909199,17.258472117713712],[-96.18417237837994,17.237011767958503],[-96.19336467114431,17.190635588402756],[-96.2396431105787,17.196637211639384],[-96.24883540334307,17.232283216317526]]]}},{"type":"Feature","properties":{"cvegeo":"20116","cve_ent":"20","state_code":"OAX","nom_mun":"San Bartolomé Ayautla"},"geometry":{"type":"Polygon","coordinates":[[[-96.63934935802234,18.06469017250046],[-96.63015706525798,18.04559409856574],[-96.64220213853542,18.018132125573906],[-96.70940096839907,18.005583276988233],[-96.72017813922626,18.014131043416157],[-96.72524974902728,18.04377542485767],[-96.67865433398033,18.044321026970092],[-96.67072994366622,18.082695042210336],[-96.71130282207446,18.107429004640068],[-96.66185462651441,18.103609789853124],[-96.63934935802234,18.06469017250046]]]}},{"type":"Feature","properties":{"cvegeo":"20117","cve_ent":"20","state_code":"OAX","nom_mun":"San Bartolomé Loxicha"},"geometry":{"type":"Polygon","coordinates":[[[-96.70813306594881,16.02632068049733],[-96.6824580413311,15.978671429345937],[-96.70052565124726,15.906651950506426],[-96.75060779803243,15.887555876571707],[-96.81178409125735,15.893921234549946],[-96.8460174574143,15.949390782646034],[-96.82858379872326,15.960302824894445],[-96.77723374948783,15.96466764179381],[-96.74902291996962,15.993038951639678],[-96.70813306594881,16.02632068049733]]]}},{"type":"Feature","properties":{"cvegeo":"20120","cve_ent":"20","state_code":"OAX","nom_mun":"San Bartolomé Zoogocho"},"geometry":{"type":"Polygon","coordinates":[[[-96.22696408607614,17.233556287913174],[-96.24883540334307,17.232283216317526],[-96.25327306191897,17.236466165846082],[-96.25073725701846,17.261200128275814],[-96.22696408607614,17.233556287913174]]]}},{"type":"Feature","properties":{"cvegeo":"20122","cve_ent":"20","state_code":"OAX","nom_mun":"San Bartolo Yautepec"},"geometry":{"type":"Polygon","coordinates":[[[-95.84500847293609,16.43861401011645],[-95.8519819364125,16.384235666245203],[-95.9115733515746,16.41369818031591],[-95.96007062029695,16.37914337986261],[-95.98986632787799,16.4373409385208],[-95.96387432764772,16.473532545311365],[-95.88589832695689,16.432976121621437],[-95.84500847293609,16.43861401011645]]]}},{"type":"Feature","properties":{"cvegeo":"20125","cve_ent":"20","state_code":"OAX","nom_mun":"San Carlos Yautepec"},"geometry":{"type":"Polygon","coordinates":[[[-95.59174495849717,16.87455009794046],[-95.64151012966978,16.853635350297672],[-95.60727676351283,16.84581505335298],[-95.61773695872745,16.82708271415987],[-95.70902593514599,16.7879812294364],[-95.70870895953342,16.768885155501682],[-95.75213461845473,16.724327649654004],[-95.75720622825577,16.667403162591462],[-95.78858681389964,16.643032934903346],[-95.75530437458038,16.56264755700672],[-95.76069295999397,16.537367992464567],[-95.68683764226648,16.511724693180803],[-95.75720622825577,16.40678722022525],[-95.80855627749119,16.416971792990434],[-95.84500847293609,16.43861401011645],[-95.88589832695689,16.432976121621437],[-95.96387432764772,16.473532545311365],[-95.98986632787799,16.4373409385208],[-95.96007062029695,16.37914337986261],[-95.9115733515746,16.41369818031591],[-95.8519819364125,16.384235666245203],[-95.89857735145947,16.28293554070579],[-95.91315822963742,16.279661928031267],[-95.94580671773156,16.328220516036694],[-95.92583725413999,16.36495772493968],[-95.9800400838885,16.335131476127355],[-95.96102154713464,16.31294365688892],[-96.01871110862135,16.262566395175423],[-95.99462096206646,16.303304686236157],[-95.9943039864539,16.370231878693076],[-96.04216730395112,16.391510361077476],[-96.09953988982527,16.3416787014764],[-96.08907969461063,16.300940410415667],[-96.11285286555297,16.27075042686173],[-96.1080982313645,16.22419237993518],[-96.07069510908191,16.23910550434134],[-96.02758642577315,16.223828645193564],[-95.96514223009798,16.19691227431415],[-95.92361842485205,16.236377493779237],[-95.89540759533382,16.233103881104714],[-95.81045813116657,16.183454088874445],[-95.90776964422383,16.128166408149163],[-95.9588027178467,16.153445972691316],[-95.94612369334412,16.097248955112],[-95.90206408319767,16.087246249717623],[-95.89699247339664,16.124165325991413],[-95.87353627806688,16.12725707129513],[-95.86592886336534,16.076334207469213],[-95.82725783863249,16.00504219811293],[-95.85261588763764,15.95830228381557],[-95.91030544912435,15.967941254468332],[-95.96736105938592,15.93756940354359],[-95.9943039864539,15.954119334287013],[-96.00191140115544,16.025411343643295],[-96.01015276708212,16.003587259146475],[-96.05167657232805,15.993948288493712],[-96.06150281631754,16.03796019222897],[-96.03139013312392,16.047417295510925],[-95.99620584012928,16.033413507958798],[-96.05135959671549,16.091611066616988],[-96.11950935341682,16.11398075322623],[-96.10302662156347,16.16235747386085],[-96.13155442669427,16.201458958584322],[-96.16388593917583,16.208188051304177],[-96.17434613439045,16.243470321240704],[-96.20889647615996,16.273296570053027],[-96.21016437861022,16.279116325918846],[-96.19082886624379,16.31803594327151],[-96.20445881758405,16.355682489028528],[-96.22791501291383,16.335858945610582],[-96.26214837907078,16.346589120488186],[-96.29543081839003,16.392055963189897],[-96.19907023217047,16.386963676807305],[-96.18702515889302,16.422609681485447],[-96.22601315923843,16.464075442029408],[-96.26848789132205,16.527729021811805],[-96.25961257417026,16.532821308194396],[-96.2440807691546,16.58574471309919],[-96.26214837907078,16.60065783750535],[-96.20223998829611,16.621754452518942],[-96.16927452458941,16.567376108647696],[-96.12648281689323,16.580652426716597],[-96.06435559683062,16.63812251589156],[-96.06118584070498,16.637031311666718],[-96.04882379181497,16.628119810497182],[-96.0450200844642,16.566466771793664],[-96.05960096264215,16.504995600460948],[-96.01871110862135,16.483171515964127],[-96.01871110862135,16.46280237043376],[-95.98257588878901,16.465348513625056],[-95.9835268156267,16.49462916032496],[-95.91442613208768,16.466621585220704],[-95.86402700968995,16.468985861041194],[-95.84469149732352,16.453163399780998],[-95.85958935111405,16.518453785900654],[-95.8031676920776,16.572832129771903],[-95.82123530199377,16.61902644195684],[-95.92393540046461,16.694319533470875],[-95.90967149789921,16.747242938375667],[-95.842155692423,16.778524126154444],[-95.83740105823455,16.799620741168038],[-95.77749266745988,16.886189609672098],[-95.7445272037532,16.888190150750972],[-95.69444505696802,16.872913291603197],[-95.65830983713569,16.907468092056497],[-95.59174495849717,16.87455009794046]]]}},{"type":"Feature","properties":{"cvegeo":"20126","cve_ent":"20","state_code":"OAX","nom_mun":"San Cristóbal Amatlán"},"geometry":{"type":"Polygon","coordinates":[[[-96.41144389258858,16.37677910404212],[-96.37562564836881,16.331494128711217],[-96.35248642865162,16.329493587632342],[-96.30779286728004,16.353681947949653],[-96.30652496482978,16.321855158058455],[-96.34931667252597,16.26565814047914],[-96.34392808711237,16.226738523126475],[-96.35724106284007,16.212734735574347],[-96.39020652654678,16.249108209735716],[-96.42887755127963,16.28930089868403],[-96.43648496598117,16.31985461697958],[-96.42982847811732,16.349317131050288],[-96.45423560028478,16.346770987858992],[-96.43711891720629,16.39187409581909],[-96.41144389258858,16.37677910404212]]]}},{"type":"Feature","properties":{"cvegeo":"20130","cve_ent":"20","state_code":"OAX","nom_mun":"San Dionisio del Mar"},"geometry":{"type":"Polygon","coordinates":[[[-94.73939753631164,16.20782431656256],[-94.75651421939011,16.21018859238305],[-94.76792534144244,16.22291930833953],[-94.83734300059402,16.22692039049728],[-94.86618778133737,16.280389397514494],[-94.78726085380886,16.310215646326817],[-94.7717290487932,16.329493587632342],[-94.8189584150653,16.377870308266964],[-94.80279265882452,16.438977744858065],[-94.78884573187167,16.44607057231953],[-94.76443860970423,16.402058668584274],[-94.70801695066777,16.444251898611462],[-94.64176904764182,16.43515853007112],[-94.6268711938513,16.408969628674935],[-94.61292426689846,16.35259074372481],[-94.66712709664696,16.364048388085642],[-94.73812963386138,16.224374247305985],[-94.73939753631164,16.20782431656256]]]}},{"type":"Feature","properties":{"cvegeo":"20131","cve_ent":"20","state_code":"OAX","nom_mun":"San Dionisio Ocotepec"},"geometry":{"type":"Polygon","coordinates":[[[-96.19875325655791,16.81053278341645],[-96.20002115900816,16.72232710857513],[-96.23045081781434,16.701957963044762],[-96.28401969633771,16.747970407858894],[-96.31381540391877,16.748516009971315],[-96.35090155058879,16.70959639261865],[-96.40383647788704,16.697047544032976],[-96.41683247800218,16.757245643770045],[-96.41176086820114,16.814170130832586],[-96.366750331217,16.819262417215178],[-96.34931667252597,16.803439955954982],[-96.32490955035851,16.858182034567843],[-96.31096262340569,16.87273142423239],[-96.2396431105787,16.844723849128137],[-96.21777179331177,16.86709353573738],[-96.19875325655791,16.81053278341645]]]}},{"type":"Feature","properties":{"cvegeo":"20134","cve_ent":"20","state_code":"OAX","nom_mun":"San Felipe Jalapa de Díaz"},"geometry":{"type":"Polygon","coordinates":[[[-96.47420506387633,18.112703158393465],[-96.44694516119579,18.100881779291022],[-96.49354057624275,18.016313451865837],[-96.51667979595994,18.020678268765202],[-96.54932828405407,18.037955668991852],[-96.60891969921617,18.031590311013613],[-96.63015706525798,18.04559409856574],[-96.63934935802234,18.06469017250046],[-96.57690516234717,18.081421970614688],[-96.55756964998075,18.112703158393465],[-96.47420506387633,18.112703158393465]]]}},{"type":"Feature","properties":{"cvegeo":"20136","cve_ent":"20","state_code":"OAX","nom_mun":"San Felipe Usila"},"geometry":{"type":"Polygon","coordinates":[[[-96.398764868086,17.947203850959237],[-96.45169979538426,17.840993306408038],[-96.43680194159373,17.808439047033612],[-96.44821306364605,17.745876671476058],[-96.49861218604377,17.711321871022758],[-96.51034028370866,17.641848535374542],[-96.56834682080793,17.670583579962024],[-96.61145550411669,17.703865308819676],[-96.60258018696489,17.73314595551958],[-96.59497277226333,17.76697328648965],[-96.56264125978177,17.806256638583932],[-96.57690516234717,17.837719693733515],[-96.55186408895459,17.87663931108618],[-96.56549404029485,17.923197358012732],[-96.55693569875562,17.94411210565552],[-96.51921560086046,17.94302090143068],[-96.4903708201171,17.99776298004354],[-96.48815199082915,17.965754322781535],[-96.44282447823245,17.975029558692682],[-96.41493062432679,17.939747288756156],[-96.398764868086,17.947203850959237]]]}},{"type":"Feature","properties":{"cvegeo":"20146","cve_ent":"20","state_code":"OAX","nom_mun":"San Francisco Logueche"},"geometry":{"type":"Polygon","coordinates":[[[-96.36294662386624,16.39878505590975],[-96.35248642865162,16.329493587632342],[-96.37562564836881,16.331494128711217],[-96.41144389258858,16.37677910404212],[-96.3854518923583,16.419336068810924],[-96.36294662386624,16.39878505590975]]]}},{"type":"Feature","properties":{"cvegeo":"20159","cve_ent":"20","state_code":"OAX","nom_mun":"San Jerónimo Coatlán"},"geometry":{"type":"Polygon","coordinates":[[[-96.86820575029381,16.290573970279677],[-96.83397238413686,16.286027286009507],[-96.8504551159902,16.246016464432],[-96.86440204294304,16.184545293099287],[-96.90972955553974,16.094157209808284],[-96.95569101936157,16.02977616054266],[-97.02193892238752,16.043779948094787],[-97.03430097127753,16.118345570125594],[-97.0602929715078,16.136714174577087],[-97.0647306300837,16.202004560696743],[-97.02701053218854,16.210006725012246],[-97.02701053218854,16.231830809509066],[-97.08755287418833,16.266931212074788],[-97.0701192154973,16.318581545383932],[-97.07836058142396,16.36586706179371],[-97.01845219064931,16.34804405945464],[-96.9927771660316,16.321855158058455],[-96.95664194619926,16.323128229654102],[-96.86820575029381,16.290573970279677]]]}},{"type":"Feature","properties":{"cvegeo":"20166","cve_ent":"20","state_code":"OAX","nom_mun":"San José Chiltepec"},"geometry":{"type":"Polygon","coordinates":[[[-96.03043920628623,17.890097496525886],[-96.07735159694576,17.878094250052634],[-96.06942720663164,17.836810356879482],[-96.10524545085141,17.819896691394444],[-96.14233159752145,17.82426150829381],[-96.16039920743762,17.9222880211587],[-96.20540974442176,17.92901711387855],[-96.20192301268355,17.993943765256596],[-96.13155442669427,18.00412833802178],[-96.10112476788808,17.963390046961045],[-96.09098154828602,17.91992374533821],[-96.07037813346935,17.932836328665495],[-96.03043920628623,17.890097496525886]]]}},{"type":"Feature","properties":{"cvegeo":"20169","cve_ent":"20","state_code":"OAX","nom_mun":"San José Independencia"},"geometry":{"type":"Polygon","coordinates":[[[-96.61113852850413,18.275292587894786],[-96.59053511368744,18.25728771818491],[-96.62381755300669,18.219823039798698],[-96.63396077260876,18.210729671258356],[-96.6824580413311,18.26128880034266],[-96.68055618765571,18.288568905963686],[-96.62730428474491,18.29820787661645],[-96.61113852850413,18.275292587894786]]]}},{"type":"Feature","properties":{"cvegeo":"20170","cve_ent":"20","state_code":"OAX","nom_mun":"San José Lachiguiri"},"geometry":{"type":"Polygon","coordinates":[[[-96.29543081839003,16.392055963189897],[-96.3036721843167,16.36132037752354],[-96.30779286728004,16.353681947949653],[-96.35248642865162,16.329493587632342],[-96.36294662386624,16.39878505590975],[-96.3854518923583,16.419336068810924],[-96.37625959959394,16.437159071149996],[-96.3366376480234,16.457528216680362],[-96.30779286728004,16.4478892460276],[-96.29543081839003,16.392055963189897]]]}},{"type":"Feature","properties":{"cvegeo":"20171","cve_ent":"20","state_code":"OAX","nom_mun":"San José Tenango"},"geometry":{"type":"Polygon","coordinates":[[[-96.6824580413311,18.26128880034266],[-96.63396077260876,18.210729671258356],[-96.62381755300669,18.219823039798698],[-96.61335735779207,18.208910997550287],[-96.62508545545695,18.192361066806864],[-96.58324467459846,18.167445237006326],[-96.58356165021102,18.108702076235716],[-96.55756964998075,18.112703158393465],[-96.57690516234717,18.081421970614688],[-96.63934935802234,18.06469017250046],[-96.66185462651441,18.103609789853124],[-96.71130282207446,18.107429004640068],[-96.73856272475498,18.111066352056206],[-96.75314360293295,18.226188397776937],[-96.6824580413311,18.26128880034266]]]}},{"type":"Feature","properties":{"cvegeo":"20173","cve_ent":"20","state_code":"OAX","nom_mun":"San Juan Atepec"},"geometry":{"type":"Polygon","coordinates":[[[-96.49417452746788,17.41251378078711],[-96.49861218604377,17.403602279617573],[-96.56834682080793,17.409967637595813],[-96.57183355254614,17.412877515528724],[-96.5829276989859,17.46380037935464],[-96.4859331615412,17.485806331222268],[-96.47230321020093,17.5132683042141],[-96.39654603879805,17.544185757251267],[-96.39813091686088,17.500901322999237],[-96.49417452746788,17.41251378078711]]]}},{"type":"Feature","properties":{"cvegeo":"20175","cve_ent":"20","state_code":"OAX","nom_mun":"San Juan Bautista Atatlahuca"},"geometry":{"type":"Polygon","coordinates":[[[-96.70464633421061,17.665491293579432],[-96.64061726047261,17.602383315909456],[-96.65107745568723,17.56019008588227],[-96.69703891950905,17.531091306553172],[-96.71542350503779,17.50235626196569],[-96.77216213968681,17.47543989108628],[-96.79593531062913,17.489443678638406],[-96.86662087223098,17.528181428620265],[-96.87771501867074,17.58892513046975],[-96.88088477479639,17.622024991956597],[-96.85520975017867,17.67367532526574],[-96.75948311518424,17.683314295918503],[-96.70464633421061,17.665491293579432]]]}},{"type":"Feature","properties":{"cvegeo":"20179","cve_ent":"20","state_code":"OAX","nom_mun":"San Juan Bautista Jayacatlán"},"geometry":{"type":"Polygon","coordinates":[[[-96.79593531062913,17.489443678638406],[-96.77216213968681,17.47543989108628],[-96.74458526139371,17.46962013522046],[-96.76455472498526,17.381960062491558],[-96.81748965228351,17.405420953325642],[-96.84379862812635,17.3830512667164],[-96.87232643325714,17.446886713869603],[-96.85394184772841,17.476167360569505],[-96.79593531062913,17.489443678638406]]]}},{"type":"Feature","properties":{"cvegeo":"20182","cve_ent":"20","state_code":"OAX","nom_mun":"San Juan Bautista Tlacoatzintepec"},"geometry":{"type":"Polygon","coordinates":[[[-96.55186408895459,17.87663931108618],[-96.57690516234717,17.837719693733515],[-96.5962406747136,17.82826259045156],[-96.64220213853542,17.884277740660067],[-96.6139913090172,17.904101284078013],[-96.56898077203306,17.907920498864957],[-96.55186408895459,17.87663931108618]]]}},{"type":"Feature","properties":{"cvegeo":"20184","cve_ent":"20","state_code":"OAX","nom_mun":"San Juan Bautista Tuxtepec"},"geometry":{"type":"Polygon","coordinates":[[[-96.2947968671649,18.312211664168576],[-96.27324252551053,18.30057215243694],[-96.28877433052618,18.2623800045675],[-96.21777179331177,18.161807348511314],[-96.17149335387737,18.18635944357024],[-96.17973471980405,18.140528866126914],[-96.12204515831733,18.14307500931821],[-96.08400808480961,18.161625481140508],[-96.06657442611856,18.13161736495738],[-96.0209299379093,18.137800855564812],[-96.0164922793334,18.136527783969164],[-95.9908172547157,18.15125904100452],[-95.98257588878901,18.1454392851387],[-95.97940613266337,18.14653048936354],[-95.97370057163721,18.081785705356303],[-95.98923237665286,18.024497483552146],[-95.94961042508233,17.97121034390574],[-95.95119530314514,17.929380848620166],[-95.90238105881024,17.894644180796057],[-95.89572457094638,17.856088298185007],[-95.8484952046743,17.8479042664987],[-95.85927237550149,17.84444878645337],[-95.8662458389779,17.82062416087767],[-95.92361842485205,17.799891280605692],[-95.91379218086256,17.789888575211315],[-95.94200301038079,17.79370778999826],[-96.03043920628623,17.890097496525886],[-96.07037813346935,17.932836328665495],[-96.09098154828602,17.91992374533821],[-96.10112476788808,17.963390046961045],[-96.13155442669427,18.00412833802178],[-96.20192301268355,17.993943765256596],[-96.24978633018077,17.993943765256596],[-96.25232213508127,17.970846609164127],[-96.2637332571336,18.004855807505006],[-96.24312984231692,18.01449477815777],[-96.25073725701846,18.05650614081415],[-96.27989901337438,18.03977434269992],[-96.3134984283062,18.08887853281777],[-96.2691218425472,18.11197568891024],[-96.29606476961516,18.146894224105154],[-96.25644281804462,18.19999949638075],[-96.2672199888718,18.24510260434085],[-96.31096262340569,18.28602276277239],[-96.30177033064132,18.318031420034394],[-96.2947968671649,18.312211664168576]]]}},{"type":"Feature","properties":{"cvegeo":"20187","cve_ent":"20","state_code":"OAX","nom_mun":"San Juan Coatzóspam"},"geometry":{"type":"Polygon","coordinates":[[[-96.71130282207446,18.107429004640068],[-96.67072994366622,18.082695042210336],[-96.67865433398033,18.044321026970092],[-96.72524974902728,18.04377542485767],[-96.72017813922626,18.014131043416157],[-96.77659979826271,18.01613158449503],[-96.79086370082811,18.023951881439725],[-96.77723374948783,18.058506681893025],[-96.73095531005345,18.072874204186768],[-96.73856272475498,18.111066352056206],[-96.71130282207446,18.107429004640068]]]}},{"type":"Feature","properties":{"cvegeo":"20189","cve_ent":"20","state_code":"OAX","nom_mun":"San Juan Comaltepec"},"geometry":{"type":"Polygon","coordinates":[[[-95.89952827829715,17.27283964000745],[-95.92456935168974,17.27247590526584],[-95.98986632787799,17.319943289046424],[-96.03868057221291,17.343586047251314],[-96.04533706007676,17.361954651702806],[-95.99683979135442,17.385597409907696],[-95.95563296172105,17.371048020243148],[-95.94485579089385,17.34340417988051],[-95.88336252205637,17.337766291385496],[-95.89952827829715,17.27283964000745]]]}},{"type":"Feature","properties":{"cvegeo":"20190","cve_ent":"20","state_code":"OAX","nom_mun":"San Juan Cotzocón"},"geometry":{"type":"Polygon","coordinates":[[[-95.25321500427845,17.601292111684614],[-95.2047177355561,17.53872973612706],[-95.12230407628937,17.431973589463443],[-95.18284641828916,17.423243955664713],[-95.1869671012525,17.37213922446799],[-95.21232515025766,17.379959521412683],[-95.21866466250894,17.341949240914055],[-95.26018846775487,17.345404720959383],[-95.26082241898,17.37213922446799],[-95.29885949248772,17.348678333633906],[-95.33087402935672,17.371957357097184],[-95.34862466366032,17.35540742635376],[-95.4101179324978,17.3512244768252],[-95.39363520064445,17.26483747569195],[-95.50108993330377,17.265383077804373],[-95.541662811712,17.238648574295766],[-95.53881003119893,17.295573061358308],[-95.56955666561767,17.2741127116031],[-95.56163227530357,17.226099725710093],[-95.60157120248667,17.21009539707909],[-95.60157120248667,17.16808403442271],[-95.63295178813054,17.158445063769946],[-95.66877003235031,17.046232895982122],[-95.6928601789052,17.02331760726046],[-95.74737998426627,17.032229108429995],[-95.78066242358553,17.071876195265887],[-95.82377110689428,17.129164417070044],[-95.8155297409676,17.173540055546916],[-95.842155692423,17.203911906471657],[-95.7968281798263,17.204275641213272],[-95.80570349697811,17.235011226879628],[-95.74008954517728,17.283024212772634],[-95.68113208124032,17.234829359508822],[-95.6519703248844,17.31212299210173],[-95.57843198276947,17.375412837142513],[-95.55275695815176,17.427790639934884],[-95.50933129923044,17.45052406128574],[-95.44688710355527,17.442340029599432],[-95.40663120075959,17.453797673960263],[-95.34260212702159,17.517633121113466],[-95.32421754149287,17.50417493567376],[-95.31439129750336,17.53927533823948],[-95.29030115094848,17.534546786598504],[-95.25321500427845,17.601292111684614]]]}},{"type":"Feature","properties":{"cvegeo":"20194","cve_ent":"20","state_code":"OAX","nom_mun":"San Juan del Río"},"geometry":{"type":"Polygon","coordinates":[[[-96.16800662213916,16.85727269771381],[-96.2307677934269,16.877823710614983],[-96.18195354909199,16.92129001223782],[-96.15691247569941,16.93729434086882],[-96.09003062144834,16.898374723516156],[-96.13630906088272,16.864547392546083],[-96.16800662213916,16.85727269771381]]]}},{"type":"Feature","properties":{"cvegeo":"20196","cve_ent":"20","state_code":"OAX","nom_mun":"San Juan Evangelista Analco"},"geometry":{"type":"Polygon","coordinates":[[[-96.49861218604377,17.403602279617573],[-96.52523813749919,17.385051807795275],[-96.57468633305922,17.392508369998357],[-96.56834682080793,17.409967637595813],[-96.49861218604377,17.403602279617573]]]}},{"type":"Feature","properties":{"cvegeo":"20200","cve_ent":"20","state_code":"OAX","nom_mun":"San Juan Juquila Mixes"},"geometry":{"type":"Polygon","coordinates":[[[-95.87892486348048,16.99330949107733],[-95.86973257071611,16.987853469953123],[-95.86719676581559,16.932565789227844],[-95.84627637538635,16.93911301457689],[-95.83676710700942,16.886917079155324],[-95.77749266745988,16.886189609672098],[-95.83740105823455,16.799620741168038],[-95.842155692423,16.778524126154444],[-95.90967149789921,16.747242938375667],[-95.90745266861127,16.79252791370657],[-95.97148174234927,16.844723849128137],[-95.96482525448542,16.87673250639014],[-95.945489742119,16.994764430043784],[-95.87892486348048,16.99330949107733]]]}},{"type":"Feature","properties":{"cvegeo":"20201","cve_ent":"20","state_code":"OAX","nom_mun":"San Juan Juquila Vijanos"},"geometry":{"type":"Polygon","coordinates":[[[-96.3134984283062,17.36813814231024],[-96.27387647673565,17.360135977994737],[-96.24693354966769,17.31794274796755],[-96.24439774476717,17.312304859472537],[-96.27229159867284,17.293026918167012],[-96.3401243797616,17.300847215111705],[-96.35375433110187,17.291753846571364],[-96.3632635994788,17.312304859472537],[-96.31476633075646,17.338857495610338],[-96.3134984283062,17.36813814231024]]]}},{"type":"Feature","properties":{"cvegeo":"20203","cve_ent":"20","state_code":"OAX","nom_mun":"San Juan Lachigalla"},"geometry":{"type":"Polygon","coordinates":[[[-96.47737482000197,16.592291938448234],[-96.50590262513276,16.515907642709358],[-96.56105638171896,16.520636194350338],[-96.59307091858796,16.52845649129503],[-96.60194623573976,16.601930909100997],[-96.59370486981308,16.618298972473614],[-96.5135100398343,16.608841869191657],[-96.47737482000197,16.592291938448234]]]}},{"type":"Feature","properties":{"cvegeo":"20204","cve_ent":"20","state_code":"OAX","nom_mun":"San Juan Lajarcia"},"geometry":{"type":"Polygon","coordinates":[[[-95.85958935111405,16.518453785900654],[-95.84469149732352,16.453163399780998],[-95.86402700968995,16.468985861041194],[-95.91442613208768,16.466621585220704],[-95.9835268156267,16.49462916032496],[-95.9987416450298,16.531184501857133],[-95.94200301038079,16.55973767907381],[-95.91822983943845,16.56264755700672],[-95.85958935111405,16.518453785900654]]]}},{"type":"Feature","properties":{"cvegeo":"20207","cve_ent":"20","state_code":"OAX","nom_mun":"San Juan Mazatlán"},"geometry":{"type":"Polygon","coordinates":[[[-95.21866466250894,17.341949240914055],[-95.20344983310585,17.315396604776254],[-95.16858251572377,17.322307564866914],[-95.19267266227865,17.35668049794941],[-95.13561705201708,17.35431622212892],[-95.1540016375458,17.310304318393662],[-95.17111832062429,17.310486185764468],[-95.19267266227865,17.31103178787689],[-95.19489149156661,17.277931926390043],[-95.24814339447742,17.279568732727306],[-95.26589402878102,17.31157738998931],[-95.27476934593282,17.24519579964481],[-95.21929861373407,17.235193094250434],[-95.20186495504302,17.198092150605838],[-95.28142583379667,17.19227239474002],[-95.30044437055054,17.20718551914618],[-95.29695763881233,17.148806093117184],[-95.2820597850218,17.17372192291772],[-95.24846037008999,17.170084575501583],[-95.2456075895769,17.143895674105398],[-95.14195656426837,17.139348989835227],[-95.16192602785992,17.10515792412354],[-95.2145439795456,17.107704067314835],[-95.23546436997485,17.1253452022831],[-95.29125207778617,17.122253456979383],[-95.29537276074952,17.08842612600931],[-95.23990202855074,17.081333298547843],[-95.2554338335664,17.033502180025643],[-95.24148690661357,16.985671061503442],[-95.31217246821542,16.983124918312146],[-95.32421754149287,16.949115719971267],[-95.34070027334621,16.928382839699285],[-95.36859412725187,16.92238121646266],[-95.41138583494806,16.949843189454494],[-95.43262320098987,16.937658075610436],[-95.44878895723065,16.924927359653957],[-95.49316554298966,16.97366781503019],[-95.53088564088482,16.949297587342073],[-95.58223569012024,16.989672143661192],[-95.60569188545,16.978578234041976],[-95.64816661753363,16.981306244604077],[-95.66877003235031,16.959482160107257],[-95.69222622768007,16.99330949107733],[-95.6928601789052,17.02331760726046],[-95.66877003235031,17.046232895982122],[-95.63295178813054,17.158445063769946],[-95.60157120248667,17.16808403442271],[-95.60157120248667,17.21009539707909],[-95.56163227530357,17.226099725710093],[-95.56955666561767,17.2741127116031],[-95.53881003119893,17.295573061358308],[-95.541662811712,17.238648574295766],[-95.50108993330377,17.265383077804373],[-95.39363520064445,17.26483747569195],[-95.4101179324978,17.3512244768252],[-95.34862466366032,17.35540742635376],[-95.33087402935672,17.371957357097184],[-95.29885949248772,17.348678333633906],[-95.26082241898,17.37213922446799],[-95.26018846775487,17.345404720959383],[-95.21866466250894,17.341949240914055]]]}},{"type":"Feature","properties":{"cvegeo":"20212","cve_ent":"20","state_code":"OAX","nom_mun":"San Juan Petlapa"},"geometry":{"type":"Polygon","coordinates":[[[-95.96831198622363,17.500355720886816],[-95.96197247397234,17.46089050142173],[-96.01237159637006,17.46143610353415],[-96.08559296287243,17.390507828919482],[-96.12616584128067,17.442158162228626],[-96.0884457433855,17.50053758825762],[-96.09637013369962,17.52727209176623],[-96.0716460359196,17.586378987278454],[-96.02600154771034,17.573102669209554],[-95.9977907181921,17.54855057415063],[-95.99715676696698,17.52090673378799],[-95.96831198622363,17.500355720886816]]]}},{"type":"Feature","properties":{"cvegeo":"20214","cve_ent":"20","state_code":"OAX","nom_mun":"San Juan Quiotepec"},"geometry":{"type":"Polygon","coordinates":[[[-96.60258018696489,17.73314595551958],[-96.61145550411669,17.703865308819676],[-96.56834682080793,17.670583579962024],[-96.62857218719516,17.635483177396303],[-96.5223853569861,17.6327551668342],[-96.56993169887076,17.59801849901009],[-96.58578047949898,17.570556526018258],[-96.62033082126848,17.558189544803394],[-96.65107745568723,17.56019008588227],[-96.64061726047261,17.602383315909456],[-96.70464633421061,17.665491293579432],[-96.69418613899597,17.7071389214942],[-96.65678301671339,17.695681277133367],[-96.63300984577106,17.71586855529293],[-96.68562779745675,17.727144332282954],[-96.6716808705039,17.788069901503246],[-96.62381755300669,17.765700214894004],[-96.60258018696489,17.73314595551958]]]}},{"type":"Feature","properties":{"cvegeo":"20216","cve_ent":"20","state_code":"OAX","nom_mun":"San Juan Tabaá"},"geometry":{"type":"Polygon","coordinates":[[[-96.20731159809714,17.33631135241904],[-96.20636067125945,17.33631135241904],[-96.19273071991918,17.340130567205986],[-96.19558350043226,17.310122451022856],[-96.2184057445369,17.296846132953956],[-96.24439774476717,17.312304859472537],[-96.24693354966769,17.31794274796755],[-96.20731159809714,17.33631135241904]]]}},{"type":"Feature","properties":{"cvegeo":"20220","cve_ent":"20","state_code":"OAX","nom_mun":"San Juan Tepeuxila"},"geometry":{"type":"Polygon","coordinates":[[[-96.6716808705039,17.788069901503246],[-96.68562779745675,17.727144332282954],[-96.63300984577106,17.71586855529293],[-96.65678301671339,17.695681277133367],[-96.69418613899597,17.7071389214942],[-96.70464633421061,17.665491293579432],[-96.75948311518424,17.683314295918503],[-96.85520975017867,17.67367532526574],[-96.8745452625451,17.69731808347063],[-96.87010760396919,17.75387883579156],[-96.83111960362378,17.76460901066916],[-96.81653872544582,17.750787090487844],[-96.78896184715272,17.7364195681941],[-96.79878809114221,17.772065572872243],[-96.77723374948783,17.818623619798796],[-96.7455361882314,17.83626475476706],[-96.71542350503779,17.82698951885591],[-96.69703891950905,17.79188911629019],[-96.6716808705039,17.788069901503246]]]}},{"type":"Feature","properties":{"cvegeo":"20222","cve_ent":"20","state_code":"OAX","nom_mun":"San Juan Yaeé"},"geometry":{"type":"Polygon","coordinates":[[[-96.2859215500131,17.409240168112586],[-96.31096262340569,17.407421494404517],[-96.30715891605492,17.449796591802514],[-96.26848789132205,17.483805790143393],[-96.24027706180384,17.448523520206866],[-96.2859215500131,17.409240168112586]]]}},{"type":"Feature","properties":{"cvegeo":"20223","cve_ent":"20","state_code":"OAX","nom_mun":"San Juan Yatzona"},"geometry":{"type":"Polygon","coordinates":[[[-96.21872272014946,17.423789557777134],[-96.16039920743762,17.428336242047305],[-96.14613530487222,17.398328125864175],[-96.19082886624379,17.38541554253689],[-96.21872272014946,17.423789557777134]]]}},{"type":"Feature","properties":{"cvegeo":"20226","cve_ent":"20","state_code":"OAX","nom_mun":"San Lorenzo Albarradas"},"geometry":{"type":"Polygon","coordinates":[[[-96.18195354909199,16.92129001223782],[-96.2307677934269,16.877823710614983],[-96.16800662213916,16.85727269771381],[-96.15057296344813,16.810896518158064],[-96.19875325655791,16.81053278341645],[-96.21777179331177,16.86709353573738],[-96.2396431105787,16.844723849128137],[-96.31096262340569,16.87273142423239],[-96.28972525736387,16.950388791566915],[-96.24312984231692,16.96912113076002],[-96.18195354909199,16.92129001223782]]]}},{"type":"Feature","properties":{"cvegeo":"20231","cve_ent":"20","state_code":"OAX","nom_mun":"San Lucas Camotlán"},"geometry":{"type":"Polygon","coordinates":[[[-95.60569188545,16.978578234041976],[-95.64943451998388,16.94547837255513],[-95.65830983713569,16.907468092056497],[-95.69444505696802,16.872913291603197],[-95.7445272037532,16.888190150750972],[-95.71948613036061,16.990217745773613],[-95.69222622768007,16.99330949107733],[-95.66877003235031,16.959482160107257],[-95.64816661753363,16.981306244604077],[-95.60569188545,16.978578234041976]]]}},{"type":"Feature","properties":{"cvegeo":"20232","cve_ent":"20","state_code":"OAX","nom_mun":"San Lucas Ojitlán"},"geometry":{"type":"Polygon","coordinates":[[[-96.29606476961516,18.146894224105154],[-96.2691218425472,18.11197568891024],[-96.3134984283062,18.08887853281777],[-96.27989901337438,18.03977434269992],[-96.25073725701846,18.05650614081415],[-96.24312984231692,18.01449477815777],[-96.2637332571336,18.004855807505006],[-96.25232213508127,17.970846609164127],[-96.23108476903947,17.901555140886718],[-96.26214837907078,17.92865337913694],[-96.27989901337438,17.921924286417084],[-96.36421452631649,17.99885418426838],[-96.34266018466212,17.937928615048087],[-96.398764868086,17.947203850959237],[-96.41493062432679,17.939747288756156],[-96.44282447823245,17.975029558692682],[-96.48815199082915,17.965754322781535],[-96.4903708201171,17.99776298004354],[-96.49354057624275,18.016313451865837],[-96.44694516119579,18.100881779291022],[-96.38481794113318,18.15853373583679],[-96.35945989212803,18.13616404922755],[-96.32490955035851,18.141620070351756],[-96.33251696506005,18.16489909381503],[-96.29606476961516,18.146894224105154]]]}},{"type":"Feature","properties":{"cvegeo":"20235","cve_ent":"20","state_code":"OAX","nom_mun":"San Luis Amatlán"},"geometry":{"type":"Polygon","coordinates":[[[-96.37625959959394,16.437159071149996],[-96.3854518923583,16.419336068810924],[-96.41144389258858,16.37677910404212],[-96.43711891720629,16.39187409581909],[-96.45423560028478,16.346770987858992],[-96.52111745453584,16.35622809114095],[-96.53284555220073,16.363320918602415],[-96.5401359912897,16.412243241349458],[-96.53506438148868,16.453163399780998],[-96.57658818673461,16.446798041802758],[-96.55820360120588,16.479352301177183],[-96.56105638171896,16.520636194350338],[-96.50590262513276,16.515907642709358],[-96.47737482000197,16.592291938448234],[-96.47230321020093,16.59483808163953],[-96.4219040878032,16.465348513625056],[-96.37625959959394,16.437159071149996]]]}},{"type":"Feature","properties":{"cvegeo":"20236","cve_ent":"20","state_code":"OAX","nom_mun":"San Marcial Ozolotepec"},"geometry":{"type":"Polygon","coordinates":[[[-96.3677012580547,16.04305247861156],[-96.39242535583472,16.031776701621535],[-96.4120778438137,15.965031376535423],[-96.4219040878032,15.968123121839138],[-96.43743589281885,16.002314187550827],[-96.41683247800218,16.03159483425073],[-96.42602477076655,16.098158291966033],[-96.38228213623266,16.08688251497601],[-96.3677012580547,16.04305247861156]]]}},{"type":"Feature","properties":{"cvegeo":"20246","cve_ent":"20","state_code":"OAX","nom_mun":"San Mateo Cajonos"},"geometry":{"type":"Polygon","coordinates":[[[-96.20033813462072,17.176995535592244],[-96.16198408550044,17.131892427632145],[-96.19748535410764,17.13625724453151],[-96.22347735433792,17.160809339590436],[-96.20033813462072,17.176995535592244]]]}},{"type":"Feature","properties":{"cvegeo":"20248","cve_ent":"20","state_code":"OAX","nom_mun":"San Mateo del Mar"},"geometry":{"type":"Polygon","coordinates":[[[-94.92387734282408,16.207642449191756],[-95.07000310021625,16.183454088874445],[-95.13910378375529,16.188546375257037],[-95.13942075936785,16.219827563035814],[-95.11691549087578,16.234558820071168],[-95.08078027104344,16.226011053643248],[-94.94067705029,16.2327401463631],[-94.92387734282408,16.207642449191756]]]}},{"type":"Feature","properties":{"cvegeo":"20253","cve_ent":"20","state_code":"OAX","nom_mun":"San Mateo Piñas"},"geometry":{"type":"Polygon","coordinates":[[[-96.29226106226439,16.034868446925252],[-96.31096262340569,16.008133943416645],[-96.25580886681949,15.961394029119287],[-96.29638174522772,15.924474952845497],[-96.26309930590847,15.91847332960887],[-96.35248642865162,15.903742072573516],[-96.39464418512267,15.929567239228088],[-96.38576886797087,15.954483069028626],[-96.4120778438137,15.965031376535423],[-96.39242535583472,16.031776701621535],[-96.3677012580547,16.04305247861156],[-96.35058457497622,16.026502547868137],[-96.29226106226439,16.034868446925252]]]}},{"type":"Feature","properties":{"cvegeo":"20257","cve_ent":"20","state_code":"OAX","nom_mun":"San Melchor Betaza"},"geometry":{"type":"Polygon","coordinates":[[[-96.17783286612865,17.266838016770826],[-96.13504115843247,17.27647698742359],[-96.1115849631027,17.261018260905008],[-96.13821091455812,17.226099725710093],[-96.13852789017068,17.20718551914618],[-96.18417237837994,17.237011767958503],[-96.18195354909199,17.258472117713712],[-96.17783286612865,17.266838016770826]]]}},{"type":"Feature","properties":{"cvegeo":"20260","cve_ent":"20","state_code":"OAX","nom_mun":"San Miguel Aloápam"},"geometry":{"type":"Polygon","coordinates":[[[-96.6450549190485,17.427063170451657],[-96.66977901682853,17.40214734065112],[-96.68784662674469,17.375230969771707],[-96.72398184657703,17.36068158010716],[-96.76455472498526,17.381960062491558],[-96.74458526139371,17.46962013522046],[-96.77216213968681,17.47543989108628],[-96.71542350503779,17.50235626196569],[-96.64093423608517,17.46089050142173],[-96.6450549190485,17.427063170451657]]]}},{"type":"Feature","properties":{"cvegeo":"20263","cve_ent":"20","state_code":"OAX","nom_mun":"San Miguel Coatlán"},"geometry":{"type":"Polygon","coordinates":[[[-96.6504435044621,16.08579131075117],[-96.73349111495396,16.14053338936403],[-96.7277855539278,16.19054691633591],[-96.69545404144624,16.25238182241024],[-96.65805091916364,16.22692039049728],[-96.6371305287344,16.171268975030387],[-96.63427774822132,16.11270768163058],[-96.62793823597003,16.094157209808284],[-96.6504435044621,16.08579131075117]]]}},{"type":"Feature","properties":{"cvegeo":"20265","cve_ent":"20","state_code":"OAX","nom_mun":"San Miguel Chimalapa"},"geometry":{"type":"Polygon","coordinates":[[[-94.04553792040828,16.694865135583296],[-94.13365714070117,16.475896821131855],[-94.1308043601881,16.507359876281438],[-94.18627509238685,16.508087345764665],[-94.19990504372711,16.551371780016694],[-94.26868875165358,16.585926580469994],[-94.31338231302516,16.572832129771903],[-94.31623509353824,16.596838622718405],[-94.35870982562186,16.58574471309919],[-94.37772836237572,16.564102495973174],[-94.42337285058498,16.571013456063834],[-94.41576543588344,16.585199110986768],[-94.46394572899322,16.59483808163953],[-94.46838338756912,16.63812251589156],[-94.49025470483606,16.59993036802212],[-94.63701441345336,16.62993848420525],[-94.63606348661567,16.64394227175738],[-94.69502095055263,16.63994118959963],[-94.75968397551576,16.652126303443687],[-94.7549293413273,16.611933614495374],[-94.79803802463604,16.615752829282318],[-94.83449022008095,16.61902644195684],[-94.8490710982589,16.6312115558009],[-94.81198495158888,16.688499777605056],[-94.83544114691864,16.748516009971315],[-94.81103402475118,16.772704370288626],[-94.6668101210344,16.72505511913723],[-94.6046829009718,16.717234822192538],[-94.04427001795803,16.712142535809946],[-94.04553792040828,16.694865135583296]]]}},{"type":"Feature","properties":{"cvegeo":"20266","cve_ent":"20","state_code":"OAX","nom_mun":"San Miguel del Puerto"},"geometry":{"type":"Polygon","coordinates":[[[-96.11950935341682,16.11398075322623],[-96.05135959671549,16.091611066616988],[-95.99620584012928,16.033413507958798],[-96.03139013312392,16.047417295510925],[-96.06150281631754,16.03796019222897],[-96.05167657232805,15.993948288493712],[-96.01015276708212,16.003587259146475],[-96.00191140115544,16.025411343643295],[-95.9943039864539,15.954119334287013],[-95.96736105938592,15.93756940354359],[-96.00983579146956,15.899377255674151],[-96.00349627921827,15.808079835529115],[-96.04533706007676,15.788620026852783],[-96.10080779227552,15.836451145374983],[-96.11221891432784,15.870278476345057],[-96.24186193986665,15.871915282682318],[-96.24471472037973,15.953209997432978],[-96.20953042738509,15.948481445792],[-96.17846681735378,15.971760469255276],[-96.14835413416017,15.959575355411218],[-96.11729052412886,15.996858166426621],[-96.13250535353195,16.03032176265508],[-96.16705569530147,16.034686579554446],[-96.14201462190888,16.045598621802856],[-96.11950935341682,16.11398075322623]]]}},{"type":"Feature","properties":{"cvegeo":"20268","cve_ent":"20","state_code":"OAX","nom_mun":"San Miguel Ejutla"},"geometry":{"type":"Polygon","coordinates":[[[-96.74490223700627,16.571922792917867],[-96.76106799324705,16.57574200770481],[-96.74933989558218,16.581925498312245],[-96.74395131016858,16.60520452177552],[-96.71859326116343,16.608841869191657],[-96.74490223700627,16.571922792917867]]]}},{"type":"Feature","properties":{"cvegeo":"20275","cve_ent":"20","state_code":"OAX","nom_mun":"San Miguel Quetzaltepec"},"geometry":{"type":"Polygon","coordinates":[[[-95.69222622768007,16.99330949107733],[-95.71948613036061,16.990217745773613],[-95.7445272037532,16.888190150750972],[-95.77749266745988,16.886189609672098],[-95.83676710700942,16.886917079155324],[-95.84627637538635,16.93911301457689],[-95.79714515543887,16.960027762219678],[-95.83486525333403,17.018952790361094],[-95.84691032661148,17.048597171802612],[-95.78066242358553,17.071876195265887],[-95.74737998426627,17.032229108429995],[-95.6928601789052,17.02331760726046],[-95.69222622768007,16.99330949107733]]]}},{"type":"Feature","properties":{"cvegeo":"20276","cve_ent":"20","state_code":"OAX","nom_mun":"San Miguel Santa Flor"},"geometry":{"type":"Polygon","coordinates":[[[-96.78357326173912,17.947203850959237],[-96.77343004213706,17.916832000034493],[-96.7918146276658,17.890643098638307],[-96.83492331097455,17.9222880211587],[-96.80227482288042,17.950659331004566],[-96.78357326173912,17.947203850959237]]]}},{"type":"Feature","properties":{"cvegeo":"20278","cve_ent":"20","state_code":"OAX","nom_mun":"San Miguel Soyaltepec"},"geometry":{"type":"Polygon","coordinates":[[[-96.41683247800218,18.394233848402465],[-96.3721389166306,18.34658459725107],[-96.32015491617005,18.3580422416119],[-96.31983794055749,18.3580422416119],[-96.30177033064132,18.318031420034394],[-96.31096262340569,18.28602276277239],[-96.2672199888718,18.24510260434085],[-96.25644281804462,18.19999949638075],[-96.29606476961516,18.146894224105154],[-96.33251696506005,18.16489909381503],[-96.32490955035851,18.141620070351756],[-96.35945989212803,18.13616404922755],[-96.38481794113318,18.15853373583679],[-96.44694516119579,18.100881779291022],[-96.47420506387633,18.112703158393465],[-96.50209891778198,18.16489909381503],[-96.55408291824254,18.205091782763343],[-96.55123013772946,18.220186774540313],[-96.61335735779207,18.208910997550287],[-96.62381755300669,18.219823039798698],[-96.59053511368744,18.25728771818491],[-96.61113852850413,18.275292587894786],[-96.59497277226333,18.30275456088662],[-96.64442096782338,18.324396778012634],[-96.66882808999084,18.350949414150435],[-96.63015706525798,18.35294995522931],[-96.60131228451462,18.330762135990874],[-96.55471686946767,18.319304491630042],[-96.54425667425305,18.377865785029847],[-96.44694516119579,18.300208417695323],[-96.42095316096551,18.321850634821338],[-96.47420506387633,18.38805035779503],[-96.41683247800218,18.394233848402465]]]}},{"type":"Feature","properties":{"cvegeo":"20279","cve_ent":"20","state_code":"OAX","nom_mun":"San Miguel Suchixtepec"},"geometry":{"type":"Polygon","coordinates":[[[-96.43331520985552,16.11270768163058],[-96.42602477076655,16.098158291966033],[-96.41683247800218,16.03159483425073],[-96.46628067356221,16.045598621802856],[-96.49163872256736,16.076879809581634],[-96.50495169829506,16.060148011467405],[-96.51255911299661,16.102341241494592],[-96.46152603937375,16.124165325991413],[-96.43331520985552,16.11270768163058]]]}},{"type":"Feature","properties":{"cvegeo":"20280","cve_ent":"20","state_code":"OAX","nom_mun":"Villa Talea de Castro"},"geometry":{"type":"Polygon","coordinates":[[[-96.19082886624379,17.38541554253689],[-96.18322145154225,17.374685367659286],[-96.20984740299765,17.361409049590385],[-96.19273071991918,17.34213110828486],[-96.19273071991918,17.340130567205986],[-96.20636067125945,17.33631135241904],[-96.20731159809714,17.33631135241904],[-96.24693354966769,17.31794274796755],[-96.27387647673565,17.360135977994737],[-96.26943881815976,17.38486994042447],[-96.2440807691546,17.386870481503344],[-96.21872272014946,17.423789557777134],[-96.19082886624379,17.38541554253689]]]}},{"type":"Feature","properties":{"cvegeo":"20282","cve_ent":"20","state_code":"OAX","nom_mun":"San Miguel Tenango"},"geometry":{"type":"Polygon","coordinates":[[[-95.60854466596308,16.148353686308724],[-95.62756320271694,16.21018859238305],[-95.60062027564898,16.273296570053027],[-95.51345198219379,16.322946362283297],[-95.50108993330377,16.315489800080215],[-95.47129422572272,16.274024039536254],[-95.52201032373301,16.149444890533566],[-95.561315299691,16.16999590343474],[-95.60854466596308,16.148353686308724]]]}},{"type":"Feature","properties":{"cvegeo":"20288","cve_ent":"20","state_code":"OAX","nom_mun":"San Miguel Yotao"},"geometry":{"type":"Polygon","coordinates":[[[-96.31888701371979,17.37614030662574],[-96.3134984283062,17.36813814231024],[-96.31476633075646,17.338857495610338],[-96.3632635994788,17.312304859472537],[-96.40225159982421,17.34158550617244],[-96.33980740414904,17.381050725637525],[-96.31888701371979,17.37614030662574]]]}},{"type":"Feature","properties":{"cvegeo":"20289","cve_ent":"20","state_code":"OAX","nom_mun":"San Nicolás"},"geometry":{"type":"Polygon","coordinates":[[[-96.72493277341472,16.424973957305937],[-96.75282662732039,16.394602106381193],[-96.77818467632554,16.398421321168136],[-96.73507599301678,16.470804534749263],[-96.7144725782001,16.457528216680362],[-96.72493277341472,16.424973957305937]]]}},{"type":"Feature","properties":{"cvegeo":"20291","cve_ent":"20","state_code":"OAX","nom_mun":"San Pablo Coatlán"},"geometry":{"type":"Polygon","coordinates":[[[-96.69545404144624,16.25238182241024],[-96.7277855539278,16.19054691633591],[-96.73349111495396,16.14053338936403],[-96.76233589569732,16.12725707129513],[-96.81590477422068,16.103796180461046],[-96.8371421402625,16.076334207469213],[-96.81590477422068,16.054691990343198],[-96.84570048180174,16.022137730968772],[-96.85742857946661,16.100522567786523],[-96.83397238413686,16.089610525538113],[-96.80766340829402,16.212916602945153],[-96.8504551159902,16.246016464432],[-96.83397238413686,16.286027286009507],[-96.77596584703758,16.251654352927012],[-96.76106799324705,16.22819346209293],[-96.69545404144624,16.25238182241024]]]}},{"type":"Feature","properties":{"cvegeo":"20296","cve_ent":"20","state_code":"OAX","nom_mun":"San Pablo Macuiltianguis"},"geometry":{"type":"Polygon","coordinates":[[[-96.39654603879805,17.544185757251267],[-96.47230321020093,17.5132683042141],[-96.4859331615412,17.485806331222268],[-96.5829276989859,17.46380037935464],[-96.62033082126848,17.558189544803394],[-96.58578047949898,17.570556526018258],[-96.5731014549964,17.550732982600312],[-96.48720106399146,17.559644483769848],[-96.41651550238961,17.55200605419596],[-96.39591208757292,17.56982905653503],[-96.39654603879805,17.544185757251267]]]}},{"type":"Feature","properties":{"cvegeo":"20298","cve_ent":"20","state_code":"OAX","nom_mun":"San Pablo Villa de Mitla"},"geometry":{"type":"Polygon","coordinates":[[[-96.24186193986665,17.07696848164848],[-96.20794554932228,17.012041830270434],[-96.17085940265224,16.960209629590484],[-96.15691247569941,16.93729434086882],[-96.18195354909199,16.92129001223782],[-96.24312984231692,16.96912113076002],[-96.28972525736387,16.950388791566915],[-96.31096262340569,16.87273142423239],[-96.32490955035851,16.858182034567843],[-96.33346789189775,16.874731965311266],[-96.41556457555191,16.918562001675717],[-96.41651550238961,16.923836155429115],[-96.40922506330062,16.95184373053337],[-96.36611637999188,16.9951281647854],[-96.32459257474595,16.98512545939102],[-96.33315091628519,17.032229108429995],[-96.24186193986665,17.07696848164848]]]}},{"type":"Feature","properties":{"cvegeo":"20299","cve_ent":"20","state_code":"OAX","nom_mun":"San Pablo Yaganiza"},"geometry":{"type":"Polygon","coordinates":[[[-96.2405940374164,17.156626390061877],[-96.22347735433792,17.160809339590436],[-96.19748535410764,17.13625724453151],[-96.16198408550044,17.131892427632145],[-96.16198408550044,17.13225616237376],[-96.16198408550044,17.124253998058258],[-96.18892701256841,17.115706231630337],[-96.24725052528025,17.097337627178845],[-96.2405940374164,17.156626390061877]]]}},{"type":"Feature","properties":{"cvegeo":"20306","cve_ent":"20","state_code":"OAX","nom_mun":"San Pedro el Alto"},"geometry":{"type":"Polygon","coordinates":[[[-96.41683247800218,16.03159483425073],[-96.43743589281885,16.002314187550827],[-96.4219040878032,15.968123121839138],[-96.46849950285016,15.969759928176401],[-96.47325413703862,15.986673593661438],[-96.52016652769815,16.002314187550827],[-96.52523813749919,16.013771831911658],[-96.50495169829506,16.060148011467405],[-96.49163872256736,16.076879809581634],[-96.46628067356221,16.045598621802856],[-96.41683247800218,16.03159483425073]]]}},{"type":"Feature","properties":{"cvegeo":"20307","cve_ent":"20","state_code":"OAX","nom_mun":"San Pedro Huamelula"},"geometry":{"type":"Polygon","coordinates":[[[-95.53627422629842,16.062876022029506],[-95.59396378778513,16.024502006789263],[-95.69951666676906,15.988674134740313],[-95.71219569127163,15.90756128736046],[-95.76608154540757,15.896467377741242],[-95.77622476500963,15.871915282682318],[-95.8795588147056,15.851182402410338],[-96.00349627921827,15.808079835529115],[-96.00983579146956,15.899377255674151],[-95.96736105938592,15.93756940354359],[-95.91030544912435,15.967941254468332],[-95.85261588763764,15.95830228381557],[-95.82725783863249,16.00504219811293],[-95.78700193583681,16.037414590116548],[-95.76417969173218,16.081972095964225],[-95.73501793537626,16.07815288117728],[-95.7239237889365,16.11179834477655],[-95.61425022698924,16.13234935767772],[-95.58413754379563,16.14271579781371],[-95.5790659339946,16.09543028140393],[-95.53627422629842,16.062876022029506]]]}},{"type":"Feature","properties":{"cvegeo":"20308","cve_ent":"20","state_code":"OAX","nom_mun":"San Pedro Huilotepec"},"geometry":{"type":"Polygon","coordinates":[[[-95.12357197873963,16.264930670995913],[-95.11691549087578,16.234558820071168],[-95.13942075936785,16.219827563035814],[-95.17904271093839,16.21891822618178],[-95.16509578398556,16.249835679218943],[-95.17143529623685,16.26383946677107],[-95.12357197873963,16.264930670995913]]]}},{"type":"Feature","properties":{"cvegeo":"20309","cve_ent":"20","state_code":"OAX","nom_mun":"San Pedro Ixcatlán"},"geometry":{"type":"Polygon","coordinates":[[[-96.47420506387633,18.112703158393465],[-96.55756964998075,18.112703158393465],[-96.58356165021102,18.108702076235716],[-96.58324467459846,18.167445237006326],[-96.62508545545695,18.192361066806864],[-96.61335735779207,18.208910997550287],[-96.55123013772946,18.220186774540313],[-96.55408291824254,18.205091782763343],[-96.50209891778198,18.16489909381503],[-96.47420506387633,18.112703158393465]]]}},{"type":"Feature","properties":{"cvegeo":"20316","cve_ent":"20","state_code":"OAX","nom_mun":"San Pedro Mártir Quiechapa"},"geometry":{"type":"Polygon","coordinates":[[[-96.29543081839003,16.392055963189897],[-96.30779286728004,16.4478892460276],[-96.2913101354267,16.439341479599676],[-96.27989901337438,16.53609492086892],[-96.25961257417026,16.532821308194396],[-96.26848789132205,16.527729021811805],[-96.22601315923843,16.464075442029408],[-96.18702515889302,16.422609681485447],[-96.19907023217047,16.386963676807305],[-96.29543081839003,16.392055963189897]]]}},{"type":"Feature","properties":{"cvegeo":"20323","cve_ent":"20","state_code":"OAX","nom_mun":"San Pedro Ocotepec"},"geometry":{"type":"Polygon","coordinates":[[[-95.84627637538635,16.93911301457689],[-95.86719676581559,16.932565789227844],[-95.86973257071611,16.987853469953123],[-95.83486525333403,17.018952790361094],[-95.79714515543887,16.960027762219678],[-95.84627637538635,16.93911301457689]]]}},{"type":"Feature","properties":{"cvegeo":"20324","cve_ent":"20","state_code":"OAX","nom_mun":"San Pedro Pochutla"},"geometry":{"type":"Polygon","coordinates":[[[-96.26309930590847,15.91847332960887],[-96.26088047662051,15.863913118366817],[-96.3721389166306,15.868641670007795],[-96.33695462363596,15.803896886000558],[-96.33346789189775,15.68786550342579],[-96.35977686774059,15.682773217043199],[-96.43394916108065,15.694958330887257],[-96.49449150308044,15.658221121984274],[-96.52460418627405,15.662404071512832],[-96.50590262513276,15.695867667741291],[-96.50621960074533,15.755156430624323],[-96.53157764975047,15.810262243978798],[-96.50431774706993,15.81990121463156],[-96.4859331615412,15.85682029090535],[-96.4894198932794,15.88682840708848],[-96.37530867275625,15.869005404749409],[-96.35248642865162,15.903742072573516],[-96.26309930590847,15.91847332960887]]]}},{"type":"Feature","properties":{"cvegeo":"20325","cve_ent":"20","state_code":"OAX","nom_mun":"San Pedro Quiatoni"},"geometry":{"type":"Polygon","coordinates":[[[-95.98225891317645,16.89128189605469],[-95.96482525448542,16.87673250639014],[-95.97148174234927,16.844723849128137],[-95.90745266861127,16.79252791370657],[-95.90967149789921,16.747242938375667],[-95.92393540046461,16.694319533470875],[-95.95468203488335,16.657946059309506],[-96.06118584070498,16.637031311666718],[-96.06435559683062,16.63812251589156],[-96.07925345062114,16.64048679171205],[-96.14042974384606,16.737058365610483],[-96.15057296344813,16.810896518158064],[-96.16800662213916,16.85727269771381],[-96.13630906088272,16.864547392546083],[-96.09003062144834,16.898374723516156],[-96.01712623055853,16.879824251693858],[-95.98225891317645,16.89128189605469]]]}},{"type":"Feature","properties":{"cvegeo":"20326","cve_ent":"20","state_code":"OAX","nom_mun":"San Pedro Sochiápam"},"geometry":{"type":"Polygon","coordinates":[[[-96.57690516234717,17.837719693733515],[-96.56264125978177,17.806256638583932],[-96.59497277226333,17.76697328648965],[-96.60258018696489,17.73314595551958],[-96.62381755300669,17.765700214894004],[-96.6716808705039,17.788069901503246],[-96.69703891950905,17.79188911629019],[-96.71542350503779,17.82698951885591],[-96.70591423666086,17.839538367441584],[-96.71035189523677,17.869000881512292],[-96.68657872429444,17.893189241829603],[-96.64220213853542,17.884277740660067],[-96.5962406747136,17.82826259045156],[-96.57690516234717,17.837719693733515]]]}},{"type":"Feature","properties":{"cvegeo":"20330","cve_ent":"20","state_code":"OAX","nom_mun":"San Pedro Teutila"},"geometry":{"type":"Polygon","coordinates":[[[-96.51667979595994,18.020678268765202],[-96.55281501579228,18.002673399055325],[-96.55630174753048,17.974302089209456],[-96.59560672348847,17.94593077936359],[-96.67516760224213,17.97630263028833],[-96.70179355369753,17.965754322781535],[-96.66692623631545,17.921196816933858],[-96.71035189523677,17.926470970687255],[-96.72841950515293,17.958297760578454],[-96.70940096839907,18.005583276988233],[-96.64220213853542,18.018132125573906],[-96.63015706525798,18.04559409856574],[-96.60891969921617,18.031590311013613],[-96.54932828405407,18.037955668991852],[-96.51667979595994,18.020678268765202]]]}},{"type":"Feature","properties":{"cvegeo":"20333","cve_ent":"20","state_code":"OAX","nom_mun":"San Pedro Totolápam"},"geometry":{"type":"Polygon","coordinates":[[[-96.20002115900816,16.72232710857513],[-96.14042974384606,16.737058365610483],[-96.07925345062114,16.64048679171205],[-96.06435559683062,16.63812251589156],[-96.12648281689323,16.580652426716597],[-96.16927452458941,16.567376108647696],[-96.20223998829611,16.621754452518942],[-96.26214837907078,16.60065783750535],[-96.32712837964647,16.620481380923295],[-96.41556457555191,16.67740586798584],[-96.40478740472473,16.693410196616842],[-96.40383647788704,16.697047544032976],[-96.35090155058879,16.70959639261865],[-96.31381540391877,16.748516009971315],[-96.28401969633771,16.747970407858894],[-96.23045081781434,16.701957963044762],[-96.20002115900816,16.72232710857513]]]}},{"type":"Feature","properties":{"cvegeo":"20335","cve_ent":"20","state_code":"OAX","nom_mun":"San Pedro Yaneri"},"geometry":{"type":"Polygon","coordinates":[[[-96.40510438033729,17.457616888747207],[-96.33885647731134,17.423243955664713],[-96.36041081896572,17.401601738538698],[-96.41651550238961,17.442885631711853],[-96.40510438033729,17.457616888747207]]]}},{"type":"Feature","properties":{"cvegeo":"20336","cve_ent":"20","state_code":"OAX","nom_mun":"San Pedro Yólox"},"geometry":{"type":"Polygon","coordinates":[[[-96.36579940437932,17.670037977849603],[-96.40764018523781,17.642939739599385],[-96.38228213623266,17.626571676226767],[-96.41810038045243,17.594017416852342],[-96.46247696621144,17.59929157060574],[-96.5188986252479,17.58837952835733],[-96.53728321077662,17.570010923905837],[-96.56993169887076,17.59801849901009],[-96.5223853569861,17.6327551668342],[-96.62857218719516,17.635483177396303],[-96.56834682080793,17.670583579962024],[-96.51034028370866,17.641848535374542],[-96.48212945419043,17.665491293579432],[-96.4219040878032,17.673857192636547],[-96.38323306307035,17.698045552953857],[-96.36579940437932,17.670037977849603]]]}},{"type":"Feature","properties":{"cvegeo":"20344","cve_ent":"20","state_code":"OAX","nom_mun":"San Sebastián Coatlán"},"geometry":{"type":"Polygon","coordinates":[[[-96.84570048180174,16.022137730968772],[-96.8292177499484,15.960848427006866],[-96.89483170174921,15.968486856580753],[-96.90022028716281,15.989219736852734],[-96.90877862870204,16.012680627686816],[-96.95569101936157,16.02977616054266],[-96.90972955553974,16.094157209808284],[-96.86440204294304,16.184545293099287],[-96.8504551159902,16.246016464432],[-96.80766340829402,16.212916602945153],[-96.83397238413686,16.089610525538113],[-96.85742857946661,16.100522567786523],[-96.84570048180174,16.022137730968772]]]}},{"type":"Feature","properties":{"cvegeo":"20351","cve_ent":"20","state_code":"OAX","nom_mun":"San Simón Almolongas"},"geometry":{"type":"Polygon","coordinates":[[[-96.70432935859805,16.41497125191156],[-96.69703891950905,16.401513066471853],[-96.7144725782001,16.37168681765953],[-96.7376117979173,16.359865438557087],[-96.78072048122604,16.372778021884372],[-96.78610906663964,16.398421321168136],[-96.77818467632554,16.398421321168136],[-96.75282662732039,16.394602106381193],[-96.72493277341472,16.424973957305937],[-96.66977901682853,16.456255145084715],[-96.70432935859805,16.41497125191156]]]}},{"type":"Feature","properties":{"cvegeo":"20124","cve_ent":"20","state_code":"OAX","nom_mun":"San Blas Atempa"},"geometry":{"type":"Polygon","coordinates":[[[-95.12008524700143,16.440614551195324],[-95.08585188084447,16.433521723733858],[-95.100749734635,16.401513066471853],[-95.08870466135755,16.36768573550178],[-95.07348983195446,16.331494128711217],[-95.12230407628937,16.3071239010231],[-95.12357197873963,16.264930670995913],[-95.17143529623685,16.26383946677107],[-95.18918593054045,16.301486012528088],[-95.22310232108484,16.332221598194444],[-95.18379734512686,16.340405629880753],[-95.20376680871841,16.371504950288724],[-95.1834803695143,16.39587517797684],[-95.20091402820533,16.423337150968674],[-95.15178280825786,16.454436471376646],[-95.12008524700143,16.440614551195324]]]}},{"type":"Feature","properties":{"cvegeo":"20139","cve_ent":"20","state_code":"OAX","nom_mun":"San Francisco Chapulapa"},"geometry":{"type":"Polygon","coordinates":[[[-96.71035189523677,17.926470970687255],[-96.68657872429444,17.893189241829603],[-96.71035189523677,17.869000881512292],[-96.75821521273397,17.859543778230336],[-96.7918146276658,17.890643098638307],[-96.77343004213706,17.916832000034493],[-96.78357326173912,17.947203850959237],[-96.77438096897477,17.965208720669114],[-96.74331735894346,17.96593619015234],[-96.7430003833309,17.925561633833222],[-96.76233589569732,17.867000340433417],[-96.71035189523677,17.926470970687255]]]}},{"type":"Feature","properties":{"cvegeo":"20353","cve_ent":"20","state_code":"OAX","nom_mun":"Santa Ana"},"geometry":{"type":"Polygon","coordinates":[[[-96.718910236776,16.287300357605154],[-96.74014760281781,16.290573970279677],[-96.76328682253501,16.335131476127355],[-96.78072048122604,16.372778021884372],[-96.7376117979173,16.359865438557087],[-96.7144725782001,16.37168681765953],[-96.686895699907,16.325856240216204],[-96.718910236776,16.287300357605154]]]}},{"type":"Feature","properties":{"cvegeo":"20355","cve_ent":"20","state_code":"OAX","nom_mun":"Santa Ana Cuauhtémoc"},"geometry":{"type":"Polygon","coordinates":[[[-96.79086370082811,18.023951881439725],[-96.77659979826271,18.01613158449503],[-96.77438096897477,17.965208720669114],[-96.78357326173912,17.947203850959237],[-96.80227482288042,17.950659331004566],[-96.83492331097455,18.016313451865837],[-96.81241804248248,18.032135913126034],[-96.79086370082811,18.023951881439725]]]}},{"type":"Feature","properties":{"cvegeo":"20357","cve_ent":"20","state_code":"OAX","nom_mun":"Santa Ana Tavela"},"geometry":{"type":"Polygon","coordinates":[[[-95.85958935111405,16.518453785900654],[-95.91822983943845,16.56264755700672],[-95.94200301038079,16.55973767907381],[-95.92964096149078,16.59774795957244],[-95.9569008641713,16.626846738901534],[-95.95468203488335,16.657946059309506],[-95.92393540046461,16.694319533470875],[-95.82123530199377,16.61902644195684],[-95.8031676920776,16.572832129771903],[-95.85958935111405,16.518453785900654]]]}},{"type":"Feature","properties":{"cvegeo":"20359","cve_ent":"20","state_code":"OAX","nom_mun":"Santa Ana Yareni"},"geometry":{"type":"Polygon","coordinates":[[[-96.57468633305922,17.392508369998357],[-96.58609745511154,17.37486723503009],[-96.64790769956159,17.37559470451332],[-96.66977901682853,17.40214734065112],[-96.6450549190485,17.427063170451657],[-96.57183355254614,17.412877515528724],[-96.56834682080793,17.409967637595813],[-96.57468633305922,17.392508369998357]]]}},{"type":"Feature","properties":{"cvegeo":"20361","cve_ent":"20","state_code":"OAX","nom_mun":"Santa Catalina Quierí"},"geometry":{"type":"Polygon","coordinates":[[[-96.3036721843167,16.36132037752354],[-96.29543081839003,16.392055963189897],[-96.26214837907078,16.346589120488186],[-96.22791501291383,16.335858945610582],[-96.20445881758405,16.355682489028528],[-96.19082886624379,16.31803594327151],[-96.21016437861022,16.279116325918846],[-96.24312984231692,16.314580463226182],[-96.2726085742854,16.316762871675863],[-96.3036721843167,16.36132037752354]]]}},{"type":"Feature","properties":{"cvegeo":"20362","cve_ent":"20","state_code":"OAX","nom_mun":"Santa Catarina Cuixtla"},"geometry":{"type":"Polygon","coordinates":[[[-96.67611852907982,16.290755837650483],[-96.63839843118465,16.329493587632342],[-96.62159872371875,16.292574511358552],[-96.66407345580237,16.261838925692196],[-96.67611852907982,16.290755837650483]]]}},{"type":"Feature","properties":{"cvegeo":"20366","cve_ent":"20","state_code":"OAX","nom_mun":"Santa Catarina Loxicha"},"geometry":{"type":"Polygon","coordinates":[[[-96.6504435044621,16.08579131075117],[-96.65551511426312,16.055055725084813],[-96.70813306594881,16.02632068049733],[-96.74902291996962,15.993038951639678],[-96.77247911529938,16.067786441041292],[-96.75124174925756,16.103250578348625],[-96.76233589569732,16.12725707129513],[-96.73349111495396,16.14053338936403],[-96.6504435044621,16.08579131075117]]]}},{"type":"Feature","properties":{"cvegeo":"20384","cve_ent":"20","state_code":"OAX","nom_mun":"Santa Cruz Xitla"},"geometry":{"type":"Polygon","coordinates":[[[-96.65361326058775,16.371504950288724],[-96.63839843118465,16.329493587632342],[-96.67611852907982,16.290755837650483],[-96.69830682195932,16.272205365828185],[-96.718910236776,16.287300357605154],[-96.686895699907,16.325856240216204],[-96.7144725782001,16.37168681765953],[-96.69703891950905,16.401513066471853],[-96.65361326058775,16.371504950288724]]]}},{"type":"Feature","properties":{"cvegeo":"20391","cve_ent":"20","state_code":"OAX","nom_mun":"Santa Lucía Miahuatlán"},"geometry":{"type":"Polygon","coordinates":[[[-96.58514652827384,16.19054691633591],[-96.58419560143615,16.170723372917966],[-96.58387862582359,16.15726518747826],[-96.63427774822132,16.11270768163058],[-96.6371305287344,16.171268975030387],[-96.65805091916364,16.22692039049728],[-96.6371305287344,16.246016464432],[-96.58514652827384,16.19054691633591]]]}},{"type":"Feature","properties":{"cvegeo":"20394","cve_ent":"20","state_code":"OAX","nom_mun":"Santa María Alotepec"},"geometry":{"type":"Polygon","coordinates":[[[-95.78066242358553,17.071876195265887],[-95.84691032661148,17.048597171802612],[-95.83486525333403,17.018952790361094],[-95.86973257071611,16.987853469953123],[-95.87892486348048,16.99330949107733],[-95.88177764399356,17.0429592833076],[-95.8662458389779,17.064055898321193],[-95.881460668381,17.10624912834838],[-95.90967149789921,17.124253998058258],[-95.85134798518737,17.127891345474396],[-95.81869949709325,17.143713806734592],[-95.8155297409676,17.173540055546916],[-95.82377110689428,17.129164417070044],[-95.78066242358553,17.071876195265887]]]}},{"type":"Feature","properties":{"cvegeo":"20406","cve_ent":"20","state_code":"OAX","nom_mun":"Santa María Chilchotla"},"geometry":{"type":"Polygon","coordinates":[[[-96.69640496828393,18.364589466960947],[-96.66882808999084,18.350949414150435],[-96.64442096782338,18.324396778012634],[-96.59497277226333,18.30275456088662],[-96.61113852850413,18.275292587894786],[-96.62730428474491,18.29820787661645],[-96.68055618765571,18.288568905963686],[-96.6824580413311,18.26128880034266],[-96.75314360293295,18.226188397776937],[-96.8460174574143,18.17944848347958],[-96.85520975017867,18.241283389553907],[-96.82224428647197,18.32057756322569],[-96.78452418857682,18.33840056556476],[-96.75346057854551,18.392960776806817],[-96.72873648076549,18.39568878736892],[-96.73349111495396,18.374046570242903],[-96.69640496828393,18.364589466960947]]]}},{"type":"Feature","properties":{"cvegeo":"20407","cve_ent":"20","state_code":"OAX","nom_mun":"Santa María Chimalapa"},"geometry":{"type":"Polygon","coordinates":[[[-93.86771460175969,17.13680284664393],[-94.04553792040828,16.694865135583296],[-94.04427001795803,16.712142535809946],[-94.6046829009718,16.717234822192538],[-94.6668101210344,16.72505511913723],[-94.81103402475118,16.772704370288626],[-94.83480719569351,16.814351998203392],[-94.85002202509659,16.79434658741464],[-94.8864742205415,16.835630480587795],[-94.90263997678228,16.84981613551073],[-94.89154583034252,16.894555508729212],[-94.8544596836725,16.893282437133564],[-94.78852875625911,16.914379052147158],[-94.77109509756808,16.94184102513899],[-94.83449022008095,16.979123836154397],[-94.8436825128453,17.016770381911414],[-94.88013470829021,17.007313278629457],[-94.91183226954665,17.04696036546535],[-94.87886680583995,17.065874572029262],[-94.83639207375633,17.050779580252293],[-94.82117724435324,17.028955495755472],[-94.79708709779835,17.04350488542002],[-94.74446914611266,17.043686752790826],[-94.70516417015469,17.08387944173914],[-94.72576758497138,17.10752219994403],[-94.80215870759938,17.125527069653906],[-94.82371304925375,17.18863504732388],[-94.74351821927497,17.18463396516613],[-94.08737870126677,17.149351695229605],[-93.86771460175969,17.13680284664393]]]}},{"type":"Feature","properties":{"cvegeo":"20410","cve_ent":"20","state_code":"OAX","nom_mun":"Santa María Ecatepec"},"geometry":{"type":"Polygon","coordinates":[[[-95.76259481366935,16.34222430358882],[-95.82820876547018,16.314216728484567],[-95.79556027737605,16.27948006066046],[-95.8120430092294,16.250926883443785],[-95.80823930187863,16.212189133461926],[-95.78731891144938,16.207096847079335],[-95.80285071646503,16.1450800736342],[-95.76417969173218,16.081972095964225],[-95.78700193583681,16.037414590116548],[-95.82725783863249,16.00504219811293],[-95.86592886336534,16.076334207469213],[-95.87353627806688,16.12725707129513],[-95.89699247339664,16.124165325991413],[-95.90206408319767,16.087246249717623],[-95.94612369334412,16.097248955112],[-95.9588027178467,16.153445972691316],[-95.90776964422383,16.128166408149163],[-95.81045813116657,16.183454088874445],[-95.89540759533382,16.233103881104714],[-95.92361842485205,16.236377493779237],[-95.96514223009798,16.19691227431415],[-96.02758642577315,16.223828645193564],[-96.01871110862135,16.262566395175423],[-95.96102154713464,16.31294365688892],[-95.9800400838885,16.335131476127355],[-95.92583725413999,16.36495772493968],[-95.94580671773156,16.328220516036694],[-95.91315822963742,16.279661928031267],[-95.89857735145947,16.28293554070579],[-95.8519819364125,16.384235666245203],[-95.84500847293609,16.43861401011645],[-95.80855627749119,16.416971792990434],[-95.75720622825577,16.40678722022525],[-95.73787071588934,16.385326870470045],[-95.76259481366935,16.34222430358882]]]}},{"type":"Feature","properties":{"cvegeo":"20412","cve_ent":"20","state_code":"OAX","nom_mun":"Santa María Guienagati"},"geometry":{"type":"Polygon","coordinates":[[[-95.32421754149287,16.949115719971267],[-95.28427861430976,16.89400990661679],[-95.24338876028895,16.775796115592343],[-95.23546436997485,16.725418853878846],[-95.26082241898,16.701230493561535],[-95.30298017545105,16.69468326821249],[-95.30931968770234,16.641396128566083],[-95.37588456634086,16.632484627396547],[-95.38000524930419,16.601385306988576],[-95.45576242070707,16.66685756047904],[-95.48555812828812,16.70086675881992],[-95.48682603073837,16.75924618484892],[-95.46368681102118,16.77306810503024],[-95.37683549317855,16.74924347945454],[-95.31882895607927,16.7879812294364],[-95.30012739493797,16.88946322234662],[-95.34070027334621,16.928382839699285],[-95.32421754149287,16.949115719971267]]]}},{"type":"Feature","properties":{"cvegeo":"20417","cve_ent":"20","state_code":"OAX","nom_mun":"Santa María Jacatepec"},"geometry":{"type":"Polygon","coordinates":[[[-96.03043920628623,17.890097496525886],[-95.94200301038079,17.79370778999826],[-95.96355735203515,17.785887493053565],[-95.9800400838885,17.812258261820556],[-96.01015276708212,17.782432013008233],[-96.0751327676578,17.763881541185935],[-96.08812876777294,17.74242119143073],[-96.11443774361578,17.802073689055373],[-96.1676896465266,17.786796829907598],[-96.21713784208663,17.789342973098893],[-96.2298168665892,17.832081805238502],[-96.25802769610743,17.836992224250288],[-96.28116691582463,17.883732138547646],[-96.23108476903947,17.901555140886718],[-96.25232213508127,17.970846609164127],[-96.24978633018077,17.993943765256596],[-96.20192301268355,17.993943765256596],[-96.20540974442176,17.92901711387855],[-96.16039920743762,17.9222880211587],[-96.14233159752145,17.82426150829381],[-96.10524545085141,17.819896691394444],[-96.06942720663164,17.836810356879482],[-96.07735159694576,17.878094250052634],[-96.03043920628623,17.890097496525886]]]}},{"type":"Feature","properties":{"cvegeo":"20418","cve_ent":"20","state_code":"OAX","nom_mun":"Santa María Jalapa del Marqués"},"geometry":{"type":"Polygon","coordinates":[[[-95.38000524930419,16.601385306988576],[-95.34323607824672,16.602476511213418],[-95.33150798058185,16.57483267085078],[-95.31882895607927,16.4957203645498],[-95.34894163927288,16.425701426789164],[-95.46020007928297,16.364593990198063],[-95.52327822618328,16.346043518375765],[-95.5239121774084,16.4373409385208],[-95.58413754379563,16.48062537277283],[-95.63104993445515,16.52845649129503],[-95.66908700796287,16.536276788239725],[-95.67162281286339,16.57246839503029],[-95.72265588648625,16.58901832577371],[-95.70649013024547,16.61211548186618],[-95.67827930072724,16.611933614495374],[-95.58952612920922,16.56028328118623],[-95.54293071416227,16.606477593371167],[-95.53247051894765,16.626846738901534],[-95.5017238845289,16.618844574586035],[-95.45576242070707,16.66685756047904],[-95.38000524930419,16.601385306988576]]]}},{"type":"Feature","properties":{"cvegeo":"20421","cve_ent":"20","state_code":"OAX","nom_mun":"Santa María Mixtequilla"},"geometry":{"type":"Polygon","coordinates":[[[-95.20693656484406,16.461529298838112],[-95.20186495504302,16.425701426789164],[-95.25670173601665,16.34858966156706],[-95.28110885818411,16.35859236696144],[-95.34894163927288,16.425701426789164],[-95.31882895607927,16.4957203645498],[-95.27445237032026,16.48462645493058],[-95.24275480906383,16.45771008405117],[-95.20693656484406,16.461529298838112]]]}},{"type":"Feature","properties":{"cvegeo":"20424","cve_ent":"20","state_code":"OAX","nom_mun":"Santa María Ozolotepec"},"geometry":{"type":"Polygon","coordinates":[[[-96.29447989155234,16.12434719336222],[-96.2957477940026,16.085063841267942],[-96.29226106226439,16.034868446925252],[-96.35058457497622,16.026502547868137],[-96.3677012580547,16.04305247861156],[-96.38228213623266,16.08688251497601],[-96.42602477076655,16.098158291966033],[-96.43331520985552,16.11270768163058],[-96.41461364871422,16.116526896417525],[-96.40288555104934,16.15726518747826],[-96.3775275020442,16.167995362355864],[-96.34614691640033,16.165085484422953],[-96.29447989155234,16.12434719336222]]]}},{"type":"Feature","properties":{"cvegeo":"20425","cve_ent":"20","state_code":"OAX","nom_mun":"Santa María Pápalo"},"geometry":{"type":"Polygon","coordinates":[[[-96.70591423666086,17.839538367441584],[-96.71542350503779,17.82698951885591],[-96.7455361882314,17.83626475476706],[-96.77723374948783,17.818623619798796],[-96.79878809114221,17.772065572872243],[-96.78896184715272,17.7364195681941],[-96.81653872544582,17.750787090487844],[-96.8327044816866,17.77697599188403],[-96.81305199370762,17.821715365102513],[-96.75599638344603,17.85881630874711],[-96.70591423666086,17.839538367441584]]]}},{"type":"Feature","properties":{"cvegeo":"20428","cve_ent":"20","state_code":"OAX","nom_mun":"Santa María Quiegolani"},"geometry":{"type":"Polygon","coordinates":[[[-96.01871110862135,16.262566395175423],[-96.02758642577315,16.223828645193564],[-96.07069510908191,16.23910550434134],[-96.1080982313645,16.22419237993518],[-96.11285286555297,16.27075042686173],[-96.08907969461063,16.300940410415667],[-96.09953988982527,16.3416787014764],[-96.04216730395112,16.391510361077476],[-95.9943039864539,16.370231878693076],[-95.99462096206646,16.303304686236157],[-96.01871110862135,16.262566395175423]]]}},{"type":"Feature","properties":{"cvegeo":"20432","cve_ent":"20","state_code":"OAX","nom_mun":"Santa María Temaxcalapa"},"geometry":{"type":"Polygon","coordinates":[[[-96.14613530487222,17.398328125864175],[-96.15691247569941,17.360499712736353],[-96.18322145154225,17.374685367659286],[-96.19082886624379,17.38541554253689],[-96.14613530487222,17.398328125864175]]]}},{"type":"Feature","properties":{"cvegeo":"20435","cve_ent":"20","state_code":"OAX","nom_mun":"Santa María Tepantlali"},"geometry":{"type":"Polygon","coordinates":[[[-96.02314876719726,16.965301915973075],[-95.99810769380467,17.00822261548349],[-95.945489742119,16.994764430043784],[-95.96482525448542,16.87673250639014],[-95.98225891317645,16.89128189605469],[-96.03677871853752,16.921471879608625],[-96.02314876719726,16.965301915973075]]]}},{"type":"Feature","properties":{"cvegeo":"20437","cve_ent":"20","state_code":"OAX","nom_mun":"Santa María Tlahuitoltepec"},"geometry":{"type":"Polygon","coordinates":[[[-95.9809910107262,17.188453179953076],[-95.96260642519746,17.136984714014737],[-95.9943039864539,17.104976056752733],[-96.00349627921827,17.0775140837609],[-96.03487686486214,17.063510296208772],[-96.11507169484092,17.07569541005283],[-96.12077725586707,17.064601500433614],[-96.16864057336429,17.097883229291266],[-96.16039920743762,17.122799059091804],[-96.11285286555297,17.11897984430486],[-96.07101208469447,17.131528692890534],[-96.06213676754267,17.16499228911899],[-96.01078671830724,17.143713806734592],[-95.9809910107262,17.188453179953076]]]}},{"type":"Feature","properties":{"cvegeo":"20438","cve_ent":"20","state_code":"OAX","nom_mun":"Santa María Tlalixtac"},"geometry":{"type":"Polygon","coordinates":[[[-96.72841950515293,17.958297760578454],[-96.71035189523677,17.926470970687255],[-96.76233589569732,17.867000340433417],[-96.7430003833309,17.925561633833222],[-96.74331735894346,17.96593619015234],[-96.72841950515293,17.958297760578454]]]}},{"type":"Feature","properties":{"cvegeo":"20439","cve_ent":"20","state_code":"OAX","nom_mun":"Santa María Tonameca"},"geometry":{"type":"Polygon","coordinates":[[[-96.70242750492265,15.840997829645154],[-96.66343950457724,15.785528281549066],[-96.56612799151998,15.79625845642667],[-96.53157764975047,15.810262243978798],[-96.50621960074533,15.755156430624323],[-96.50590262513276,15.695867667741291],[-96.52460418627405,15.662404071512832],[-96.5543998938551,15.658221121984274],[-96.70496330982317,15.71787361960892],[-96.85235696966559,15.737333428285252],[-96.81178409125735,15.893921234549946],[-96.75060779803243,15.887555876571707],[-96.70052565124726,15.906651950506426],[-96.70242750492265,15.840997829645154]]]}},{"type":"Feature","properties":{"cvegeo":"20440","cve_ent":"20","state_code":"OAX","nom_mun":"Santa María Totolapilla"},"geometry":{"type":"Polygon","coordinates":[[[-95.66464934938698,16.689227247088283],[-95.5879412511464,16.652308170814493],[-95.54293071416227,16.606477593371167],[-95.58952612920922,16.56028328118623],[-95.67827930072724,16.611933614495374],[-95.65165334927184,16.671767979490827],[-95.66464934938698,16.689227247088283]]]}},{"type":"Feature","properties":{"cvegeo":"20441","cve_ent":"20","state_code":"OAX","nom_mun":"Santa María Xadani"},"geometry":{"type":"Polygon","coordinates":[[[-95.07348983195446,16.331494128711217],[-95.08870466135755,16.36768573550178],[-95.06366358796497,16.3682313376142],[-95.06366358796497,16.400967464359432],[-95.02467558761956,16.41769926247366],[-94.99487988003851,16.377688440896158],[-94.95969558704387,16.366230796535326],[-94.98568758727414,16.328220516036694],[-95.07348983195446,16.331494128711217]]]}},{"type":"Feature","properties":{"cvegeo":"20442","cve_ent":"20","state_code":"OAX","nom_mun":"Santa María Yalina"},"geometry":{"type":"Polygon","coordinates":[[[-96.26626906203411,17.22682719519332],[-96.34931667252597,17.271384701040997],[-96.35375433110187,17.291753846571364],[-96.3401243797616,17.300847215111705],[-96.27229159867284,17.293026918167012],[-96.25073725701846,17.261200128275814],[-96.25327306191897,17.236466165846082],[-96.26626906203411,17.22682719519332]]]}},{"type":"Feature","properties":{"cvegeo":"20454","cve_ent":"20","state_code":"OAX","nom_mun":"Santiago Atitlán"},"geometry":{"type":"Polygon","coordinates":[[[-95.88177764399356,17.0429592833076],[-95.94200301038079,17.08788052389689],[-95.96102154713464,17.082788237514297],[-95.9943039864539,17.104976056752733],[-95.96260642519746,17.136984714014737],[-95.90967149789921,17.124253998058258],[-95.881460668381,17.10624912834838],[-95.8662458389779,17.064055898321193],[-95.88177764399356,17.0429592833076]]]}},{"type":"Feature","properties":{"cvegeo":"20457","cve_ent":"20","state_code":"OAX","nom_mun":"Santiago Camotlán"},"geometry":{"type":"Polygon","coordinates":[[[-96.0716460359196,17.586378987278454],[-96.09637013369962,17.52727209176623],[-96.0884457433855,17.50053758825762],[-96.12616584128067,17.442158162228626],[-96.17339520755276,17.455616347668332],[-96.16039920743762,17.428336242047305],[-96.21872272014946,17.423789557777134],[-96.24027706180384,17.448523520206866],[-96.26848789132205,17.483805790143393],[-96.27387647673565,17.52963636758672],[-96.23615637884049,17.54109401194755],[-96.22886593975151,17.566191709118893],[-96.18829306134327,17.566737311231314],[-96.15152389028582,17.614022827641094],[-96.13599208527016,17.661490211421683],[-96.11729052412886,17.668219304141534],[-96.0938343287991,17.62584420674354],[-96.1277507193435,17.62347993092305],[-96.0716460359196,17.586378987278454]]]}},{"type":"Feature","properties":{"cvegeo":"20458","cve_ent":"20","state_code":"OAX","nom_mun":"Santiago Comaltepec"},"geometry":{"type":"Polygon","coordinates":[[[-96.26753696448436,17.710958136281143],[-96.29226106226439,17.685314836997378],[-96.28655550123823,17.657307261893123],[-96.31001169656798,17.639484259554052],[-96.2947968671649,17.60565692858398],[-96.33980740414904,17.58201417037909],[-96.39591208757292,17.56982905653503],[-96.41651550238961,17.55200605419596],[-96.48720106399146,17.559644483769848],[-96.5731014549964,17.550732982600312],[-96.58578047949898,17.570556526018258],[-96.56993169887076,17.59801849901009],[-96.53728321077662,17.570010923905837],[-96.5188986252479,17.58837952835733],[-96.46247696621144,17.59929157060574],[-96.41810038045243,17.594017416852342],[-96.38228213623266,17.626571676226767],[-96.40764018523781,17.642939739599385],[-96.36579940437932,17.670037977849603],[-96.2824348182749,17.72678059754134],[-96.26753696448436,17.710958136281143]]]}},{"type":"Feature","properties":{"cvegeo":"20465","cve_ent":"20","state_code":"OAX","nom_mun":"Santiago Ixcuintepec"},"geometry":{"type":"Polygon","coordinates":[[[-95.53088564088482,16.949297587342073],[-95.50299178697915,16.929655911294933],[-95.52105939689532,16.898920325628577],[-95.54895325080099,16.902012070932294],[-95.57748105593178,16.86527486202931],[-95.59174495849717,16.87455009794046],[-95.65830983713569,16.907468092056497],[-95.64943451998388,16.94547837255513],[-95.60569188545,16.978578234041976],[-95.58223569012024,16.989672143661192],[-95.53088564088482,16.949297587342073]]]}},{"type":"Feature","properties":{"cvegeo":"20468","cve_ent":"20","state_code":"OAX","nom_mun":"Santiago Jocotepec"},"geometry":{"type":"Polygon","coordinates":[[[-95.94200301038079,17.79370778999826],[-95.91379218086256,17.789888575211315],[-95.89128691237049,17.766791419118846],[-95.89540759533382,17.704410910932097],[-95.86878164387842,17.653851781847795],[-95.85958935111405,17.60438385698833],[-95.8947736441087,17.555279666870483],[-95.92805608342795,17.537456664531412],[-95.90111315635998,17.528181428620265],[-95.90523383932332,17.482532718547745],[-95.96831198622363,17.500355720886816],[-95.99715676696698,17.52090673378799],[-95.9977907181921,17.54855057415063],[-96.02600154771034,17.573102669209554],[-96.0716460359196,17.586378987278454],[-96.1277507193435,17.62347993092305],[-96.0938343287991,17.62584420674354],[-96.11729052412886,17.668219304141534],[-96.11633959729117,17.717687229000997],[-96.08812876777294,17.74242119143073],[-96.0751327676578,17.763881541185935],[-96.01015276708212,17.782432013008233],[-95.9800400838885,17.812258261820556],[-95.96355735203515,17.785887493053565],[-95.94200301038079,17.79370778999826]]]}},{"type":"Feature","properties":{"cvegeo":"20471","cve_ent":"20","state_code":"OAX","nom_mun":"Santiago Lalopa"},"geometry":{"type":"Polygon","coordinates":[[[-96.2859215500131,17.409240168112586],[-96.24027706180384,17.448523520206866],[-96.21872272014946,17.423789557777134],[-96.2440807691546,17.386870481503344],[-96.26943881815976,17.38486994042447],[-96.2859215500131,17.409240168112586]]]}},{"type":"Feature","properties":{"cvegeo":"20472","cve_ent":"20","state_code":"OAX","nom_mun":"Santiago Laollaga"},"geometry":{"type":"Polygon","coordinates":[[[-95.23546436997485,16.725418853878846],[-95.19996310136764,16.711596933697525],[-95.19837822330481,16.623391258856206],[-95.17999363777608,16.60938747130408],[-95.18728407686507,16.552462984241537],[-95.20249890626816,16.535549318756498],[-95.26589402878102,16.544460819926034],[-95.33150798058185,16.57483267085078],[-95.34323607824672,16.602476511213418],[-95.38000524930419,16.601385306988576],[-95.37588456634086,16.632484627396547],[-95.30931968770234,16.641396128566083],[-95.30298017545105,16.69468326821249],[-95.26082241898,16.701230493561535],[-95.23546436997485,16.725418853878846]]]}},{"type":"Feature","properties":{"cvegeo":"20473","cve_ent":"20","state_code":"OAX","nom_mun":"Santiago Laxopa"},"geometry":{"type":"Polygon","coordinates":[[[-96.26626906203411,17.22682719519332],[-96.25454096436923,17.199910824313907],[-96.31413237953133,17.20373003910085],[-96.3401243797616,17.179723546154346],[-96.27419345234821,17.16499228911899],[-96.2726085742854,17.157899461657525],[-96.35597316038982,17.12134412012535],[-96.37974633133214,17.154807716353808],[-96.36199569702855,17.230646409980263],[-96.34931667252597,17.271384701040997],[-96.26626906203411,17.22682719519332]]]}},{"type":"Feature","properties":{"cvegeo":"20495","cve_ent":"20","state_code":"OAX","nom_mun":"Santiago Xanica"},"geometry":{"type":"Polygon","coordinates":[[[-96.16705569530147,16.034686579554446],[-96.13250535353195,16.03032176265508],[-96.11729052412886,15.996858166426621],[-96.14835413416017,15.959575355411218],[-96.17846681735378,15.971760469255276],[-96.20953042738509,15.948481445792],[-96.24471472037973,15.953209997432978],[-96.25580886681949,15.961394029119287],[-96.31096262340569,16.008133943416645],[-96.29226106226439,16.034868446925252],[-96.2957477940026,16.085063841267942],[-96.26563511080899,16.07815288117728],[-96.26848789132205,16.050872775556254],[-96.21016437861022,16.013589964540852],[-96.17054242703968,16.012316892945204],[-96.16705569530147,16.034686579554446]]]}},{"type":"Feature","properties":{"cvegeo":"20498","cve_ent":"20","state_code":"OAX","nom_mun":"Santiago Yaveo"},"geometry":{"type":"Polygon","coordinates":[[[-95.25321500427845,17.601292111684614],[-95.29030115094848,17.534546786598504],[-95.31439129750336,17.53927533823948],[-95.32421754149287,17.50417493567376],[-95.34260212702159,17.517633121113466],[-95.40663120075959,17.453797673960263],[-95.44688710355527,17.442340029599432],[-95.50933129923044,17.45052406128574],[-95.55275695815176,17.427790639934884],[-95.57843198276947,17.375412837142513],[-95.6519703248844,17.31212299210173],[-95.68113208124032,17.234829359508822],[-95.74008954517728,17.283024212772634],[-95.80570349697811,17.235011226879628],[-95.83740105823455,17.259381454567745],[-95.77780964307244,17.33303773974452],[-95.74896486232909,17.31848835007997],[-95.73026330118779,17.360135977994737],[-95.74389325252807,17.382869399345594],[-95.66084564203621,17.447432315982024],[-95.68461881297853,17.47543989108628],[-95.6022051537118,17.47634922794031],[-95.57272642174331,17.54855057415063],[-95.52993471404713,17.570738393389064],[-95.48460720145043,17.601837713797035],[-95.477633737974,17.587833926244908],[-95.42628368873858,17.64675895438633],[-95.40631422514703,17.64366720908261],[-95.35116046856083,17.67822200953591],[-95.33404378548236,17.675130264232195],[-95.29600671197464,17.722233913271168],[-95.26494310194333,17.717869096371803],[-95.23895110171306,17.739329446127012],[-95.19045383299071,17.691862062346424],[-95.18728407686507,17.654761118701828],[-95.25384895550359,17.6407573311497],[-95.2785730532836,17.615114031865936],[-95.25321500427845,17.601292111684614]]]}},{"type":"Feature","properties":{"cvegeo":"20502","cve_ent":"20","state_code":"OAX","nom_mun":"Santiago Zacatepec"},"geometry":{"type":"Polygon","coordinates":[[[-95.83740105823455,17.259381454567745],[-95.80570349697811,17.235011226879628],[-95.7968281798263,17.204275641213272],[-95.842155692423,17.203911906471657],[-95.8155297409676,17.173540055546916],[-95.81869949709325,17.143713806734592],[-95.85134798518737,17.127891345474396],[-95.90967149789921,17.124253998058258],[-95.96260642519746,17.136984714014737],[-95.9809910107262,17.188453179953076],[-95.9347125712918,17.235738696362855],[-95.90238105881024,17.237011767958503],[-95.89952827829715,17.27283964000745],[-95.88177764399356,17.281751141176986],[-95.83740105823455,17.259381454567745]]]}},{"type":"Feature","properties":{"cvegeo":"20503","cve_ent":"20","state_code":"OAX","nom_mun":"Santiago Zoochila"},"geometry":{"type":"Polygon","coordinates":[[[-96.25454096436923,17.199910824313907],[-96.26626906203411,17.22682719519332],[-96.25327306191897,17.236466165846082],[-96.24883540334307,17.232283216317526],[-96.2396431105787,17.196637211639384],[-96.25454096436923,17.199910824313907]]]}},{"type":"Feature","properties":{"cvegeo":"20505","cve_ent":"20","state_code":"OAX","nom_mun":"Santo Domingo Ingenio"},"geometry":{"type":"Polygon","coordinates":[[[-94.63701441345336,16.62993848420525],[-94.62021470598745,16.600112235392928],[-94.6588857307203,16.59483808163953],[-94.68329285288775,16.555009127432832],[-94.70389626770444,16.565557434939628],[-94.72766943864676,16.48880940445914],[-94.81483773210195,16.518999388013075],[-94.79803802463604,16.615752829282318],[-94.7549293413273,16.611933614495374],[-94.75968397551576,16.652126303443687],[-94.69502095055263,16.63994118959963],[-94.63606348661567,16.64394227175738],[-94.63701441345336,16.62993848420525]]]}},{"type":"Feature","properties":{"cvegeo":"20506","cve_ent":"20","state_code":"OAX","nom_mun":"Santo Domingo Albarradas"},"geometry":{"type":"Polygon","coordinates":[[[-96.18892701256841,17.115706231630337],[-96.17751589051609,17.063510296208772],[-96.20572672003432,17.04114060959953],[-96.20794554932228,17.012041830270434],[-96.24186193986665,17.07696848164848],[-96.24883540334307,17.09588268821239],[-96.24725052528025,17.097337627178845],[-96.18892701256841,17.115706231630337]]]}},{"type":"Feature","properties":{"cvegeo":"20508","cve_ent":"20","state_code":"OAX","nom_mun":"Santo Domingo Chihuitán"},"geometry":{"type":"Polygon","coordinates":[[[-95.16224300347248,16.711051331585104],[-95.164778808373,16.654126844522562],[-95.13339822272913,16.594110612156303],[-95.15970719857197,16.5488256368254],[-95.18728407686507,16.552462984241537],[-95.17999363777608,16.60938747130408],[-95.19837822330481,16.623391258856206],[-95.19996310136764,16.711596933697525],[-95.16224300347248,16.711051331585104]]]}},{"type":"Feature","properties":{"cvegeo":"20509","cve_ent":"20","state_code":"OAX","nom_mun":"Santo Domingo de Morelos"},"geometry":{"type":"Polygon","coordinates":[[[-96.58324467459846,15.871551547940705],[-96.58863326001205,15.838815421195472],[-96.56612799151998,15.79625845642667],[-96.66343950457724,15.785528281549066],[-96.70242750492265,15.840997829645154],[-96.63934935802234,15.900832194640607],[-96.63142496770824,15.874461425873614],[-96.58324467459846,15.871551547940705]]]}},{"type":"Feature","properties":{"cvegeo":"20512","cve_ent":"20","state_code":"OAX","nom_mun":"Santo Domingo Ozolotepec"},"geometry":{"type":"Polygon","coordinates":[[[-96.29447989155234,16.12434719336222],[-96.34614691640033,16.165085484422953],[-96.3775275020442,16.167995362355864],[-96.35724106284007,16.212734735574347],[-96.34392808711237,16.226738523126475],[-96.34614691640033,16.201277091213516],[-96.27324252551053,16.1981853459098],[-96.26848789132205,16.21382593979919],[-96.25010330579333,16.186545834178162],[-96.29447989155234,16.12434719336222]]]}},{"type":"Feature","properties":{"cvegeo":"20513","cve_ent":"20","state_code":"OAX","nom_mun":"Santo Domingo Petapa"},"geometry":{"type":"Polygon","coordinates":[[[-95.24148690661357,16.985671061503442],[-95.2180307112838,16.933475126081877],[-95.16604671082325,16.927109768103637],[-95.12959451537836,16.90910489839376],[-95.15526953999607,16.91256037843909],[-95.17523900358762,16.885644007559677],[-95.13244729589144,16.808350374966768],[-95.17492202797506,16.773795574513468],[-95.14576027161914,16.75797311325327],[-95.16224300347248,16.711051331585104],[-95.19996310136764,16.711596933697525],[-95.23546436997485,16.725418853878846],[-95.24338876028895,16.775796115592343],[-95.28427861430976,16.89400990661679],[-95.32421754149287,16.949115719971267],[-95.31217246821542,16.983124918312146],[-95.24148690661357,16.985671061503442]]]}},{"type":"Feature","properties":{"cvegeo":"20514","cve_ent":"20","state_code":"OAX","nom_mun":"Santo Domingo Roayaga"},"geometry":{"type":"Polygon","coordinates":[[[-96.03868057221291,17.343586047251314],[-95.98986632787799,17.319943289046424],[-96.08210623113422,17.32303503435014],[-96.08812876777294,17.295209326616693],[-96.13060349985656,17.328127320732733],[-96.12426398760527,17.350497007341975],[-96.0849590116473,17.352861283162465],[-96.07766857255832,17.370866152872342],[-96.03868057221291,17.343586047251314]]]}},{"type":"Feature","properties":{"cvegeo":"20517","cve_ent":"20","state_code":"OAX","nom_mun":"Santo Domingo Tepuxtepec"},"geometry":{"type":"Polygon","coordinates":[[[-95.98225891317645,16.89128189605469],[-96.01712623055853,16.879824251693858],[-96.09003062144834,16.898374723516156],[-96.15691247569941,16.93729434086882],[-96.17085940265224,16.960209629590484],[-96.11729052412886,16.985671061503442],[-96.10968310942732,16.955481077949507],[-96.08178925552166,16.95057065893772],[-96.07132906030704,16.98639853098667],[-96.05040866987778,16.987126000469896],[-96.02314876719726,16.965301915973075],[-96.03677871853752,16.921471879608625],[-95.98225891317645,16.89128189605469]]]}},{"type":"Feature","properties":{"cvegeo":"20522","cve_ent":"20","state_code":"OAX","nom_mun":"Santo Domingo Xagacía"},"geometry":{"type":"Polygon","coordinates":[[[-96.2405940374164,17.156626390061877],[-96.24725052528025,17.097337627178845],[-96.24883540334307,17.09588268821239],[-96.35090155058879,17.104794189381927],[-96.35597316038982,17.12134412012535],[-96.2726085742854,17.157899461657525],[-96.24978633018077,17.1571719921743],[-96.2405940374164,17.156626390061877]]]}},{"type":"Feature","properties":{"cvegeo":"20525","cve_ent":"20","state_code":"OAX","nom_mun":"Santo Domingo Zanatepec"},"geometry":{"type":"Polygon","coordinates":[[[-94.13365714070117,16.475896821131855],[-94.13936270172732,16.461893033579727],[-94.19958806811455,16.483898985447354],[-94.20751245842867,16.445343102836304],[-94.25886250766409,16.432612386879825],[-94.28643938595718,16.354773152174495],[-94.31084650812464,16.334585874014934],[-94.36409841103546,16.338405088801878],[-94.37012094767418,16.299303604078407],[-94.41513148465832,16.285481683897086],[-94.41101080169497,16.353136345837232],[-94.44239138733884,16.39878505590975],[-94.4214709969096,16.420609140406572],[-94.44048953366345,16.43643160166677],[-94.46521363144348,16.41551685402398],[-94.47060221685707,16.419881670923345],[-94.48708494871042,16.4558914103431],[-94.42337285058498,16.571013456063834],[-94.37772836237572,16.564102495973174],[-94.35870982562186,16.58574471309919],[-94.31623509353824,16.596838622718405],[-94.31338231302516,16.572832129771903],[-94.26868875165358,16.585926580469994],[-94.19990504372711,16.551371780016694],[-94.18627509238685,16.508087345764665],[-94.1308043601881,16.507359876281438],[-94.13365714070117,16.475896821131855]]]}},{"type":"Feature","properties":{"cvegeo":"20533","cve_ent":"20","state_code":"OAX","nom_mun":"Santo Tomás Tamazulapan"},"geometry":{"type":"Polygon","coordinates":[[[-96.53506438148868,16.25110875081459],[-96.55756964998075,16.251654352927012],[-96.53855111322689,16.21600834824887],[-96.58514652827384,16.19054691633591],[-96.6371305287344,16.246016464432],[-96.5962406747136,16.280207530143688],[-96.55186408895459,16.289119031313223],[-96.53506438148868,16.25110875081459]]]}},{"type":"Feature","properties":{"cvegeo":"20534","cve_ent":"20","state_code":"OAX","nom_mun":"San Vicente Coatlán"},"geometry":{"type":"Polygon","coordinates":[[[-96.78610906663964,16.398421321168136],[-96.78072048122604,16.372778021884372],[-96.76328682253501,16.335131476127355],[-96.78705999347733,16.316035402192636],[-96.81431989615787,16.34113309936398],[-96.86186623804252,16.317854075900705],[-96.88532243337228,16.325856240216204],[-96.87993384795868,16.411152037124616],[-96.86788877468125,16.435885999554348],[-96.78610906663964,16.398421321168136]]]}},{"type":"Feature","properties":{"cvegeo":"20538","cve_ent":"20","state_code":"OAX","nom_mun":"Sitio de Xitlapehua"},"geometry":{"type":"Polygon","coordinates":[[[-96.53284555220073,16.363320918602415],[-96.52111745453584,16.35622809114095],[-96.52840789362483,16.321855158058455],[-96.55915452804356,16.363320918602415],[-96.5401359912897,16.412243241349458],[-96.53284555220073,16.363320918602415]]]}},{"type":"Feature","properties":{"cvegeo":"20541","cve_ent":"20","state_code":"OAX","nom_mun":"Tanetze de Zaragoza"},"geometry":{"type":"Polygon","coordinates":[[[-96.2859215500131,17.409240168112586],[-96.26943881815976,17.38486994042447],[-96.27387647673565,17.360135977994737],[-96.3134984283062,17.36813814231024],[-96.31888701371979,17.37614030662574],[-96.31096262340569,17.407421494404517],[-96.2859215500131,17.409240168112586]]]}},{"type":"Feature","properties":{"cvegeo":"20554","cve_ent":"20","state_code":"OAX","nom_mun":"Totontepec Villa de Morelos"},"geometry":{"type":"Polygon","coordinates":[[[-95.98986632787799,17.319943289046424],[-95.92456935168974,17.27247590526584],[-95.89952827829715,17.27283964000745],[-95.90238105881024,17.237011767958503],[-95.9347125712918,17.235738696362855],[-95.9809910107262,17.188453179953076],[-96.01078671830724,17.143713806734592],[-96.06213676754267,17.16499228911899],[-96.06435559683062,17.2050031106965],[-96.11443774361578,17.208094856000216],[-96.13821091455812,17.226099725710093],[-96.1115849631027,17.261018260905008],[-96.08812876777294,17.295209326616693],[-96.08210623113422,17.32303503435014],[-95.98986632787799,17.319943289046424]]]}},{"type":"Feature","properties":{"cvegeo":"20559","cve_ent":"20","state_code":"OAX","nom_mun":"San Juan Bautista Valle Nacional"},"geometry":{"type":"Polygon","coordinates":[[[-96.23108476903947,17.901555140886718],[-96.28116691582463,17.883732138547646],[-96.25802769610743,17.836992224250288],[-96.2298168665892,17.832081805238502],[-96.21713784208663,17.789342973098893],[-96.1676896465266,17.786796829907598],[-96.16864057336429,17.724052586979237],[-96.1854402808302,17.684223632772536],[-96.25327306191897,17.69095272549239],[-96.26753696448436,17.710958136281143],[-96.2824348182749,17.72678059754134],[-96.36579940437932,17.670037977849603],[-96.38323306307035,17.698045552953857],[-96.4219040878032,17.673857192636547],[-96.48212945419043,17.665491293579432],[-96.51034028370866,17.641848535374542],[-96.49861218604377,17.711321871022758],[-96.44821306364605,17.745876671476058],[-96.43680194159373,17.808439047033612],[-96.45169979538426,17.840993306408038],[-96.398764868086,17.947203850959237],[-96.34266018466212,17.937928615048087],[-96.36421452631649,17.99885418426838],[-96.27989901337438,17.921924286417084],[-96.26214837907078,17.92865337913694],[-96.23108476903947,17.901555140886718]]]}},{"type":"Feature","properties":{"cvegeo":"20563","cve_ent":"20","state_code":"OAX","nom_mun":"Yogana"},"geometry":{"type":"Polygon","coordinates":[[[-96.73697784669217,16.47844296432315],[-96.73507599301678,16.470804534749263],[-96.77818467632554,16.398421321168136],[-96.78610906663964,16.398421321168136],[-96.86788877468125,16.435885999554348],[-96.84982116476507,16.45771008405117],[-96.80766340829402,16.458073818792784],[-96.77913560316323,16.48007977066041],[-96.73697784669217,16.47844296432315]]]}},{"type":"Feature","properties":{"cvegeo":"20372","cve_ent":"20","state_code":"OAX","nom_mun":"Santa Catarina Yosonotú"},"geometry":{"type":"Polygon","coordinates":[[[-97.62989814728594,16.988399072065544],[-97.6356037083121,16.965847518085496],[-97.70502136746369,17.010405023933174],[-97.72245502615473,16.999856716426375],[-97.73006244085627,17.01877092299029],[-97.64638087913929,17.043686752790826],[-97.64321112301364,16.98294305094134],[-97.62989814728594,16.988399072065544]]]}},{"type":"Feature","properties":{"cvegeo":"20373","cve_ent":"20","state_code":"OAX","nom_mun":"Santa Catarina Zapoquila"},"geometry":{"type":"Polygon","coordinates":[[[-97.47965170693044,18.027043626743442],[-97.48345541428121,17.98048557981689],[-97.57918204927564,17.973756487097035],[-97.5893252688777,17.95847962794926],[-97.59693268357924,18.019405197169554],[-97.63496975708696,18.04377542485767],[-97.59883453725463,18.090333471784223],[-97.56808790283588,18.092152145492292],[-97.55762770762126,18.046867170161388],[-97.47965170693044,18.027043626743442]]]}},{"type":"Feature","properties":{"cvegeo":"20374","cve_ent":"20","state_code":"OAX","nom_mun":"Santa Cruz Acatepec"},"geometry":{"type":"Polygon","coordinates":[[[-96.90148818961306,18.171446319164076],[-96.85679462824149,18.153259582083393],[-96.8834205796969,18.14762169358838],[-96.90307306767589,18.148712897813223],[-96.90148818961306,18.171446319164076]]]}},{"type":"Feature","properties":{"cvegeo":"20376","cve_ent":"20","state_code":"OAX","nom_mun":"Santa Cruz de Bravo"},"geometry":{"type":"Polygon","coordinates":[[[-98.18777522539919,17.584560313570385],[-98.20425795725254,17.542367083543198],[-98.2400762014723,17.588561395728135],[-98.21408420124203,17.602383315909456],[-98.18777522539919,17.584560313570385]]]}},{"type":"Feature","properties":{"cvegeo":"20377","cve_ent":"20","state_code":"OAX","nom_mun":"Santa Cruz Itundujia"},"geometry":{"type":"Polygon","coordinates":[[[-97.64289414740108,16.91947133852975],[-97.60422312266823,16.798711404314005],[-97.55319004904537,16.72632819073288],[-97.55477492710818,16.677042133244225],[-97.5912271225531,16.65594551823063],[-97.6257774643226,16.609023736562463],[-97.6257774643226,16.608841869191657],[-97.70343648940087,16.622118187260558],[-97.79250663653146,16.62266378937298],[-97.79884614878274,16.600475970134543],[-97.82166839288737,16.62939288209283],[-97.79726127071991,16.65721858982628],[-97.81786468553659,16.678315204839873],[-97.79884614878274,16.715234281113663],[-97.76841648997656,16.762519797523442],[-97.73037941646884,16.81853494773195],[-97.66920312324392,16.880551721177085],[-97.65652409874134,16.918743869046523],[-97.64289414740108,16.91947133852975]]]}},{"type":"Feature","properties":{"cvegeo":"20379","cve_ent":"20","state_code":"OAX","nom_mun":"Santa Cruz Nundaco"},"geometry":{"type":"Polygon","coordinates":[[[-97.75510351424886,17.170084575501583],[-97.72562478228038,17.196637211639384],[-97.70438741623856,17.188998782065497],[-97.67871239162085,17.126618273878748],[-97.71674946512857,17.114615027405495],[-97.73259824575679,17.126072671766327],[-97.75510351424886,17.170084575501583]]]}},{"type":"Feature","properties":{"cvegeo":"20381","cve_ent":"20","state_code":"OAX","nom_mun":"Santa Cruz Tacache de Mina"},"geometry":{"type":"Polygon","coordinates":[[[-98.13642517616377,17.796253933189554],[-98.14910420066634,17.789888575211315],[-98.19443171326304,17.810439588112487],[-98.2010882011269,17.83517355054222],[-98.19950332306408,17.841902643262074],[-98.1405458591271,17.84444878645337],[-98.13642517616377,17.796253933189554]]]}},{"type":"Feature","properties":{"cvegeo":"20382","cve_ent":"20","state_code":"OAX","nom_mun":"Santa Cruz Tacahua"},"geometry":{"type":"Polygon","coordinates":[[[-97.46380292630222,16.937839942981242],[-97.43749395045938,16.94093168828496],[-97.40611336481551,16.91037796998941],[-97.42830165769502,16.888190150750972],[-97.45904829211375,16.894737376100018],[-97.50247395103507,16.904740081494396],[-97.51103229257431,16.9367487387564],[-97.46380292630222,16.937839942981242]]]}},{"type":"Feature","properties":{"cvegeo":"20383","cve_ent":"20","state_code":"OAX","nom_mun":"Santa Cruz Tayata"},"geometry":{"type":"Polygon","coordinates":[[[-97.54558263434382,17.388689155211413],[-97.55097121975741,17.358499171657478],[-97.57981600050077,17.33813002612711],[-97.60105336654259,17.373230428692832],[-97.56301629303486,17.413786852382756],[-97.55002029291973,17.414332454495177],[-97.54558263434382,17.388689155211413]]]}},{"type":"Feature","properties":{"cvegeo":"20386","cve_ent":"20","state_code":"OAX","nom_mun":"Santa Cruz Zenzontepec"},"geometry":{"type":"Polygon","coordinates":[[[-97.40738126726576,16.596474887976793],[-97.38963063296217,16.5781062835253],[-97.38012136458524,16.55973767907381],[-97.40484546236524,16.53482184927327],[-97.38138926703549,16.452617797668577],[-97.37948741336011,16.442433224903393],[-97.39438526715062,16.39823945379733],[-97.43622604800912,16.372959889255178],[-97.44510136516092,16.3389506909143],[-97.48250448744352,16.362047847006767],[-97.5519221465951,16.35950170381547],[-97.60580800073105,16.387691146290532],[-97.61817004962106,16.437704673262417],[-97.5405110245428,16.48007977066041],[-97.53924312209253,16.502813192011267],[-97.57506136631231,16.57301399714271],[-97.5484354148569,16.583198569907893],[-97.46982546294095,16.578288150896107],[-97.45746341405093,16.60174904173019],[-97.40738126726576,16.596474887976793]]]}},{"type":"Feature","properties":{"cvegeo":"20392","cve_ent":"20","state_code":"OAX","nom_mun":"Santa Lucía Monteverde"},"geometry":{"type":"Polygon","coordinates":[[[-97.6356037083121,16.965847518085496],[-97.63718858637492,16.93729434086882],[-97.64289414740108,16.91947133852975],[-97.65652409874134,16.918743869046523],[-97.73323219698192,16.89982966248261],[-97.84512458821713,16.902375805673906],[-97.84797736873021,16.923836155429115],[-97.80740449032197,16.9605733643321],[-97.75542048986142,16.973304080288578],[-97.72245502615473,16.999856716426375],[-97.70502136746369,17.010405023933174],[-97.6356037083121,16.965847518085496]]]}},{"type":"Feature","properties":{"cvegeo":"20395","cve_ent":"20","state_code":"OAX","nom_mun":"Santa María Apazco"},"geometry":{"type":"Polygon","coordinates":[[[-97.06853433743447,17.58255977249151],[-97.13129550872222,17.578922425075373],[-97.11481277686887,17.593289947369115],[-97.11861648421964,17.640575463778895],[-97.08818682541347,17.67822200953591],[-97.0799454594868,17.6858604391098],[-97.04317628842932,17.644212811195032],[-97.04159141036651,17.586924589390875],[-97.06853433743447,17.58255977249151]]]}},{"type":"Feature","properties":{"cvegeo":"20396","cve_ent":"20","state_code":"OAX","nom_mun":"Santa María la Asunción"},"geometry":{"type":"Polygon","coordinates":[[[-96.79149765205324,18.11306689313508],[-96.81083316441966,18.09069720652584],[-96.83650818903737,18.098699370841338],[-96.79149765205324,18.11306689313508]]]}},{"type":"Feature","properties":{"cvegeo":"20397","cve_ent":"20","state_code":"OAX","nom_mun":"Heroica Ciudad de Tlaxiaco"},"geometry":{"type":"Polygon","coordinates":[[[-97.58552156152693,17.319397686934003],[-97.58520458591437,17.31903395219239],[-97.59154409816566,17.29939227614525],[-97.59407990306617,17.29884667403283],[-97.59756663480438,17.299028541403636],[-97.59756663480438,17.29939227614525],[-97.59756663480438,17.299028541403636],[-97.59756663480438,17.29939227614525],[-97.5982005860295,17.299028541403636],[-97.5982005860295,17.29884667403283],[-97.5982005860295,17.299028541403636],[-97.5982005860295,17.29884667403283],[-97.61024565930695,17.2528342292187],[-97.6124644885949,17.22228051092315],[-97.57886507366308,17.175176861884175],[-97.60580800073105,17.158990665882367],[-97.63370185463671,17.16626536071464],[-97.6533543426157,17.122617191720998],[-97.67871239162085,17.126618273878748],[-97.70438741623856,17.188998782065497],[-97.72562478228038,17.196637211639384],[-97.75510351424886,17.170084575501583],[-97.78394829499221,17.164264819635765],[-97.80740449032197,17.12479960017068],[-97.82166839288737,17.1864526388742],[-97.81596283186121,17.22864586890139],[-97.78014458764144,17.238102972183345],[-97.76936741681425,17.299937878257673],[-97.75098283128553,17.296846132953956],[-97.65240341577801,17.326308647024664],[-97.63211697657388,17.347223394667452],[-97.6169021471708,17.312304859472537],[-97.58552156152693,17.319397686934003]]]}},{"type":"Feature","properties":{"cvegeo":"20400","cve_ent":"20","state_code":"OAX","nom_mun":"Santa María Camotlán"},"geometry":{"type":"Polygon","coordinates":[[[-97.61721912278337,17.90210074299914],[-97.58330273223898,17.867182207804223],[-97.61880400084618,17.823534038810582],[-97.68283307458418,17.83171807049689],[-97.71516458706574,17.886278281738942],[-97.71326273339037,17.910466642056253],[-97.61721912278337,17.90210074299914]]]}},{"type":"Feature","properties":{"cvegeo":"20402","cve_ent":"20","state_code":"OAX","nom_mun":"Santa María Cortijo"},"geometry":{"type":"Polygon","coordinates":[[[-98.292694153158,16.468985861041194],[-98.25465707965027,16.455163940859872],[-98.25719288455079,16.411152037124616],[-98.31551639726263,16.392783432673124],[-98.3646476172101,16.390237289481828],[-98.36623249527293,16.42370088571029],[-98.34974976341958,16.44497936809469],[-98.35704020250856,16.47735176009831],[-98.31202966552442,16.44497936809469],[-98.292694153158,16.468985861041194]]]}},{"type":"Feature","properties":{"cvegeo":"20404","cve_ent":"20","state_code":"OAX","nom_mun":"Santa María Chachoápam"},"geometry":{"type":"Polygon","coordinates":[[[-97.24508975363283,17.60220144853865],[-97.19849433858586,17.591653141031852],[-97.25554994884745,17.529090765474297],[-97.25618390007257,17.561463157477917],[-97.28376077836568,17.553097258420802],[-97.27583638805156,17.51799685585508],[-97.27837219295208,17.517633121113466],[-97.29707375409338,17.51508697792217],[-97.30024351021902,17.55655273846613],[-97.30024351021902,17.556916473207746],[-97.27393453437618,17.615659633978357],[-97.275519412439,17.573102669209554],[-97.24508975363283,17.60220144853865]]]}},{"type":"Feature","properties":{"cvegeo":"20405","cve_ent":"20","state_code":"OAX","nom_mun":"Villa de Chilapa de Díaz"},"geometry":{"type":"Polygon","coordinates":[[[-97.56428419548511,17.61656897083239],[-97.55319004904537,17.55782581006178],[-97.57981600050077,17.55491593212887],[-97.58710643958975,17.52199793801283],[-97.60834380563156,17.540002807722708],[-97.65050156210262,17.534910521340116],[-97.66508244028059,17.568010382826962],[-97.69741395276215,17.54982364574628],[-97.73640195310756,17.590925671548625],[-97.74337541658397,17.621479389844176],[-97.71643248951601,17.606384398067206],[-97.67173892814444,17.616932705574005],[-97.67585961110777,17.65585232292667],[-97.64226019617595,17.668764906253955],[-97.56428419548511,17.61656897083239]]]}},{"type":"Feature","properties":{"cvegeo":"20408","cve_ent":"20","state_code":"OAX","nom_mun":"Santa María del Rosario"},"geometry":{"type":"Polygon","coordinates":[[[-97.57981600050077,17.33813002612711],[-97.58552156152693,17.319397686934003],[-97.6169021471708,17.312304859472537],[-97.63211697657388,17.347223394667452],[-97.6257774643226,17.369047479164273],[-97.60105336654259,17.373230428692832],[-97.57981600050077,17.33813002612711]]]}},{"type":"Feature","properties":{"cvegeo":"20414","cve_ent":"20","state_code":"OAX","nom_mun":"Santa María Huazolotitlán"},"geometry":{"type":"Polygon","coordinates":[[[-97.95131141842619,16.31348925900134],[-97.90439902776666,16.313307391630534],[-97.86097336884535,16.295848124033075],[-97.84956224679303,16.26620374259156],[-97.87840702753638,16.193456794268823],[-97.90788575950488,16.063603491512733],[-97.98966546754647,16.115253824821878],[-97.96494136976645,16.182181017278797],[-97.96779415027953,16.248562607623295],[-98.00773307746265,16.285481683897086],[-97.98871454070878,16.317854075900705],[-97.95131141842619,16.31348925900134]]]}},{"type":"Feature","properties":{"cvegeo":"20415","cve_ent":"20","state_code":"OAX","nom_mun":"Santa María Ipalapa"},"geometry":{"type":"Polygon","coordinates":[[[-97.94085122321157,16.643396669644957],[-97.91961385716975,16.60938747130408],[-97.93482868657284,16.564648098085595],[-97.94465493056234,16.563920628602368],[-97.97476761375594,16.55846460747816],[-97.97476761375594,16.570467853951413],[-98.08792790744143,16.570467853951413],[-98.06637356578705,16.6126610839786],[-98.02389883370343,16.666130090995814],[-98.0277025410542,16.697593146145397],[-97.97635249181877,16.67958827643552],[-97.94085122321157,16.643396669644957]]]}},{"type":"Feature","properties":{"cvegeo":"20416","cve_ent":"20","state_code":"OAX","nom_mun":"Santa María Ixcatlán"},"geometry":{"type":"Polygon","coordinates":[[[-97.0479309226178,17.8639085951297],[-97.13668409413582,17.799891280605692],[-97.19532458246022,17.7842506867163],[-97.24318789995743,17.81262199656217],[-97.24572370485795,17.91537706106804],[-97.20927150941304,17.86572726883777],[-97.17630604570635,17.901555140886718],[-97.07677570336115,17.901009538774296],[-97.0479309226178,17.8639085951297]]]}},{"type":"Feature","properties":{"cvegeo":"20422","cve_ent":"20","state_code":"OAX","nom_mun":"Santa María Nativitas"},"geometry":{"type":"Polygon","coordinates":[[[-97.32465063238647,17.608203071775275],[-97.38360809632344,17.65348804710618],[-97.33447687637596,17.680222550614786],[-97.29992653460646,17.654761118701828],[-97.30024351021902,17.616387103461584],[-97.32465063238647,17.608203071775275]]]}},{"type":"Feature","properties":{"cvegeo":"20423","cve_ent":"20","state_code":"OAX","nom_mun":"Santa María Nduayaco"},"geometry":{"type":"Polygon","coordinates":[[[-97.46633873120274,17.42688130308085],[-97.44415043832323,17.35758983480344],[-97.44288253587297,17.349223935746327],[-97.52941687810304,17.37723151085058],[-97.54558263434382,17.388689155211413],[-97.55002029291973,17.414332454495177],[-97.52656409758995,17.452524602364615],[-97.49042887775762,17.45634381715156],[-97.46633873120274,17.42688130308085]]]}},{"type":"Feature","properties":{"cvegeo":"20429","cve_ent":"20","state_code":"OAX","nom_mun":"Santa María Sola"},"geometry":{"type":"Polygon","coordinates":[[[-96.99689784899493,16.59211007107743],[-96.9927771660316,16.548643769454593],[-97.04159141036651,16.514998305855325],[-97.0789945326491,16.556464066399286],[-97.0558553129319,16.57174092554706],[-97.0213049711624,16.575560140334005],[-97.03493492250266,16.61848083984442],[-96.99689784899493,16.59211007107743]]]}},{"type":"Feature","properties":{"cvegeo":"20430","cve_ent":"20","state_code":"OAX","nom_mun":"Santa María Tataltepec"},"geometry":{"type":"Polygon","coordinates":[[[-97.38075531581036,17.095518953470776],[-97.39216643786267,17.11388755792227],[-97.44193160903528,17.1253452022831],[-97.43781092607195,17.133711101340214],[-97.4238639991191,17.150261032083638],[-97.36871024253291,17.162082411186084],[-97.3671253644701,17.11316008843904],[-97.38075531581036,17.095518953470776]]]}},{"type":"Feature","properties":{"cvegeo":"20431","cve_ent":"20","state_code":"OAX","nom_mun":"Santa María Tecomavaca"},"geometry":{"type":"Polygon","coordinates":[[[-97.11512975248144,18.044866629082513],[-97.0460290689424,17.97684823240075],[-96.98326789765467,18.027043626743442],[-96.93603853138258,17.936291808710827],[-96.97185677560235,17.917377602146914],[-97.00228643440853,17.92574350120403],[-97.03113121515189,17.895189782908478],[-97.01211267839803,17.869546483624713],[-97.0479309226178,17.8639085951297],[-97.07677570336115,17.901009538774296],[-97.17630604570635,17.901555140886718],[-97.20927150941304,17.86572726883777],[-97.24572370485795,17.91537706106804],[-97.19564155807278,17.970301007051706],[-97.19215482633457,18.03522765842975],[-97.11512975248144,18.044866629082513]]]}},{"type":"Feature","properties":{"cvegeo":"20433","cve_ent":"20","state_code":"OAX","nom_mun":"Santa María Temaxcaltepec"},"geometry":{"type":"Polygon","coordinates":[[[-97.14619336251275,16.137441644060313],[-97.15855541140276,16.131076286082074],[-97.22416936320357,16.172542046626035],[-97.19944526542355,16.19363866163963],[-97.18010975305712,16.20691497970853],[-97.17250233835559,16.167267892872637],[-97.14524243567504,16.169814036063933],[-97.14619336251275,16.137441644060313]]]}},{"type":"Feature","properties":{"cvegeo":"20434","cve_ent":"20","state_code":"OAX","nom_mun":"Santa María Teopoxco"},"geometry":{"type":"Polygon","coordinates":[[[-96.93698945822027,18.216003825011754],[-96.93920828750822,18.17126445179327],[-96.96932097070183,18.132344834440605],[-96.99531297093212,18.1534414494542],[-97.00450526369647,18.198544557414298],[-96.94111014118361,18.21964117242789],[-96.93698945822027,18.216003825011754]]]}},{"type":"Feature","properties":{"cvegeo":"20436","cve_ent":"20","state_code":"OAX","nom_mun":"Santa María Texcatitlán"},"geometry":{"type":"Polygon","coordinates":[[[-97.0799454594868,17.6858604391098],[-97.08818682541347,17.67822200953591],[-97.10149980114117,17.694771940279335],[-97.06599853253397,17.736965170306522],[-97.00957687349751,17.75969859165738],[-97.01369755646084,17.72096084167552],[-97.0799454594868,17.6858604391098]]]}},{"type":"Feature","properties":{"cvegeo":"20444","cve_ent":"20","state_code":"OAX","nom_mun":"Santa María Yolotepec"},"geometry":{"type":"Polygon","coordinates":[[[-97.42830165769502,16.888190150750972],[-97.40833219410347,16.8676391378498],[-97.45270877986246,16.87673250639014],[-97.50976439012405,16.87164022000755],[-97.45904829211375,16.894737376100018],[-97.42830165769502,16.888190150750972]]]}},{"type":"Feature","properties":{"cvegeo":"20445","cve_ent":"20","state_code":"OAX","nom_mun":"Santa María Yosoyúa"},"geometry":{"type":"Polygon","coordinates":[[[-97.50500975593559,17.069148184703785],[-97.52022458533867,17.092790942908675],[-97.53005082932818,17.132983631856987],[-97.49074585337019,17.14044019406007],[-97.47584799957967,17.104794189381927],[-97.47743287764249,17.07696848164848],[-97.50500975593559,17.069148184703785]]]}},{"type":"Feature","properties":{"cvegeo":"20446","cve_ent":"20","state_code":"OAX","nom_mun":"Santa María Yucuhiti"},"geometry":{"type":"Polygon","coordinates":[[[-97.77475600222785,17.076604746906867],[-97.76778253875143,17.01567917768657],[-97.7947254658194,17.010405023933174],[-97.79123873408119,16.977123295075522],[-97.8169137586989,16.96693872231034],[-97.83783414912816,17.02604561782256],[-97.84417366137944,17.078787155356547],[-97.82040049043711,17.08842612600931],[-97.77475600222785,17.076604746906867]]]}},{"type":"Feature","properties":{"cvegeo":"20447","cve_ent":"20","state_code":"OAX","nom_mun":"Santa María Zacatepec"},"geometry":{"type":"Polygon","coordinates":[[[-97.84575853944226,16.743969325701144],[-97.83973600280353,16.71141506632672],[-97.89298790571435,16.71141506632672],[-97.89996136919076,16.66412954991694],[-97.94085122321157,16.643396669644957],[-97.97635249181877,16.67958827643552],[-98.0277025410542,16.697593146145397],[-98.06890937068756,16.7401501109142],[-98.1085313222581,16.74142318250985],[-98.13579122493864,16.75742751114085],[-98.10789737103298,16.76161046066941],[-98.07239610242577,16.87345889371562],[-98.08095444396501,16.88491653807645],[-97.97476761375594,16.877096241131756],[-97.91866293033206,16.849634268139923],[-97.91422527175617,16.890190691829847],[-97.9031311253164,16.892009365537916],[-97.87904097876152,16.863274320950435],[-97.864143124971,16.78579882098672],[-97.84575853944226,16.743969325701144]]]}},{"type":"Feature","properties":{"cvegeo":"20448","cve_ent":"20","state_code":"OAX","nom_mun":"Santa María Zaniza"},"geometry":{"type":"Polygon","coordinates":[[[-97.24667463169564,16.641941730678504],[-97.29485492480542,16.605568256517135],[-97.34620497404084,16.613206686091022],[-97.36268770589419,16.580652426716597],[-97.38963063296217,16.5781062835253],[-97.40738126726576,16.596474887976793],[-97.45080692618708,16.66467515202936],[-97.4346411699463,16.678315204839873],[-97.32116390064826,16.689590981829898],[-97.24667463169564,16.641941730678504]]]}},{"type":"Feature","properties":{"cvegeo":"20450","cve_ent":"20","state_code":"OAX","nom_mun":"Santiago Amoltepec"},"geometry":{"type":"Polygon","coordinates":[[[-97.55477492710818,16.677042133244225],[-97.51166624379944,16.70723211679816],[-97.45080692618708,16.66467515202936],[-97.40738126726576,16.596474887976793],[-97.45746341405093,16.60174904173019],[-97.46982546294095,16.578288150896107],[-97.5484354148569,16.583198569907893],[-97.57506136631231,16.57301399714271],[-97.62229073258439,16.586472182582416],[-97.6257774643226,16.608841869191657],[-97.6257774643226,16.609023736562463],[-97.5912271225531,16.65594551823063],[-97.55477492710818,16.677042133244225]]]}},{"type":"Feature","properties":{"cvegeo":"20451","cve_ent":"20","state_code":"OAX","nom_mun":"Santiago Apoala"},"geometry":{"type":"Polygon","coordinates":[[[-97.10149980114117,17.694771940279335],[-97.08818682541347,17.67822200953591],[-97.11861648421964,17.640575463778895],[-97.11481277686887,17.593289947369115],[-97.13129550872222,17.578922425075373],[-97.16140819191583,17.588561395728135],[-97.16267609436609,17.650941903914884],[-97.179475801832,17.67312972315332],[-97.16140819191583,17.706411452010972],[-97.10720536216732,17.717323494259382],[-97.10149980114117,17.694771940279335]]]}},{"type":"Feature","properties":{"cvegeo":"20456","cve_ent":"20","state_code":"OAX","nom_mun":"Santiago Cacaloxtepec"},"geometry":{"type":"Polygon","coordinates":[[[-97.6898065380606,17.742057456689114],[-97.71928527002909,17.71459548369728],[-97.77095229487708,17.694226338166914],[-97.77792575835349,17.694226338166914],[-97.77222019732733,17.71823283111342],[-97.75383561179859,17.752969498937524],[-97.72308897737986,17.7682463580853],[-97.6898065380606,17.742057456689114]]]}},{"type":"Feature","properties":{"cvegeo":"20459","cve_ent":"20","state_code":"OAX","nom_mun":"Santiago Chazumba"},"geometry":{"type":"Polygon","coordinates":[[[-97.64257717178852,18.187086913053466],[-97.65208644016545,18.176902340288283],[-97.66635034273084,18.161079879028087],[-97.62324165942209,18.136891518710776],[-97.61721912278337,18.0710555304787],[-97.65937687925442,18.089787869671802],[-97.68410097703445,18.08069450113146],[-97.67871239162085,18.148349163071607],[-97.72499083105524,18.111066352056206],[-97.76651463630117,18.133617906036253],[-97.76017512404988,18.142347539834983],[-97.73006244085627,18.169991380197622],[-97.74622819709705,18.20763792595464],[-97.77095229487708,18.216003825011754],[-97.78775200234298,18.17308312550134],[-97.83941902719097,18.17126445179327],[-97.85019619801817,18.18854185201992],[-97.844490636992,18.216003825011754],[-97.79726127071991,18.282931017468673],[-97.78363131937965,18.28602276277239],[-97.74971492883526,18.275838190007207],[-97.66349756221776,18.29184251863821],[-97.64384507423877,18.279475537423345],[-97.64257717178852,18.187086913053466]]]}},{"type":"Feature","properties":{"cvegeo":"20461","cve_ent":"20","state_code":"OAX","nom_mun":"Santiago del Río"},"geometry":{"type":"Polygon","coordinates":[[[-98.07112819997552,17.484351392255814],[-98.06478868772423,17.472893747894982],[-98.09838810265605,17.39450891107723],[-98.1414967859648,17.379959521412683],[-98.11170107838375,17.454343276072684],[-98.07112819997552,17.484351392255814]]]}},{"type":"Feature","properties":{"cvegeo":"20462","cve_ent":"20","state_code":"OAX","nom_mun":"Santiago Huajolotitlán"},"geometry":{"type":"Polygon","coordinates":[[[-97.61880400084618,17.823534038810582],[-97.65018458649006,17.78552375831195],[-97.64479600107646,17.7682463580853],[-97.6356037083121,17.745331069363637],[-97.6898065380606,17.742057456689114],[-97.72308897737986,17.7682463580853],[-97.74274146535885,17.821715365102513],[-97.71516458706574,17.886278281738942],[-97.68283307458418,17.83171807049689],[-97.61880400084618,17.823534038810582]]]}},{"type":"Feature","properties":{"cvegeo":"20463","cve_ent":"20","state_code":"OAX","nom_mun":"Santiago Huauclilla"},"geometry":{"type":"Polygon","coordinates":[[[-97.04127443475394,17.534910521340116],[-96.99562994654468,17.506175476752635],[-97.01655033697392,17.54054840983513],[-96.987388580618,17.555825268982904],[-96.95600799497413,17.536729195048185],[-96.97629443417826,17.50872161994393],[-97.01781823942419,17.49780957769552],[-97.01908614187444,17.47998657535645],[-97.02225589800008,17.45288833710623],[-97.0558553129319,17.423789557777134],[-97.10371863042911,17.43506533476716],[-97.13066155749709,17.472166278411756],[-97.06948526427217,17.489443678638406],[-97.08121336193705,17.518178723225887],[-97.04127443475394,17.534910521340116]]]}},{"type":"Feature","properties":{"cvegeo":"20464","cve_ent":"20","state_code":"OAX","nom_mun":"Santiago Ihuitlán Plumas"},"geometry":{"type":"Polygon","coordinates":[[[-97.39311736470037,17.863181125646474],[-97.38867970612446,17.825716447260262],[-97.39628712082602,17.82426150829381],[-97.40009082817679,17.82298843669816],[-97.42798468208245,17.82880819256398],[-97.4336902431086,17.8771849131986],[-97.48694214601942,17.90846610097738],[-97.52561317075227,17.917377602146914],[-97.5306847805533,17.93083578758662],[-97.52212643901406,17.939201686643734],[-97.45048995057452,17.90846610097738],[-97.39311736470037,17.863181125646474]]]}},{"type":"Feature","properties":{"cvegeo":"20466","cve_ent":"20","state_code":"OAX","nom_mun":"Santiago Ixtayutla"},"geometry":{"type":"Polygon","coordinates":[[[-97.6257774643226,16.608841869191657],[-97.6257774643226,16.609023736562463],[-97.6257774643226,16.608841869191657],[-97.62229073258439,16.586472182582416],[-97.57506136631231,16.57301399714271],[-97.53924312209253,16.502813192011267],[-97.5405110245428,16.48007977066041],[-97.61817004962106,16.437704673262417],[-97.63053209851107,16.46516664625425],[-97.68441795264701,16.469167728412],[-97.7262587335055,16.470804534749263],[-97.74844702638501,16.498266507741096],[-97.7734880997776,16.475896821131855],[-97.84956224679303,16.485172057043002],[-97.83276253932712,16.513725234259677],[-97.8543168809815,16.554099790578796],[-97.85938849078252,16.565557434939628],[-97.84195483209149,16.593383142673076],[-97.79884614878274,16.600475970134543],[-97.79250663653146,16.62266378937298],[-97.70343648940087,16.622118187260558],[-97.6257774643226,16.608841869191657]]]}},{"type":"Feature","properties":{"cvegeo":"20467","cve_ent":"20","state_code":"OAX","nom_mun":"Santiago Jamiltepec"},"geometry":{"type":"Polygon","coordinates":[[[-97.59883453725463,16.259110915130094],[-97.5991515128672,16.243470321240704],[-97.640041366888,16.206187510225302],[-97.66888614763135,16.238378034858112],[-97.71453063584062,16.215280878765643],[-97.74464331903424,16.145989410488234],[-97.7262587335055,16.091611066616988],[-97.75193375812322,16.038142059599775],[-97.79123873408119,16.01249876031601],[-97.79060478285606,15.985764256807403],[-97.90788575950488,16.063603491512733],[-97.87840702753638,16.193456794268823],[-97.84956224679303,16.26620374259156],[-97.86097336884535,16.295848124033075],[-97.83339649055225,16.29893986933679],[-97.79662731949479,16.357501162736597],[-97.77380507539016,16.413516312945106],[-97.73766985555781,16.460801829354885],[-97.69804790398727,16.442978827015814],[-97.7075571723642,16.405514148629603],[-97.6834670258093,16.35259074372481],[-97.70533834307625,16.30839697261875],[-97.75859024598707,16.342042436218016],[-97.78743502673042,16.31803594327151],[-97.76746556313887,16.253654894005887],[-97.73862078239551,16.241651647532635],[-97.59883453725463,16.259110915130094]]]}},{"type":"Feature","properties":{"cvegeo":"20469","cve_ent":"20","state_code":"OAX","nom_mun":"Santiago Juxtlahuaca"},"geometry":{"type":"Polygon","coordinates":[[[-97.99632195541032,17.392508369998357],[-97.96018673557799,17.35995411062393],[-97.9351456621854,17.335583882935815],[-97.90281414970384,17.349223935746327],[-97.94877561352567,17.304484562527843],[-97.8952067350023,17.23373815528398],[-97.91581014981898,17.202093232763588],[-97.88316166172486,17.182815291458063],[-97.89457278377716,17.1280732128452],[-97.876505173861,17.061691622500703],[-97.9262703450336,17.04932464128584],[-97.96050371119055,17.06933005207459],[-98.00202751643648,17.060054816163444],[-98.01692537022701,17.088607993380116],[-98.04893990709601,17.07060312367024],[-97.99093336999674,17.046778498094543],[-97.9804731747821,17.024045076743686],[-98.02516673615368,17.018952790361094],[-98.00773307746265,17.039867538003882],[-98.07271307803833,17.064237765692],[-98.06035102914832,17.07860528798574],[-98.06954332191269,17.124072130687452],[-98.09870507826861,17.08387944173914],[-98.18365454243586,17.117706772709212],[-98.16622088374481,17.125163334912294],[-98.15797951781815,17.19736468112261],[-98.1681227374202,17.249015014431755],[-98.20267307918972,17.231192012092684],[-98.21218234756665,17.261200128275814],[-98.18650732294894,17.286661560188772],[-98.16748878619508,17.28284234540183],[-98.1272328833994,17.25337983133112],[-98.1085313222581,17.222098643552343],[-98.08032049273987,17.291026377088137],[-98.01565746777675,17.34667779255503],[-98.01755932145214,17.397055054268527],[-97.99632195541032,17.392508369998357]]]}},{"type":"Feature","properties":{"cvegeo":"20237","cve_ent":"20","state_code":"OAX","nom_mun":"San Marcos Arteaga"},"geometry":{"type":"Polygon","coordinates":[[[-97.89710858867768,17.7815226761542],[-97.91200644246821,17.75787991794931],[-97.85209805169355,17.72969047547425],[-97.8169137586989,17.75606124424124],[-97.77222019732733,17.71823283111342],[-97.77792575835349,17.694226338166914],[-97.78965385601838,17.716596024776155],[-97.86858078354689,17.699318624549505],[-97.92214966207027,17.698227420324663],[-97.94085122321157,17.72969047547425],[-98.0498908339337,17.720778974304714],[-98.0498908339337,17.7204152395631],[-98.0498908339337,17.720778974304714],[-98.06700751701217,17.719687770079872],[-98.05369454128447,17.752242029454298],[-98.00931795552546,17.737510772418943],[-97.98998244315904,17.752242029454298],[-97.94655678423773,17.746240406217673],[-97.96494136976645,17.784068819345496],[-97.91073854001795,17.80516543435909],[-97.89710858867768,17.7815226761542]]]}},{"type":"Feature","properties":{"cvegeo":"20105","cve_ent":"20","state_code":"OAX","nom_mun":"San Antonino Monte Verde"},"geometry":{"type":"Polygon","coordinates":[[[-97.73640195310756,17.590925671548625],[-97.69741395276215,17.54982364574628],[-97.70026673327523,17.46725585939997],[-97.70121766011292,17.45507074555591],[-97.79377453898171,17.491626087088086],[-97.80423473419633,17.525089683316548],[-97.73640195310756,17.590925671548625]]]}},{"type":"Feature","properties":{"cvegeo":"20106","cve_ent":"20","state_code":"OAX","nom_mun":"San Antonio Acutla"},"geometry":{"type":"Polygon","coordinates":[[[-97.49486653633353,17.72096084167552],[-97.50944741451148,17.756424978982857],[-97.48028565815557,17.76879196019772],[-97.47014243855351,17.73187288392393],[-97.49486653633353,17.72096084167552]]]}},{"type":"Feature","properties":{"cvegeo":"20109","cve_ent":"20","state_code":"OAX","nom_mun":"San Antonio Nanahuatípam"},"geometry":{"type":"Polygon","coordinates":[[[-97.0888207766386,18.149076632554834],[-97.10942419145528,18.118704781630093],[-97.17345326519327,18.105428463561193],[-97.1883511189838,18.12634321120398],[-97.21370916798895,18.10670153515684],[-97.21434311921408,18.163626022219383],[-97.16774770416711,18.20072696586398],[-97.13383131362274,18.157806266353564],[-97.0888207766386,18.149076632554834]]]}},{"type":"Feature","properties":{"cvegeo":"20110","cve_ent":"20","state_code":"OAX","nom_mun":"San Antonio Sinicahua"},"geometry":{"type":"Polygon","coordinates":[[[-97.57886507366308,17.175176861884175],[-97.57379346386205,17.18990811891953],[-97.54272985383075,17.173540055546916],[-97.5671369759982,17.125163334912294],[-97.58552156152693,17.111341414730973],[-97.60580800073105,17.158990665882367],[-97.57886507366308,17.175176861884175]]]}},{"type":"Feature","properties":{"cvegeo":"20208","cve_ent":"20","state_code":"OAX","nom_mun":"San Juan Mixtepec -Dto. 08 -"},"geometry":{"type":"Polygon","coordinates":[[[-97.76080907527502,17.3484964662631],[-97.76936741681425,17.299937878257673],[-97.78014458764144,17.238102972183345],[-97.81596283186121,17.22864586890139],[-97.83688322229045,17.264473740950336],[-97.88442956417511,17.23319255317156],[-97.8952067350023,17.23373815528398],[-97.94877561352567,17.304484562527843],[-97.90281414970384,17.349223935746327],[-97.9351456621854,17.335583882935815],[-97.96018673557799,17.35995411062393],[-97.95511512577696,17.39450891107723],[-97.91517619859385,17.41415058712437],[-97.90598390582949,17.436520273733613],[-97.87999190559921,17.42178901669826],[-97.8543168809815,17.450705928656546],[-97.8454415638297,17.502719996707306],[-97.8375171735156,17.43506533476716],[-97.78553317305503,17.397055054268527],[-97.76080907527502,17.3484964662631]]]}},{"type":"Feature","properties":{"cvegeo":"20210","cve_ent":"20","state_code":"OAX","nom_mun":"San Juan Ñumí"},"geometry":{"type":"Polygon","coordinates":[[[-97.80423473419633,17.525089683316548],[-97.79377453898171,17.491626087088086],[-97.70121766011292,17.45507074555591],[-97.65525619629109,17.402874810134346],[-97.65018458649006,17.379413919300262],[-97.69804790398727,17.351770078937623],[-97.76080907527502,17.3484964662631],[-97.78553317305503,17.397055054268527],[-97.8375171735156,17.43506533476716],[-97.8454415638297,17.502719996707306],[-97.80423473419633,17.525089683316548]]]}},{"type":"Feature","properties":{"cvegeo":"20213","cve_ent":"20","state_code":"OAX","nom_mun":"San Juan Quiahije"},"geometry":{"type":"Polygon","coordinates":[[[-97.30975277859595,16.386963676807305],[-97.31767716891005,16.33131226134041],[-97.28788146132901,16.34531604889254],[-97.29580585164311,16.318581545383932],[-97.24223697311974,16.32258262754168],[-97.2577687781354,16.28475421441386],[-97.32369970554878,16.267658681558014],[-97.351910535067,16.27020482474931],[-97.3750497547842,16.309851911585202],[-97.43273931627091,16.30475962520261],[-97.44002975535989,16.280207530143688],[-97.44510136516092,16.3389506909143],[-97.43622604800912,16.372959889255178],[-97.39438526715062,16.39823945379733],[-97.37948741336011,16.442433224903393],[-97.36110282783137,16.418608599327698],[-97.33384292515083,16.422791548856253],[-97.30975277859595,16.386963676807305]]]}},{"type":"Feature","properties":{"cvegeo":"20218","cve_ent":"20","state_code":"OAX","nom_mun":"San Juan Teita"},"geometry":{"type":"Polygon","coordinates":[[[-97.39216643786267,17.11388755792227],[-97.40230965746474,17.033320312654837],[-97.41974331615577,17.023499474631265],[-97.45461063353785,17.040958742228725],[-97.47743287764249,17.07696848164848],[-97.47584799957967,17.104794189381927],[-97.44193160903528,17.1253452022831],[-97.39216643786267,17.11388755792227]]]}},{"type":"Feature","properties":{"cvegeo":"20221","cve_ent":"20","state_code":"OAX","nom_mun":"San Juan Teposcolula"},"geometry":{"type":"Polygon","coordinates":[[[-97.3696611693706,17.576740016625692],[-97.39945687695166,17.572557067097133],[-97.40040780378935,17.52781769387865],[-97.4390788285222,17.52090673378799],[-97.46095014578914,17.546368165700947],[-97.45904829211375,17.59801849901009],[-97.38455902316113,17.656943527151512],[-97.38360809632344,17.65348804710618],[-97.3696611693706,17.576740016625692]]]}},{"type":"Feature","properties":{"cvegeo":"20224","cve_ent":"20","state_code":"OAX","nom_mun":"San Juan Yucuita"},"geometry":{"type":"Polygon","coordinates":[[[-97.25554994884745,17.529090765474297],[-97.25840272936053,17.48053217746887],[-97.29390399796773,17.499082649291168],[-97.29707375409338,17.51508697792217],[-97.27837219295208,17.517633121113466],[-97.27583638805156,17.51799685585508],[-97.28376077836568,17.553097258420802],[-97.25618390007257,17.561463157477917],[-97.25554994884745,17.529090765474297]]]}},{"type":"Feature","properties":{"cvegeo":"20225","cve_ent":"20","state_code":"OAX","nom_mun":"San Lorenzo"},"geometry":{"type":"Polygon","coordinates":[[[-97.83466439300251,16.388782350515374],[-97.86065639323279,16.37914337986261],[-97.91802897910694,16.386236207324078],[-97.92341756452052,16.425701426789164],[-97.85938849078252,16.45698261456794],[-97.83466439300251,16.388782350515374]]]}},{"type":"Feature","properties":{"cvegeo":"20228","cve_ent":"20","state_code":"OAX","nom_mun":"San Lorenzo Cuaunecuiltitla"},"geometry":{"type":"Polygon","coordinates":[[[-96.91068048237743,18.23873724636261],[-96.9046579457387,18.23764604213777],[-96.91289931166538,18.195998414223002],[-96.92050672636692,18.19036052572799],[-96.93635550699514,18.216549427124175],[-96.91068048237743,18.23873724636261]]]}},{"type":"Feature","properties":{"cvegeo":"20229","cve_ent":"20","state_code":"OAX","nom_mun":"San Lorenzo Texmelúcan"},"geometry":{"type":"Polygon","coordinates":[[[-97.28724751010388,16.4957203645498],[-97.22543726565382,16.541369074622317],[-97.21561102166433,16.57756068141288],[-97.17852487499431,16.597929826943247],[-97.15697053333993,16.59083699948178],[-97.11766555738195,16.506268672056596],[-97.12051833789504,16.484990189672196],[-97.16489492365403,16.47607868850266],[-97.18803414337124,16.471168269490875],[-97.24223697311974,16.494083558212537],[-97.28724751010388,16.4957203645498]]]}},{"type":"Feature","properties":{"cvegeo":"20234","cve_ent":"20","state_code":"OAX","nom_mun":"San Lucas Zoquiápam"},"geometry":{"type":"Polygon","coordinates":[[[-96.90307306767589,18.148712897813223],[-96.8834205796969,18.14762169358838],[-96.86154926242996,18.12852561965366],[-96.8735943357074,18.09578949290843],[-96.89039404317332,18.072510469445152],[-96.96678516580133,18.090333471784223],[-96.96805306825158,18.11015701520217],[-96.96805306825158,18.12397893538349],[-96.90307306767589,18.148712897813223]]]}},{"type":"Feature","properties":{"cvegeo":"20239","cve_ent":"20","state_code":"OAX","nom_mun":"San Martín Huamelúlpam"},"geometry":{"type":"Polygon","coordinates":[[[-97.57442741508717,17.427608772564078],[-97.56301629303486,17.413786852382756],[-97.60105336654259,17.373230428692832],[-97.6257774643226,17.369047479164273],[-97.65018458649006,17.379413919300262],[-97.65525619629109,17.402874810134346],[-97.57442741508717,17.427608772564078]]]}},{"type":"Feature","properties":{"cvegeo":"20240","cve_ent":"20","state_code":"OAX","nom_mun":"San Martín Itunyoso"},"geometry":{"type":"Polygon","coordinates":[[[-97.81596283186121,17.22864586890139],[-97.82166839288737,17.1864526388742],[-97.85495083220663,17.207549253887795],[-97.88316166172486,17.182815291458063],[-97.91581014981898,17.202093232763588],[-97.8952067350023,17.23373815528398],[-97.88442956417511,17.23319255317156],[-97.83688322229045,17.264473740950336],[-97.81596283186121,17.22864586890139]]]}},{"type":"Feature","properties":{"cvegeo":"20242","cve_ent":"20","state_code":"OAX","nom_mun":"San Martín Peras"},"geometry":{"type":"Polygon","coordinates":[[[-98.20362400602741,17.43142798735102],[-98.15702859098045,17.381050725637525],[-98.1690736642579,17.36868374442266],[-98.16748878619508,17.28284234540183],[-98.18650732294894,17.286661560188772],[-98.24895151862411,17.28975330549249],[-98.25243825036232,17.30757630783156],[-98.29776576295902,17.272657772636645],[-98.3228068363516,17.27465831371552],[-98.30505620204801,17.327581718620312],[-98.2873055677444,17.32885479021596],[-98.30537317766057,17.394327043706426],[-98.33580283646674,17.45634381715156],[-98.33231610472853,17.47180254367014],[-98.29586390928364,17.442703764341047],[-98.20362400602741,17.43142798735102]]]}},{"type":"Feature","properties":{"cvegeo":"20244","cve_ent":"20","state_code":"OAX","nom_mun":"San Martín Toxpalan"},"geometry":{"type":"Polygon","coordinates":[[[-97.0932584352145,18.069964326253857],[-97.09959794746578,18.090879073896645],[-96.99531297093212,18.1534414494542],[-96.96932097070183,18.132344834440605],[-96.96805306825158,18.12397893538349],[-96.96805306825158,18.11015701520217],[-97.06346272763345,18.069964326253857],[-97.0932584352145,18.069964326253857]]]}},{"type":"Feature","properties":{"cvegeo":"20245","cve_ent":"20","state_code":"OAX","nom_mun":"San Martín Zacatepec"},"geometry":{"type":"Polygon","coordinates":[[[-98.04577015097037,17.819896691394444],[-98.03245717524266,17.80789344492119],[-98.06954332191269,17.771883705501438],[-98.11613873695966,17.834264213688186],[-98.0676414682373,17.856088298185007],[-98.04577015097037,17.819896691394444]]]}},{"type":"Feature","properties":{"cvegeo":"20249","cve_ent":"20","state_code":"OAX","nom_mun":"San Mateo Yoloxochitlán"},"geometry":{"type":"Polygon","coordinates":[[[-96.85679462824149,18.153259582083393],[-96.85330789650328,18.15162277574613],[-96.86154926242996,18.12852561965366],[-96.8834205796969,18.14762169358838],[-96.85679462824149,18.153259582083393]]]}},{"type":"Feature","properties":{"cvegeo":"20250","cve_ent":"20","state_code":"OAX","nom_mun":"San Mateo Etlatongo"},"geometry":{"type":"Polygon","coordinates":[[[-97.22543726565382,17.41997034299019],[-97.25174624149668,17.405420953325642],[-97.29580585164311,17.397782523751754],[-97.28788146132901,17.436520273733613],[-97.2568178512977,17.449069122319287],[-97.22543726565382,17.41997034299019]]]}},{"type":"Feature","properties":{"cvegeo":"20251","cve_ent":"20","state_code":"OAX","nom_mun":"San Mateo Nejápam"},"geometry":{"type":"Polygon","coordinates":[[[-98.40395259316809,17.692953266571266],[-98.40046586142986,17.652760577622953],[-98.37162108068651,17.62984528890129],[-98.37700966610011,17.605111326471558],[-98.41251093470731,17.600928376943003],[-98.46100820342966,17.63039089101371],[-98.47083444741915,17.677858274794296],[-98.40395259316809,17.692953266571266]]]}},{"type":"Feature","properties":{"cvegeo":"20252","cve_ent":"20","state_code":"OAX","nom_mun":"San Mateo Peñasco"},"geometry":{"type":"Polygon","coordinates":[[[-97.43781092607195,17.133711101340214],[-97.44193160903528,17.1253452022831],[-97.47584799957967,17.104794189381927],[-97.49074585337019,17.14044019406007],[-97.53005082932818,17.132983631856987],[-97.5671369759982,17.125163334912294],[-97.54272985383075,17.173540055546916],[-97.48218751183096,17.164264819635765],[-97.45809736527606,17.174813127142563],[-97.43781092607195,17.133711101340214]]]}},{"type":"Feature","properties":{"cvegeo":"20255","cve_ent":"20","state_code":"OAX","nom_mun":"San Mateo Sindihui"},"geometry":{"type":"Polygon","coordinates":[[[-97.3385975593393,17.065147102546035],[-97.3217978518734,17.039140068520656],[-97.32274877871109,16.9500250568253],[-97.43749395045938,16.94093168828496],[-97.42164516983117,16.950752526308527],[-97.41974331615577,17.023499474631265],[-97.40230965746474,17.033320312654837],[-97.39216643786267,17.11388755792227],[-97.38075531581036,17.095518953470776],[-97.36490653518214,17.059509214051022],[-97.3385975593393,17.065147102546035]]]}},{"type":"Feature","properties":{"cvegeo":"20256","cve_ent":"20","state_code":"OAX","nom_mun":"San Mateo Tlapiltepec"},"geometry":{"type":"Polygon","coordinates":[[[-97.42798468208245,17.82880819256398],[-97.40009082817679,17.82298843669816],[-97.42323004789398,17.77915840033371],[-97.45619551160067,17.791161646806962],[-97.447954145674,17.8266257841143],[-97.42798468208245,17.82880819256398]]]}},{"type":"Feature","properties":{"cvegeo":"20258","cve_ent":"20","state_code":"OAX","nom_mun":"San Miguel Achiutla"},"geometry":{"type":"Polygon","coordinates":[[[-97.42101121860603,17.315396604776254],[-97.41530565757988,17.291753846571364],[-97.49581746317122,17.270475364186964],[-97.5386091708674,17.294481857133466],[-97.52941687810304,17.330491596553223],[-97.50913043889892,17.315942206888675],[-97.44288253587297,17.349223935746327],[-97.44351648709811,17.3484964662631],[-97.42101121860603,17.315396604776254]]]}},{"type":"Feature","properties":{"cvegeo":"20259","cve_ent":"20","state_code":"OAX","nom_mun":"San Miguel Ahuehuetitlán"},"geometry":{"type":"Polygon","coordinates":[[[-98.2695549334408,17.702410369853222],[-98.30378829959774,17.627844747822415],[-98.30505620204801,17.645122148049065],[-98.36654947088549,17.637847453216793],[-98.36750039772318,17.659671537713614],[-98.40395259316809,17.692953266571266],[-98.32122195828879,17.729326740732635],[-98.2695549334408,17.702410369853222]]]}},{"type":"Feature","properties":{"cvegeo":"20261","cve_ent":"20","state_code":"OAX","nom_mun":"San Miguel Amatitlán"},"geometry":{"type":"Polygon","coordinates":[[[-98.10726341980785,17.98266798826657],[-98.05147571199652,17.981940518783343],[-98.05210966322166,17.92738030754129],[-97.98332595529519,17.92447042960838],[-97.98269200407006,17.88573267962652],[-97.90883668634257,17.84899547072354],[-97.90820273511744,17.83517355054222],[-97.91073854001795,17.80516543435909],[-97.96494136976645,17.784068819345496],[-97.9769864430439,17.807165975437965],[-97.96620927221672,17.86445419724212],[-98.00171054082392,17.878094250052634],[-98.00805005307521,17.845358123307403],[-98.04577015097037,17.819896691394444],[-98.0676414682373,17.856088298185007],[-98.06922634630013,17.881913464839577],[-98.10028995633144,17.892643639717182],[-98.0952183465304,17.927744042282903],[-98.1104331759335,17.980667447187695],[-98.12976868829992,17.977939436625594],[-98.10726341980785,17.98266798826657]]]}},{"type":"Feature","properties":{"cvegeo":"20264","cve_ent":"20","state_code":"OAX","nom_mun":"San Miguel Chicahua"},"geometry":{"type":"Polygon","coordinates":[[[-97.19849433858586,17.591653141031852],[-97.24508975363283,17.60220144853865],[-97.23082585106742,17.642394137486964],[-97.179475801832,17.67312972315332],[-97.16267609436609,17.650941903914884],[-97.16140819191583,17.588561395728135],[-97.19849433858586,17.591653141031852]]]}},{"type":"Feature","properties":{"cvegeo":"20269","cve_ent":"20","state_code":"OAX","nom_mun":"San Miguel el Grande"},"geometry":{"type":"Polygon","coordinates":[[[-97.60580800073105,17.158990665882367],[-97.58552156152693,17.111341414730973],[-97.56586907354794,17.072239930007502],[-97.56460117109768,17.069693786816206],[-97.5893252688777,17.05332572344359],[-97.62989814728594,16.988399072065544],[-97.64321112301364,16.98294305094134],[-97.64638087913929,17.043686752790826],[-97.63306790341159,17.090426667088185],[-97.6533543426157,17.122617191720998],[-97.63370185463671,17.16626536071464],[-97.60580800073105,17.158990665882367]]]}},{"type":"Feature","properties":{"cvegeo":"20270","cve_ent":"20","state_code":"OAX","nom_mun":"San Miguel Huautla"},"geometry":{"type":"Polygon","coordinates":[[[-97.13668409413582,17.799891280605692],[-97.11481277686887,17.778976532962904],[-97.10720536216732,17.717323494259382],[-97.16140819191583,17.706411452010972],[-97.19532458246022,17.7842506867163],[-97.13668409413582,17.799891280605692]]]}},{"type":"Feature","properties":{"cvegeo":"20272","cve_ent":"20","state_code":"OAX","nom_mun":"San Miguel Panixtlahuaca"},"geometry":{"type":"Polygon","coordinates":[[[-97.32369970554878,16.267658681558014],[-97.32560155922417,16.22983026843019],[-97.35856702293086,16.233103881104714],[-97.37663463284703,16.19363866163963],[-97.39216643786267,16.226738523126475],[-97.42544887718194,16.211279796607894],[-97.37790253529728,16.157992656961486],[-97.39058155979986,16.145989410488234],[-97.44098068219759,16.163448678085693],[-97.46253502385196,16.1981853459098],[-97.45809736527606,16.27020482474931],[-97.44002975535989,16.280207530143688],[-97.43273931627091,16.30475962520261],[-97.3750497547842,16.309851911585202],[-97.351910535067,16.27020482474931],[-97.32369970554878,16.267658681558014]]]}},{"type":"Feature","properties":{"cvegeo":"20274","cve_ent":"20","state_code":"OAX","nom_mun":"San Miguel Piedras"},"geometry":{"type":"Polygon","coordinates":[[[-97.23272770474281,17.035502721104518],[-97.20736965573766,17.004949002808967],[-97.1981773629733,17.03877633377904],[-97.16584585049173,16.997128705864274],[-97.17028350906763,16.979305703525203],[-97.19659248491047,16.976759560333907],[-97.20863755818792,16.918743869046523],[-97.24096907066948,16.930201513407354],[-97.22670516810409,17.00604020703381],[-97.23272770474281,17.035502721104518]]]}},{"type":"Feature","properties":{"cvegeo":"20281","cve_ent":"20","state_code":"OAX","nom_mun":"San Miguel Tecomatlán"},"geometry":{"type":"Polygon","coordinates":[[[-97.25174624149668,17.405420953325642],[-97.24952741220872,17.393235839481584],[-97.28946633939182,17.379777654041877],[-97.30626604685774,17.336493219789848],[-97.31894507136032,17.340858036689212],[-97.3110206810462,17.38359686882882],[-97.29580585164311,17.397782523751754],[-97.25174624149668,17.405420953325642]]]}},{"type":"Feature","properties":{"cvegeo":"20283","cve_ent":"20","state_code":"OAX","nom_mun":"San Miguel Tequixtepec"},"geometry":{"type":"Polygon","coordinates":[[[-97.39628712082602,17.82426150829381],[-97.38867970612446,17.825716447260262],[-97.24572370485795,17.91537706106804],[-97.24318789995743,17.81262199656217],[-97.3021453638944,17.76933756231014],[-97.34493707159059,17.76369967381513],[-97.36807629130779,17.76933756231014],[-97.4026266330773,17.745694804105252],[-97.41562263319244,17.770792501276595],[-97.37409882794651,17.777703461367256],[-97.39628712082602,17.82426150829381]]]}},{"type":"Feature","properties":{"cvegeo":"20285","cve_ent":"20","state_code":"OAX","nom_mun":"San Miguel Tlacamama"},"geometry":{"type":"Polygon","coordinates":[[[-98.18777522539919,16.471713871603296],[-98.11201805399631,16.49462916032496],[-98.1085313222581,16.495356629808185],[-98.0872939562163,16.457528216680362],[-98.01819327267727,16.414243782428333],[-98.06256985843628,16.39314716741474],[-98.11011620032093,16.39714824957249],[-98.1548097616925,16.428975039463687],[-98.15702859098045,16.451162858702123],[-98.19411473765048,16.45189032818535],[-98.18777522539919,16.471713871603296]]]}},{"type":"Feature","properties":{"cvegeo":"20286","cve_ent":"20","state_code":"OAX","nom_mun":"San Miguel Tlacotepec"},"geometry":{"type":"Polygon","coordinates":[[[-97.97920527233185,17.453070204477036],[-97.97476761375594,17.422516486181486],[-97.99632195541032,17.392508369998357],[-98.01755932145214,17.397055054268527],[-98.04925688270858,17.453070204477036],[-98.0410155167819,17.467073992029164],[-98.01121980920085,17.50053758825762],[-97.97920527233185,17.453070204477036]]]}},{"type":"Feature","properties":{"cvegeo":"20287","cve_ent":"20","state_code":"OAX","nom_mun":"San Miguel Tulancingo"},"geometry":{"type":"Polygon","coordinates":[[[-97.48028565815557,17.76879196019772],[-97.47870078009275,17.780795206670973],[-97.45619551160067,17.791161646806962],[-97.42323004789398,17.77915840033371],[-97.41562263319244,17.770792501276595],[-97.4026266330773,17.745694804105252],[-97.43210536504579,17.713322412101633],[-97.47014243855351,17.73187288392393],[-97.48028565815557,17.76879196019772]]]}},{"type":"Feature","properties":{"cvegeo":"20290","cve_ent":"20","state_code":"OAX","nom_mun":"San Nicolás Hidalgo"},"geometry":{"type":"Polygon","coordinates":[[[-98.13642517616377,17.796253933189554],[-98.11455385889683,17.75606124424124],[-98.14371561525275,17.759334856915764],[-98.14910420066634,17.789888575211315],[-98.13642517616377,17.796253933189554]]]}},{"type":"Feature","properties":{"cvegeo":"20297","cve_ent":"20","state_code":"OAX","nom_mun":"San Pablo Tijaltepec"},"geometry":{"type":"Polygon","coordinates":[[[-97.41974331615577,17.023499474631265],[-97.42164516983117,16.950752526308527],[-97.43749395045938,16.94093168828496],[-97.46380292630222,16.937839942981242],[-97.48599121918173,16.974940886625838],[-97.51800575605073,16.979305703525203],[-97.52751502442766,17.017679718765446],[-97.50500975593559,17.069148184703785],[-97.47743287764249,17.07696848164848],[-97.45461063353785,17.040958742228725],[-97.41974331615577,17.023499474631265]]]}},{"type":"Feature","properties":{"cvegeo":"20300","cve_ent":"20","state_code":"OAX","nom_mun":"San Pedro Amuzgos"},"geometry":{"type":"Polygon","coordinates":[[[-98.1085313222581,16.74142318250985],[-98.06890937068756,16.7401501109142],[-98.0277025410542,16.697593146145397],[-98.02389883370343,16.666130090995814],[-98.06637356578705,16.6126610839786],[-98.12659893217428,16.64321480227415],[-98.15195698117942,16.67449599005293],[-98.13103659075017,16.679406409064715],[-98.1085313222581,16.74142318250985]]]}},{"type":"Feature","properties":{"cvegeo":"20302","cve_ent":"20","state_code":"OAX","nom_mun":"San Pedro Atoyac"},"geometry":{"type":"Polygon","coordinates":[[[-97.94465493056234,16.563920628602368],[-97.91359132053103,16.518271918529848],[-97.9671601990544,16.479352301177183],[-97.99251824805955,16.474623749536207],[-98.04164946800702,16.513725234259677],[-97.97476761375594,16.55846460747816],[-97.94465493056234,16.563920628602368]]]}},{"type":"Feature","properties":{"cvegeo":"20304","cve_ent":"20","state_code":"OAX","nom_mun":"San Pedro Coxcaltepec Cántaros"},"geometry":{"type":"Polygon","coordinates":[[[-97.06853433743447,17.58255977249151],[-97.04159141036651,17.586924589390875],[-97.04127443475394,17.534910521340116],[-97.08121336193705,17.518178723225887],[-97.06948526427217,17.489443678638406],[-97.13066155749709,17.472166278411756],[-97.17028350906763,17.4787135037608],[-97.18169463111995,17.513632038955716],[-97.1696495578425,17.540002807722708],[-97.13319736239761,17.551278584712733],[-97.08850380102604,17.524544081204127],[-97.06853433743447,17.58255977249151]]]}},{"type":"Feature","properties":{"cvegeo":"20311","cve_ent":"20","state_code":"OAX","nom_mun":"San Pedro Jaltepetongo"},"geometry":{"type":"Polygon","coordinates":[[[-97.0799454594868,17.6858604391098],[-97.01369755646084,17.72096084167552],[-96.96932097070183,17.722052045900362],[-96.98136604397928,17.717323494259382],[-97.01274662962315,17.649305097577624],[-97.04317628842932,17.644212811195032],[-97.0799454594868,17.6858604391098]]]}},{"type":"Feature","properties":{"cvegeo":"20312","cve_ent":"20","state_code":"OAX","nom_mun":"San Pedro Jicayán"},"geometry":{"type":"Polygon","coordinates":[[[-98.04164946800702,16.513725234259677],[-97.99251824805955,16.474623749536207],[-97.9671601990544,16.479352301177183],[-97.9912503456093,16.4506172565897],[-98.00995190675059,16.422609681485447],[-98.01819327267727,16.414243782428333],[-98.0872939562163,16.457528216680362],[-98.1085313222581,16.495356629808185],[-98.06256985843628,16.504631865719336],[-98.04164946800702,16.513725234259677]]]}},{"type":"Feature","properties":{"cvegeo":"20313","cve_ent":"20","state_code":"OAX","nom_mun":"San Pedro Jocotipac"},"geometry":{"type":"Polygon","coordinates":[[[-97.02796145902624,17.802437423796988],[-97.00957687349751,17.75969859165738],[-97.06599853253397,17.736965170306522],[-97.10149980114117,17.694771940279335],[-97.10720536216732,17.717323494259382],[-97.11481277686887,17.778976532962904],[-97.10625443532963,17.79370778999826],[-97.02796145902624,17.802437423796988]]]}},{"type":"Feature","properties":{"cvegeo":"20317","cve_ent":"20","state_code":"OAX","nom_mun":"San Pedro Mártir Yucuxaco"},"geometry":{"type":"Polygon","coordinates":[[[-97.62419258625978,17.498900781920362],[-97.6124644885949,17.457980623488822],[-97.57442741508717,17.427608772564078],[-97.65525619629109,17.402874810134346],[-97.70121766011292,17.45507074555591],[-97.70026673327523,17.46725585939997],[-97.63972439127544,17.501628792482464],[-97.62419258625978,17.498900781920362]]]}},{"type":"Feature","properties":{"cvegeo":"20320","cve_ent":"20","state_code":"OAX","nom_mun":"San Pedro Molinos"},"geometry":{"type":"Polygon","coordinates":[[[-97.52022458533867,17.092790942908675],[-97.56586907354794,17.072239930007502],[-97.58552156152693,17.111341414730973],[-97.5671369759982,17.125163334912294],[-97.53005082932818,17.132983631856987],[-97.52022458533867,17.092790942908675]]]}},{"type":"Feature","properties":{"cvegeo":"20321","cve_ent":"20","state_code":"OAX","nom_mun":"San Pedro Nopala"},"geometry":{"type":"Polygon","coordinates":[[[-97.50691160961097,17.830444998901243],[-97.51039834134917,17.796253933189554],[-97.52117551217637,17.786796829907598],[-97.57379346386205,17.77333864446789],[-97.61373239104516,17.754242570533172],[-97.64479600107646,17.7682463580853],[-97.65018458649006,17.78552375831195],[-97.61880400084618,17.823534038810582],[-97.58330273223898,17.867182207804223],[-97.50691160961097,17.830444998901243]]]}},{"type":"Feature","properties":{"cvegeo":"20322","cve_ent":"20","state_code":"OAX","nom_mun":"San Pedro Ocopetatillo"},"geometry":{"type":"Polygon","coordinates":[[[-96.90243911645076,18.19545281211058],[-96.90148818961306,18.171446319164076],[-96.92557833616796,18.171991921276497],[-96.92050672636692,18.19036052572799],[-96.91289931166538,18.195998414223002],[-96.90243911645076,18.19545281211058]]]}},{"type":"Feature","properties":{"cvegeo":"20329","cve_ent":"20","state_code":"OAX","nom_mun":"San Pedro Teozacoalco"},"geometry":{"type":"Polygon","coordinates":[[[-97.32274877871109,16.9500250568253],[-97.3217978518734,17.039140068520656],[-97.27139872947566,17.038048864295813],[-97.25428204639718,17.075513542682025],[-97.23272770474281,17.035502721104518],[-97.22670516810409,17.00604020703381],[-97.24096907066948,16.930201513407354],[-97.32274877871109,16.9500250568253]]]}},{"type":"Feature","properties":{"cvegeo":"20331","cve_ent":"20","state_code":"OAX","nom_mun":"San Pedro Tidaá"},"geometry":{"type":"Polygon","coordinates":[[[-97.44351648709811,17.3484964662631],[-97.36046887660625,17.36522826437733],[-97.33891453495187,17.33340147448613],[-97.39153248663754,17.308303777314787],[-97.42101121860603,17.315396604776254],[-97.44351648709811,17.3484964662631]]]}},{"type":"Feature","properties":{"cvegeo":"20332","cve_ent":"20","state_code":"OAX","nom_mun":"San Pedro Topiltepec"},"geometry":{"type":"Polygon","coordinates":[[[-97.36490653518214,17.42397142514794],[-97.38646087683652,17.45870809297205],[-97.38994760857473,17.47362121737821],[-97.3563481936429,17.491262352346475],[-97.34081638862725,17.477986034277574],[-97.32686946167442,17.44361310119508],[-97.32591853483673,17.4308823852386],[-97.36490653518214,17.42397142514794]]]}},{"type":"Feature","properties":{"cvegeo":"20339","cve_ent":"20","state_code":"OAX","nom_mun":"San Pedro y San Pablo Teposcolula"},"geometry":{"type":"Polygon","coordinates":[[[-97.46095014578914,17.546368165700947],[-97.4390788285222,17.52090673378799],[-97.40040780378935,17.52781769387865],[-97.38994760857473,17.500901322999237],[-97.38994760857473,17.47362121737821],[-97.38646087683652,17.45870809297205],[-97.40072477940191,17.462527307758993],[-97.41562263319244,17.48053217746887],[-97.46475385313991,17.472893747894982],[-97.46633873120274,17.42688130308085],[-97.49042887775762,17.45634381715156],[-97.52656409758995,17.452524602364615],[-97.53385453667894,17.48235085117694],[-97.58837434204001,17.517633121113466],[-97.62419258625978,17.498900781920362],[-97.63972439127544,17.501628792482464],[-97.65050156210262,17.534910521340116],[-97.60834380563156,17.540002807722708],[-97.58710643958975,17.52199793801283],[-97.57981600050077,17.55491593212887],[-97.55319004904537,17.55782581006178],[-97.5173718048256,17.542185216172392],[-97.50913043889892,17.55891701428662],[-97.46095014578914,17.546368165700947]]]}},{"type":"Feature","properties":{"cvegeo":"20340","cve_ent":"20","state_code":"OAX","nom_mun":"San Pedro y San Pablo Tequixtepec"},"geometry":{"type":"Polygon","coordinates":[[[-97.65208644016545,18.176902340288283],[-97.61531726910798,18.153259582083393],[-97.56967278089871,18.103427922482318],[-97.56808790283588,18.092152145492292],[-97.59883453725463,18.090333471784223],[-97.63496975708696,18.04377542485767],[-97.6853688794847,18.06523577461288],[-97.68695375754753,18.028498565709896],[-97.6986818552124,18.021769472990044],[-97.7715862461022,18.068145652545788],[-97.79884614878274,18.03577326054217],[-97.83688322229045,18.032681515238455],[-97.81057424644762,18.067781917804176],[-97.86065639323279,18.10251858562828],[-97.8267400026884,18.103609789853124],[-97.80169892929581,18.06869125465821],[-97.77095229487708,18.078875827423392],[-97.78901990479324,18.124160802754297],[-97.76651463630117,18.133617906036253],[-97.72499083105524,18.111066352056206],[-97.67871239162085,18.148349163071607],[-97.68410097703445,18.08069450113146],[-97.65937687925442,18.089787869671802],[-97.61721912278337,18.0710555304787],[-97.62324165942209,18.136891518710776],[-97.66635034273084,18.161079879028087],[-97.65208644016545,18.176902340288283]]]}},{"type":"Feature","properties":{"cvegeo":"20341","cve_ent":"20","state_code":"OAX","nom_mun":"San Pedro Yucunama"},"geometry":{"type":"Polygon","coordinates":[[[-97.45904829211375,17.59801849901009],[-97.46095014578914,17.546368165700947],[-97.50913043889892,17.55891701428662],[-97.50183999980995,17.614568429753515],[-97.45904829211375,17.59801849901009]]]}},{"type":"Feature","properties":{"cvegeo":"20345","cve_ent":"20","state_code":"OAX","nom_mun":"San Sebastián Ixcapa"},"geometry":{"type":"Polygon","coordinates":[[[-98.10377668806964,16.56028328118623],[-98.09236556601732,16.514452703742904],[-98.1085313222581,16.495356629808185],[-98.11201805399631,16.49462916032496],[-98.18777522539919,16.471713871603296],[-98.19728449377612,16.47735176009831],[-98.20267307918972,16.51008788684354],[-98.18809220101176,16.55755527062413],[-98.1424477128025,16.561738220152684],[-98.14561746892814,16.584289774132735],[-98.11360293205914,16.585199110986768],[-98.10377668806964,16.56028328118623]]]}},{"type":"Feature","properties":{"cvegeo":"20346","cve_ent":"20","state_code":"OAX","nom_mun":"San Sebastián Nicananduta"},"geometry":{"type":"Polygon","coordinates":[[[-97.65050156210262,17.534910521340116],[-97.63972439127544,17.501628792482464],[-97.70026673327523,17.46725585939997],[-97.69741395276215,17.54982364574628],[-97.66508244028059,17.568010382826962],[-97.65050156210262,17.534910521340116]]]}},{"type":"Feature","properties":{"cvegeo":"20348","cve_ent":"20","state_code":"OAX","nom_mun":"San Sebastián Tecomaxtlahuaca"},"geometry":{"type":"Polygon","coordinates":[[[-98.16748878619508,17.28284234540183],[-98.1690736642579,17.36868374442266],[-98.15702859098045,17.381050725637525],[-98.1414967859648,17.379959521412683],[-98.09838810265605,17.39450891107723],[-98.06478868772423,17.472893747894982],[-98.0410155167819,17.467073992029164],[-98.04925688270858,17.453070204477036],[-98.01755932145214,17.397055054268527],[-98.01565746777675,17.34667779255503],[-98.08032049273987,17.291026377088137],[-98.1085313222581,17.222098643552343],[-98.1272328833994,17.25337983133112],[-98.16748878619508,17.28284234540183]]]}},{"type":"Feature","properties":{"cvegeo":"20352","cve_ent":"20","state_code":"OAX","nom_mun":"San Simón Zahuatlán"},"geometry":{"type":"Polygon","coordinates":[[[-97.9769864430439,17.807165975437965],[-98.03245717524266,17.80789344492119],[-98.04577015097037,17.819896691394444],[-98.00805005307521,17.845358123307403],[-98.00171054082392,17.878094250052634],[-97.96620927221672,17.86445419724212],[-97.9769864430439,17.807165975437965]]]}},{"type":"Feature","properties":{"cvegeo":"20354","cve_ent":"20","state_code":"OAX","nom_mun":"Santa Ana Ateixtlahuaca"},"geometry":{"type":"Polygon","coordinates":[[[-96.86630389661842,18.242010859037133],[-96.8647190185556,18.22364225458564],[-96.90243911645076,18.19545281211058],[-96.91289931166538,18.195998414223002],[-96.9046579457387,18.23764604213777],[-96.86630389661842,18.242010859037133]]]}},{"type":"Feature","properties":{"cvegeo":"20364","cve_ent":"20","state_code":"OAX","nom_mun":"Santa Catarina Juquila"},"geometry":{"type":"Polygon","coordinates":[[[-97.23082585106742,16.372778021884372],[-97.14334058199967,16.350590202645936],[-97.14238965516196,16.27838885643562],[-97.1848643872456,16.241287912791023],[-97.21656194850203,16.24656206654442],[-97.27742126611439,16.223828645193564],[-97.25079531465897,16.175815659300557],[-97.25935365619821,16.147080614713076],[-97.22670516810409,16.051418377668675],[-97.26315736354898,16.01886411829425],[-97.28661355887876,16.024138272047647],[-97.32116390064826,15.98994720633596],[-97.35983492538111,15.987582930515472],[-97.37980438897267,15.965395111277036],[-97.40674731604064,16.005951534966965],[-97.41562263319244,16.050145306073027],[-97.39121551102498,16.11398075322623],[-97.39058155979986,16.145989410488234],[-97.37790253529728,16.157992656961486],[-97.42544887718194,16.211279796607894],[-97.39216643786267,16.226738523126475],[-97.37663463284703,16.19363866163963],[-97.35856702293086,16.233103881104714],[-97.32560155922417,16.22983026843019],[-97.32369970554878,16.267658681558014],[-97.2577687781354,16.28475421441386],[-97.24223697311974,16.32258262754168],[-97.29580585164311,16.318581545383932],[-97.28788146132901,16.34531604889254],[-97.31767716891005,16.33131226134041],[-97.30975277859595,16.386963676807305],[-97.23082585106742,16.372778021884372]]]}},{"type":"Feature","properties":{"cvegeo":"20367","cve_ent":"20","state_code":"OAX","nom_mun":"Santa Catarina Mechoacán"},"geometry":{"type":"Polygon","coordinates":[[[-97.79662731949479,16.357501162736597],[-97.83339649055225,16.29893986933679],[-97.86097336884535,16.295848124033075],[-97.8730184421228,16.32494690336217],[-97.86065639323279,16.37914337986261],[-97.83466439300251,16.388782350515374],[-97.79662731949479,16.357501162736597]]]}},{"type":"Feature","properties":{"cvegeo":"20370","cve_ent":"20","state_code":"OAX","nom_mun":"Santa Catarina Tayata"},"geometry":{"type":"Polygon","coordinates":[[[-97.54558263434382,17.388689155211413],[-97.52941687810304,17.37723151085058],[-97.52941687810304,17.330491596553223],[-97.5386091708674,17.294481857133466],[-97.54463170750613,17.293936255021045],[-97.58520458591437,17.31903395219239],[-97.58552156152693,17.319397686934003],[-97.57981600050077,17.33813002612711],[-97.55097121975741,17.358499171657478],[-97.54558263434382,17.388689155211413]]]}},{"type":"Feature","properties":{"cvegeo":"20371","cve_ent":"20","state_code":"OAX","nom_mun":"Santa Catarina Ticuá"},"geometry":{"type":"Polygon","coordinates":[[[-97.50500975593559,17.069148184703785],[-97.52751502442766,17.017679718765446],[-97.56460117109768,17.069693786816206],[-97.56586907354794,17.072239930007502],[-97.52022458533867,17.092790942908675],[-97.50500975593559,17.069148184703785]]]}},{"type":"Feature","properties":{"cvegeo":"20001","cve_ent":"20","state_code":"OAX","nom_mun":"Abejones"},"geometry":{"type":"Polygon","coordinates":[[[-96.62033082126848,17.558189544803394],[-96.5829276989859,17.46380037935464],[-96.57183355254614,17.412877515528724],[-96.6450549190485,17.427063170451657],[-96.64093423608517,17.46089050142173],[-96.71542350503779,17.50235626196569],[-96.69703891950905,17.531091306553172],[-96.65107745568723,17.56019008588227],[-96.62033082126848,17.558189544803394]]]}},{"type":"Feature","properties":{"cvegeo":"20002","cve_ent":"20","state_code":"OAX","nom_mun":"Acatlán de Pérez Figueroa"},"geometry":{"type":"Polygon","coordinates":[[[-96.32015491617005,18.3580422416119],[-96.31983794055749,18.3580422416119],[-96.32015491617005,18.3580422416119],[-96.3721389166306,18.34658459725107],[-96.41683247800218,18.394233848402465],[-96.47420506387633,18.38805035779503],[-96.42095316096551,18.321850634821338],[-96.44694516119579,18.300208417695323],[-96.54425667425305,18.377865785029847],[-96.55471686946767,18.319304491630042],[-96.60131228451462,18.330762135990874],[-96.63015706525798,18.35294995522931],[-96.66882808999084,18.350949414150435],[-96.69640496828393,18.364589466960947],[-96.6815071144934,18.41223871811234],[-96.70623121227342,18.423150760360752],[-96.70528028543573,18.456250621847598],[-96.6824580413311,18.499716923470434],[-96.65963579722647,18.492078493896546],[-96.6716808705039,18.515357517359824],[-96.64125121169774,18.53463545866535],[-96.65678301671339,18.566098513814932],[-96.58419560143615,18.601744518493074],[-96.58419560143615,18.60210825323469],[-96.58419560143615,18.601744518493074],[-96.56105638171896,18.587740730940947],[-96.50843843003327,18.589559404649016],[-96.45708838079784,18.57028146334349],[-96.42031920974038,18.507900955156742],[-96.40288555104934,18.439700691104175],[-96.35248642865162,18.410238177033467],[-96.32015491617005,18.3580422416119]]]}},{"type":"Feature","properties":{"cvegeo":"20003","cve_ent":"20","state_code":"OAX","nom_mun":"Asunción Cacalotepec"},"geometry":{"type":"Polygon","coordinates":[[[-95.96102154713464,17.082788237514297],[-95.94200301038079,17.08788052389689],[-95.88177764399356,17.0429592833076],[-95.87892486348048,16.99330949107733],[-95.945489742119,16.994764430043784],[-95.9721156935744,17.022590137777232],[-95.96102154713464,17.082788237514297]]]}},{"type":"Feature","properties":{"cvegeo":"20008","cve_ent":"20","state_code":"OAX","nom_mun":"Asunción Tlacolulita"},"geometry":{"type":"Polygon","coordinates":[[[-95.76259481366935,16.34222430358882],[-95.69571295941829,16.336040812981388],[-95.71631637423496,16.280934999626915],[-95.78414915532373,16.267113079445593],[-95.74421022814063,16.22873906420535],[-95.73501793537626,16.18781890577381],[-95.75720622825577,16.194911733235276],[-95.7239237889365,16.11179834477655],[-95.73501793537626,16.07815288117728],[-95.76417969173218,16.081972095964225],[-95.80285071646503,16.1450800736342],[-95.78731891144938,16.207096847079335],[-95.80823930187863,16.212189133461926],[-95.8120430092294,16.250926883443785],[-95.79556027737605,16.27948006066046],[-95.82820876547018,16.314216728484567],[-95.76259481366935,16.34222430358882]]]}},{"type":"Feature","properties":{"cvegeo":"20009","cve_ent":"20","state_code":"OAX","nom_mun":"Ayotzintepec"},"geometry":{"type":"Polygon","coordinates":[[[-96.11729052412886,17.668219304141534],[-96.13599208527016,17.661490211421683],[-96.23615637884049,17.65003256706085],[-96.28655550123823,17.657307261893123],[-96.29226106226439,17.685314836997378],[-96.26753696448436,17.710958136281143],[-96.25327306191897,17.69095272549239],[-96.1854402808302,17.684223632772536],[-96.16864057336429,17.724052586979237],[-96.1676896465266,17.786796829907598],[-96.11443774361578,17.802073689055373],[-96.08812876777294,17.74242119143073],[-96.11633959729117,17.717687229000997],[-96.11729052412886,17.668219304141534]]]}},{"type":"Feature","properties":{"cvegeo":"20014","cve_ent":"20","state_code":"OAX","nom_mun":"Ciudad Ixtepec"},"geometry":{"type":"Polygon","coordinates":[[[-95.04369412437342,16.70504970834848],[-95.0012193922898,16.68140695014359],[-95.01770212414314,16.647761486544322],[-95.0012193922898,16.623391258856206],[-95.02087188026879,16.58210736568305],[-95.0598598806142,16.535549318756498],[-95.12008524700143,16.51754444904662],[-95.15622046683376,16.518999388013075],[-95.15970719857197,16.5488256368254],[-95.13339822272913,16.594110612156303],[-95.164778808373,16.654126844522562],[-95.16224300347248,16.711051331585104],[-95.12293802751451,16.717234822192538],[-95.04369412437342,16.70504970834848]]]}},{"type":"Feature","properties":{"cvegeo":"20015","cve_ent":"20","state_code":"OAX","nom_mun":"Coatecas Altas"},"geometry":{"type":"Polygon","coordinates":[[[-96.59307091858796,16.52845649129503],[-96.56105638171896,16.520636194350338],[-96.55820360120588,16.479352301177183],[-96.57975794286025,16.47553308639024],[-96.58673140633667,16.476806157985887],[-96.63491169944645,16.461529298838112],[-96.70306145614778,16.494811027695764],[-96.6681941387657,16.592291938448234],[-96.59307091858796,16.52845649129503]]]}},{"type":"Feature","properties":{"cvegeo":"20019","cve_ent":"20","state_code":"OAX","nom_mun":"Concepción Pápalo"},"geometry":{"type":"Polygon","coordinates":[[[-96.83492331097455,17.9222880211587],[-96.7918146276658,17.890643098638307],[-96.75821521273397,17.859543778230336],[-96.71035189523677,17.869000881512292],[-96.70591423666086,17.839538367441584],[-96.75599638344603,17.85881630874711],[-96.81305199370762,17.821715365102513],[-96.91638604340359,17.82880819256398],[-96.93635550699514,17.81662307871992],[-96.94935150711028,17.869546483624713],[-96.92716321423077,17.905738090415277],[-96.89388077491152,17.903919416707208],[-96.86440204294304,17.92810777702452],[-96.83492331097455,17.9222880211587]]]}},{"type":"Feature","properties":{"cvegeo":"20027","cve_ent":"20","state_code":"OAX","nom_mun":"Chiquihuitlán de Benito Juárez"},"geometry":{"type":"Polygon","coordinates":[[[-96.70940096839907,18.005583276988233],[-96.72841950515293,17.958297760578454],[-96.74331735894346,17.96593619015234],[-96.77438096897477,17.965208720669114],[-96.77659979826271,18.01613158449503],[-96.72017813922626,18.014131043416157],[-96.70940096839907,18.005583276988233]]]}},{"type":"Feature","properties":{"cvegeo":"20030","cve_ent":"20","state_code":"OAX","nom_mun":"El Espinal"},"geometry":{"type":"Polygon","coordinates":[[[-95.100749734635,16.401513066471853],[-95.08585188084447,16.433521723733858],[-95.06239568551472,16.487718200234298],[-94.97649529450977,16.523546072283246],[-94.98917431901235,16.47789736221073],[-95.02404163639443,16.48062537277283],[-95.04020739263521,16.431521182654983],[-95.100749734635,16.401513066471853]]]}},{"type":"Feature","properties":{"cvegeo":"20038","cve_ent":"20","state_code":"OAX","nom_mun":"Villa Hidalgo"},"geometry":{"type":"Polygon","coordinates":[[[-96.13852789017068,17.20718551914618],[-96.11729052412886,17.166083493343834],[-96.16198408550044,17.13225616237376],[-96.16198408550044,17.131892427632145],[-96.20033813462072,17.176995535592244],[-96.19336467114431,17.190635588402756],[-96.18417237837994,17.237011767958503],[-96.13852789017068,17.20718551914618]]]}},{"type":"Feature","properties":{"cvegeo":"20040","cve_ent":"20","state_code":"OAX","nom_mun":"Huautepec"},"geometry":{"type":"Polygon","coordinates":[[[-96.73095531005345,18.072874204186768],[-96.77723374948783,18.058506681893025],[-96.79086370082811,18.023951881439725],[-96.81241804248248,18.032135913126034],[-96.81717267667095,18.06014348823029],[-96.81083316441966,18.09069720652584],[-96.79149765205324,18.11306689313508],[-96.73095531005345,18.072874204186768]]]}},{"type":"Feature","properties":{"cvegeo":"20041","cve_ent":"20","state_code":"OAX","nom_mun":"Huautla de Jiménez"},"geometry":{"type":"Polygon","coordinates":[[[-96.75314360293295,18.226188397776937],[-96.73856272475498,18.111066352056206],[-96.73095531005345,18.072874204186768],[-96.79149765205324,18.11306689313508],[-96.83650818903737,18.098699370841338],[-96.81083316441966,18.09069720652584],[-96.81717267667095,18.06014348823029],[-96.8735943357074,18.09578949290843],[-96.86154926242996,18.12852561965366],[-96.85330789650328,18.15162277574613],[-96.8460174574143,18.17944848347958],[-96.75314360293295,18.226188397776937]]]}},{"type":"Feature","properties":{"cvegeo":"20111","cve_ent":"20","state_code":"OAX","nom_mun":"San Antonio Tepetlapa"},"geometry":{"type":"Polygon","coordinates":[[[-97.97476761375594,16.55846460747816],[-98.04164946800702,16.513725234259677],[-98.06256985843628,16.504631865719336],[-98.1085313222581,16.495356629808185],[-98.09236556601732,16.514452703742904],[-98.10377668806964,16.56028328118623],[-98.08792790744143,16.570467853951413],[-97.97476761375594,16.570467853951413],[-97.97476761375594,16.55846460747816]]]}},{"type":"Feature","properties":{"cvegeo":"20119","cve_ent":"20","state_code":"OAX","nom_mun":"San Bartolomé Yucuañe"},"geometry":{"type":"Polygon","coordinates":[[[-97.41530565757988,17.291753846571364],[-97.4311544382081,17.213914611866034],[-97.4238639991191,17.150261032083638],[-97.43781092607195,17.133711101340214],[-97.45809736527606,17.174813127142563],[-97.48218751183096,17.164264819635765],[-97.49201375582045,17.235011226879628],[-97.49581746317122,17.270475364186964],[-97.41530565757988,17.291753846571364]]]}},{"type":"Feature","properties":{"cvegeo":"20121","cve_ent":"20","state_code":"OAX","nom_mun":"San Bartolo Soyaltepec"},"geometry":{"type":"Polygon","coordinates":[[[-97.23082585106742,17.642394137486964],[-97.24508975363283,17.60220144853865],[-97.275519412439,17.573102669209554],[-97.27393453437618,17.615659633978357],[-97.30024351021902,17.556916473207746],[-97.30024351021902,17.55655273846613],[-97.30024351021902,17.556916473207746],[-97.32591853483673,17.574375740805202],[-97.39280038908781,17.567282913343735],[-97.39755502327627,17.54345828776804],[-97.35603121803034,17.524544081204127],[-97.38994760857473,17.500901322999237],[-97.40040780378935,17.52781769387865],[-97.39945687695166,17.572557067097133],[-97.3696611693706,17.576740016625692],[-97.33099014463775,17.58146856826667],[-97.32465063238647,17.608203071775275],[-97.30024351021902,17.616387103461584],[-97.29992653460646,17.654761118701828],[-97.23082585106742,17.642394137486964]]]}},{"type":"Feature","properties":{"cvegeo":"20127","cve_ent":"20","state_code":"OAX","nom_mun":"San Cristóbal Amoltepec"},"geometry":{"type":"Polygon","coordinates":[[[-97.54463170750613,17.293936255021045],[-97.5617483905846,17.265746812545984],[-97.61024565930695,17.2528342292187],[-97.5982005860295,17.29884667403283],[-97.5982005860295,17.299028541403636],[-97.5982005860295,17.29884667403283],[-97.5982005860295,17.299028541403636],[-97.59756663480438,17.29939227614525],[-97.59756663480438,17.299028541403636],[-97.59756663480438,17.29939227614525],[-97.59756663480438,17.299028541403636],[-97.59407990306617,17.29884667403283],[-97.59154409816566,17.29939227614525],[-97.58520458591437,17.31903395219239],[-97.54463170750613,17.293936255021045]]]}},{"type":"Feature","properties":{"cvegeo":"20129","cve_ent":"20","state_code":"OAX","nom_mun":"San Cristóbal Suchixtlahuaca"},"geometry":{"type":"Polygon","coordinates":[[[-97.34493707159059,17.76369967381513],[-97.34557102281572,17.702046635111607],[-97.40072477940191,17.68349616328931],[-97.43210536504579,17.713322412101633],[-97.4026266330773,17.745694804105252],[-97.36807629130779,17.76933756231014],[-97.34493707159059,17.76369967381513]]]}},{"type":"Feature","properties":{"cvegeo":"20133","cve_ent":"20","state_code":"OAX","nom_mun":"San Esteban Atatlahuca"},"geometry":{"type":"Polygon","coordinates":[[[-97.6533543426157,17.122617191720998],[-97.63306790341159,17.090426667088185],[-97.64638087913929,17.043686752790826],[-97.73006244085627,17.01877092299029],[-97.74274146535885,17.070966858411854],[-97.73259824575679,17.126072671766327],[-97.71674946512857,17.114615027405495],[-97.67871239162085,17.126618273878748],[-97.6533543426157,17.122617191720998]]]}},{"type":"Feature","properties":{"cvegeo":"20137","cve_ent":"20","state_code":"OAX","nom_mun":"San Francisco Cahuacuá"},"geometry":{"type":"Polygon","coordinates":[[[-97.24096907066948,16.930201513407354],[-97.20863755818792,16.918743869046523],[-97.22987492422973,16.90037526459503],[-97.2809079978526,16.896010447695666],[-97.28946633939182,16.860182575646718],[-97.32465063238647,16.81526133505743],[-97.3858269256114,16.803439955954982],[-97.41467170635475,16.74924347945454],[-97.44827112128657,16.713415607405594],[-97.46443687752735,16.751425887904226],[-97.51483599992508,16.783252677795424],[-97.45175785302477,16.81216958975371],[-97.38012136458524,16.814170130832586],[-97.36744234008266,16.827446448901487],[-97.38360809632344,16.86400179043366],[-97.40833219410347,16.8676391378498],[-97.42830165769502,16.888190150750972],[-97.40611336481551,16.91037796998941],[-97.43749395045938,16.94093168828496],[-97.32274877871109,16.9500250568253],[-97.24096907066948,16.930201513407354]]]}},{"type":"Feature","properties":{"cvegeo":"20142","cve_ent":"20","state_code":"OAX","nom_mun":"San Francisco Huehuetlán"},"geometry":{"type":"Polygon","coordinates":[[[-96.92050672636692,18.19036052572799],[-96.92557833616796,18.171991921276497],[-96.93920828750822,18.17126445179327],[-96.93698945822027,18.216003825011754],[-96.93635550699514,18.216549427124175],[-96.92050672636692,18.19036052572799]]]}},{"type":"Feature","properties":{"cvegeo":"20144","cve_ent":"20","state_code":"OAX","nom_mun":"San Francisco Jaltepetongo"},"geometry":{"type":"Polygon","coordinates":[[[-97.24952741220872,17.393235839481584],[-97.24318789995743,17.364500794894102],[-97.25840272936053,17.320488891158845],[-97.3021453638944,17.2901170402341],[-97.30626604685774,17.336493219789848],[-97.28946633939182,17.379777654041877],[-97.24952741220872,17.393235839481584]]]}},{"type":"Feature","properties":{"cvegeo":"20151","cve_ent":"20","state_code":"OAX","nom_mun":"San Francisco Teopan"},"geometry":{"type":"Polygon","coordinates":[[[-97.61721912278337,17.90210074299914],[-97.57379346386205,17.91083037679787],[-97.5912271225531,17.945567044621974],[-97.5893252688777,17.95847962794926],[-97.57918204927564,17.973756487097035],[-97.5306847805533,17.93083578758662],[-97.52561317075227,17.917377602146914],[-97.52814897565278,17.895007915537672],[-97.46887453610324,17.83808342847513],[-97.46887453610324,17.82535271251865],[-97.46887453610324,17.824988977777036],[-97.50691160961097,17.830444998901243],[-97.58330273223898,17.867182207804223],[-97.61721912278337,17.90210074299914]]]}},{"type":"Feature","properties":{"cvegeo":"20152","cve_ent":"20","state_code":"OAX","nom_mun":"San Francisco Tlapancingo"},"geometry":{"type":"Polygon","coordinates":[[[-98.21281629879178,17.502719996707306],[-98.20362400602741,17.43142798735102],[-98.29586390928364,17.442703764341047],[-98.33231610472853,17.47180254367014],[-98.31202966552442,17.477440432165153],[-98.33168215350341,17.519451794821535],[-98.33009727544058,17.533273715002856],[-98.3193201046134,17.531455041294787],[-98.3113957142993,17.513813906326522],[-98.2686040066031,17.51926992745073],[-98.21281629879178,17.502719996707306]]]}},{"type":"Feature","properties":{"cvegeo":"20153","cve_ent":"20","state_code":"OAX","nom_mun":"San Gabriel Mixtepec"},"geometry":{"type":"Polygon","coordinates":[[[-96.95569101936157,16.02977616054266],[-96.90877862870204,16.012680627686816],[-96.90022028716281,15.989219736852734],[-96.99816575144519,15.987946665257086],[-96.99816575144519,16.017409179327796],[-97.04064048352882,16.002859789663248],[-97.14017082587402,16.016863577215375],[-97.1528498503766,16.017591046698602],[-97.10625443532963,16.09779455722442],[-97.10498653287938,16.123437856508186],[-97.0602929715078,16.136714174577087],[-97.03430097127753,16.118345570125594],[-97.02193892238752,16.043779948094787],[-96.95569101936157,16.02977616054266]]]}},{"type":"Feature","properties":{"cvegeo":"20158","cve_ent":"20","state_code":"OAX","nom_mun":"San Jacinto Tlacotepec"},"geometry":{"type":"Polygon","coordinates":[[[-97.35159355945444,16.53482184927327],[-97.31831112013518,16.479897903289604],[-97.38138926703549,16.452617797668577],[-97.40484546236524,16.53482184927327],[-97.38012136458524,16.55973767907381],[-97.35159355945444,16.53482184927327]]]}},{"type":"Feature","properties":{"cvegeo":"20160","cve_ent":"20","state_code":"OAX","nom_mun":"San Jerónimo Silacayoapilla"},"geometry":{"type":"Polygon","coordinates":[[[-97.89710858867768,17.7815226761542],[-97.91073854001795,17.80516543435909],[-97.90820273511744,17.83517355054222],[-97.85399990536894,17.84663119490305],[-97.82610605146327,17.785887493053565],[-97.85653571026945,17.770792501276595],[-97.89710858867768,17.7815226761542]]]}},{"type":"Feature","properties":{"cvegeo":"20163","cve_ent":"20","state_code":"OAX","nom_mun":"San Jerónimo Tecóatl"},"geometry":{"type":"Polygon","coordinates":[[[-96.90148818961306,18.171446319164076],[-96.90307306767589,18.148712897813223],[-96.96805306825158,18.12397893538349],[-96.96932097070183,18.132344834440605],[-96.93920828750822,18.17126445179327],[-96.92557833616796,18.171991921276497],[-96.90148818961306,18.171446319164076]]]}},{"type":"Feature","properties":{"cvegeo":"20168","cve_ent":"20","state_code":"OAX","nom_mun":"San José Estancia Grande"},"geometry":{"type":"Polygon","coordinates":[[[-98.3094938606239,16.35259074372481],[-98.31551639726263,16.392783432673124],[-98.25719288455079,16.411152037124616],[-98.22042371349332,16.405514148629603],[-98.20077122551433,16.372778021884372],[-98.23849132340949,16.340405629880753],[-98.3094938606239,16.35259074372481]]]}},{"type":"Feature","properties":{"cvegeo":"20172","cve_ent":"20","state_code":"OAX","nom_mun":"San Juan Achiutla"},"geometry":{"type":"Polygon","coordinates":[[[-97.52941687810304,17.330491596553223],[-97.52941687810304,17.37723151085058],[-97.44288253587297,17.349223935746327],[-97.50913043889892,17.315942206888675],[-97.52941687810304,17.330491596553223]]]}},{"type":"Feature","properties":{"cvegeo":"20176","cve_ent":"20","state_code":"OAX","nom_mun":"San Juan Bautista Coixtlahuaca"},"geometry":{"type":"Polygon","coordinates":[[[-97.179475801832,17.67312972315332],[-97.23082585106742,17.642394137486964],[-97.29992653460646,17.654761118701828],[-97.33447687637596,17.680222550614786],[-97.38360809632344,17.65348804710618],[-97.38455902316113,17.656943527151512],[-97.40072477940191,17.68349616328931],[-97.34557102281572,17.702046635111607],[-97.34493707159059,17.76369967381513],[-97.3021453638944,17.76933756231014],[-97.24318789995743,17.81262199656217],[-97.19532458246022,17.7842506867163],[-97.16140819191583,17.706411452010972],[-97.179475801832,17.67312972315332]]]}},{"type":"Feature","properties":{"cvegeo":"20177","cve_ent":"20","state_code":"OAX","nom_mun":"San Juan Bautista Cuicatlán"},"geometry":{"type":"Polygon","coordinates":[[[-96.88912614072305,17.933381930777916],[-96.86440204294304,17.92810777702452],[-96.89388077491152,17.903919416707208],[-96.92716321423077,17.905738090415277],[-96.94935150711028,17.869546483624713],[-96.93635550699514,17.81662307871992],[-96.9420610680213,17.80461983224667],[-96.90339004328845,17.76242660221948],[-96.87010760396919,17.75387883579156],[-96.8745452625451,17.69731808347063],[-96.85520975017867,17.67367532526574],[-96.88088477479639,17.622024991956597],[-96.87771501867074,17.58892513046975],[-96.94586477537207,17.60111024431381],[-96.94776662904746,17.616205236090778],[-97.0007015563457,17.58837952835733],[-96.987388580618,17.555825268982904],[-97.01655033697392,17.54054840983513],[-96.99562994654468,17.506175476752635],[-97.04127443475394,17.534910521340116],[-97.04159141036651,17.586924589390875],[-97.04317628842932,17.644212811195032],[-97.01274662962315,17.649305097577624],[-96.98136604397928,17.717323494259382],[-96.96932097070183,17.722052045900362],[-96.94459687292182,17.73551023134007],[-96.96044565355004,17.7842506867163],[-97.0026034100211,17.824988977777036],[-97.02796145902624,17.802437423796988],[-97.10625443532963,17.79370778999826],[-97.11481277686887,17.778976532962904],[-97.13668409413582,17.799891280605692],[-97.0479309226178,17.8639085951297],[-97.01211267839803,17.869546483624713],[-97.03113121515189,17.895189782908478],[-97.00228643440853,17.92574350120403],[-96.97185677560235,17.917377602146914],[-96.93603853138258,17.936291808710827],[-96.88912614072305,17.933381930777916]]]}},{"type":"Feature","properties":{"cvegeo":"20180","cve_ent":"20","state_code":"OAX","nom_mun":"San Juan Bautista Lo de Soto"},"geometry":{"type":"Polygon","coordinates":[[[-98.292694153158,16.468985861041194],[-98.31202966552442,16.44497936809469],[-98.35704020250856,16.47735176009831],[-98.39539425162884,16.546825095746524],[-98.31678429971288,16.569922251838992],[-98.3113957142993,16.47098640212007],[-98.292694153158,16.468985861041194]]]}},{"type":"Feature","properties":{"cvegeo":"20181","cve_ent":"20","state_code":"OAX","nom_mun":"San Juan Bautista Suchitepec"},"geometry":{"type":"Polygon","coordinates":[[[-97.63496975708696,18.04377542485767],[-97.59693268357924,18.019405197169554],[-97.5893252688777,17.95847962794926],[-97.5912271225531,17.945567044621974],[-97.64638087913929,17.958297760578454],[-97.6799802940711,17.94993186152134],[-97.68695375754753,18.028498565709896],[-97.6853688794847,18.06523577461288],[-97.63496975708696,18.04377542485767]]]}},{"type":"Feature","properties":{"cvegeo":"20185","cve_ent":"20","state_code":"OAX","nom_mun":"San Juan Cacahuatepec"},"geometry":{"type":"Polygon","coordinates":[[[-98.13579122493864,16.75742751114085],[-98.1085313222581,16.74142318250985],[-98.13103659075017,16.679406409064715],[-98.15195698117942,16.67449599005293],[-98.12659893217428,16.64321480227415],[-98.06637356578705,16.6126610839786],[-98.08792790744143,16.570467853951413],[-98.10377668806964,16.56028328118623],[-98.11360293205914,16.585199110986768],[-98.14561746892814,16.584289774132735],[-98.1424477128025,16.561738220152684],[-98.18809220101176,16.55755527062413],[-98.2153521036923,16.557191535882513],[-98.20584283531537,16.585926580469994],[-98.19379776203792,16.62139071777733],[-98.21408420124203,16.618844574586035],[-98.23817434779693,16.70723211679816],[-98.13927795667685,16.723600180170777],[-98.13579122493864,16.75742751114085]]]}},{"type":"Feature","properties":{"cvegeo":"20186","cve_ent":"20","state_code":"OAX","nom_mun":"San Juan Cieneguilla"},"geometry":{"type":"Polygon","coordinates":[[[-98.26258146996437,17.927744042282903],[-98.26258146996437,17.927016572799676],[-98.24704966494873,17.878639852165055],[-98.20711073776562,17.886823883851363],[-98.19950332306408,17.841902643262074],[-98.2010882011269,17.83517355054222],[-98.24134410392257,17.818623619798796],[-98.25243825036232,17.875911841602953],[-98.27874722620516,17.882459066952],[-98.26828703099054,17.82535271251865],[-98.29966761663441,17.831354335755275],[-98.32090498267623,17.8293537946764],[-98.34911581219444,17.85936191085953],[-98.33168215350341,17.879912923760703],[-98.29839971418416,17.911012244168674],[-98.26258146996437,17.927744042282903]]]}},{"type":"Feature","properties":{"cvegeo":"20188","cve_ent":"20","state_code":"OAX","nom_mun":"San Juan Colorado"},"geometry":{"type":"Polygon","coordinates":[[[-97.85938849078252,16.45698261456794],[-97.92341756452052,16.425701426789164],[-97.9912503456093,16.4506172565897],[-97.9671601990544,16.479352301177183],[-97.91359132053103,16.518271918529848],[-97.94465493056234,16.563920628602368],[-97.93482868657284,16.564648098085595],[-97.86921473477202,16.576833211929653],[-97.85938849078252,16.565557434939628],[-97.8543168809815,16.554099790578796],[-97.88284468611229,16.479170433806377],[-97.85938849078252,16.45698261456794]]]}},{"type":"Feature","properties":{"cvegeo":"20195","cve_ent":"20","state_code":"OAX","nom_mun":"San Juan Diuxi"},"geometry":{"type":"Polygon","coordinates":[[[-97.41530565757988,17.291753846571364],[-97.42101121860603,17.315396604776254],[-97.39153248663754,17.308303777314787],[-97.34874077894136,17.284115416997476],[-97.36046887660625,17.255380372409995],[-97.40864916971603,17.252652361847893],[-97.41530565757988,17.291753846571364]]]}},{"type":"Feature","properties":{"cvegeo":"20199","cve_ent":"20","state_code":"OAX","nom_mun":"San Juan Ihualtepec"},"geometry":{"type":"Polygon","coordinates":[[[-98.26828703099054,17.82535271251865],[-98.28128303110567,17.79188911629019],[-98.25782683577592,17.742057456689114],[-98.2695549334408,17.702410369853222],[-98.32122195828879,17.729326740732635],[-98.30695805572338,17.75606124424124],[-98.29966761663441,17.831354335755275],[-98.26828703099054,17.82535271251865]]]}},{"type":"Feature","properties":{"cvegeo":"20202","cve_ent":"20","state_code":"OAX","nom_mun":"San Juan Lachao"},"geometry":{"type":"Polygon","coordinates":[[[-97.08755287418833,16.266931212074788],[-97.02701053218854,16.231830809509066],[-97.02701053218854,16.210006725012246],[-97.0647306300837,16.202004560696743],[-97.0602929715078,16.136714174577087],[-97.10498653287938,16.123437856508186],[-97.14619336251275,16.137441644060313],[-97.14524243567504,16.169814036063933],[-97.17250233835559,16.167267892872637],[-97.18010975305712,16.20691497970853],[-97.19944526542355,16.19363866163963],[-97.21656194850203,16.24656206654442],[-97.1848643872456,16.241287912791023],[-97.14238965516196,16.27838885643562],[-97.08755287418833,16.266931212074788]]]}},{"type":"Feature","properties":{"cvegeo":"20206","cve_ent":"20","state_code":"OAX","nom_mun":"San Juan de los Cués"},"geometry":{"type":"Polygon","coordinates":[[[-96.98326789765467,18.027043626743442],[-97.0460290689424,17.97684823240075],[-97.11512975248144,18.044866629082513],[-97.0932584352145,18.069964326253857],[-97.06346272763345,18.069964326253857],[-96.96805306825158,18.11015701520217],[-96.96678516580133,18.090333471784223],[-96.9892904342934,18.06014348823029],[-96.98326789765467,18.027043626743442]]]}},{"type":"Feature","properties":{"cvegeo":"20031","cve_ent":"20","state_code":"OAX","nom_mun":"Tamazulápam del Espíritu Santo"},"geometry":{"type":"Polygon","coordinates":[[[-96.12077725586707,17.064601500433614],[-96.11507169484092,17.07569541005283],[-96.03487686486214,17.063510296208772],[-96.00349627921827,17.0775140837609],[-95.9943039864539,17.104976056752733],[-95.96102154713464,17.082788237514297],[-95.9721156935744,17.022590137777232],[-95.945489742119,16.994764430043784],[-95.99810769380467,17.00822261548349],[-96.02314876719726,16.965301915973075],[-96.05040866987778,16.987126000469896],[-96.04628798691445,17.02604561782256],[-96.06942720663164,17.038594466408234],[-96.07227998714473,17.04059500748711],[-96.12077725586707,17.064601500433614]]]}},{"type":"Feature","properties":{"cvegeo":"20337","cve_ent":"20","state_code":"OAX","nom_mun":"San Pedro y San Pablo Ayutla"},"geometry":{"type":"Polygon","coordinates":[[[-96.05040866987778,16.987126000469896],[-96.07132906030704,16.98639853098667],[-96.08178925552166,16.95057065893772],[-96.10968310942732,16.955481077949507],[-96.11729052412886,16.985671061503442],[-96.17085940265224,16.960209629590484],[-96.20794554932228,17.012041830270434],[-96.20572672003432,17.04114060959953],[-96.17751589051609,17.063510296208772],[-96.18892701256841,17.115706231630337],[-96.16198408550044,17.124253998058258],[-96.16039920743762,17.122799059091804],[-96.16864057336429,17.097883229291266],[-96.12077725586707,17.064601500433614],[-96.07227998714473,17.04059500748711],[-96.06942720663164,17.038594466408234],[-96.04628798691445,17.02604561782256],[-96.05040866987778,16.987126000469896]]]}},{"type":"Feature","properties":{"cvegeo":"20148","cve_ent":"20","state_code":"OAX","nom_mun":"San Francisco Ozolotepec"},"geometry":{"type":"Polygon","coordinates":[[[-96.23266964710228,16.098703894078454],[-96.24344681792948,16.117072498529947],[-96.20826252493484,16.145807543117428],[-96.19716837849508,16.115981294305104],[-96.162301061113,16.105069252056694],[-96.1765649636784,16.05632879668046],[-96.23045081781434,16.063421624141927],[-96.23266964710228,16.098703894078454]]]}},{"type":"Feature","properties":{"cvegeo":"20138","cve_ent":"20","state_code":"OAX","nom_mun":"San Francisco Cajonos"},"geometry":{"type":"Polygon","coordinates":[[[-96.27419345234821,17.16499228911899],[-96.3401243797616,17.179723546154346],[-96.31413237953133,17.20373003910085],[-96.25454096436923,17.199910824313907],[-96.2396431105787,17.196637211639384],[-96.19336467114431,17.190635588402756],[-96.20033813462072,17.176995535592244],[-96.22347735433792,17.160809339590436],[-96.2405940374164,17.156626390061877],[-96.24978633018077,17.1571719921743],[-96.27419345234821,17.16499228911899]]]}},{"type":"Feature","properties":{"cvegeo":"20165","cve_ent":"20","state_code":"OAX","nom_mun":"San José Ayuquila"},"geometry":{"type":"Polygon","coordinates":[[[-97.99473707734751,17.97466582395107],[-97.96747717466697,17.970482874422512],[-97.93482868657284,17.96084390376975],[-97.93673054024823,17.925197899091607],[-97.95860185751516,17.95047746363376],[-97.98300897968262,17.92810777702452],[-98.00519727256213,17.949386259408918],[-97.99473707734751,17.97466582395107]]]}},{"type":"Feature","properties":{"cvegeo":"20455","cve_ent":"20","state_code":"OAX","nom_mun":"Santiago Ayuquililla"},"geometry":{"type":"Polygon","coordinates":[[[-97.93673054024823,17.925197899091607],[-97.9031311253164,17.909193570460605],[-97.90883668634257,17.84899547072354],[-97.98269200407006,17.88573267962652],[-97.98332595529519,17.92447042960838],[-98.05210966322166,17.92738030754129],[-98.05147571199652,17.981940518783343],[-98.03055532156728,17.99194322417772],[-97.99473707734751,17.97466582395107],[-98.00519727256213,17.949386259408918],[-97.98300897968262,17.92810777702452],[-97.95860185751516,17.95047746363376],[-97.93673054024823,17.925197899091607]]]}},{"type":"Feature","properties":{"cvegeo":"20518","cve_ent":"20","state_code":"OAX","nom_mun":"Santo Domingo Tlatayápam"},"geometry":{"type":"Polygon","coordinates":[[[-97.31609229084724,17.387961685728186],[-97.34620497404084,17.386143012020117],[-97.36744234008266,17.407421494404517],[-97.36205375466906,17.41251378078711],[-97.31957902258544,17.409240168112586],[-97.31609229084724,17.387961685728186]]]}},{"type":"Feature","properties":{"cvegeo":"20140","cve_ent":"20","state_code":"OAX","nom_mun":"San Francisco Chindúa"},"geometry":{"type":"Polygon","coordinates":[[[-97.28788146132901,17.436520273733613],[-97.29580585164311,17.397782523751754],[-97.3110206810462,17.38359686882882],[-97.31609229084724,17.387961685728186],[-97.31957902258544,17.409240168112586],[-97.36205375466906,17.41251378078711],[-97.36490653518214,17.42397142514794],[-97.32591853483673,17.4308823852386],[-97.28788146132901,17.436520273733613]]]}},{"type":"Feature","properties":{"cvegeo":"20156","cve_ent":"20","state_code":"OAX","nom_mun":"San Ildefonso Villa Alta"},"geometry":{"type":"Polygon","coordinates":[[[-96.15691247569941,17.360499712736353],[-96.14613530487222,17.398328125864175],[-96.16039920743762,17.428336242047305],[-96.17339520755276,17.455616347668332],[-96.12616584128067,17.442158162228626],[-96.08559296287243,17.390507828919482],[-96.07766857255832,17.370866152872342],[-96.0849590116473,17.352861283162465],[-96.12426398760527,17.350497007341975],[-96.13060349985656,17.328127320732733],[-96.17973471980405,17.287207162301193],[-96.19558350043226,17.310122451022856],[-96.19273071991918,17.340130567205986],[-96.19273071991918,17.34213110828486],[-96.15469364641146,17.338857495610338],[-96.1543766707989,17.338311893497917],[-96.15469364641146,17.338857495610338],[-96.15691247569941,17.360499712736353]]]}},{"type":"Feature","properties":{"cvegeo":"20128","cve_ent":"20","state_code":"OAX","nom_mun":"San Cristóbal Lachirioag"},"geometry":{"type":"Polygon","coordinates":[[[-96.15469364641146,17.338857495610338],[-96.1543766707989,17.338311893497917],[-96.15469364641146,17.338857495610338],[-96.19273071991918,17.34213110828486],[-96.20984740299765,17.361409049590385],[-96.18322145154225,17.374685367659286],[-96.15691247569941,17.360499712736353],[-96.15469364641146,17.338857495610338]]]}},{"type":"Feature","properties":{"cvegeo":"20542","cve_ent":"20","state_code":"OAX","nom_mun":"Taniche"},"geometry":{"type":"Polygon","coordinates":[[[-96.74933989558218,16.581925498312245],[-96.76106799324705,16.57574200770481],[-96.74490223700627,16.571922792917867],[-96.78610906663964,16.5488256368254],[-96.78515813980195,16.583198569907893],[-96.78484116418939,16.585926580469994],[-96.74933989558218,16.581925498312245]]]}},{"type":"Feature","properties":{"cvegeo":"20470","cve_ent":"20","state_code":"OAX","nom_mun":"Santiago Lachiguiri"},"geometry":{"type":"Polygon","coordinates":[[[-95.43262320098987,16.937658075610436],[-95.4155065179114,16.897101651920508],[-95.420895103325,16.856181493488968],[-95.48682603073837,16.83472114373376],[-95.46368681102118,16.77306810503024],[-95.48682603073837,16.75924618484892],[-95.48555812828812,16.70086675881992],[-95.45576242070707,16.66685756047904],[-95.5017238845289,16.618844574586035],[-95.53247051894765,16.626846738901534],[-95.54293071416227,16.606477593371167],[-95.5879412511464,16.652308170814493],[-95.66464934938698,16.689227247088283],[-95.68113208124032,16.69813874825782],[-95.62819715394207,16.73105674237386],[-95.61203139770129,16.712870005293173],[-95.56828876316742,16.76833955338926],[-95.56511900704177,16.81107838552887],[-95.5958656414605,16.82199042777728],[-95.56511900704177,16.844178247015716],[-95.57748105593178,16.86527486202931],[-95.54895325080099,16.902012070932294],[-95.52105939689532,16.898920325628577],[-95.46875842082221,16.88036985380628],[-95.45164173774373,16.917470797450875],[-95.50299178697915,16.929655911294933],[-95.53088564088482,16.949297587342073],[-95.49316554298966,16.97366781503019],[-95.44878895723065,16.924927359653957],[-95.43262320098987,16.937658075610436]],[[-95.54514954345022,16.7587005827365],[-95.57050759245536,16.74706107100486],[-95.54419861661252,16.724327649654004],[-95.54514954345022,16.7587005827365]]]}},{"type":"Feature","properties":{"cvegeo":"20205","cve_ent":"20","state_code":"OAX","nom_mun":"San Juan Lalana"},"geometry":{"type":"Polygon","coordinates":[[[-95.89540759533382,17.704410910932097],[-95.8031676920776,17.629117819418063],[-95.77337198449655,17.623843665664666],[-95.80348466769016,17.606930000179627],[-95.74484417936576,17.585833385166033],[-95.7026864228947,17.518724325338308],[-95.64563081263312,17.54691376781337],[-95.59871842197359,17.534546786598504],[-95.57272642174331,17.54855057415063],[-95.6022051537118,17.47634922794031],[-95.68461881297853,17.47543989108628],[-95.66084564203621,17.447432315982024],[-95.74389325252807,17.382869399345594],[-95.73026330118779,17.360135977994737],[-95.74896486232909,17.31848835007997],[-95.77780964307244,17.33303773974452],[-95.81394486290479,17.34667779255503],[-95.82440505811941,17.401419871167892],[-95.8475442778366,17.41124070919146],[-95.86339305846482,17.38759795098657],[-95.9194977418887,17.411604443933076],[-95.89984525390972,17.438520814812488],[-95.95626691294618,17.44597737701557],[-95.96197247397234,17.46089050142173],[-95.96831198622363,17.500355720886816],[-95.90523383932332,17.482532718547745],[-95.90111315635998,17.528181428620265],[-95.92805608342795,17.537456664531412],[-95.8947736441087,17.555279666870483],[-95.85958935111405,17.60438385698833],[-95.86878164387842,17.653851781847795],[-95.89540759533382,17.704410910932097]],[[-95.73723676466422,17.516360049517818],[-95.78224730164835,17.472893747894982],[-95.7568892526432,17.464345981467062],[-95.73723676466422,17.516360049517818]]]}},{"type":"Feature","properties":{"cvegeo":"20042","cve_ent":"20","state_code":"OAX","nom_mun":"Ixtlán de Juárez"},"geometry":{"type":"Polygon","coordinates":[[[-96.26848789132205,17.483805790143393],[-96.30715891605492,17.449796591802514],[-96.31096262340569,17.407421494404517],[-96.31888701371979,17.37614030662574],[-96.33980740414904,17.381050725637525],[-96.40225159982421,17.34158550617244],[-96.43521706353091,17.34213110828486],[-96.47103530775068,17.312304859472537],[-96.46342789304913,17.28975330549249],[-96.47895969806478,17.293026918167012],[-96.4967103323684,17.29939227614525],[-96.51255911299661,17.30884937942721],[-96.52809091801227,17.309576848910435],[-96.49417452746788,17.41251378078711],[-96.39813091686088,17.500901322999237],[-96.39654603879805,17.544185757251267],[-96.39591208757292,17.56982905653503],[-96.33980740414904,17.58201417037909],[-96.2947968671649,17.60565692858398],[-96.31001169656798,17.639484259554052],[-96.28655550123823,17.657307261893123],[-96.23615637884049,17.65003256706085],[-96.13599208527016,17.661490211421683],[-96.15152389028582,17.614022827641094],[-96.18829306134327,17.566737311231314],[-96.22886593975151,17.566191709118893],[-96.23615637884049,17.54109401194755],[-96.27387647673565,17.52963636758672],[-96.26848789132205,17.483805790143393]],[[-96.40510438033729,17.457616888747207],[-96.41651550238961,17.442885631711853],[-96.36041081896572,17.401601738538698],[-96.33885647731134,17.423243955664713],[-96.40510438033729,17.457616888747207]]]}},{"type":"Feature","properties":{"cvegeo":"20183","cve_ent":"20","state_code":"OAX","nom_mun":"San Juan Bautista Tlachichilco"},"geometry":{"type":"Polygon","coordinates":[[[-98.30378829959774,17.627844747822415],[-98.2686040066031,17.61766017505723],[-98.27430956762926,17.59929157060574],[-98.2873055677444,17.580559231412636],[-98.28318488478106,17.533455582373662],[-98.3193201046134,17.531455041294787],[-98.33009727544058,17.533273715002856],[-98.37700966610011,17.605111326471558],[-98.37162108068651,17.62984528890129],[-98.36654947088549,17.637847453216793],[-98.30505620204801,17.645122148049065],[-98.30378829959774,17.627844747822415]]]}},{"type":"Feature","properties":{"cvegeo":"20292","cve_ent":"20","state_code":"OAX","nom_mun":"San Pablo Cuatro Venados"},"geometry":{"type":"MultiPolygon","coordinates":[[[[-96.8726434088697,17.0296829652387],[-96.86154926242996,17.029137363126278],[-96.83999492077558,17.008586350225105],[-96.85901345752944,16.961846435927747],[-96.88817521388536,16.94493277044271],[-96.90148818961306,16.933475126081877],[-96.95315521446105,16.93092898289058],[-96.91733697024128,16.958027221140803],[-96.92684623861821,16.9818518467165],[-96.92399345810513,17.006767676517036],[-96.90339004328845,17.021317066181584],[-96.8726434088697,17.0296829652387]]],[[[-96.96456633651337,16.915470256372],[-96.96393238528825,16.91037796998941],[-96.97027189753953,16.892009365537916],[-97.0026034100211,16.862001249354787],[-97.07138711794755,16.877641843244177],[-97.0602929715078,16.914742786888773],[-96.96456633651337,16.915470256372]]]]}},{"type":"Feature","properties":{"cvegeo":"20073","cve_ent":"20","state_code":"OAX","nom_mun":"Putla Villa de Guerrero"},"geometry":{"type":"MultiPolygon","coordinates":[[[[-97.76841648997656,16.762519797523442],[-97.79440849020683,16.75688190902843],[-97.82198536849994,16.78070653460413],[-97.8115251732853,16.81289705923694],[-97.78268039254195,16.8198080193276],[-97.77095229487708,16.797620200089163],[-97.73037941646884,16.81853494773195],[-97.76841648997656,16.762519797523442]]],[[[-97.82166839288737,17.1864526388742],[-97.80740449032197,17.12479960017068],[-97.83910205157841,17.11261448632662],[-97.84417366137944,17.078787155356547],[-97.83783414912816,17.02604561782256],[-97.8169137586989,16.96693872231034],[-97.80740449032197,16.9605733643321],[-97.84797736873021,16.923836155429115],[-97.87840702753638,16.934020728194298],[-97.85463385659406,16.898374723516156],[-97.9031311253164,16.892009365537916],[-97.91422527175617,16.890190691829847],[-97.94338702811208,16.9049219488652],[-97.96272254047851,16.970394202355667],[-97.9937861505098,16.98639853098667],[-98.02643463860394,16.966574987568723],[-98.09743717581836,16.968939263389213],[-98.0578152242478,17.02386320937288],[-98.03055532156728,17.01567917768657],[-97.95067746720106,17.027136822047403],[-97.9262703450336,17.04932464128584],[-97.876505173861,17.061691622500703],[-97.89457278377716,17.1280732128452],[-97.88316166172486,17.182815291458063],[-97.85495083220663,17.207549253887795],[-97.82166839288737,17.1864526388742]]]]}},{"type":"Feature","properties":{"cvegeo":"20039","cve_ent":"20","state_code":"OAX","nom_mun":"Heroica Ciudad de Huajuapan de León"},"geometry":{"type":"MultiPolygon","coordinates":[[[[-97.768099514364,17.976666365029946],[-97.7449602946468,17.95629721949958],[-97.71326273339037,17.910466642056253],[-97.71516458706574,17.886278281738942],[-97.74274146535885,17.821715365102513],[-97.72308897737986,17.7682463580853],[-97.75383561179859,17.752969498937524],[-97.77222019732733,17.71823283111342],[-97.8169137586989,17.75606124424124],[-97.85209805169355,17.72969047547425],[-97.91200644246821,17.75787991794931],[-97.89710858867768,17.7815226761542],[-97.85653571026945,17.770792501276595],[-97.82610605146327,17.785887493053565],[-97.85399990536894,17.84663119490305],[-97.90820273511744,17.83517355054222],[-97.90883668634257,17.84899547072354],[-97.9031311253164,17.909193570460605],[-97.87935795437409,17.917923204259335],[-97.84385668576688,17.844630653824176],[-97.80455170980889,17.846449327532245],[-97.81913258798686,17.914649591584812],[-97.81311005134813,17.945203309880362],[-97.768099514364,17.976666365029946]]],[[[-97.79884614878274,18.03577326054217],[-97.79092175846863,18.00412833802178],[-97.82642302707583,17.972483415501387],[-97.84258878331661,18.018859595057133],[-97.83688322229045,18.032681515238455],[-97.79884614878274,18.03577326054217]]]]}},{"type":"Feature","properties":{"cvegeo":"20020","cve_ent":"20","state_code":"OAX","nom_mun":"Constancia del Rosario"},"geometry":{"type":"MultiPolygon","coordinates":[[[[-97.9262703450336,17.04932464128584],[-97.95067746720106,17.027136822047403],[-98.03055532156728,17.01567917768657],[-98.02516673615368,17.018952790361094],[-97.9804731747821,17.024045076743686],[-97.99093336999674,17.046778498094543],[-98.04893990709601,17.07060312367024],[-98.01692537022701,17.088607993380116],[-98.00202751643648,17.060054816163444],[-97.96050371119055,17.06933005207459],[-97.9262703450336,17.04932464128584]]],[[[-98.07271307803833,17.064237765692],[-98.08127141957758,17.06660204151249],[-98.09870507826861,17.08387944173914],[-98.06954332191269,17.124072130687452],[-98.06035102914832,17.07860528798574],[-98.07271307803833,17.064237765692]]]]}},{"type":"Feature","properties":{"cvegeo":"20006","cve_ent":"20","state_code":"OAX","nom_mun":"Asunción Nochixtlán"},"geometry":{"type":"MultiPolygon","coordinates":[[[[-97.2568178512977,17.449069122319287],[-97.25935365619821,17.46143610353415],[-97.25840272936053,17.48053217746887],[-97.25554994884745,17.529090765474297],[-97.19849433858586,17.591653141031852],[-97.16140819191583,17.588561395728135],[-97.13129550872222,17.578922425075373],[-97.06853433743447,17.58255977249151],[-97.08850380102604,17.524544081204127],[-97.13319736239761,17.551278584712733],[-97.1696495578425,17.540002807722708],[-97.18169463111995,17.513632038955716],[-97.17028350906763,17.4787135037608],[-97.13066155749709,17.472166278411756],[-97.10371863042911,17.43506533476716],[-97.0558553129319,17.423789557777134],[-97.02225589800008,17.45288833710623],[-97.01908614187444,17.47998657535645],[-96.99911667828289,17.443976835936695],[-97.04412721526703,17.41997034299019],[-97.10530350849194,17.431609854721827],[-97.14429150883736,17.401419871167892],[-97.08470009367525,17.37450350028848],[-97.1056204841045,17.312850461584958],[-97.14809521618812,17.327945453361927],[-97.1607742406907,17.377777112963003],[-97.19912828981099,17.375412837142513],[-97.22543726565382,17.41997034299019],[-97.2568178512977,17.449069122319287]]],[[[-97.24033511944435,17.207549253887795],[-97.24287092434487,17.1731763208053],[-97.27868916856464,17.18772571046985],[-97.28217590030285,17.230464542609457],[-97.24033511944435,17.207549253887795]]]]}},{"type":"Feature","properties":{"cvegeo":"20537","cve_ent":"20","state_code":"OAX","nom_mun":"Silacayoápam"},"geometry":{"type":"MultiPolygon","coordinates":[[[[-98.21408420124203,17.775339185546766],[-98.21915581104307,17.75042335574623],[-98.1814357131479,17.75551564212882],[-98.1237461516612,17.728417403878602],[-98.12342917604863,17.685314836997378],[-98.1627341520066,17.67894947901914],[-98.1227952248235,17.617842042428038],[-98.13927795667685,17.565464239635666],[-98.11075015154606,17.568555984939383],[-98.08475815131578,17.644576545936644],[-98.06922634630013,17.64675895438633],[-98.0445022485201,17.626753543597573],[-98.03784576065625,17.554552197387256],[-98.0232648824783,17.50926722205635],[-98.0676414682373,17.529454500215913],[-98.07112819997552,17.484351392255814],[-98.11170107838375,17.454343276072684],[-98.1414967859648,17.379959521412683],[-98.15702859098045,17.381050725637525],[-98.20362400602741,17.43142798735102],[-98.21281629879178,17.502719996707306],[-98.20425795725254,17.542367083543198],[-98.18777522539919,17.584560313570385],[-98.17446224967149,17.63621064687953],[-98.19982029867664,17.64439467856584],[-98.18206966437303,17.679676948502365],[-98.18206966437303,17.719687770079872],[-98.26480029925233,17.76879196019772],[-98.25243825036232,17.797527004785202],[-98.21408420124203,17.775339185546766]]]]}},{"type":"Feature","properties":{"cvegeo":"20390","cve_ent":"20","state_code":"OAX","nom_mun":"Santa Lucía del Camino"},"geometry":{"type":"Polygon","coordinates":[[[-96.6957710170588,17.08151516591865],[-96.68562779745675,17.067329510995716],[-96.68657872429444,17.059145479309407],[-96.70179355369753,17.04477795701567],[-96.70464633421061,17.050597712881487],[-96.6957710170588,17.08151516591865]]]}},{"type":"Feature","properties":{"cvegeo":"20350","cve_ent":"20","state_code":"OAX","nom_mun":"San Sebastián Tutla"},"geometry":{"type":"Polygon","coordinates":[[[-96.6637564801898,17.060418550905055],[-96.66692623631545,17.021317066181584],[-96.68340896816879,17.031501638946768],[-96.68657872429444,17.059145479309407],[-96.68562779745675,17.067329510995716],[-96.6637564801898,17.060418550905055]]]}},{"type":"Feature","properties":{"cvegeo":"20515","cve_ent":"20","state_code":"OAX","nom_mun":"Santo Domingo Tehuantepec"},"geometry":{"type":"MultiPolygon","coordinates":[[[[-95.22310232108484,16.332221598194444],[-95.18918593054045,16.301486012528088],[-95.17143529623685,16.26383946677107],[-95.16509578398556,16.249835679218943],[-95.19203871105353,16.264203201512686],[-95.27381841909514,16.20564190811288],[-95.28935022411079,16.206369377596108],[-95.28015793134642,16.115617559563493],[-95.33879841967082,16.087791851830044],[-95.37842037124136,16.046326091286083],[-95.36796017602674,16.020864659373125],[-95.42691763996372,15.996858166426621],[-95.43547598150295,15.976125286154641],[-95.51376895780635,15.963758304939775],[-95.53627422629842,16.062876022029506],[-95.5790659339946,16.09543028140393],[-95.58413754379563,16.14271579781371],[-95.61425022698924,16.13234935767772],[-95.60854466596308,16.148353686308724],[-95.561315299691,16.16999590343474],[-95.52201032373301,16.149444890533566],[-95.47129422572272,16.274024039536254],[-95.50108993330377,16.315489800080215],[-95.52327822618328,16.346043518375765],[-95.46020007928297,16.364593990198063],[-95.34894163927288,16.425701426789164],[-95.28110885818411,16.35859236696144],[-95.25670173601665,16.34858966156706],[-95.20186495504302,16.425701426789164],[-95.20091402820533,16.423337150968674],[-95.1834803695143,16.39587517797684],[-95.20376680871841,16.371504950288724],[-95.18379734512686,16.340405629880753],[-95.22310232108484,16.332221598194444]]],[[[-95.52105939689532,16.898920325628577],[-95.50299178697915,16.929655911294933],[-95.45164173774373,16.917470797450875],[-95.46875842082221,16.88036985380628],[-95.52105939689532,16.898920325628577]]]]}},{"type":"Feature","properties":{"cvegeo":"20570","cve_ent":"20","state_code":"OAX","nom_mun":"Zimatlán de Álvarez"},"geometry":{"type":"MultiPolygon","coordinates":[[[[-96.83936096955046,16.784162014649457],[-96.82287823769711,16.78161587145816],[-96.79561833501657,16.743423723588723],[-96.80132389604273,16.737603967722904],[-96.81875755473376,16.74596986678002],[-96.83936096955046,16.784162014649457]]],[[[-97.04222536159163,16.815988804540655],[-97.01718428819905,16.766339012310386],[-97.04729697139267,16.77015822709733],[-97.09801306940297,16.723054578058356],[-97.06916828865961,16.707595851539775],[-97.08279823999987,16.66231087620887],[-97.09008867908885,16.5833804372787],[-97.09579424011501,16.62484619782266],[-97.14143872832427,16.671404244749212],[-97.17218536274302,16.68195255225601],[-97.20546780206227,16.717962291675764],[-97.16362702120378,16.759973654332146],[-97.1883511189838,16.795074056897867],[-97.16869863100482,16.84799746180266],[-97.16014028946557,16.84854306391508],[-97.11164302074323,16.851271074477182],[-97.1297106306594,16.83072006157601],[-97.09040565470141,16.817261876136303],[-97.06599853253397,16.837267286925055],[-97.04222536159163,16.815988804540655]]],[[[-96.76582262743553,16.911105439472635],[-96.78801092031503,16.906013153090043],[-96.75377755415808,16.87800557798579],[-96.75821521273397,16.858182034567843],[-96.75567940783347,16.827992051013908],[-96.77628282265015,16.834539276362953],[-96.77659979826271,16.834539276362953],[-96.77628282265015,16.834539276362953],[-96.77659979826271,16.834539276362953],[-96.81368594493274,16.850543604993955],[-96.814953847383,16.830538194205204],[-96.84887023792739,16.84672439020701],[-96.84823628670226,16.879278649581437],[-96.81241804248248,16.918016399563296],[-96.76582262743553,16.911105439472635]]],[[[-96.90148818961306,16.933475126081877],[-96.92557833616796,16.903467009898748],[-96.91923882391667,16.880551721177085],[-96.96393238528825,16.91037796998941],[-96.96456633651337,16.915470256372],[-96.95315521446105,16.93092898289058],[-96.90148818961306,16.933475126081877]]]]}},{"type":"Feature","properties":{"cvegeo":"20551","cve_ent":"20","state_code":"OAX","nom_mun":"Tlacolula de Matamoros"},"geometry":{"type":"MultiPolygon","coordinates":[[[[-96.4513828197717,16.9845798572786],[-96.4593072100858,16.966574987568723],[-96.40922506330062,16.95184373053337],[-96.41651550238961,16.923836155429115],[-96.4761069175517,16.920744410125398],[-96.5090723812584,16.929474043924127],[-96.52460418627405,16.870912750524322],[-96.54457364986561,16.892554967650337],[-96.54647550354099,16.930747115519775],[-96.5090723812584,16.929474043924127],[-96.50843843003327,16.949297587342073],[-96.50843843003327,16.94947945471288],[-96.50843843003327,16.949297587342073],[-96.50843843003327,16.94947945471288],[-96.51921560086046,16.970939804468088],[-96.51255911299661,16.99149081736926],[-96.49702730798096,16.98694413309909],[-96.4513828197717,16.9845798572786]]],[[[-96.20002115900816,16.72232710857513],[-96.19875325655791,16.81053278341645],[-96.15057296344813,16.810896518158064],[-96.14042974384606,16.737058365610483],[-96.20002115900816,16.72232710857513]]]]}},{"type":"Feature","properties":{"cvegeo":"20460","cve_ent":"20","state_code":"OAX","nom_mun":"Santiago Choápam"},"geometry":{"type":"MultiPolygon","coordinates":[[[[-95.96197247397234,17.46089050142173],[-95.95626691294618,17.44597737701557],[-95.89984525390972,17.438520814812488],[-95.9194977418887,17.411604443933076],[-95.86339305846482,17.38759795098657],[-95.8475442778366,17.41124070919146],[-95.82440505811941,17.401419871167892],[-95.81394486290479,17.34667779255503],[-95.77780964307244,17.33303773974452],[-95.83740105823455,17.259381454567745],[-95.88177764399356,17.281751141176986],[-95.89952827829715,17.27283964000745],[-95.88336252205637,17.337766291385496],[-95.94485579089385,17.34340417988051],[-95.95563296172105,17.371048020243148],[-95.99683979135442,17.385597409907696],[-96.04533706007676,17.361954651702806],[-96.03868057221291,17.343586047251314],[-96.07766857255832,17.370866152872342],[-96.08559296287243,17.390507828919482],[-96.01237159637006,17.46143610353415],[-95.96197247397234,17.46089050142173]]],[[[-95.73723676466422,17.516360049517818],[-95.7568892526432,17.464345981467062],[-95.78224730164835,17.472893747894982],[-95.73723676466422,17.516360049517818]]]]}},{"type":"Feature","properties":{"cvegeo":"20198","cve_ent":"20","state_code":"OAX","nom_mun":"San Juan Guichicovi"},"geometry":{"type":"MultiPolygon","coordinates":[[[[-94.960329538269,16.99549189952701],[-94.97459344083438,16.952571200016596],[-94.99075919707516,16.960027762219678],[-95.08363305155652,16.89764725403293],[-95.12959451537836,16.90910489839376],[-95.16604671082325,16.927109768103637],[-95.2180307112838,16.933475126081877],[-95.24148690661357,16.985671061503442],[-95.2554338335664,17.033502180025643],[-95.23990202855074,17.081333298547843],[-95.29537276074952,17.08842612600931],[-95.29125207778617,17.122253456979383],[-95.23546436997485,17.1253452022831],[-95.2145439795456,17.107704067314835],[-95.16192602785992,17.10515792412354],[-95.14195656426837,17.139348989835227],[-95.2456075895769,17.143895674105398],[-95.24846037008999,17.170084575501583],[-95.17302017429967,17.20373003910085],[-95.17555597920018,17.277750059019237],[-95.17111832062429,17.310486185764468],[-95.1540016375458,17.310304318393662],[-95.14829607651966,17.295573061358308],[-95.15843929612171,17.18936251680711],[-95.11311178352501,17.19227239474002],[-95.10708924688629,17.16681096282706],[-95.07000310021625,17.14444127621782],[-95.07539168562985,17.099156300886914],[-95.05700710010112,17.08897172812173],[-95.036720660897,17.116979303225985],[-94.99709870932645,17.106794730460802],[-94.95367305040514,17.143713806734592],[-94.97871412379773,17.033502180025643],[-94.93370358681359,17.02277200514804],[-94.960329538269,16.99549189952701]]],[[[-94.99487988003851,17.25519850503919],[-94.95969558704387,17.24592326912804],[-94.93306963558845,17.209731662337475],[-94.98790641656208,17.203002569617624],[-94.99487988003851,17.25519850503919]]]]}},{"type":"Feature","properties":{"cvegeo":"20115","cve_ent":"20","state_code":"OAX","nom_mun":"San Bartolo Coyotepec"},"geometry":{"type":"MultiPolygon","coordinates":[[[[-96.70052565124726,16.90092086670745],[-96.70528028543573,16.893828039245985],[-96.73666087107961,16.906558755202465],[-96.73951365159269,16.90728622468569],[-96.74490223700627,16.90801369416892],[-96.73983062720525,16.928928441811706],[-96.70052565124726,16.90092086670745]]],[[[-96.6583678947762,16.926200431249605],[-96.66122067528929,16.923290553316694],[-96.72651765147755,16.946933311521583],[-96.72841950515293,16.96148270118613],[-96.68214106571854,16.9633013748942],[-96.654881163038,16.977305162446328],[-96.6583678947762,16.926200431249605]]]]}},{"type":"Feature","properties":{"cvegeo":"20064","cve_ent":"20","state_code":"OAX","nom_mun":"Nejapa de Madero"},"geometry":{"type":"MultiPolygon","coordinates":[[[[-95.57748105593178,16.86527486202931],[-95.56511900704177,16.844178247015716],[-95.5958656414605,16.82199042777728],[-95.56511900704177,16.81107838552887],[-95.56828876316742,16.76833955338926],[-95.61203139770129,16.712870005293173],[-95.62819715394207,16.73105674237386],[-95.68113208124032,16.69813874825782],[-95.66464934938698,16.689227247088283],[-95.65165334927184,16.671767979490827],[-95.67827930072724,16.611933614495374],[-95.70649013024547,16.61211548186618],[-95.7293123743501,16.608841869191657],[-95.75530437458038,16.56264755700672],[-95.78858681389964,16.643032934903346],[-95.75720622825577,16.667403162591462],[-95.75213461845473,16.724327649654004],[-95.70870895953342,16.768885155501682],[-95.70902593514599,16.7879812294364],[-95.61773695872745,16.82708271415987],[-95.60727676351283,16.84581505335298],[-95.64151012966978,16.853635350297672],[-95.59174495849717,16.87455009794046],[-95.57748105593178,16.86527486202931]]],[[[-95.95468203488335,16.657946059309506],[-95.9569008641713,16.626846738901534],[-95.92964096149078,16.59774795957244],[-95.94200301038079,16.55973767907381],[-95.9987416450298,16.531184501857133],[-95.9835268156267,16.49462916032496],[-95.98257588878901,16.465348513625056],[-96.01871110862135,16.46280237043376],[-96.01871110862135,16.483171515964127],[-96.05960096264215,16.504995600460948],[-96.0450200844642,16.566466771793664],[-96.04882379181497,16.628119810497182],[-96.06118584070498,16.637031311666718],[-95.95468203488335,16.657946059309506]]]]}},{"type":"Feature","properties":{"cvegeo":"20044","cve_ent":"20","state_code":"OAX","nom_mun":"Loma Bonita"},"geometry":{"type":"MultiPolygon","coordinates":[[[[-95.89128691237049,17.766791419118846],[-95.91379218086256,17.789888575211315],[-95.92361842485205,17.799891280605692],[-95.8662458389779,17.82062416087767],[-95.85927237550149,17.84444878645337],[-95.84912915589942,17.82753512096833],[-95.86719676581559,17.773156777097086],[-95.89128691237049,17.766791419118846]]],[[[-95.91854681505102,18.151440908375324],[-95.9026980344228,18.135618447115128],[-95.8519819364125,18.130526160732536],[-95.83359735088378,18.129071221766083],[-95.82440505811941,18.080876368502267],[-95.79999793595195,17.949749994150533],[-95.8484952046743,17.8479042664987],[-95.89572457094638,17.856088298185007],[-95.90238105881024,17.894644180796057],[-95.95119530314514,17.929380848620166],[-95.94961042508233,17.97121034390574],[-95.98923237665286,18.024497483552146],[-95.97370057163721,18.081785705356303],[-95.97940613266337,18.14653048936354],[-95.9588027178467,18.152895847341778],[-95.91854681505102,18.151440908375324]]]]}},{"type":"Feature","properties":{"cvegeo":"20036","cve_ent":"20","state_code":"OAX","nom_mun":"Guevea de Humboldt"},"geometry":{"type":"MultiPolygon","coordinates":[[[[-95.34070027334621,16.928382839699285],[-95.30012739493797,16.88946322234662],[-95.31882895607927,16.7879812294364],[-95.37683549317855,16.74924347945454],[-95.46368681102118,16.77306810503024],[-95.48682603073837,16.83472114373376],[-95.420895103325,16.856181493488968],[-95.4155065179114,16.897101651920508],[-95.43262320098987,16.937658075610436],[-95.41138583494806,16.949843189454494],[-95.36859412725187,16.92238121646266],[-95.34070027334621,16.928382839699285]]],[[[-95.54514954345022,16.7587005827365],[-95.54419861661252,16.724327649654004],[-95.57050759245536,16.74706107100486],[-95.54514954345022,16.7587005827365]]]]}}]}