{"type":"FeatureCollection","features":[{"type":"Feature","properties":{"cvegeo":"21027","cve_ent":"21","state_code":"PUE","nom_mun":"Caltepec"},"geometry":{"type":"MultiPolygon","coordinates":[[[[-97.61531726910798,18.153259582083393],[-97.65208644016545,18.176902340288283],[-97.64257717178852,18.187086913053466],[-97.60137034215515,18.169991380197622],[-97.61531726910798,18.153259582083393]]],[[[-97.56396721987255,18.24855808438618],[-97.5626993174223,18.249285553869406],[-97.56586907354794,18.2411015221831],[-97.56808790283588,18.24055592007068],[-97.4878930728571,18.202545639572048],[-97.42513190156937,18.213093947078846],[-97.41403775512961,18.23637297054212],[-97.383925071936,18.232553755755177],[-97.37473277917164,18.161079879028087],[-97.36268770589419,18.135618447115128],[-97.3528614619047,18.123251465900264],[-97.36902721814548,18.100518044549407],[-97.41118497461653,18.102336718257476],[-97.46982546294095,18.027043626743442],[-97.47965170693044,18.027043626743442],[-97.55762770762126,18.046867170161388],[-97.56808790283588,18.092152145492292],[-97.56967278089871,18.103427922482318],[-97.56428419548511,18.135436579744322],[-97.53163570739099,18.138164590306424],[-97.5138850730874,18.174538064467793],[-97.54272985383075,18.195998414223002],[-97.57696321998769,18.170536982310043],[-97.58266878101385,18.19545281211058],[-97.61436634227029,18.18908745413234],[-97.62229073258439,18.21964117242789],[-97.5947138542913,18.22491532618129],[-97.59344595184103,18.264380545646375],[-97.59281200061591,18.26456241301718],[-97.56396721987255,18.24855808438618]]]]}},{"type":"Feature","properties":{"cvegeo":"21047","cve_ent":"21","state_code":"PUE","nom_mun":"Chiautla"},"geometry":{"type":"MultiPolygon","coordinates":[[[[-98.77322918180555,18.265653617242023],[-98.8020739625489,18.254741574993613],[-98.80714557234992,18.257469585555715],[-98.78907796243377,18.280384874277377],[-98.77322918180555,18.265653617242023]]],[[[-98.56529317996333,18.420604617169456],[-98.47812488650814,18.338218698193955],[-98.433114349524,18.332944544440558],[-98.41758254450835,18.317303950551167],[-98.43438225197426,18.279475537423345],[-98.4020507394927,18.282203547985446],[-98.38208127590114,18.2756563226364],[-98.40426956878065,18.247103145419725],[-98.4419896666758,18.26056133085943],[-98.45688752046632,18.236736705283736],[-98.5237693747174,18.16617216541068],[-98.55673483842409,18.153259582083393],[-98.59382098509413,18.146348621992733],[-98.59096820458105,18.107429004640068],[-98.67274791262264,18.125433874349945],[-98.65277844903109,18.173264992872145],[-98.7006417665283,18.187268780424272],[-98.701592693366,18.15398705156662],[-98.701592693366,18.153623316825005],[-98.701592693366,18.1534414494542],[-98.73233932778474,18.15125904100452],[-98.73550908391039,18.195270944739775],[-98.76023318169041,18.23691857265454],[-98.71775844960679,18.25092236020667],[-98.71553962031884,18.292206253379824],[-98.76213503536579,18.323669308529407],[-98.77069337690503,18.341674178239284],[-98.75199181576373,18.374046570242903],[-98.68954762008856,18.315849011584714],[-98.65911796128238,18.346220862509455],[-98.68257415661215,18.408237635954592],[-98.7158565959314,18.41460299393283],[-98.72695074237114,18.43951882373337],[-98.70666430316703,18.444974844857573],[-98.6350278147275,18.42260515824833],[-98.62361669267517,18.39805306318941],[-98.58811542406796,18.428061179372538],[-98.56529317996333,18.420604617169456]]]]}},{"type":"Feature","properties":{"cvegeo":"21072","cve_ent":"21","state_code":"PUE","nom_mun":"Huehuetla"},"geometry":{"type":"MultiPolygon","coordinates":[[[[-97.59407990306617,20.050681861711215],[-97.59344595184103,20.046135177441045],[-97.59344595184103,20.031040185664075],[-97.61436634227029,20.02449296031503],[-97.62324165942209,20.04358903424975],[-97.60612497634361,20.05686535231865],[-97.59407990306617,20.050681861711215]]],[[[-97.60485707389336,20.157801743116448],[-97.59566478112899,20.096876173896156],[-97.62767931799799,20.07650702836579],[-97.63401883024927,20.077052630478207],[-97.6356037083121,20.077416365219822],[-97.65589014751622,20.093238826480018],[-97.6213398057467,20.17216926541019],[-97.60485707389336,20.157801743116448]]]]}},{"type":"Feature","properties":{"cvegeo":"21073","cve_ent":"21","state_code":"PUE","nom_mun":"Huehuetlán el Chico"},"geometry":{"type":"MultiPolygon","coordinates":[[[[-98.75484459627681,18.456978091330825],[-98.72695074237114,18.43951882373337],[-98.7158565959314,18.41460299393283],[-98.68257415661215,18.408237635954592],[-98.65911796128238,18.346220862509455],[-98.68954762008856,18.315849011584714],[-98.75199181576373,18.374046570242903],[-98.77069337690503,18.341674178239284],[-98.79541747468505,18.39205143995278],[-98.79478352345993,18.423696362473173],[-98.75484459627681,18.456978091330825]]]]}},{"type":"Feature","properties":{"cvegeo":"21088","cve_ent":"21","state_code":"PUE","nom_mun":"Jonotla"},"geometry":{"type":"MultiPolygon","coordinates":[[[[-97.54304682944331,20.073051548320457],[-97.57601229315,20.018855071820017],[-97.59344595184103,20.031040185664075],[-97.59344595184103,20.046135177441045],[-97.54304682944331,20.073051548320457]]],[[[-97.45714643843837,20.11779092153894],[-97.46031619456402,20.101240990795517],[-97.49486653633353,20.10415086872843],[-97.47236126784146,20.151254517767402],[-97.46348595068966,20.149981446171754],[-97.45714643843837,20.11779092153894]]]]}},{"type":"Feature","properties":{"cvegeo":"21155","cve_ent":"21","state_code":"PUE","nom_mun":"Tecomatlán"},"geometry":{"type":"MultiPolygon","coordinates":[[[[-98.26258146996437,17.927744042282903],[-98.26258146996437,17.927016572799676],[-98.26258146996437,17.927744042282903],[-98.29839971418416,17.911012244168674],[-98.30125249469722,17.960116434286522],[-98.28160000671824,17.9595708321741],[-98.26258146996437,17.927744042282903]]],[[[-98.32312381196417,17.985214131457866],[-98.36433064159753,17.99958165375161],[-98.37288898313678,18.041774883778796],[-98.35418742199548,18.05705174292657],[-98.38271522712627,18.075420347378063],[-98.38651893447704,18.0870598591097],[-98.35101766586983,18.12125092482139],[-98.34404420239342,18.131435497586573],[-98.29142625070773,18.12925308913689],[-98.23849132340949,18.094152686571167],[-98.2533891772,18.060870957713515],[-98.30569015327313,18.05650614081415],[-98.36528156843522,18.024679350922952],[-98.31551639726263,18.03231778049684],[-98.32312381196417,17.985214131457866]]]]}},{"type":"Feature","properties":{"cvegeo":"21216","cve_ent":"21","state_code":"PUE","nom_mun":"Zoquiapan"},"geometry":{"type":"MultiPolygon","coordinates":[[[[-97.59344595184103,20.031040185664075],[-97.57601229315,20.018855071820017],[-97.57949902488821,19.997758456806423],[-97.59503082990386,19.993211772536252],[-97.608026830019,19.983390934512684],[-97.61943795207131,19.99503044624432],[-97.61436634227029,20.02449296031503],[-97.59344595184103,20.031040185664075]]]]}},{"type":"Feature","properties":{"cvegeo":"21001","cve_ent":"21","state_code":"PUE","nom_mun":"Acajete"},"geometry":{"type":"Polygon","coordinates":[[[-97.99188429683443,19.19590521891904],[-97.97920527233185,19.192631606244518],[-97.92848917432156,19.16426029639865],[-97.91517619859385,19.173171797568184],[-97.90788575950488,19.141345007676986],[-97.83593229545276,19.12206706637146],[-97.92468546697079,19.04822891382388],[-97.94085122321157,19.004762612201045],[-97.97635249181877,19.02695043143948],[-98.01121980920085,19.04368222955371],[-98.00583122378725,19.06914366146667],[-97.95416419893927,19.070416733062316],[-97.96620927221672,19.096423767087696],[-97.99854078469828,19.098242440795765],[-97.97762039426902,19.153348254150238],[-97.99188429683443,19.19590521891904]]]}},{"type":"Feature","properties":{"cvegeo":"21002","cve_ent":"21","state_code":"PUE","nom_mun":"Acateno"},"geometry":{"type":"Polygon","coordinates":[[[-97.28693053449132,20.19126533934491],[-97.1642609724289,20.151800119879823],[-97.14999706986352,20.160347886307743],[-97.14048780148659,20.11960959524701],[-97.21053941186331,20.041042891058453],[-97.26410829038667,20.058320291285103],[-97.30341326634466,20.00939796853806],[-97.30341326634466,20.073051548320457],[-97.26791199773746,20.087055335872584],[-97.28756448571644,20.125065616371216],[-97.28693053449132,20.19126533934491]]]}},{"type":"Feature","properties":{"cvegeo":"21004","cve_ent":"21","state_code":"PUE","nom_mun":"Acatzingo"},"geometry":{"type":"Polygon","coordinates":[[[-97.81596283186121,18.981119853996155],[-97.80074800245812,19.012764776516548],[-97.81627980747378,19.040408616879187],[-97.80708751470941,19.081328775310727],[-97.81944956359942,19.103880329290774],[-97.80518566103402,19.112609963089504],[-97.76176000211271,19.065870048792146],[-97.71357970900293,19.06787058987102],[-97.68631980632239,19.090240276480262],[-97.6799802940711,19.085511724839286],[-97.72784361156832,18.98948575305327],[-97.73259824575679,18.97911931291728],[-97.74622819709705,18.955112819970775],[-97.74622819709705,18.952930411521095],[-97.78363131937965,18.950020533588184],[-97.81596283186121,18.981119853996155]]]}},{"type":"Feature","properties":{"cvegeo":"21005","cve_ent":"21","state_code":"PUE","nom_mun":"Acteopan"},"geometry":{"type":"Polygon","coordinates":[[[-98.65658215638186,18.71268361468525],[-98.67623464436086,18.690495795446814],[-98.69747201040266,18.71450228839332],[-98.6917664493765,18.745783476172097],[-98.72346401063294,18.75542244682486],[-98.701592693366,18.815620546561924],[-98.6651404979211,18.815438679191118],[-98.6473898636175,18.787249236716058],[-98.64960869290545,18.783248154558308],[-98.63946547330339,18.74541974143048],[-98.65658215638186,18.71268361468525]]]}},{"type":"Feature","properties":{"cvegeo":"21006","cve_ent":"21","state_code":"PUE","nom_mun":"Ahuacatlán"},"geometry":{"type":"Polygon","coordinates":[[[-97.90566693021692,20.07923503892789],[-97.89267093010179,20.090692683288722],[-97.87999190559921,20.08960147906388],[-97.83973600280353,20.091056418030334],[-97.82547210023814,20.086691601130973],[-97.84512458821713,20.043043432137328],[-97.81215912451044,20.025947899281483],[-97.82959278320148,19.991211231457378],[-97.82990975881404,19.990120027232535],[-97.90186322286615,19.964658595319577],[-97.91866293033206,19.986846414558013],[-97.88030888121177,20.043770901620555],[-97.90566693021692,20.07923503892789]]]}},{"type":"Feature","properties":{"cvegeo":"21007","cve_ent":"21","state_code":"PUE","nom_mun":"Ahuatlán"},"geometry":{"type":"Polygon","coordinates":[[[-98.36369669037241,18.5731913412764],[-98.33770469014213,18.598652773189357],[-98.30854293378621,18.651394310723344],[-98.28445278723132,18.660487679263685],[-98.24483083566078,18.642482809553808],[-98.21598605491742,18.609382948066962],[-98.19379776203792,18.590832476244664],[-98.2464157137236,18.51790366055112],[-98.27050586027849,18.502626801403345],[-98.28255093355594,18.48316699272701],[-98.29586390928364,18.485713135918306],[-98.3041052752103,18.521722875338064],[-98.3503837146447,18.53627226500261],[-98.37605873926242,18.543001357722463],[-98.36369669037241,18.5731913412764]]]}},{"type":"Feature","properties":{"cvegeo":"21008","cve_ent":"21","state_code":"PUE","nom_mun":"Ahuazotepec"},"geometry":{"type":"Polygon","coordinates":[[[-98.12818381023709,20.107242614032145],[-98.08792790744143,20.092147622255176],[-98.12533102972401,20.030676450922464],[-98.13515727371352,20.012489713841777],[-98.17382829844637,20.03358632885537],[-98.18080176192278,20.045407707957818],[-98.15797951781815,20.084145457939677],[-98.12818381023709,20.107242614032145]]]}},{"type":"Feature","properties":{"cvegeo":"21009","cve_ent":"21","state_code":"PUE","nom_mun":"Ahuehuetitla"},"geometry":{"type":"Polygon","coordinates":[[[-98.16431903006944,18.185995708828624],[-98.19443171326304,18.16617216541068],[-98.24483083566078,18.216003825011754],[-98.19918634745152,18.274383251040753],[-98.1681227374202,18.297662274504027],[-98.16431903006944,18.185995708828624]]]}},{"type":"Feature","properties":{"cvegeo":"21010","cve_ent":"21","state_code":"PUE","nom_mun":"Ajalpan"},"geometry":{"type":"Polygon","coordinates":[[[-97.08121336193705,18.46352531667987],[-96.99911667828289,18.531907448103247],[-96.99626389776981,18.528451968057915],[-96.99309414164416,18.505900414077868],[-96.94840058027259,18.451158335465006],[-96.92589531178052,18.464616520904713],[-96.96361540967568,18.4111475138875],[-96.9892904342934,18.39332451154843],[-97.00894292227238,18.40714643172975],[-97.05173462996856,18.38805035779503],[-97.06409667885858,18.354950496308184],[-97.13605014291068,18.3713185596808],[-97.15728750895249,18.350949414150435],[-97.16838165539225,18.33803683082315],[-97.18581531408329,18.365135069073368],[-97.25871970497309,18.351858751004468],[-97.29834165654363,18.397507461076987],[-97.31482438839697,18.43533587420481],[-97.2577687781354,18.468435735691656],[-97.24350487557,18.453704478656302],[-97.2035659483869,18.46316158193826],[-97.18803414337124,18.436245211058846],[-97.1563365821148,18.446066049082415],[-97.12178624034529,18.460979173488575],[-97.09896399624066,18.434062802609162],[-97.08121336193705,18.46352531667987]]]}},{"type":"Feature","properties":{"cvegeo":"21011","cve_ent":"21","state_code":"PUE","nom_mun":"Albino Zertuche"},"geometry":{"type":"Polygon","coordinates":[[[-98.48700020365993,17.99085201995288],[-98.5237693747174,17.9941256326274],[-98.52979191135613,17.975575160805104],[-98.58494566794232,17.973756487097035],[-98.58145893620411,17.99958165375161],[-98.6163262535862,17.994671234739823],[-98.62076391216209,18.027589228855863],[-98.58114196059155,18.023951881439725],[-98.55546693597384,18.049231445981878],[-98.50126410622534,18.04741277227381],[-98.50126410622534,18.047594639644615],[-98.50126410622534,18.04741277227381],[-98.48700020365993,17.99085201995288]]]}},{"type":"Feature","properties":{"cvegeo":"21012","cve_ent":"21","state_code":"PUE","nom_mun":"Aljojuca"},"geometry":{"type":"Polygon","coordinates":[[[-97.48155356060582,19.100424849245446],[-97.46095014578914,19.082056244793954],[-97.47933473131788,19.060232160297133],[-97.49042887775762,19.058959088701485],[-97.56903882967359,19.110973156752245],[-97.5528730734328,19.15207518255459],[-97.54368078066844,19.133160975990677],[-97.48155356060582,19.100424849245446]]]}},{"type":"Feature","properties":{"cvegeo":"21013","cve_ent":"21","state_code":"PUE","nom_mun":"Altepexi"},"geometry":{"type":"Polygon","coordinates":[[[-97.29580585164311,18.31202979679777],[-97.3252845836116,18.323123706416986],[-97.32718643728698,18.36149772165723],[-97.32591853483673,18.392960776806817],[-97.29834165654363,18.397507461076987],[-97.25871970497309,18.351858751004468],[-97.29580585164311,18.31202979679777]]]}},{"type":"Feature","properties":{"cvegeo":"21014","cve_ent":"21","state_code":"PUE","nom_mun":"Amixtlán"},"geometry":{"type":"Polygon","coordinates":[[[-97.7734880997776,20.08087184526515],[-97.74305844097141,20.0688685987919],[-97.74591122148449,20.059411495509945],[-97.76746556313887,20.039224217350384],[-97.81215912451044,20.025947899281483],[-97.84512458821713,20.043043432137328],[-97.82547210023814,20.086691601130973],[-97.81532888063609,20.085418529535325],[-97.7734880997776,20.08087184526515]]]}},{"type":"Feature","properties":{"cvegeo":"21015","cve_ent":"21","state_code":"PUE","nom_mun":"Amozoc"},"geometry":{"type":"Polygon","coordinates":[[[-97.97635249181877,19.02695043143948],[-98.01280468726367,19.002034601638943],[-98.13674215177633,18.99366870258183],[-98.12311220043607,19.053866802318893],[-98.07905259028962,19.0540486696897],[-98.04957385832114,19.118975321067744],[-98.02897044350445,19.14570982457635],[-98.004563321337,19.101697920841094],[-98.00583122378725,19.06914366146667],[-98.01121980920085,19.04368222955371],[-97.97635249181877,19.02695043143948]]]}},{"type":"Feature","properties":{"cvegeo":"21016","cve_ent":"21","state_code":"PUE","nom_mun":"Aquixtla"},"geometry":{"type":"Polygon","coordinates":[[[-97.8508301492433,19.738233718665054],[-97.94719073546285,19.711681082527257],[-97.96652624782928,19.702405846616106],[-98.00868400430033,19.726776074304222],[-97.9804731747821,19.74259853556442],[-97.99822380908572,19.787883510895323],[-97.96494136976645,19.822256443977817],[-97.96842810150466,19.84462613058706],[-97.93768146708592,19.828803669326863],[-97.91168946685565,19.846626671665934],[-97.88538049101281,19.798795553143734],[-97.84670946627995,19.769878641185446],[-97.8508301492433,19.738233718665054]]]}},{"type":"Feature","properties":{"cvegeo":"21017","cve_ent":"21","state_code":"PUE","nom_mun":"Atempan"},"geometry":{"type":"Polygon","coordinates":[[[-97.43147141382066,19.848445345374003],[-97.42006029176834,19.850809621194493],[-97.3972380476637,19.839715711575273],[-97.42735073085731,19.805160911121973],[-97.43590907239656,19.76314954846559],[-97.46253502385196,19.7500550977675],[-97.46728965804043,19.832077282001386],[-97.43147141382066,19.848445345374003]]]}},{"type":"Feature","properties":{"cvegeo":"21018","cve_ent":"21","state_code":"PUE","nom_mun":"Atexcal"},"geometry":{"type":"Polygon","coordinates":[[[-97.66349756221776,18.29184251863821],[-97.74971492883526,18.275838190007207],[-97.78363131937965,18.28602276277239],[-97.78109551447913,18.298026009245643],[-97.78046156325401,18.31475780735987],[-97.77412205100272,18.366953742781437],[-97.79187268530632,18.412056850741536],[-97.76144302650015,18.395143185256497],[-97.74210751413372,18.40714643172975],[-97.7528846849609,18.461524775600996],[-97.70248556256317,18.468981337804077],[-97.64384507423877,18.46079730611777],[-97.61658517155824,18.470981878882952],[-97.58900829326514,18.47170934836618],[-97.6257774643226,18.428243046743344],[-97.58520458591437,18.346766464621876],[-97.58710643958975,18.329489064395226],[-97.59629873235411,18.33330827918217],[-97.63972439127544,18.31603087895552],[-97.672055903757,18.31657648106794],[-97.66349756221776,18.29184251863821]]]}},{"type":"Feature","properties":{"cvegeo":"21019","cve_ent":"21","state_code":"PUE","nom_mun":"Atlixco"},"geometry":{"type":"Polygon","coordinates":[[[-98.51013942337714,18.84199131532892],[-98.54025210657075,18.886912555918208],[-98.561172497,18.915465733134884],[-98.55641786281153,18.943109573497523],[-98.58748147284284,18.969662209635324],[-98.57226664343975,19.00039779530168],[-98.54532371637178,18.981665456108576],[-98.48224556947147,18.97220835282662],[-98.46576283761813,18.934561807069603],[-98.40490352000577,18.95202107466706],[-98.3646476172101,18.928196449091363],[-98.35260254393265,18.921831091113123],[-98.35704020250856,18.894550985492096],[-98.32914634860289,18.879092258973515],[-98.33073122666572,18.85290335757733],[-98.31646732410032,18.841809447958113],[-98.33992351943009,18.81252880125821],[-98.37574176364986,18.807072780134003],[-98.39856400775449,18.854903898656204],[-98.45688752046632,18.841081978474882],[-98.45720449607889,18.804526636942708],[-98.48129464263378,18.843264386924567],[-98.51013942337714,18.84199131532892]]]}},{"type":"Feature","properties":{"cvegeo":"21020","cve_ent":"21","state_code":"PUE","nom_mun":"Atoyatempan"},"geometry":{"type":"Polygon","coordinates":[[[-97.92753824748387,18.812165066516595],[-97.90186322286615,18.84599239748667],[-97.8952067350023,18.837080896317133],[-97.89267093010179,18.77560972498442],[-97.90661785705461,18.763060876398747],[-97.9164441010441,18.763788345881974],[-97.92753824748387,18.812165066516595]]]}},{"type":"Feature","properties":{"cvegeo":"21021","cve_ent":"21","state_code":"PUE","nom_mun":"Atzala"},"geometry":{"type":"Polygon","coordinates":[[[-98.55927064332461,18.56227929902799],[-98.53264469186921,18.567735320152195],[-98.51774683807868,18.539909612418747],[-98.54912742372255,18.526815161720656],[-98.54881044810999,18.526269559608235],[-98.54912742372255,18.526815161720656],[-98.55927064332461,18.56227929902799]]]}},{"type":"Feature","properties":{"cvegeo":"21022","cve_ent":"21","state_code":"PUE","nom_mun":"Atzitzihuacán"},"geometry":{"type":"Polygon","coordinates":[[[-98.69525318111472,18.844901193261826],[-98.69081552253881,18.855449500768625],[-98.68891366886344,18.85799564395992],[-98.68891366886344,18.858177511330727],[-98.68891366886344,18.85799564395992],[-98.67211396139751,18.87981972845674],[-98.6429522050416,18.884184545356106],[-98.61917903409928,18.8388995700252],[-98.5744854727277,18.831806742563735],[-98.5424709358587,18.850902816498454],[-98.54025210657075,18.886912555918208],[-98.51013942337714,18.84199131532892],[-98.50253200867559,18.823077108765006],[-98.57543639956539,18.80507223905513],[-98.58494566794232,18.73814504659821],[-98.61220557062286,18.758696059499382],[-98.63059015615158,18.775245990242805],[-98.64960869290545,18.783248154558308],[-98.6473898636175,18.787249236716058],[-98.6651404979211,18.815438679191118],[-98.701592693366,18.815620546561924],[-98.69525318111472,18.844901193261826]]]}},{"type":"Feature","properties":{"cvegeo":"21023","cve_ent":"21","state_code":"PUE","nom_mun":"Atzitzintla"},"geometry":{"type":"Polygon","coordinates":[[[-97.26886292457515,19.02822350303513],[-97.28502868081593,18.999488458447647],[-97.26157248548617,18.981119853996155],[-97.25523297323488,18.943837042980753],[-97.24730858292077,18.918739345809406],[-97.29834165654363,18.860541787151217],[-97.32813736412467,18.865815940904614],[-97.35856702293086,18.899643271874687],[-97.35983492538111,18.972935822309847],[-97.30341326634466,18.99185002887376],[-97.26886292457515,19.02822350303513]]]}},{"type":"Feature","properties":{"cvegeo":"21024","cve_ent":"21","state_code":"PUE","nom_mun":"Axutla"},"geometry":{"type":"Polygon","coordinates":[[[-98.34404420239342,18.131435497586573],[-98.35101766586983,18.12125092482139],[-98.38651893447704,18.0870598591097],[-98.40490352000577,18.07960329690662],[-98.44991405698991,18.14489368302628],[-98.43469922758682,18.216003825011754],[-98.45688752046632,18.236736705283736],[-98.4419896666758,18.26056133085943],[-98.40426956878065,18.247103145419725],[-98.38208127590114,18.2756563226364],[-98.356723226896,18.256560248701682],[-98.32756147054008,18.203273109055274],[-98.35894205618393,18.177811677142316],[-98.34404420239342,18.131435497586573]]]}},{"type":"Feature","properties":{"cvegeo":"21025","cve_ent":"21","state_code":"PUE","nom_mun":"Ayotoxco de Guerrero"},"geometry":{"type":"Polygon","coordinates":[[[-97.37187999865856,20.036678074159088],[-97.371563023046,19.994848578873516],[-97.39628712082602,19.99866779366046],[-97.41562263319244,20.041042891058453],[-97.44510136516092,20.061230169218014],[-97.45714643843837,20.097058041266962],[-97.45714643843837,20.11779092153894],[-97.46348595068966,20.149981446171754],[-97.38234019387318,20.13979687340657],[-97.3696611693706,20.107242614032145],[-97.37187999865856,20.036678074159088]]]}},{"type":"Feature","properties":{"cvegeo":"21026","cve_ent":"21","state_code":"PUE","nom_mun":"Calpan"},"geometry":{"type":"Polygon","coordinates":[[[-98.39634517846653,19.09333202178398],[-98.39412634917858,19.075327152074102],[-98.42138625185912,19.062232701376008],[-98.45244986189043,19.081692510052342],[-98.50728664286406,19.090785878592683],[-98.57480244834026,19.141345007676986],[-98.45593659362864,19.120793994775813],[-98.4464273252517,19.121703331629845],[-98.41219395909475,19.116611045247254],[-98.39634517846653,19.09333202178398]]]}},{"type":"Feature","properties":{"cvegeo":"21028","cve_ent":"21","state_code":"PUE","nom_mun":"Camocuautla"},"geometry":{"type":"Polygon","coordinates":[[[-97.72562478228038,20.016127061257915],[-97.73766985555781,20.01230784647097],[-97.76746556313887,20.00666995797596],[-97.76746556313887,20.039224217350384],[-97.74591122148449,20.059411495509945],[-97.73323219698192,20.026493501393904],[-97.72562478228038,20.016127061257915]]]}},{"type":"Feature","properties":{"cvegeo":"21029","cve_ent":"21","state_code":"PUE","nom_mun":"Caxhuacan"},"geometry":{"type":"Polygon","coordinates":[[[-97.59566478112899,20.096876173896156],[-97.58615551275206,20.079416906298697],[-97.59407990306617,20.050681861711215],[-97.60612497634361,20.05686535231865],[-97.62767931799799,20.07650702836579],[-97.59566478112899,20.096876173896156]]]}},{"type":"Feature","properties":{"cvegeo":"21030","cve_ent":"21","state_code":"PUE","nom_mun":"Coatepec"},"geometry":{"type":"Polygon","coordinates":[[[-97.72911151401858,20.08323612108564],[-97.71421366022805,20.06414004715092],[-97.73323219698192,20.026493501393904],[-97.74591122148449,20.059411495509945],[-97.74305844097141,20.0688685987919],[-97.72911151401858,20.08323612108564]]]}},{"type":"Feature","properties":{"cvegeo":"21031","cve_ent":"21","state_code":"PUE","nom_mun":"Coatzingo"},"geometry":{"type":"Polygon","coordinates":[[[-98.2464157137236,18.51790366055112],[-98.19379776203792,18.590832476244664],[-98.21598605491742,18.609382948066962],[-98.1779489814097,18.638663594766864],[-98.14339863964018,18.612656560741485],[-98.10916527348323,18.58301217929997],[-98.0872939562163,18.585740189862072],[-98.11677268818478,18.538272806081487],[-98.16431903006944,18.52190474270887],[-98.18777522539919,18.54209202086843],[-98.22454439645665,18.508992159381584],[-98.2464157137236,18.51790366055112]]]}},{"type":"Feature","properties":{"cvegeo":"21032","cve_ent":"21","state_code":"PUE","nom_mun":"Cohetzala"},"geometry":{"type":"Polygon","coordinates":[[[-98.86008049964818,18.092152145492292],[-98.85944654842305,18.12852561965366],[-98.88512157304076,18.166899634893905],[-98.85120518249637,18.202545639572048],[-98.84676752392048,18.260379463488626],[-98.80714557234992,18.257469585555715],[-98.8020739625489,18.254741574993613],[-98.77322918180555,18.265653617242023],[-98.765621767104,18.29056944704256],[-98.76213503536579,18.323669308529407],[-98.71553962031884,18.292206253379824],[-98.71775844960679,18.25092236020667],[-98.76023318169041,18.23691857265454],[-98.73550908391039,18.195270944739775],[-98.73233932778474,18.15125904100452],[-98.701592693366,18.1534414494542],[-98.701592693366,18.153623316825005],[-98.701592693366,18.15398705156662],[-98.68606088835035,18.139801396643687],[-98.71553962031884,18.113794362618307],[-98.80619464551224,18.122523996417037],[-98.86008049964818,18.092152145492292]]]}},{"type":"Feature","properties":{"cvegeo":"21033","cve_ent":"21","state_code":"PUE","nom_mun":"Cohuecan"},"geometry":{"type":"Polygon","coordinates":[[[-98.72790166920885,18.66939918043322],[-98.74089766932399,18.703772113515715],[-98.7158565959314,18.739054383452242],[-98.75357669382656,18.74269173086838],[-98.74755415718784,18.75815045738696],[-98.72790166920885,18.80616344327997],[-98.69525318111472,18.844901193261826],[-98.701592693366,18.815620546561924],[-98.72346401063294,18.75542244682486],[-98.6917664493765,18.745783476172097],[-98.69747201040266,18.71450228839332],[-98.72790166920885,18.66939918043322]]]}},{"type":"Feature","properties":{"cvegeo":"21034","cve_ent":"21","state_code":"PUE","nom_mun":"Coronango"},"geometry":{"type":"Polygon","coordinates":[[[-98.28793951896952,19.17389926705141],[-98.26258146996437,19.16080481635332],[-98.26194751873925,19.124613209562757],[-98.2961808848962,19.09842430816657],[-98.30854293378621,19.106244605111264],[-98.32375776318929,19.135161517069555],[-98.31836917777571,19.161714153207352],[-98.28793951896952,19.17389926705141]]]}},{"type":"Feature","properties":{"cvegeo":"21035","cve_ent":"21","state_code":"PUE","nom_mun":"Coxcatlán"},"geometry":{"type":"Polygon","coordinates":[[[-97.02510867851316,18.189814923615568],[-97.04222536159163,18.156533194757916],[-97.0888207766386,18.149076632554834],[-97.13383131362274,18.157806266353564],[-97.16774770416711,18.20072696586398],[-97.2070526801251,18.288750773334492],[-97.16838165539225,18.33803683082315],[-97.15728750895249,18.350949414150435],[-97.13668409413582,18.326215451720703],[-97.11132604513067,18.332398942328137],[-97.06346272763345,18.348585138329945],[-97.06694945937166,18.305846306190336],[-97.09991492307834,18.254195972881192],[-97.07772663019884,18.23873724636261],[-97.07202106917268,18.210911538629162],[-97.02257287361265,18.21909557031547],[-97.02510867851316,18.189814923615568]]]}},{"type":"Feature","properties":{"cvegeo":"21036","cve_ent":"21","state_code":"PUE","nom_mun":"Coyomeapan"},"geometry":{"type":"Polygon","coordinates":[[[-96.91068048237743,18.23873724636261],[-96.93635550699514,18.216549427124175],[-96.93698945822027,18.216003825011754],[-96.94111014118361,18.21964117242789],[-96.97692838540338,18.232553755755177],[-97.00894292227238,18.205637384875764],[-97.02510867851316,18.189814923615568],[-97.02257287361265,18.21909557031547],[-97.07202106917268,18.210911538629162],[-97.07772663019884,18.23873724636261],[-97.09991492307834,18.254195972881192],[-97.06694945937166,18.305846306190336],[-97.02320682483777,18.277111261602855],[-96.98295092204211,18.32112316533811],[-96.96171355600029,18.31148419468535],[-96.88690731143511,18.38113939770437],[-96.84823628670226,18.328215992799578],[-96.85647765262893,18.296207335537574],[-96.88817521388536,18.304027632482267],[-96.91226536044026,18.26819976043332],[-96.91068048237743,18.23873724636261]]]}},{"type":"Feature","properties":{"cvegeo":"21037","cve_ent":"21","state_code":"PUE","nom_mun":"Coyotepec"},"geometry":{"type":"Polygon","coordinates":[[[-97.76905044120168,18.476619767377965],[-97.75383561179859,18.462797847196644],[-97.7528846849609,18.461524775600996],[-97.74210751413372,18.40714643172975],[-97.76144302650015,18.395143185256497],[-97.79187268530632,18.412056850741536],[-97.77412205100272,18.366953742781437],[-97.78046156325401,18.31475780735987],[-97.82135141727481,18.378593254513074],[-97.85843756394483,18.35294995522931],[-97.89584068622743,18.364953201702562],[-97.86826380793433,18.43260786364271],[-97.80074800245812,18.437882017396106],[-97.76905044120168,18.476619767377965]]]}},{"type":"Feature","properties":{"cvegeo":"21038","cve_ent":"21","state_code":"PUE","nom_mun":"Cuapiaxtla de Madero"},"geometry":{"type":"Polygon","coordinates":[[[-97.80233288052095,18.920558019517475],[-97.78775200234298,18.896369659200165],[-97.84036995402866,18.900916343470335],[-97.85716966149458,18.912373987831167],[-97.85716966149458,18.912555855201973],[-97.85495083220663,18.92092175425909],[-97.85526780781919,18.92092175425909],[-97.85495083220663,18.92092175425909],[-97.85526780781919,18.92092175425909],[-97.84036995402866,18.962569382173857],[-97.83878507596584,18.93801728711493],[-97.80233288052095,18.920558019517475]]]}},{"type":"Feature","properties":{"cvegeo":"21039","cve_ent":"21","state_code":"PUE","nom_mun":"Cuautempan"},"geometry":{"type":"Polygon","coordinates":[[[-97.82357024656275,19.921737895809162],[-97.78109551447913,19.9599300436786],[-97.76176000211271,19.94610812349728],[-97.75034888006039,19.89754953549185],[-97.81913258798686,19.86135792870129],[-97.83244556371456,19.88390948268134],[-97.82357024656275,19.921737895809162]]]}},{"type":"Feature","properties":{"cvegeo":"21040","cve_ent":"21","state_code":"PUE","nom_mun":"Cuautinchán"},"geometry":{"type":"Polygon","coordinates":[[[-98.07524888293885,18.900916343470335],[-98.09141463917963,18.912010253089555],[-98.09426741969271,18.912919589943588],[-98.09553532214296,18.912919589943588],[-98.13515727371352,18.950566135700605],[-98.13674215177633,18.99366870258183],[-98.01280468726367,19.002034601638943],[-97.97635249181877,19.02695043143948],[-97.94085122321157,19.004762612201045],[-97.96652624782928,18.988030814086816],[-97.96494136976645,18.93528927655283],[-98.0410155167819,18.90346248666163],[-98.07524888293885,18.900916343470335]]]}},{"type":"Feature","properties":{"cvegeo":"21041","cve_ent":"21","state_code":"PUE","nom_mun":"Cuautlancingo"},"geometry":{"type":"Polygon","coordinates":[[[-98.26258146996437,19.16080481635332],[-98.24229503076026,19.157349336307988],[-98.22454439645665,19.138071395002463],[-98.22454439645665,19.137889527631657],[-98.24451386004822,19.084420520614444],[-98.26194751873925,19.078055162636204],[-98.28318488478106,19.085511724839286],[-98.2961808848962,19.09842430816657],[-98.26194751873925,19.124613209562757],[-98.26258146996437,19.16080481635332]]]}},{"type":"Feature","properties":{"cvegeo":"21042","cve_ent":"21","state_code":"PUE","nom_mun":"Cuayuca de Andrade"},"geometry":{"type":"Polygon","coordinates":[[[-98.28255093355594,18.48316699272701],[-98.27050586027849,18.502626801403345],[-98.26448332363977,18.469163205174883],[-98.22644625013204,18.496625178166717],[-98.16685483496994,18.488804881222023],[-98.1104331759335,18.50917402675239],[-98.07683376100167,18.494442769717036],[-98.09933902949373,18.491532891784125],[-98.0971202002058,18.427697444630923],[-98.1627341520066,18.41623980027009],[-98.1592474202684,18.35749663949948],[-98.21028049389126,18.38932342939068],[-98.29301112877056,18.409692574921046],[-98.2695549334408,18.4244238319564],[-98.28255093355594,18.48316699272701]]]}},{"type":"Feature","properties":{"cvegeo":"21043","cve_ent":"21","state_code":"PUE","nom_mun":"Cuetzalan del Progreso"},"geometry":{"type":"Polygon","coordinates":[[[-97.54304682944331,20.073051548320457],[-97.53226965861612,20.09778551075019],[-97.49486653633353,20.10415086872843],[-97.46031619456402,20.101240990795517],[-97.45714643843837,20.097058041266962],[-97.44510136516092,20.061230169218014],[-97.41562263319244,20.041042891058453],[-97.45619551160067,19.978662382871704],[-97.52751502442766,19.958838839453758],[-97.56903882967359,19.949927338284223],[-97.57949902488821,19.997758456806423],[-97.57601229315,20.018855071820017],[-97.54304682944331,20.073051548320457]]]}},{"type":"Feature","properties":{"cvegeo":"21044","cve_ent":"21","state_code":"PUE","nom_mun":"Cuyoaco"},"geometry":{"type":"Polygon","coordinates":[[[-97.55319004904537,19.47034308146657],[-97.57823112243796,19.51017203567327],[-97.62355863503466,19.50671655562794],[-97.62863024483568,19.562186103724027],[-97.67268985498212,19.59146675042393],[-97.6942441966365,19.60292439478476],[-97.69614605031188,19.62147486660706],[-97.6701540500816,19.653483523869063],[-97.6267283911603,19.640570940541778],[-97.59978546409232,19.688765793805594],[-97.59851756164207,19.637297327867255],[-97.55002029291973,19.681491098973318],[-97.50183999980995,19.701860244503685],[-97.49423258510839,19.653483523869063],[-97.47521404835453,19.640752807912584],[-97.48916097530737,19.610017222246228],[-97.50247395103507,19.519629138955224],[-97.53702429280459,19.529631844349602],[-97.5626993174223,19.496531982862756],[-97.55319004904537,19.47034308146657]]]}},{"type":"Feature","properties":{"cvegeo":"21045","cve_ent":"21","state_code":"PUE","nom_mun":"Chalchicomula de Sesma"},"geometry":{"type":"Polygon","coordinates":[[[-97.26696107089975,19.030224044114004],[-97.2675950221249,19.029678442001583],[-97.26886292457515,19.02822350303513],[-97.30341326634466,18.99185002887376],[-97.35983492538111,18.972935822309847],[-97.35856702293086,18.899643271874687],[-97.38867970612446,18.90346248666163],[-97.40896614532859,18.873999972590923],[-97.44541834077349,18.88109280005239],[-97.47236126784146,18.87018075780398],[-97.50817951206123,18.889276831738698],[-97.54177892699305,18.96529739273596],[-97.5528730734328,18.99694231525635],[-97.55350702465793,18.99530550891909],[-97.54431473189356,18.998397254222805],[-97.47933473131788,19.060232160297133],[-97.46095014578914,19.082056244793954],[-97.41910936493065,19.05641294551019],[-97.36902721814548,19.057140414993416],[-97.34525404720316,19.04313662744129],[-97.26696107089975,19.030224044114004]]]}},{"type":"Feature","properties":{"cvegeo":"21046","cve_ent":"21","state_code":"PUE","nom_mun":"Chapulco"},"geometry":{"type":"Polygon","coordinates":[[[-97.34905775455393,18.715957227359773],[-97.34430312036547,18.685767243805838],[-97.37821951090984,18.661033281376106],[-97.40896614532859,18.63302570627185],[-97.3617367790565,18.611019754404225],[-97.40135873062704,18.57664682132173],[-97.42830165769502,18.60429066168437],[-97.46633873120274,18.59337861943596],[-97.4666557068153,18.59337861943596],[-97.4666557068153,18.631570767305398],[-97.43781092607195,18.642482809553808],[-97.43622604800912,18.64066413584574],[-97.41498868196732,18.640300401104128],[-97.38994760857473,18.715229757876546],[-97.34905775455393,18.715957227359773]]]}},{"type":"Feature","properties":{"cvegeo":"21048","cve_ent":"21","state_code":"PUE","nom_mun":"Chiautzingo"},"geometry":{"type":"Polygon","coordinates":[[[-98.47907581334583,19.238280316317034],[-98.4429405935135,19.233551764676058],[-98.44040478861298,19.201906842155665],[-98.50126410622534,19.168625113298013],[-98.5789231313036,19.16080481635332],[-98.58811542406796,19.17171685860173],[-98.58050800936643,19.208817802246326],[-98.54564069198435,19.20445298534696],[-98.47907581334583,19.238280316317034]]]}},{"type":"Feature","properties":{"cvegeo":"21049","cve_ent":"21","state_code":"PUE","nom_mun":"Chiconcuautla"},"geometry":{"type":"Polygon","coordinates":[[[-98.0197781507401,20.079598773669503],[-97.99473707734751,20.096148704412926],[-98.02358185809086,20.10633327717811],[-97.98522780897058,20.1432523534519],[-97.93039102799695,20.136159525990433],[-97.9297570767718,20.110698094077474],[-97.89267093010179,20.090692683288722],[-97.90566693021692,20.07923503892789],[-98.0036123944993,20.03358632885537],[-98.0197781507401,20.079598773669503]]]}},{"type":"Feature","properties":{"cvegeo":"21050","cve_ent":"21","state_code":"PUE","nom_mun":"Chichiquila"},"geometry":{"type":"Polygon","coordinates":[[[-96.9918262391939,19.285747700097623],[-96.98612067816775,19.28010981160261],[-97.0016524831834,19.23627977523816],[-97.02954633708906,19.218093038157477],[-97.05648926415704,19.19772389262711],[-97.0381046786283,19.13425218021552],[-97.0533195080314,19.132251639136644],[-97.0755078009109,19.15789493842041],[-97.14429150883736,19.163714694286227],[-97.14429150883736,19.164078429027843],[-97.14714428935044,19.182447033479335],[-97.14080477709915,19.185175044041436],[-97.13192945994734,19.21554689496618],[-97.08945472786372,19.243372602699626],[-97.00577316614674,19.25937693133063],[-96.9918262391939,19.285747700097623]]]}},{"type":"Feature","properties":{"cvegeo":"21051","cve_ent":"21","state_code":"PUE","nom_mun":"Chietla"},"geometry":{"type":"Polygon","coordinates":[[[-98.70666430316703,18.444974844857573],[-98.70793220561728,18.4988075866164],[-98.71268683980576,18.58519458774965],[-98.69683805917754,18.61483896919117],[-98.63534479034006,18.60720053961728],[-98.61157161939772,18.598289038447746],[-98.60364722908362,18.590105006761437],[-98.55990459454974,18.574464412872047],[-98.55927064332461,18.56227929902799],[-98.54912742372255,18.526815161720656],[-98.54881044810999,18.526269559608235],[-98.54532371637178,18.5200860690008],[-98.52472030155509,18.447339120678063],[-98.56529317996333,18.420604617169456],[-98.58811542406796,18.428061179372538],[-98.62361669267517,18.39805306318941],[-98.6350278147275,18.42260515824833],[-98.70666430316703,18.444974844857573]]]}},{"type":"Feature","properties":{"cvegeo":"21052","cve_ent":"21","state_code":"PUE","nom_mun":"Chigmecatitlán"},"geometry":{"type":"Polygon","coordinates":[[[-98.004563321337,18.65666846447674],[-98.02136302880291,18.64175534007058],[-98.0917316147922,18.626842215664418],[-98.11328595644657,18.635571849463147],[-98.06256985843628,18.665579965646277],[-98.004563321337,18.65666846447674]]]}},{"type":"Feature","properties":{"cvegeo":"21053","cve_ent":"21","state_code":"PUE","nom_mun":"Chignahuapan"},"geometry":{"type":"Polygon","coordinates":[[[-98.04006458994421,19.699495968683195],[-98.06066800476088,19.728776615383097],[-98.10028995633144,19.67112465883733],[-98.11487083450939,19.687856456951558],[-98.15956439588096,19.66930598512926],[-98.23849132340949,19.6756713431075],[-98.2552910308754,19.718592042617914],[-98.1956996157133,19.741507331339577],[-98.19443171326304,19.765331956915276],[-98.23500459167128,19.776971468646913],[-98.26733610415285,19.84335305899141],[-98.28350186039363,19.84699040640755],[-98.3148824460375,19.85426510123982],[-98.26987190905336,19.89536712704217],[-98.26797005537797,19.91610000731415],[-98.21598605491742,19.96847781010652],[-98.16685483496994,19.971569555410237],[-98.15195698117942,19.950291073025838],[-98.12342917604863,19.970660218556205],[-98.08222234641526,19.95247348147552],[-98.05369454128447,19.89936820919992],[-98.0232648824783,19.89591272915459],[-98.02389883370343,19.870269429870824],[-97.98617873580827,19.858084316026765],[-97.96842810150466,19.84462613058706],[-97.96494136976645,19.822256443977817],[-97.99822380908572,19.787883510895323],[-97.9804731747821,19.74259853556442],[-98.00868400430033,19.726776074304222],[-98.0330911264678,19.69931410131239],[-98.04006458994421,19.699495968683195]]]}},{"type":"Feature","properties":{"cvegeo":"21054","cve_ent":"21","state_code":"PUE","nom_mun":"Chignautla"},"geometry":{"type":"Polygon","coordinates":[[[-97.39787199888883,19.69476741704222],[-97.47521404835453,19.640752807912584],[-97.49423258510839,19.653483523869063],[-97.50183999980995,19.701860244503685],[-97.46253502385196,19.7500550977675],[-97.43590907239656,19.76314954846559],[-97.42735073085731,19.805160911121973],[-97.3972380476637,19.839715711575273],[-97.42006029176834,19.850809621194493],[-97.41974331615577,19.862267265555325],[-97.3991399013391,19.87281557306212],[-97.4070642916532,19.855901907577085],[-97.3696611693706,19.84226185476657],[-97.38107229142292,19.803887839526325],[-97.38804575489934,19.773879723343196],[-97.40579638920295,19.708225602481924],[-97.39787199888883,19.69476741704222]]]}},{"type":"Feature","properties":{"cvegeo":"21055","cve_ent":"21","state_code":"PUE","nom_mun":"Chila"},"geometry":{"type":"Polygon","coordinates":[[[-97.81311005134813,17.945203309880362],[-97.81913258798686,17.914649591584812],[-97.87935795437409,17.917923204259335],[-97.9031311253164,17.909193570460605],[-97.93673054024823,17.925197899091607],[-97.93482868657284,17.96084390376975],[-97.9351456621854,17.999763521122414],[-97.86192429568304,18.025770555147794],[-97.84258878331661,18.018859595057133],[-97.82642302707583,17.972483415501387],[-97.82610605146327,17.962116975365397],[-97.81311005134813,17.945203309880362]]]}},{"type":"Feature","properties":{"cvegeo":"21056","cve_ent":"21","state_code":"PUE","nom_mun":"Chila de la Sal"},"geometry":{"type":"Polygon","coordinates":[[[-98.55673483842409,18.153259582083393],[-98.5237693747174,18.16617216541068],[-98.45688752046632,18.236736705283736],[-98.43469922758682,18.216003825011754],[-98.44991405698991,18.14489368302628],[-98.40490352000577,18.07960329690662],[-98.38651893447704,18.0870598591097],[-98.38271522712627,18.075420347378063],[-98.44040478861298,18.06523577461288],[-98.45720449607889,18.088514798076154],[-98.49587552081174,18.069964326253857],[-98.50728664286406,18.124160802754297],[-98.55673483842409,18.153259582083393]]]}},{"type":"Feature","properties":{"cvegeo":"21057","cve_ent":"21","state_code":"PUE","nom_mun":"Honey"},"geometry":{"type":"Polygon","coordinates":[[[-98.19062800591227,20.293838536479967],[-98.19221288397509,20.25801066443102],[-98.2597286894513,20.21527183229141],[-98.28445278723132,20.262739216072],[-98.25465707965027,20.30129509868305],[-98.19062800591227,20.293838536479967]]]}},{"type":"Feature","properties":{"cvegeo":"21058","cve_ent":"21","state_code":"PUE","nom_mun":"Chilchotla"},"geometry":{"type":"Polygon","coordinates":[[[-97.21561102166433,19.323030511113025],[-97.20071316787381,19.309026723560898],[-97.14872916741325,19.320302500550923],[-97.14777824057556,19.320302500550923],[-97.15728750895249,19.290839986480215],[-97.13826897219863,19.275199392590824],[-97.1642609724289,19.256103318656105],[-97.1775739481566,19.200633770560017],[-97.21656194850203,19.192267871502903],[-97.25047833904641,19.17571794075948],[-97.27678731488925,19.184629441929015],[-97.24730858292077,19.268288432500164],[-97.24667463169564,19.32739532801239],[-97.21561102166433,19.323030511113025]]]}},{"type":"Feature","properties":{"cvegeo":"21059","cve_ent":"21","state_code":"PUE","nom_mun":"Chinantla"},"geometry":{"type":"Polygon","coordinates":[[[-98.19918634745152,18.274383251040753],[-98.24483083566078,18.216003825011754],[-98.27652839691721,18.178357279254737],[-98.32756147054008,18.203273109055274],[-98.356723226896,18.256560248701682],[-98.30885990939878,18.26692668883767],[-98.28128303110567,18.25947012663459],[-98.19918634745152,18.274383251040753]]]}},{"type":"Feature","properties":{"cvegeo":"21060","cve_ent":"21","state_code":"PUE","nom_mun":"Domingo Arenas"},"geometry":{"type":"Polygon","coordinates":[[[-98.45593659362864,19.120793994775813],[-98.46576283761813,19.14516422246393],[-98.42740878849784,19.14807410039684],[-98.41219395909475,19.116611045247254],[-98.4464273252517,19.121703331629845],[-98.45593659362864,19.120793994775813]]]}},{"type":"Feature","properties":{"cvegeo":"21061","cve_ent":"21","state_code":"PUE","nom_mun":"Eloxochitlán"},"geometry":{"type":"Polygon","coordinates":[[[-96.99626389776981,18.528451968057915],[-96.95315521446105,18.553913399970874],[-96.92589531178052,18.534817326036155],[-96.89958633593768,18.548639246217476],[-96.86630389661842,18.52590582486662],[-96.8425307256761,18.493351565492194],[-96.86250018926765,18.482985125356205],[-96.9198727751418,18.484258196951853],[-96.92589531178052,18.464616520904713],[-96.94840058027259,18.451158335465006],[-96.99309414164416,18.505900414077868],[-96.99626389776981,18.528451968057915]]]}},{"type":"Feature","properties":{"cvegeo":"21062","cve_ent":"21","state_code":"PUE","nom_mun":"Epatlán"},"geometry":{"type":"Polygon","coordinates":[[[-98.4153637152204,18.652849249689798],[-98.38081337345088,18.659578342409652],[-98.37257200752421,18.65212178020657],[-98.36116088547189,18.64120973795816],[-98.35165161709496,18.629388358855714],[-98.33770469014213,18.598652773189357],[-98.36369669037241,18.5731913412764],[-98.3833491783514,18.564825442219284],[-98.4020507394927,18.603017590088722],[-98.4153637152204,18.652849249689798]]]}},{"type":"Feature","properties":{"cvegeo":"21063","cve_ent":"21","state_code":"PUE","nom_mun":"Esperanza"},"geometry":{"type":"Polygon","coordinates":[[[-97.29834165654363,18.860541787151217],[-97.32591853483673,18.812892535999822],[-97.3262355104493,18.811619464404174],[-97.38012136458524,18.812892535999822],[-97.39438526715062,18.85690443973508],[-97.4425655602604,18.86326979771332],[-97.44541834077349,18.88109280005239],[-97.40896614532859,18.873999972590923],[-97.38867970612446,18.90346248666163],[-97.35856702293086,18.899643271874687],[-97.32813736412467,18.865815940904614],[-97.29834165654363,18.860541787151217]]]}},{"type":"Feature","properties":{"cvegeo":"21064","cve_ent":"21","state_code":"PUE","nom_mun":"Francisco Z. Mena"},"geometry":{"type":"Polygon","coordinates":[[[-97.91359132053103,20.6719408003874],[-97.89742556429024,20.70304012079537],[-97.92246663768283,20.716498306235078],[-97.8952067350023,20.79761115361493],[-97.87935795437409,20.834348362517915],[-97.83878507596584,20.83634890359679],[-97.82325327095019,20.81034186957141],[-97.77285414855245,20.827255535056448],[-97.75034888006039,20.814706686470775],[-97.71357970900293,20.799793562064615],[-97.72055317247934,20.776878273342952],[-97.72055317247934,20.776696405972146],[-97.72055317247934,20.776878273342952],[-97.72847756279346,20.741414136035615],[-97.7528846849609,20.732320767495274],[-97.75193375812322,20.701585181828918],[-97.7493979532227,20.64320575579992],[-97.70470439185112,20.629565702989407],[-97.70121766011292,20.574278022264124],[-97.73513405065731,20.579370308646716],[-97.74210751413372,20.601739995255958],[-97.78268039254195,20.58373512554608],[-97.78997083163094,20.601739995255958],[-97.86509405180868,20.598466382581435],[-97.88950117397614,20.671213330904173],[-97.91359132053103,20.6719408003874]]]}},{"type":"Feature","properties":{"cvegeo":"21065","cve_ent":"21","state_code":"PUE","nom_mun":"General Felipe Ángeles"},"geometry":{"type":"Polygon","coordinates":[[[-97.62038887890901,19.007672490133956],[-97.64226019617595,18.97093528123097],[-97.65589014751622,18.99185002887376],[-97.69265931857367,18.979301180288086],[-97.72784361156832,18.98948575305327],[-97.6799802940711,19.085511724839286],[-97.66159570854238,19.0806013058275],[-97.61404936665772,19.036043799979822],[-97.62038887890901,19.007672490133956]]]}},{"type":"Feature","properties":{"cvegeo":"21066","cve_ent":"21","state_code":"PUE","nom_mun":"Guadalupe"},"geometry":{"type":"Polygon","coordinates":[[[-98.10726341980785,17.98266798826657],[-98.12976868829992,17.977939436625594],[-98.15322488362968,17.96775486386041],[-98.20425795725254,17.975575160805104],[-98.17953385947251,18.015404115011805],[-98.20837864021587,18.043593557486865],[-98.20964654266614,18.096698829762463],[-98.17446224967149,18.10251858562828],[-98.16526995690712,18.13161736495738],[-98.11962546869786,18.11997785322574],[-98.1040936636822,18.09578949290843],[-98.10345971245708,18.05305066076882],[-98.10726341980785,17.98266798826657]]]}},{"type":"Feature","properties":{"cvegeo":"21067","cve_ent":"21","state_code":"PUE","nom_mun":"Guadalupe Victoria"},"geometry":{"type":"Polygon","coordinates":[[[-97.36078585221881,19.375953916017817],[-97.33796360811418,19.39250384676124],[-97.28185892469028,19.38741156037865],[-97.34525404720316,19.376681385501044],[-97.2888323881667,19.36376880217376],[-97.29580585164311,19.32048436792173],[-97.33225804708802,19.31884756158447],[-97.31767716891005,19.281564750569064],[-97.28249287591541,19.247009950115764],[-97.29295307113003,19.23264242782202],[-97.32655248606186,19.261195605038697],[-97.36427258395702,19.265378554567256],[-97.37980438897267,19.234279234159285],[-97.40135873062704,19.266651626162904],[-97.42101121860603,19.259013196589017],[-97.46348595068966,19.274653790478403],[-97.47045941416607,19.34230845241855],[-97.42227912105629,19.383592345591705],[-97.38297414509832,19.375953916017817],[-97.36078585221881,19.375953916017817]]]}},{"type":"Feature","properties":{"cvegeo":"21068","cve_ent":"21","state_code":"PUE","nom_mun":"Hermenegildo Galeana"},"geometry":{"type":"Polygon","coordinates":[[[-97.74242448974628,20.145798496643195],[-97.72499083105524,20.169986856960506],[-97.69678000153702,20.15070891565498],[-97.69804790398727,20.125247483742022],[-97.72911151401858,20.08323612108564],[-97.74305844097141,20.0688685987919],[-97.7734880997776,20.08087184526515],[-97.74242448974628,20.145798496643195]]]}},{"type":"Feature","properties":{"cvegeo":"21069","cve_ent":"21","state_code":"PUE","nom_mun":"Huaquechula"},"geometry":{"type":"Polygon","coordinates":[[[-98.67623464436086,18.690495795446814],[-98.65658215638186,18.71268361468525],[-98.61157161939772,18.7139566862809],[-98.61220557062286,18.758696059499382],[-98.58494566794232,18.73814504659821],[-98.57543639956539,18.80507223905513],[-98.50253200867559,18.823077108765006],[-98.51013942337714,18.84199131532892],[-98.48129464263378,18.843264386924567],[-98.45720449607889,18.804526636942708],[-98.45688752046632,18.841081978474882],[-98.39856400775449,18.854903898656204],[-98.37574176364986,18.807072780134003],[-98.3922244955032,18.791250318873807],[-98.39254147111576,18.791068451503],[-98.39254147111576,18.791250318873807],[-98.3922244955032,18.791250318873807],[-98.40934117858167,18.804526636942708],[-98.4375520080999,18.77560972498442],[-98.43945386177529,18.774700388130384],[-98.44072176422554,18.774518520759578],[-98.4419896666758,18.774518520759578],[-98.49682644764944,18.726687402237378],[-98.51235825266508,18.713047349426866],[-98.5522971798482,18.747965884621777],[-98.57987405814129,18.72123138111317],[-98.58145893620411,18.6794018858276],[-98.6198129853244,18.65339485180222],[-98.6277373756385,18.681402426906473],[-98.66735932720906,18.65666846447674],[-98.67623464436086,18.690495795446814]]]}},{"type":"Feature","properties":{"cvegeo":"21070","cve_ent":"21","state_code":"PUE","nom_mun":"Huatlatlauca"},"geometry":{"type":"Polygon","coordinates":[[[-97.95860185751516,18.717412166326227],[-97.95733395506491,18.7139566862809],[-97.95416419893927,18.711774277831218],[-97.98998244315904,18.64975750438608],[-98.004563321337,18.65666846447674],[-98.06256985843628,18.665579965646277],[-98.11328595644657,18.635571849463147],[-98.14339863964018,18.612656560741485],[-98.1779489814097,18.638663594766864],[-98.17034156670816,18.672490925736938],[-98.1370591273889,18.701589705066034],[-98.07176215120064,18.702499041920067],[-98.09775415143092,18.73632637289014],[-98.07778468783937,18.748329619363393],[-98.00488029694957,18.7299610149119],[-98.00424634572444,18.727414871720605],[-97.95986975996543,18.7219588505964],[-97.95860185751516,18.717412166326227]]]}},{"type":"Feature","properties":{"cvegeo":"21071","cve_ent":"21","state_code":"PUE","nom_mun":"Huauchinango"},"geometry":{"type":"Polygon","coordinates":[[[-98.08475815131578,20.243825009508086],[-98.05147571199652,20.294202271221582],[-98.04069854116933,20.30129509868305],[-98.01375561410137,20.28729131113092],[-98.03087229717984,20.262921083442805],[-98.02009512635266,20.236914049417425],[-98.03150624840497,20.202359248964125],[-97.95860185751516,20.220182251303196],[-97.9547981501644,20.214544362808184],[-97.98522780897058,20.1432523534519],[-98.02358185809086,20.10633327717811],[-97.99473707734751,20.096148704412926],[-98.0197781507401,20.079598773669503],[-98.04228341923216,20.055592280723],[-98.08317327325295,20.05504667861058],[-98.08792790744143,20.092147622255176],[-98.12818381023709,20.107242614032145],[-98.09807112704348,20.14379795556432],[-98.1361082005512,20.146889700868037],[-98.12976868829992,20.17653408230955],[-98.09933902949373,20.201813646851704],[-98.08475815131578,20.243825009508086]]]}},{"type":"Feature","properties":{"cvegeo":"21074","cve_ent":"21","state_code":"PUE","nom_mun":"Huejotzingo"},"geometry":{"type":"Polygon","coordinates":[[[-98.63629571717775,19.153348254150238],[-98.63914849769083,19.16353282691542],[-98.64041640014108,19.16717017433156],[-98.58811542406796,19.17171685860173],[-98.5789231313036,19.16080481635332],[-98.50126410622534,19.168625113298013],[-98.44040478861298,19.201906842155665],[-98.4429405935135,19.233551764676058],[-98.40617142245603,19.22991441725992],[-98.40522049561834,19.204271117976155],[-98.369085275786,19.226095202472976],[-98.33104820227828,19.19990630107679],[-98.34024049504265,19.185902513524663],[-98.35830810495881,19.168079511185592],[-98.37447386119959,19.144982355093124],[-98.38271522712627,19.118611586326132],[-98.39634517846653,19.09333202178398],[-98.41219395909475,19.116611045247254],[-98.42740878849784,19.14807410039684],[-98.46576283761813,19.14516422246393],[-98.45593659362864,19.120793994775813],[-98.57480244834026,19.141345007676986],[-98.63629571717775,19.153348254150238]]]}},{"type":"Feature","properties":{"cvegeo":"21075","cve_ent":"21","state_code":"PUE","nom_mun":"Hueyapan"},"geometry":{"type":"Polygon","coordinates":[[[-97.36141980344394,19.97266075963508],[-97.36078585221881,19.91373573149366],[-97.3991399013391,19.87281557306212],[-97.41974331615577,19.862267265555325],[-97.44351648709811,19.86190353081371],[-97.45619551160067,19.877180389961485],[-97.43812790168451,19.923738436888037],[-97.40579638920295,19.94847239931777],[-97.40484546236524,19.94901800143019],[-97.39628712082602,19.99866779366046],[-97.371563023046,19.994848578873516],[-97.36141980344394,19.97266075963508]]]}},{"type":"Feature","properties":{"cvegeo":"21076","cve_ent":"21","state_code":"PUE","nom_mun":"Hueytamalco"},"geometry":{"type":"Polygon","coordinates":[[[-97.21053941186331,20.041042891058453],[-97.20736965573766,20.014308387549846],[-97.2612555098736,19.97666184179283],[-97.25586692446001,19.932468070686767],[-97.3021453638944,19.876634787849063],[-97.31577531523467,19.87154250146647],[-97.35444633996752,19.889365503805543],[-97.33194107147546,19.926284580079333],[-97.34810682771624,19.978662382871704],[-97.36141980344394,19.97266075963508],[-97.371563023046,19.994848578873516],[-97.37187999865856,20.036678074159088],[-97.3696611693706,20.107242614032145],[-97.38234019387318,20.13979687340657],[-97.34493707159059,20.146889700868037],[-97.33986546178956,20.147617170351264],[-97.31577531523467,20.200540575256056],[-97.28693053449132,20.19126533934491],[-97.28756448571644,20.125065616371216],[-97.26791199773746,20.087055335872584],[-97.30341326634466,20.073051548320457],[-97.30341326634466,20.00939796853806],[-97.26410829038667,20.058320291285103],[-97.21053941186331,20.041042891058453]]]}},{"type":"Feature","properties":{"cvegeo":"21077","cve_ent":"21","state_code":"PUE","nom_mun":"Hueytlalpan"},"geometry":{"type":"Polygon","coordinates":[[[-97.6356037083121,20.077416365219822],[-97.6631805866052,20.038496747867157],[-97.65842595241674,20.008488631684028],[-97.72562478228038,20.016127061257915],[-97.73323219698192,20.026493501393904],[-97.71421366022805,20.06414004715092],[-97.68188214774649,20.05231866804848],[-97.67110497691931,20.079598773669503],[-97.65589014751622,20.093238826480018],[-97.6356037083121,20.077416365219822]]]}},{"type":"Feature","properties":{"cvegeo":"21078","cve_ent":"21","state_code":"PUE","nom_mun":"Huitzilan de Serdán"},"geometry":{"type":"Polygon","coordinates":[[[-97.70787414797677,19.997030987323196],[-97.70121766011292,19.995212313615127],[-97.65810897680417,19.993757374648673],[-97.6907574648983,19.942834510822756],[-97.68631980632239,19.914645068347696],[-97.73133034330652,19.892093514367645],[-97.75034888006039,19.89754953549185],[-97.76176000211271,19.94610812349728],[-97.74654517270962,19.939560898148233],[-97.70787414797677,19.997030987323196]]]}},{"type":"Feature","properties":{"cvegeo":"21079","cve_ent":"21","state_code":"PUE","nom_mun":"Huitziltepec"},"geometry":{"type":"Polygon","coordinates":[[[-97.8952067350023,18.837080896317133],[-97.88125980804946,18.843264386924567],[-97.87904097876152,18.83435288575503],[-97.88918419836358,18.80743651487562],[-97.85653571026945,18.78415749141234],[-97.82895883197635,18.782884419816693],[-97.81723073431147,18.73123408650755],[-97.83624927106533,18.724141259046082],[-97.85178107608098,18.744874139318064],[-97.88601444223794,18.74032745504789],[-97.90661785705461,18.763060876398747],[-97.89267093010179,18.77560972498442],[-97.8952067350023,18.837080896317133]]]}},{"type":"Feature","properties":{"cvegeo":"21080","cve_ent":"21","state_code":"PUE","nom_mun":"Atlequizayan"},"geometry":{"type":"Polygon","coordinates":[[[-97.61943795207131,19.99503044624432],[-97.63845648882517,19.99030189460334],[-97.64321112301364,20.002123273705788],[-97.62324165942209,20.04358903424975],[-97.61436634227029,20.02449296031503],[-97.61943795207131,19.99503044624432]]]}},{"type":"Feature","properties":{"cvegeo":"21081","cve_ent":"21","state_code":"PUE","nom_mun":"Ixcamilpa de Guerrero"},"geometry":{"type":"Polygon","coordinates":[[[-98.58494566794232,17.973756487097035],[-98.64485405871699,17.933381930777916],[-98.68796274202573,17.96193510799459],[-98.81506996266404,18.007947552808723],[-98.7380448888109,18.039956210070727],[-98.81285113337609,18.06469017250046],[-98.86990674363767,18.05705174292657],[-98.86008049964818,18.092152145492292],[-98.80619464551224,18.122523996417037],[-98.71553962031884,18.113794362618307],[-98.69620410795241,18.07196486733273],[-98.6616537661829,18.044321026970092],[-98.60681698520926,18.038319403733468],[-98.55546693597384,18.049231445981878],[-98.58114196059155,18.023951881439725],[-98.62076391216209,18.027589228855863],[-98.6163262535862,17.994671234739823],[-98.58145893620411,17.99958165375161],[-98.58494566794232,17.973756487097035]]]}},{"type":"Feature","properties":{"cvegeo":"21082","cve_ent":"21","state_code":"PUE","nom_mun":"Ixcaquixtla"},"geometry":{"type":"Polygon","coordinates":[[[-97.76905044120168,18.476619767377965],[-97.80074800245812,18.437882017396106],[-97.86826380793433,18.43260786364271],[-97.89742556429024,18.455886887105983],[-97.87048263722228,18.509901496235617],[-97.84575853944226,18.530270641765984],[-97.8169137586989,18.535362928148576],[-97.8036007829712,18.509901496235617],[-97.77507297784041,18.530270641765984],[-97.76905044120168,18.476619767377965]]]}},{"type":"Feature","properties":{"cvegeo":"21083","cve_ent":"21","state_code":"PUE","nom_mun":"Ixtacamaxtitlán"},"geometry":{"type":"Polygon","coordinates":[[[-97.79440849020683,19.498350656570825],[-97.8622412712956,19.456157426543637],[-97.84861131995534,19.48252819531063],[-97.8898181495887,19.504170412436643],[-97.86984868599716,19.54236256030608],[-97.88284468611229,19.572188809118405],[-97.9538472233267,19.60419746638041],[-97.98871454070878,19.629113296180947],[-97.9937861505098,19.629658898293368],[-98.04260039484473,19.640025338429357],[-98.04006458994421,19.699495968683195],[-98.0330911264678,19.69931410131239],[-98.00868400430033,19.726776074304222],[-97.96652624782928,19.702405846616106],[-97.94719073546285,19.711681082527257],[-97.8508301492433,19.738233718665054],[-97.81311005134813,19.70331518347014],[-97.80645356348428,19.703133316099333],[-97.78331434376709,19.70840746985273],[-97.76176000211271,19.660212616588918],[-97.74844702638501,19.657848340768428],[-97.74179053852116,19.63875226683371],[-97.69614605031188,19.62147486660706],[-97.6942441966365,19.60292439478476],[-97.70882507481446,19.595285965210874],[-97.71579853829088,19.53908894763156],[-97.72150409931703,19.53727027392349],[-97.72150409931703,19.537088406552684],[-97.72594175789294,19.53035931383283],[-97.72720966034319,19.529631844349602],[-97.75542048986142,19.54236256030608],[-97.78711805111786,19.531086783316056],[-97.79440849020683,19.498350656570825]]]}},{"type":"Feature","properties":{"cvegeo":"21084","cve_ent":"21","state_code":"PUE","nom_mun":"Ixtepec"},"geometry":{"type":"Polygon","coordinates":[[[-97.6356037083121,20.077416365219822],[-97.63401883024927,20.077052630478207],[-97.62767931799799,20.07650702836579],[-97.60612497634361,20.05686535231865],[-97.62324165942209,20.04358903424975],[-97.64321112301364,20.002123273705788],[-97.65842595241674,20.008488631684028],[-97.6631805866052,20.038496747867157],[-97.6356037083121,20.077416365219822]]]}},{"type":"Feature","properties":{"cvegeo":"21085","cve_ent":"21","state_code":"PUE","nom_mun":"Izúcar de Matamoros"},"geometry":{"type":"Polygon","coordinates":[[[-98.56529317996333,18.420604617169456],[-98.52472030155509,18.447339120678063],[-98.54532371637178,18.5200860690008],[-98.54881044810999,18.526269559608235],[-98.54912742372255,18.526815161720656],[-98.51774683807868,18.539909612418747],[-98.53264469186921,18.567735320152195],[-98.55927064332461,18.56227929902799],[-98.55990459454974,18.574464412872047],[-98.52693913084305,18.572282004422366],[-98.46924956935634,18.668126108837573],[-98.45276683750299,18.683402967985348],[-98.4153637152204,18.652849249689798],[-98.4020507394927,18.603017590088722],[-98.3833491783514,18.564825442219284],[-98.36369669037241,18.5731913412764],[-98.37605873926242,18.543001357722463],[-98.3503837146447,18.53627226500261],[-98.3041052752103,18.521722875338064],[-98.29586390928364,18.485713135918306],[-98.35989298302164,18.466617061983587],[-98.41853347134604,18.40478215590926],[-98.4055374712309,18.38532234723293],[-98.43691805687477,18.37422843761371],[-98.433114349524,18.332944544440558],[-98.47812488650814,18.338218698193955],[-98.56529317996333,18.420604617169456]]]}},{"type":"Feature","properties":{"cvegeo":"21086","cve_ent":"21","state_code":"PUE","nom_mun":"Jalpan"},"geometry":{"type":"Polygon","coordinates":[[[-97.73386614820704,20.451881281711117],[-97.74876400199757,20.42169129815718],[-97.78268039254195,20.43333080988882],[-97.84607551505482,20.394411192536154],[-97.88538049101281,20.40204962211004],[-97.89710858867768,20.434603881484467],[-97.94750771107542,20.439150565754638],[-97.99156732122186,20.421327563415566],[-97.98554478458314,20.448607669036594],[-98.01280468726367,20.46679440611728],[-97.98871454070878,20.495165715963147],[-97.9592358087403,20.51407992252706],[-97.92468546697079,20.488800357984907],[-97.87333541773536,20.486436082164417],[-97.83403044177739,20.507896431919626],[-97.8134270269607,20.491346501176203],[-97.79314058775658,20.46679440611728],[-97.76778253875143,20.47952512207376],[-97.76746556313887,20.479706989444566],[-97.76714858752631,20.479706989444566],[-97.73386614820704,20.451881281711117]]]}},{"type":"Feature","properties":{"cvegeo":"21087","cve_ent":"21","state_code":"PUE","nom_mun":"Jolalpan"},"geometry":{"type":"Polygon","coordinates":[[[-99.066114647815,18.332580809698943],[-98.98560284222366,18.41987714768623],[-98.93964137840183,18.421877688765104],[-98.91713610990976,18.401508543234737],[-98.87022371925023,18.41623980027009],[-98.84074498728175,18.43078918993464],[-98.8153869382766,18.416603535011706],[-98.82679806032893,18.37477403972613],[-98.79541747468505,18.39205143995278],[-98.77069337690503,18.341674178239284],[-98.76213503536579,18.323669308529407],[-98.765621767104,18.29056944704256],[-98.78907796243377,18.280384874277377],[-98.80714557234992,18.257469585555715],[-98.84676752392048,18.260379463488626],[-98.85120518249637,18.202545639572048],[-98.88512157304076,18.166899634893905],[-98.95707503709286,18.18854185201992],[-99.00050069601419,18.190178658357183],[-98.98940654957443,18.2491036864986],[-99.02332294011882,18.248376217015373],[-99.03188128165806,18.27220084259107],[-99.05438655015013,18.252195431802317],[-99.066114647815,18.332580809698943]]]}},{"type":"Feature","properties":{"cvegeo":"21089","cve_ent":"21","state_code":"PUE","nom_mun":"Jopala"},"geometry":{"type":"Polygon","coordinates":[[[-97.75763931914938,20.279289146815422],[-97.73640195310756,20.243825009508086],[-97.74179053852116,20.19290214568217],[-97.65905990364186,20.168713785364858],[-97.66349756221776,20.132158443832683],[-97.69804790398727,20.125247483742022],[-97.69678000153702,20.15070891565498],[-97.72499083105524,20.169986856960506],[-97.74242448974628,20.145798496643195],[-97.7868010755053,20.145434761901583],[-97.78648409989273,20.165985774802756],[-97.83181161248943,20.182717572916985],[-97.86287522252074,20.187809859299577],[-97.86509405180868,20.233458569372097],[-97.86446010058356,20.25910186865586],[-97.8311776612643,20.268740839308624],[-97.78426527060478,20.259647470768282],[-97.75763931914938,20.279289146815422]]]}},{"type":"Feature","properties":{"cvegeo":"21090","cve_ent":"21","state_code":"PUE","nom_mun":"Juan C. Bonilla"},"geometry":{"type":"Polygon","coordinates":[[[-98.38271522712627,19.118611586326132],[-98.37447386119959,19.144982355093124],[-98.32375776318929,19.135161517069555],[-98.30854293378621,19.106244605111264],[-98.3700362026237,19.103334727178357],[-98.38271522712627,19.118611586326132]]]}},{"type":"Feature","properties":{"cvegeo":"21091","cve_ent":"21","state_code":"PUE","nom_mun":"Juan Galindo"},"geometry":{"type":"Polygon","coordinates":[[[-98.02009512635266,20.236914049417425],[-97.96589229660415,20.234186038855324],[-97.95670000383979,20.229275619843538],[-97.95860185751516,20.220182251303196],[-98.03150624840497,20.202359248964125],[-98.02009512635266,20.236914049417425]]]}},{"type":"Feature","properties":{"cvegeo":"21092","cve_ent":"21","state_code":"PUE","nom_mun":"Juan N. Méndez"},"geometry":{"type":"Polygon","coordinates":[[[-97.7528846849609,18.461524775600996],[-97.75383561179859,18.462797847196644],[-97.76905044120168,18.476619767377965],[-97.77507297784041,18.530270641765984],[-97.8036007829712,18.509901496235617],[-97.8169137586989,18.535362928148576],[-97.84575853944226,18.530270641765984],[-97.84195483209149,18.59574289525645],[-97.81627980747378,18.580829770850286],[-97.78711805111786,18.613929632337133],[-97.76017512404988,18.60374505957195],[-97.75034888006039,18.577010556063343],[-97.69107444051086,18.56227929902799],[-97.67237287936956,18.573009473905593],[-97.640041366888,18.503536138257378],[-97.63687161076236,18.50280866877415],[-97.61658517155824,18.470981878882952],[-97.64384507423877,18.46079730611777],[-97.70248556256317,18.468981337804077],[-97.7528846849609,18.461524775600996]]]}},{"type":"Feature","properties":{"cvegeo":"21093","cve_ent":"21","state_code":"PUE","nom_mun":"Lafragua"},"geometry":{"type":"Polygon","coordinates":[[[-97.28185892469028,19.38741156037865],[-97.26696107089975,19.382319273996057],[-97.21053941186331,19.359403985274394],[-97.21561102166433,19.323030511113025],[-97.24667463169564,19.32739532801239],[-97.24730858292077,19.268288432500164],[-97.27678731488925,19.184629441929015],[-97.31355648594672,19.202998046380507],[-97.31767716891005,19.18262890085014],[-97.3696611693706,19.202998046380507],[-97.37980438897267,19.234279234159285],[-97.36427258395702,19.265378554567256],[-97.32655248606186,19.261195605038697],[-97.29295307113003,19.23264242782202],[-97.28249287591541,19.247009950115764],[-97.31767716891005,19.281564750569064],[-97.33225804708802,19.31884756158447],[-97.29580585164311,19.32048436792173],[-97.2888323881667,19.36376880217376],[-97.34525404720316,19.376681385501044],[-97.28185892469028,19.38741156037865]]]}},{"type":"Feature","properties":{"cvegeo":"21094","cve_ent":"21","state_code":"PUE","nom_mun":"Libres"},"geometry":{"type":"Polygon","coordinates":[[[-97.66444848905546,19.365041873769407],[-97.704070440626,19.39304944887366],[-97.73576800188243,19.432514668338747],[-97.73893775800808,19.432696535709553],[-97.75510351424886,19.45761236551009],[-97.79694429510735,19.472343622545445],[-97.79440849020683,19.498350656570825],[-97.78711805111786,19.531086783316056],[-97.75542048986142,19.54236256030608],[-97.72720966034319,19.529631844349602],[-97.72594175789294,19.53035931383283],[-97.72150409931703,19.537088406552684],[-97.72150409931703,19.53727027392349],[-97.72150409931703,19.537088406552684],[-97.6942441966365,19.533996661248967],[-97.67712751355802,19.528904374866375],[-97.67712751355802,19.52854064012476],[-97.67712751355802,19.528358772753954],[-97.67712751355802,19.52854064012476],[-97.67712751355802,19.528904374866375],[-97.62355863503466,19.50671655562794],[-97.57823112243796,19.51017203567327],[-97.55319004904537,19.47034308146657],[-97.53924312209253,19.454338752835568],[-97.57854809805052,19.434515209417622],[-97.61436634227029,19.39832360262706],[-97.66032780609211,19.425058106135666],[-97.66444848905546,19.365041873769407]]]}},{"type":"Feature","properties":{"cvegeo":"21096","cve_ent":"21","state_code":"PUE","nom_mun":"Mazapiltepec de Juárez"},"geometry":{"type":"Polygon","coordinates":[[[-97.66159570854238,19.0806013058275],[-97.6799802940711,19.085511724839286],[-97.68631980632239,19.090240276480262],[-97.71072692848985,19.111882493606277],[-97.68758770877265,19.140071936081338],[-97.7075571723642,19.18262890085014],[-97.71865131880395,19.15844054053283],[-97.74686214832218,19.185356911412242],[-97.72689268473063,19.210090873841974],[-97.68505190387214,19.192631606244518],[-97.65810897680417,19.176809144984322],[-97.6799802940711,19.153166386779432],[-97.65589014751622,19.123703872708724],[-97.66159570854238,19.0806013058275]]]}},{"type":"Feature","properties":{"cvegeo":"21097","cve_ent":"21","state_code":"PUE","nom_mun":"Mixtla"},"geometry":{"type":"Polygon","coordinates":[[[-97.90883668634257,18.919648682663443],[-97.90851971073,18.91983055003425],[-97.8720675152851,18.907281701448575],[-97.89203697887666,18.886730688547402],[-97.90883668634257,18.919648682663443]]]}},{"type":"Feature","properties":{"cvegeo":"21098","cve_ent":"21","state_code":"PUE","nom_mun":"Molcaxac"},"geometry":{"type":"Polygon","coordinates":[[[-97.84195483209149,18.59574289525645],[-97.88125980804946,18.613202162853906],[-97.92341756452052,18.61011041755019],[-97.90439902776666,18.66994478254564],[-97.91073854001795,18.698134225020702],[-97.94940956475081,18.72359565693366],[-97.9164441010441,18.763788345881974],[-97.90661785705461,18.763060876398747],[-97.88601444223794,18.74032745504789],[-97.85178107608098,18.744874139318064],[-97.83624927106533,18.724141259046082],[-97.85304897853123,18.66303382245498],[-97.78711805111786,18.613929632337133],[-97.81627980747378,18.580829770850286],[-97.84195483209149,18.59574289525645]]]}},{"type":"Feature","properties":{"cvegeo":"21099","cve_ent":"21","state_code":"PUE","nom_mun":"Cañada Morelos"},"geometry":{"type":"Polygon","coordinates":[[[-97.3262355104493,18.811619464404174],[-97.35349541312982,18.791068451503],[-97.33099014463775,18.763788345881974],[-97.34905775455393,18.715957227359773],[-97.38994760857473,18.715229757876546],[-97.41498868196732,18.640300401104128],[-97.43622604800912,18.64066413584574],[-97.43781092607195,18.642482809553808],[-97.4666557068153,18.631570767305398],[-97.5084964876738,18.66248822034256],[-97.48947795091993,18.69904356187474],[-97.50881346328636,18.71559349261816],[-97.50500975593559,18.78543056300799],[-97.46538780436504,18.761242202690678],[-97.46475385313991,18.786158032491215],[-97.41942634054321,18.803981034830286],[-97.38012136458524,18.812892535999822],[-97.3262355104493,18.811619464404174]]]}},{"type":"Feature","properties":{"cvegeo":"21100","cve_ent":"21","state_code":"PUE","nom_mun":"Naupan"},"geometry":{"type":"Polygon","coordinates":[[[-98.07049424875038,20.303295639761924],[-98.05147571199652,20.294202271221582],[-98.08475815131578,20.243825009508086],[-98.09933902949373,20.201813646851704],[-98.12976868829992,20.17653408230955],[-98.14783629821609,20.220727853415617],[-98.14688537137839,20.220364118674002],[-98.10441063929477,20.276015534140896],[-98.1050445905199,20.296202812300457],[-98.07049424875038,20.303295639761924]]]}},{"type":"Feature","properties":{"cvegeo":"21101","cve_ent":"21","state_code":"PUE","nom_mun":"Nauzontla"},"geometry":{"type":"Polygon","coordinates":[[[-97.608026830019,19.983390934512684],[-97.59503082990386,19.993211772536252],[-97.57949902488821,19.997758456806423],[-97.56903882967359,19.949927338284223],[-97.60485707389336,19.92519337585449],[-97.608026830019,19.983390934512684]]]}},{"type":"Feature","properties":{"cvegeo":"21102","cve_ent":"21","state_code":"PUE","nom_mun":"Nealtican"},"geometry":{"type":"Polygon","coordinates":[[[-98.45244986189043,19.081692510052342],[-98.42138625185912,19.062232701376008],[-98.42360508114707,19.034043258900947],[-98.47717395967044,19.062960170859235],[-98.45244986189043,19.081692510052342]]]}},{"type":"Feature","properties":{"cvegeo":"21103","cve_ent":"21","state_code":"PUE","nom_mun":"Nicolás Bravo"},"geometry":{"type":"Polygon","coordinates":[[[-97.34430312036547,18.685767243805838],[-97.30341326634466,18.674309599445007],[-97.27393453437618,18.63302570627185],[-97.27393453437618,18.632843838901046],[-97.27868916856464,18.596470364739677],[-97.31260555910903,18.572827606534787],[-97.34176731546495,18.588104465682562],[-97.36395560834445,18.58755886357014],[-97.42544887718194,18.551003522037966],[-97.40135873062704,18.57664682132173],[-97.3617367790565,18.611019754404225],[-97.40896614532859,18.63302570627185],[-97.37821951090984,18.661033281376106],[-97.34430312036547,18.685767243805838]]]}},{"type":"Feature","properties":{"cvegeo":"21104","cve_ent":"21","state_code":"PUE","nom_mun":"Nopalucan"},"geometry":{"type":"Polygon","coordinates":[[[-97.91517619859385,19.173171797568184],[-97.85114712485586,19.222821589798453],[-97.86509405180868,19.253920910206425],[-97.87048263722228,19.270652708320654],[-97.86160732007048,19.285383965356008],[-97.83846810035328,19.287202639064077],[-97.82705697830096,19.273016984141144],[-97.80930634399736,19.25937693133063],[-97.7902878072435,19.230096284630726],[-97.7982121975576,19.22536773298975],[-97.74686214832218,19.185356911412242],[-97.81215912451044,19.149529039363294],[-97.80518566103402,19.112609963089504],[-97.81944956359942,19.103880329290774],[-97.83593229545276,19.12206706637146],[-97.90788575950488,19.141345007676986],[-97.91517619859385,19.173171797568184]]]}},{"type":"Feature","properties":{"cvegeo":"21105","cve_ent":"21","state_code":"PUE","nom_mun":"Ocotepec"},"geometry":{"type":"Polygon","coordinates":[[[-97.67712751355802,19.528904374866375],[-97.67712751355802,19.52854064012476],[-97.67712751355802,19.528358772753954],[-97.67712751355802,19.52854064012476],[-97.67712751355802,19.528904374866375],[-97.6942441966365,19.533996661248967],[-97.72150409931703,19.537088406552684],[-97.72150409931703,19.53727027392349],[-97.71579853829088,19.53908894763156],[-97.70882507481446,19.595285965210874],[-97.6942441966365,19.60292439478476],[-97.67268985498212,19.59146675042393],[-97.62863024483568,19.562186103724027],[-97.62355863503466,19.50671655562794],[-97.67712751355802,19.528904374866375]]]}},{"type":"Feature","properties":{"cvegeo":"21106","cve_ent":"21","state_code":"PUE","nom_mun":"Ocoyucan"},"geometry":{"type":"Polygon","coordinates":[[[-98.32375776318929,19.008036224875568],[-98.31171268991186,18.999670325818453],[-98.292694153158,18.988576416199237],[-98.2828679091685,18.975481965501142],[-98.27716234814234,18.914738263651657],[-98.28667161651927,18.85799564395992],[-98.33073122666572,18.85290335757733],[-98.32914634860289,18.879092258973515],[-98.35704020250856,18.894550985492096],[-98.35260254393265,18.921831091113123],[-98.3646476172101,18.928196449091363],[-98.36623249527293,18.97675503709679],[-98.35418742199548,18.992759365727792],[-98.32375776318929,19.008036224875568]]]}},{"type":"Feature","properties":{"cvegeo":"21107","cve_ent":"21","state_code":"PUE","nom_mun":"Olintla"},"geometry":{"type":"Polygon","coordinates":[[[-97.65905990364186,20.168713785364858],[-97.6356037083121,20.18253570554618],[-97.62229073258439,20.17435167385987],[-97.6213398057467,20.17216926541019],[-97.65589014751622,20.093238826480018],[-97.67110497691931,20.079598773669503],[-97.68188214774649,20.05231866804848],[-97.71421366022805,20.06414004715092],[-97.72911151401858,20.08323612108564],[-97.69804790398727,20.125247483742022],[-97.66349756221776,20.132158443832683],[-97.65905990364186,20.168713785364858]]]}},{"type":"Feature","properties":{"cvegeo":"21108","cve_ent":"21","state_code":"PUE","nom_mun":"Oriental"},"geometry":{"type":"Polygon","coordinates":[[[-97.64638087913929,19.306480580369602],[-97.63148302534876,19.355402903116644],[-97.66444848905546,19.365041873769407],[-97.66032780609211,19.425058106135666],[-97.61436634227029,19.39832360262706],[-97.60580800073105,19.38559288667058],[-97.56301629303486,19.41887461552823],[-97.54621658556896,19.383592345591705],[-97.52022458533867,19.38431981507493],[-97.47933473131788,19.3383073702608],[-97.55699375639614,19.31284593834784],[-97.53290360984124,19.270470840949848],[-97.53670731719203,19.22955068251831],[-97.61721912278337,19.231005621484762],[-97.65018458649006,19.25010169541948],[-97.62450956187234,19.29866028342491],[-97.64638087913929,19.306480580369602]]]}},{"type":"Feature","properties":{"cvegeo":"21109","cve_ent":"21","state_code":"PUE","nom_mun":"Pahuatlán"},"geometry":{"type":"Polygon","coordinates":[[[-98.11296898083401,20.35421850358784],[-98.08475815131578,20.339669113923293],[-98.07049424875038,20.303295639761924],[-98.1050445905199,20.296202812300457],[-98.10441063929477,20.276015534140896],[-98.14688537137839,20.220364118674002],[-98.19221288397509,20.25801066443102],[-98.19062800591227,20.293838536479967],[-98.1814357131479,20.33639550124877],[-98.12659893217428,20.33694110336119],[-98.11296898083401,20.35421850358784]]]}},{"type":"Feature","properties":{"cvegeo":"21110","cve_ent":"21","state_code":"PUE","nom_mun":"Palmar de Bravo"},"geometry":{"type":"Polygon","coordinates":[[[-97.50881346328636,18.71559349261816],[-97.5252961951397,18.743782935093222],[-97.55128819536998,18.740691189789505],[-97.59788361041694,18.762515274286326],[-97.63972439127544,18.78997724727816],[-97.65589014751622,18.829078732001634],[-97.64289414740108,18.85344895968975],[-97.66983707446904,18.893277913896448],[-97.57379346386205,18.89709712868339],[-97.56301629303486,18.956931493678844],[-97.54177892699305,18.96529739273596],[-97.50817951206123,18.889276831738698],[-97.47236126784146,18.87018075780398],[-97.44541834077349,18.88109280005239],[-97.4425655602604,18.86326979771332],[-97.39438526715062,18.85690443973508],[-97.38012136458524,18.812892535999822],[-97.41942634054321,18.803981034830286],[-97.46475385313991,18.786158032491215],[-97.46538780436504,18.761242202690678],[-97.50500975593559,18.78543056300799],[-97.50881346328636,18.71559349261816]]]}},{"type":"Feature","properties":{"cvegeo":"21111","cve_ent":"21","state_code":"PUE","nom_mun":"Pantepec"},"geometry":{"type":"Polygon","coordinates":[[[-97.98522780897058,20.516989800459967],[-97.98110712600723,20.54045069129405],[-97.9094706375677,20.586463136108183],[-97.8952067350023,20.623200345011167],[-97.91359132053103,20.6719408003874],[-97.88950117397614,20.671213330904173],[-97.86509405180868,20.598466382581435],[-97.78997083163094,20.601739995255958],[-97.78268039254195,20.58373512554608],[-97.78204644131682,20.53535840491146],[-97.82547210023814,20.51862660679723],[-97.8134270269607,20.491346501176203],[-97.83403044177739,20.507896431919626],[-97.87333541773536,20.486436082164417],[-97.92468546697079,20.488800357984907],[-97.9592358087403,20.51407992252706],[-97.98871454070878,20.495165715963147],[-97.98522780897058,20.516989800459967]]]}},{"type":"Feature","properties":{"cvegeo":"21112","cve_ent":"21","state_code":"PUE","nom_mun":"Petlalcingo"},"geometry":{"type":"Polygon","coordinates":[[[-97.93482868657284,17.96084390376975],[-97.96747717466697,17.970482874422512],[-97.97381668691825,18.025224953035373],[-98.00583122378725,18.059234151376252],[-98.0010765895988,18.08469558328921],[-97.96082068680312,18.108702076235716],[-97.97349971130569,18.12761628279963],[-97.96303951609107,18.144529948284664],[-97.96272254047851,18.144529948284664],[-97.96050371119055,18.144348080913858],[-97.94687375985029,18.122160261675422],[-97.93324380851001,18.156533194757916],[-97.89901044235307,18.163444154848577],[-97.86382614935843,18.147803560959186],[-97.86065639323279,18.10251858562828],[-97.81057424644762,18.067781917804176],[-97.83688322229045,18.032681515238455],[-97.84258878331661,18.018859595057133],[-97.86192429568304,18.025770555147794],[-97.9351456621854,17.999763521122414],[-97.93482868657284,17.96084390376975]]]}},{"type":"Feature","properties":{"cvegeo":"21113","cve_ent":"21","state_code":"PUE","nom_mun":"Piaxtla"},"geometry":{"type":"Polygon","coordinates":[[[-98.30125249469722,17.960116434286522],[-98.32312381196417,17.985214131457866],[-98.31551639726263,18.03231778049684],[-98.36528156843522,18.024679350922952],[-98.30569015327313,18.05650614081415],[-98.2533891772,18.060870957713515],[-98.23849132340949,18.094152686571167],[-98.29142625070773,18.12925308913689],[-98.34404420239342,18.131435497586573],[-98.35894205618393,18.177811677142316],[-98.32756147054008,18.203273109055274],[-98.27652839691721,18.178357279254737],[-98.24483083566078,18.216003825011754],[-98.19443171326304,18.16617216541068],[-98.21471815246716,18.14580301988031],[-98.20964654266614,18.096698829762463],[-98.20837864021587,18.043593557486865],[-98.21915581104307,18.031590311013613],[-98.26733610415285,18.045412231194934],[-98.29998459224697,18.0392287405875],[-98.27969815304286,17.972847150243002],[-98.28160000671824,17.9595708321741],[-98.30125249469722,17.960116434286522]]]}},{"type":"Feature","properties":{"cvegeo":"21114","cve_ent":"21","state_code":"PUE","nom_mun":"Puebla"},"geometry":{"type":"Polygon","coordinates":[[[-98.02897044350445,19.14570982457635],[-98.04957385832114,19.118975321067744],[-98.07905259028962,19.0540486696897],[-98.12311220043607,19.053866802318893],[-98.13674215177633,18.99366870258183],[-98.13515727371352,18.950566135700605],[-98.09553532214296,18.912919589943588],[-98.10441063929477,18.910009712010677],[-98.11455385889683,18.911282783606325],[-98.11455385889683,18.91110091623552],[-98.11455385889683,18.911282783606325],[-98.11455385889683,18.91110091623552],[-98.1183575662476,18.904008088774052],[-98.12089337114811,18.904008088774052],[-98.12342917604863,18.90309875192002],[-98.12406312727376,18.902735017178404],[-98.12469707849888,18.90309875192002],[-98.12469707849888,18.902735017178404],[-98.12533102972401,18.902735017178404],[-98.12469707849888,18.902735017178404],[-98.12469707849888,18.90309875192002],[-98.12469707849888,18.903280619290825],[-98.12469707849888,18.90309875192002],[-98.12469707849888,18.903280619290825],[-98.12628195656171,18.910009712010677],[-98.12691590778684,18.910009712010677],[-98.12691590778684,18.90982784463987],[-98.12691590778684,18.910009712010677],[-98.13008566391248,18.912555855201973],[-98.13071961513761,18.912919589943588],[-98.13325542003813,18.914192661539236],[-98.13357239565069,18.914192661539236],[-98.13357239565069,18.90982784463987],[-98.13642517616377,18.912373987831167],[-98.13737610300146,18.912555855201973],[-98.13927795667685,18.91110091623552],[-98.13927795667685,18.911282783606325],[-98.13927795667685,18.91110091623552],[-98.13927795667685,18.911282783606325],[-98.13959493228941,18.91110091623552],[-98.1424477128025,18.909645977269065],[-98.14213073718993,18.90946410989826],[-98.1424477128025,18.909645977269065],[-98.14339863964018,18.910009712010677],[-98.14371561525275,18.910009712010677],[-98.14434956647787,18.909100375156644],[-98.1459344445407,18.909100375156644],[-98.14561746892814,18.906554231965348],[-98.14530049331557,18.906372364594542],[-98.14561746892814,18.906554231965348],[-98.14656839576583,18.906372364594542],[-98.15068907872916,18.880365330569163],[-98.15005512750403,18.84362812166618],[-98.15766254220559,18.84362812166618],[-98.20742771337818,18.841809447958113],[-98.26448332363977,18.850357214386033],[-98.26543425047745,18.84926601016119],[-98.28667161651927,18.85799564395992],[-98.27716234814234,18.914738263651657],[-98.2828679091685,18.975481965501142],[-98.24926849423667,19.011127970179285],[-98.27430956762926,19.059686558184712],[-98.26194751873925,19.078055162636204],[-98.24451386004822,19.084420520614444],[-98.22454439645665,19.137889527631657],[-98.18936010346201,19.13698019077762],[-98.16622088374481,19.104971533515616],[-98.11962546869786,19.13534338444036],[-98.100606931944,19.163350959544616],[-98.04228341923216,19.210090873841974],[-98.03182322401753,19.231005621484762],[-98.02897044350445,19.14570982457635]]]}},{"type":"Feature","properties":{"cvegeo":"21115","cve_ent":"21","state_code":"PUE","nom_mun":"Quecholac"},"geometry":{"type":"Polygon","coordinates":[[[-97.74622819709705,18.955112819970775],[-97.73259824575679,18.97911931291728],[-97.72784361156832,18.98948575305327],[-97.69265931857367,18.979301180288086],[-97.65589014751622,18.99185002887376],[-97.64226019617595,18.97093528123097],[-97.62038887890901,19.007672490133956],[-97.56048048813435,19.016947726045103],[-97.54431473189356,18.998397254222805],[-97.55350702465793,18.99530550891909],[-97.5528730734328,18.99694231525635],[-97.54177892699305,18.96529739273596],[-97.56301629303486,18.956931493678844],[-97.57379346386205,18.89709712868339],[-97.66983707446904,18.893277913896448],[-97.74622819709705,18.955112819970775]]]}},{"type":"Feature","properties":{"cvegeo":"21116","cve_ent":"21","state_code":"PUE","nom_mun":"Quimixtlán"},"geometry":{"type":"Polygon","coordinates":[[[-97.14429150883736,19.164078429027843],[-97.14429150883736,19.163714694286227],[-97.14429150883736,19.164078429027843],[-97.19469063123509,19.171898725972536],[-97.21656194850203,19.192267871502903],[-97.1775739481566,19.200633770560017],[-97.1642609724289,19.256103318656105],[-97.13826897219863,19.275199392590824],[-97.15728750895249,19.290839986480215],[-97.14777824057556,19.320302500550923],[-97.09737911817783,19.304480039290727],[-97.04317628842932,19.31884756158447],[-97.01528243452367,19.293022394929896],[-96.9918262391939,19.285747700097623],[-97.00577316614674,19.25937693133063],[-97.08945472786372,19.243372602699626],[-97.13192945994734,19.21554689496618],[-97.14080477709915,19.185175044041436],[-97.14714428935044,19.182447033479335],[-97.14429150883736,19.164078429027843]]]}},{"type":"Feature","properties":{"cvegeo":"21118","cve_ent":"21","state_code":"PUE","nom_mun":"Los Reyes de Juárez"},"geometry":{"type":"Polygon","coordinates":[[[-97.78363131937965,18.950020533588184],[-97.80233288052095,18.920558019517475],[-97.83878507596584,18.93801728711493],[-97.84036995402866,18.962569382173857],[-97.87143356405997,18.99694231525635],[-97.85938849078252,19.015310919707844],[-97.81596283186121,18.981119853996155],[-97.78363131937965,18.950020533588184]]]}},{"type":"Feature","properties":{"cvegeo":"21119","cve_ent":"21","state_code":"PUE","nom_mun":"San Andrés Cholula"},"geometry":{"type":"Polygon","coordinates":[[[-98.2828679091685,18.975481965501142],[-98.292694153158,18.988576416199237],[-98.31171268991186,18.999670325818453],[-98.32375776318929,19.008036224875568],[-98.34562908045623,19.0327701873053],[-98.35830810495881,19.042409157958062],[-98.27430956762926,19.059686558184712],[-98.24926849423667,19.011127970179285],[-98.2828679091685,18.975481965501142]]]}},{"type":"Feature","properties":{"cvegeo":"21120","cve_ent":"21","state_code":"PUE","nom_mun":"San Antonio Cañada"},"geometry":{"type":"Polygon","coordinates":[[[-97.2577687781354,18.468435735691656],[-97.31482438839697,18.43533587420481],[-97.3164092664598,18.527178896462267],[-97.26917990018771,18.55409526734168],[-97.24952741220872,18.52463275327097],[-97.22892399739203,18.53627226500261],[-97.22321843636588,18.472982419961827],[-97.2577687781354,18.468435735691656]]]}},{"type":"Feature","properties":{"cvegeo":"21121","cve_ent":"21","state_code":"PUE","nom_mun":"San Diego la Mesa Tochimiltzingo"},"geometry":{"type":"Polygon","coordinates":[[[-98.39254147111576,18.791068451503],[-98.39254147111576,18.791250318873807],[-98.39254147111576,18.791068451503],[-98.3922244955032,18.791250318873807],[-98.37574176364986,18.807072780134003],[-98.33992351943009,18.81252880125821],[-98.31646732410032,18.841809447958113],[-98.31107873868673,18.83726276368794],[-98.24863454301155,18.81598428130354],[-98.26163054312669,18.79470579891914],[-98.30569015327313,18.794887666289945],[-98.3148824460375,18.70759132830266],[-98.37415688558703,18.68267549850212],[-98.38430010518908,18.691586999671657],[-98.39254147111576,18.791068451503]]]}},{"type":"Feature","properties":{"cvegeo":"21122","cve_ent":"21","state_code":"PUE","nom_mun":"San Felipe Teotlalcingo"},"geometry":{"type":"Polygon","coordinates":[[[-98.46861561813121,19.26174120715112],[-98.47907581334583,19.238280316317034],[-98.54564069198435,19.20445298534696],[-98.58050800936643,19.208817802246326],[-98.56814596047641,19.23500670364251],[-98.5237693747174,19.25010169541948],[-98.51457708195304,19.25774012499337],[-98.46861561813121,19.26174120715112]]]}},{"type":"Feature","properties":{"cvegeo":"21123","cve_ent":"21","state_code":"PUE","nom_mun":"San Felipe Tepatlán"},"geometry":{"type":"Polygon","coordinates":[[[-97.74242448974628,20.145798496643195],[-97.7734880997776,20.08087184526515],[-97.81532888063609,20.085418529535325],[-97.82547210023814,20.086691601130973],[-97.83973600280353,20.091056418030334],[-97.7868010755053,20.145434761901583],[-97.74242448974628,20.145798496643195]]]}},{"type":"Feature","properties":{"cvegeo":"21124","cve_ent":"21","state_code":"PUE","nom_mun":"San Gabriel Chilac"},"geometry":{"type":"Polygon","coordinates":[[[-97.42861863330758,18.38295807141244],[-97.3671253644701,18.35749663949948],[-97.32718643728698,18.36149772165723],[-97.3252845836116,18.323123706416986],[-97.3661744376324,18.295661733425153],[-97.37790253529728,18.26128880034266],[-97.41403775512961,18.23691857265454],[-97.43147141382066,18.291115049154982],[-97.41372077951705,18.33330827918217],[-97.42861863330758,18.38295807141244]]]}},{"type":"Feature","properties":{"cvegeo":"21125","cve_ent":"21","state_code":"PUE","nom_mun":"San Gregorio Atzompa"},"geometry":{"type":"Polygon","coordinates":[[[-98.32375776318929,19.008036224875568],[-98.35418742199548,18.992759365727792],[-98.36971922701113,18.996578580514736],[-98.34562908045623,19.0327701873053],[-98.32375776318929,19.008036224875568]]]}},{"type":"Feature","properties":{"cvegeo":"21126","cve_ent":"21","state_code":"PUE","nom_mun":"San Jerónimo Tecuanipan"},"geometry":{"type":"Polygon","coordinates":[[[-98.42138625185912,19.062232701376008],[-98.39412634917858,19.075327152074102],[-98.38430010518908,19.02585922721464],[-98.35830810495881,19.042409157958062],[-98.34562908045623,19.0327701873053],[-98.36971922701113,18.996578580514736],[-98.40617142245603,18.991486294132145],[-98.42582391043501,18.99403243732344],[-98.42360508114707,19.034043258900947],[-98.42138625185912,19.062232701376008]]]}},{"type":"Feature","properties":{"cvegeo":"21127","cve_ent":"21","state_code":"PUE","nom_mun":"San Jerónimo Xayacatlán"},"geometry":{"type":"Polygon","coordinates":[[[-97.85019619801817,18.18854185201992],[-97.83941902719097,18.17126445179327],[-97.86382614935843,18.147803560959186],[-97.89901044235307,18.163444154848577],[-97.93324380851001,18.156533194757916],[-97.94687375985029,18.122160261675422],[-97.96050371119055,18.144348080913858],[-97.96272254047851,18.144529948284664],[-97.96303951609107,18.144529948284664],[-97.97349971130569,18.12761628279963],[-97.99727288224801,18.136891518710776],[-97.97286576008057,18.22200544824838],[-97.9503604915885,18.23764604213777],[-97.91073854001795,18.28547716065997],[-97.87333541773536,18.229280143080654],[-97.87777307631126,18.196180281593808],[-97.85019619801817,18.18854185201992]]]}},{"type":"Feature","properties":{"cvegeo":"21128","cve_ent":"21","state_code":"PUE","nom_mun":"San José Chiapa"},"geometry":{"type":"Polygon","coordinates":[[[-97.83846810035328,19.287202639064077],[-97.82071746604967,19.304480039290727],[-97.77126927048964,19.28356529164794],[-97.71991922125422,19.304843774032342],[-97.69107444051086,19.28592956746843],[-97.64638087913929,19.306480580369602],[-97.62450956187234,19.29866028342491],[-97.65018458649006,19.25010169541948],[-97.68505190387214,19.192631606244518],[-97.72689268473063,19.210090873841974],[-97.74686214832218,19.185356911412242],[-97.7982121975576,19.22536773298975],[-97.7902878072435,19.230096284630726],[-97.80930634399736,19.25937693133063],[-97.82705697830096,19.273016984141144],[-97.83846810035328,19.287202639064077]]]}},{"type":"Feature","properties":{"cvegeo":"21129","cve_ent":"21","state_code":"PUE","nom_mun":"San José Miahuatlán"},"geometry":{"type":"Polygon","coordinates":[[[-97.16774770416711,18.20072696586398],[-97.21434311921408,18.163626022219383],[-97.23748233893127,18.17308312550134],[-97.30911882737082,18.155987592645495],[-97.3528614619047,18.123251465900264],[-97.36268770589419,18.135618447115128],[-97.37473277917164,18.161079879028087],[-97.383925071936,18.232553755755177],[-97.41403775512961,18.23637297054212],[-97.41403775512961,18.23691857265454],[-97.37790253529728,18.26128880034266],[-97.3661744376324,18.295661733425153],[-97.3252845836116,18.323123706416986],[-97.29580585164311,18.31202979679777],[-97.2523801927218,18.328579727541193],[-97.23177677790511,18.297662274504027],[-97.2070526801251,18.288750773334492],[-97.16774770416711,18.20072696586398]]]}},{"type":"Feature","properties":{"cvegeo":"21130","cve_ent":"21","state_code":"PUE","nom_mun":"San Juan Atenco"},"geometry":{"type":"Polygon","coordinates":[[[-97.62038887890901,19.007672490133956],[-97.61404936665772,19.036043799979822],[-97.58425365907667,19.062232701376008],[-97.56903882967359,19.110973156752245],[-97.49042887775762,19.058959088701485],[-97.47933473131788,19.060232160297133],[-97.54431473189356,18.998397254222805],[-97.56048048813435,19.016947726045103],[-97.62038887890901,19.007672490133956]]]}},{"type":"Feature","properties":{"cvegeo":"21131","cve_ent":"21","state_code":"PUE","nom_mun":"San Juan Atzompa"},"geometry":{"type":"Polygon","coordinates":[[[-97.95986975996543,18.7219588505964],[-98.00424634572444,18.727414871720605],[-98.00488029694957,18.7299610149119],[-98.07778468783937,18.748329619363393],[-98.08570907815347,18.759787263724224],[-98.08095444396501,18.77051743860183],[-97.95986975996543,18.7219588505964]]]}},{"type":"Feature","properties":{"cvegeo":"21132","cve_ent":"21","state_code":"PUE","nom_mun":"San Martín Texmelucan"},"geometry":{"type":"Polygon","coordinates":[[[-98.4419896666758,19.32739532801239],[-98.40807327613142,19.31593768365156],[-98.41060908103194,19.291749323334248],[-98.3779605929378,19.25464837968965],[-98.369085275786,19.226095202472976],[-98.40522049561834,19.204271117976155],[-98.40617142245603,19.22991441725992],[-98.4429405935135,19.233551764676058],[-98.47907581334583,19.238280316317034],[-98.46861561813121,19.26174120715112],[-98.47210234986942,19.275744994703246],[-98.48858508172276,19.284474628501975],[-98.465128886393,19.315573948909943],[-98.4562535692412,19.324121715337867],[-98.4419896666758,19.32739532801239]]]}},{"type":"Feature","properties":{"cvegeo":"21134","cve_ent":"21","state_code":"PUE","nom_mun":"San Matías Tlalancaleca"},"geometry":{"type":"Polygon","coordinates":[[[-98.48700020365993,19.389412101457523],[-98.45530264240351,19.345400197722267],[-98.47590605722019,19.31411900994349],[-98.5015810818379,19.309208590931703],[-98.54468976514664,19.324849184821094],[-98.52979191135613,19.368679221185545],[-98.48763415488507,19.389957703569944],[-98.48700020365993,19.389412101457523]]]}},{"type":"Feature","properties":{"cvegeo":"21135","cve_ent":"21","state_code":"PUE","nom_mun":"San Miguel Ixitlán"},"geometry":{"type":"Polygon","coordinates":[[[-97.82642302707583,17.972483415501387],[-97.79092175846863,18.00412833802178],[-97.79884614878274,18.03577326054217],[-97.7715862461022,18.068145652545788],[-97.6986818552124,18.021769472990044],[-97.77000136803939,17.99721737793112],[-97.768099514364,17.976666365029946],[-97.81311005134813,17.945203309880362],[-97.82610605146327,17.962116975365397],[-97.82642302707583,17.972483415501387]]]}},{"type":"Feature","properties":{"cvegeo":"21136","cve_ent":"21","state_code":"PUE","nom_mun":"San Miguel Xoxtla"},"geometry":{"type":"Polygon","coordinates":[[[-98.32375776318929,19.168625113298013],[-98.31202966552442,19.190449197794834],[-98.30632410449826,19.188812391457574],[-98.28793951896952,19.17389926705141],[-98.31836917777571,19.161714153207352],[-98.32375776318929,19.168625113298013]]]}},{"type":"Feature","properties":{"cvegeo":"21137","cve_ent":"21","state_code":"PUE","nom_mun":"San Nicolás Buenos Aires"},"geometry":{"type":"Polygon","coordinates":[[[-97.42101121860603,19.259013196589017],[-97.43559209678399,19.22354905928168],[-97.44224858464784,19.194268412581778],[-97.48377238989377,19.126795618012437],[-97.48155356060582,19.100424849245446],[-97.54368078066844,19.133160975990677],[-97.5528730734328,19.15207518255459],[-97.57189161018667,19.180082757658845],[-97.52656409758995,19.21263701703327],[-97.53670731719203,19.22955068251831],[-97.53290360984124,19.270470840949848],[-97.55699375639614,19.31284593834784],[-97.47933473131788,19.3383073702608],[-97.47045941416607,19.34230845241855],[-97.46348595068966,19.274653790478403],[-97.42101121860603,19.259013196589017]]]}},{"type":"Feature","properties":{"cvegeo":"21138","cve_ent":"21","state_code":"PUE","nom_mun":"San Nicolás de los Ranchos"},"geometry":{"type":"Polygon","coordinates":[[[-98.6277373756385,19.0222218797985],[-98.62361669267517,19.066415650904567],[-98.63914849769083,19.077509560523783],[-98.62710342441338,19.124613209562757],[-98.63629571717775,19.153348254150238],[-98.57480244834026,19.141345007676986],[-98.50728664286406,19.090785878592683],[-98.45244986189043,19.081692510052342],[-98.47717395967044,19.062960170859235],[-98.50063015500021,19.026768564068675],[-98.53074283819382,19.022585614540116],[-98.58177591181668,19.038589943171118],[-98.57480244834026,19.020766940832047],[-98.6277373756385,19.0222218797985]]]}},{"type":"Feature","properties":{"cvegeo":"21139","cve_ent":"21","state_code":"PUE","nom_mun":"San Pablo Anicano"},"geometry":{"type":"Polygon","coordinates":[[[-98.19443171326304,18.16617216541068],[-98.16431903006944,18.185995708828624],[-98.12659893217428,18.178357279254737],[-98.05844917547294,18.14944036729645],[-98.06352078527397,18.13725525345239],[-98.09933902949373,18.103064187740703],[-98.1040936636822,18.09578949290843],[-98.11962546869786,18.11997785322574],[-98.16526995690712,18.13161736495738],[-98.17446224967149,18.10251858562828],[-98.20964654266614,18.096698829762463],[-98.21471815246716,18.14580301988031],[-98.19443171326304,18.16617216541068]]]}},{"type":"Feature","properties":{"cvegeo":"21140","cve_ent":"21","state_code":"PUE","nom_mun":"San Pedro Cholula"},"geometry":{"type":"Polygon","coordinates":[[[-98.30854293378621,19.106244605111264],[-98.2961808848962,19.09842430816657],[-98.28318488478106,19.085511724839286],[-98.26194751873925,19.078055162636204],[-98.27430956762926,19.059686558184712],[-98.35830810495881,19.042409157958062],[-98.38430010518908,19.02585922721464],[-98.39412634917858,19.075327152074102],[-98.39634517846653,19.09333202178398],[-98.38271522712627,19.118611586326132],[-98.3700362026237,19.103334727178357],[-98.30854293378621,19.106244605111264]]]}},{"type":"Feature","properties":{"cvegeo":"21141","cve_ent":"21","state_code":"PUE","nom_mun":"San Pedro Yeloixtlahuaca"},"geometry":{"type":"Polygon","coordinates":[[[-97.96747717466697,17.970482874422512],[-97.99473707734751,17.97466582395107],[-98.03055532156728,17.99194322417772],[-98.05147571199652,17.981940518783343],[-98.10726341980785,17.98266798826657],[-98.10345971245708,18.05305066076882],[-98.1040936636822,18.09578949290843],[-98.09933902949373,18.103064187740703],[-98.06352078527397,18.13725525345239],[-98.03689483381856,18.139983264014493],[-98.04703805342062,18.086877991738895],[-98.0010765895988,18.08469558328921],[-98.00583122378725,18.059234151376252],[-97.97381668691825,18.025224953035373],[-97.96747717466697,17.970482874422512]]]}},{"type":"Feature","properties":{"cvegeo":"21142","cve_ent":"21","state_code":"PUE","nom_mun":"San Salvador el Seco"},"geometry":{"type":"Polygon","coordinates":[[[-97.56903882967359,19.110973156752245],[-97.58425365907667,19.062232701376008],[-97.61404936665772,19.036043799979822],[-97.66159570854238,19.0806013058275],[-97.65589014751622,19.123703872708724],[-97.6799802940711,19.153166386779432],[-97.65810897680417,19.176809144984322],[-97.68505190387214,19.192631606244518],[-97.65018458649006,19.25010169541948],[-97.61721912278337,19.231005621484762],[-97.53670731719203,19.22955068251831],[-97.52656409758995,19.21263701703327],[-97.57189161018667,19.180082757658845],[-97.5528730734328,19.15207518255459],[-97.56903882967359,19.110973156752245]]]}},{"type":"Feature","properties":{"cvegeo":"21143","cve_ent":"21","state_code":"PUE","nom_mun":"San Salvador el Verde"},"geometry":{"type":"Polygon","coordinates":[[[-98.64041640014108,19.16717017433156],[-98.64390313187928,19.23864405105865],[-98.6277373756385,19.25774012499337],[-98.59540586315694,19.23446110153009],[-98.57511942395283,19.257921992364174],[-98.5060187404138,19.289566914884567],[-98.5015810818379,19.309208590931703],[-98.47590605722019,19.31411900994349],[-98.45530264240351,19.345400197722267],[-98.4419896666758,19.32739532801239],[-98.4562535692412,19.324121715337867],[-98.465128886393,19.315573948909943],[-98.48858508172276,19.284474628501975],[-98.47210234986942,19.275744994703246],[-98.46861561813121,19.26174120715112],[-98.51457708195304,19.25774012499337],[-98.5237693747174,19.25010169541948],[-98.56814596047641,19.23500670364251],[-98.58050800936643,19.208817802246326],[-98.58811542406796,19.17171685860173],[-98.64041640014108,19.16717017433156]]]}},{"type":"Feature","properties":{"cvegeo":"21144","cve_ent":"21","state_code":"PUE","nom_mun":"San Salvador Huixcolotla"},"geometry":{"type":"Polygon","coordinates":[[[-97.78363131937965,18.950020533588184],[-97.74622819709705,18.952930411521095],[-97.7547865386363,18.918739345809406],[-97.78775200234298,18.895824057087744],[-97.78775200234298,18.896369659200165],[-97.80233288052095,18.920558019517475],[-97.78363131937965,18.950020533588184]]]}},{"type":"Feature","properties":{"cvegeo":"21145","cve_ent":"21","state_code":"PUE","nom_mun":"San Sebastián Tlacotepec"},"geometry":{"type":"Polygon","coordinates":[[[-96.72873648076549,18.39568878736892],[-96.75346057854551,18.392960776806817],[-96.78452418857682,18.33840056556476],[-96.82224428647197,18.32057756322569],[-96.85520975017867,18.241283389553907],[-96.86630389661842,18.242010859037133],[-96.9046579457387,18.23764604213777],[-96.91068048237743,18.23873724636261],[-96.91226536044026,18.26819976043332],[-96.88817521388536,18.304027632482267],[-96.85647765262893,18.296207335537574],[-96.84823628670226,18.328215992799578],[-96.88690731143511,18.38113939770437],[-96.85520975017867,18.41860407609058],[-96.86250018926765,18.482985125356205],[-96.8425307256761,18.493351565492194],[-96.7972032130794,18.511902037314492],[-96.78167140806374,18.42951611833899],[-96.72873648076549,18.39568878736892]]]}},{"type":"Feature","properties":{"cvegeo":"21146","cve_ent":"21","state_code":"PUE","nom_mun":"Santa Catarina Tlaltempan"},"geometry":{"type":"Polygon","coordinates":[[[-98.0872939562163,18.585740189862072],[-98.10916527348323,18.58301217929997],[-98.14339863964018,18.612656560741485],[-98.11328595644657,18.635571849463147],[-98.0917316147922,18.626842215664418],[-98.02136302880291,18.64175534007058],[-98.04164946800702,18.60610933539244],[-98.0872939562163,18.585740189862072]]]}},{"type":"Feature","properties":{"cvegeo":"21147","cve_ent":"21","state_code":"PUE","nom_mun":"Santa Inés Ahuatempan"},"geometry":{"type":"Polygon","coordinates":[[[-97.95765093067747,18.330034666507647],[-97.99727288224801,18.334581350777817],[-98.02199698002804,18.3074831125276],[-98.03721180943113,18.349858209925593],[-98.06922634630013,18.344038454059774],[-98.14308166402762,18.35167688363366],[-98.1592474202684,18.35749663949948],[-98.1627341520066,18.41623980027009],[-98.0971202002058,18.427697444630923],[-98.09933902949373,18.491532891784125],[-98.07683376100167,18.494442769717036],[-98.04418527290754,18.497534515020753],[-97.99505405296007,18.47807470634442],[-97.98934849193391,18.45206767231904],[-97.9503604915885,18.40259974745958],[-97.96684322344184,18.346766464621876],[-97.95765093067747,18.330034666507647]]]}},{"type":"Feature","properties":{"cvegeo":"21148","cve_ent":"21","state_code":"PUE","nom_mun":"Santa Isabel Cholula"},"geometry":{"type":"Polygon","coordinates":[[[-98.36971922701113,18.996578580514736],[-98.35418742199548,18.992759365727792],[-98.36623249527293,18.97675503709679],[-98.3646476172101,18.928196449091363],[-98.40490352000577,18.95202107466706],[-98.40617142245603,18.991486294132145],[-98.36971922701113,18.996578580514736]]]}},{"type":"Feature","properties":{"cvegeo":"21149","cve_ent":"21","state_code":"PUE","nom_mun":"Santiago Miahuatlán"},"geometry":{"type":"Polygon","coordinates":[[[-97.48916097530737,18.561733696915567],[-97.49201375582045,18.593560486806766],[-97.4666557068153,18.59337861943596],[-97.46633873120274,18.59337861943596],[-97.42830165769502,18.60429066168437],[-97.40135873062704,18.57664682132173],[-97.42544887718194,18.551003522037966],[-97.36395560834445,18.58755886357014],[-97.34176731546495,18.588104465682562],[-97.3563481936429,18.551185389408772],[-97.39311736470037,18.537545336598257],[-97.39311736470037,18.504263607740604],[-97.42481492595681,18.52426901852936],[-97.43273931627091,18.492624096008967],[-97.45397668231273,18.532453050215665],[-97.48916097530737,18.561733696915567]]]}},{"type":"Feature","properties":{"cvegeo":"21150","cve_ent":"21","state_code":"PUE","nom_mun":"Huehuetlán el Grande"},"geometry":{"type":"Polygon","coordinates":[[[-98.17034156670816,18.672490925736938],[-98.20077122551433,18.682493631131315],[-98.21915581104307,18.721049513742365],[-98.19031103029971,18.726141800124957],[-98.23532156728385,18.75996913109503],[-98.21598605491742,18.76815316278134],[-98.20425795725254,18.790886584132195],[-98.20742771337818,18.841809447958113],[-98.15766254220559,18.84362812166618],[-98.15005512750403,18.84362812166618],[-98.1424477128025,18.804526636942708],[-98.1139199076717,18.819803496090483],[-98.10155785878169,18.778337735546522],[-98.08095444396501,18.77051743860183],[-98.08570907815347,18.759787263724224],[-98.09775415143092,18.73632637289014],[-98.07176215120064,18.702499041920067],[-98.1370591273889,18.701589705066034],[-98.17034156670816,18.672490925736938]]]}},{"type":"Feature","properties":{"cvegeo":"21151","cve_ent":"21","state_code":"PUE","nom_mun":"Santo Tomás Hueyotlipan"},"geometry":{"type":"Polygon","coordinates":[[[-97.85812058833227,18.868725818837525],[-97.8952067350023,18.878001054748673],[-97.89203697887666,18.886730688547402],[-97.8720675152851,18.907281701448575],[-97.85716966149458,18.912373987831167],[-97.85716966149458,18.912555855201973],[-97.85716966149458,18.912373987831167],[-97.84036995402866,18.900916343470335],[-97.85812058833227,18.868725818837525]]]}},{"type":"Feature","properties":{"cvegeo":"21152","cve_ent":"21","state_code":"PUE","nom_mun":"Soltepec"},"geometry":{"type":"Polygon","coordinates":[[[-97.80518566103402,19.112609963089504],[-97.81215912451044,19.149529039363294],[-97.74686214832218,19.185356911412242],[-97.71865131880395,19.15844054053283],[-97.7075571723642,19.18262890085014],[-97.68758770877265,19.140071936081338],[-97.71072692848985,19.111882493606277],[-97.68631980632239,19.090240276480262],[-97.71357970900293,19.06787058987102],[-97.76176000211271,19.065870048792146],[-97.80518566103402,19.112609963089504]]]}},{"type":"Feature","properties":{"cvegeo":"21153","cve_ent":"21","state_code":"PUE","nom_mun":"Tecali de Herrera"},"geometry":{"type":"Polygon","coordinates":[[[-97.96652624782928,18.988030814086816],[-97.94592283301259,18.97457262864711],[-97.91168946685565,18.944746379834786],[-97.90883668634257,18.919648682663443],[-97.90851971073,18.91983055003425],[-97.90883668634257,18.919648682663443],[-97.89203697887666,18.886730688547402],[-97.8952067350023,18.878001054748673],[-97.90186322286615,18.84599239748667],[-97.92753824748387,18.812165066516595],[-97.96969600395492,18.830533670968087],[-98.03023834595471,18.837626498429554],[-98.02199698002804,18.87527304418657],[-98.05591337057243,18.886730688547402],[-98.06193590721115,18.883638943243685],[-98.06605659017448,18.881456534794005],[-98.07524888293885,18.900916343470335],[-98.0410155167819,18.90346248666163],[-97.96494136976645,18.93528927655283],[-97.96652624782928,18.988030814086816]]]}},{"type":"Feature","properties":{"cvegeo":"21154","cve_ent":"21","state_code":"PUE","nom_mun":"Tecamachalco"},"geometry":{"type":"Polygon","coordinates":[[[-97.78775200234298,18.895824057087744],[-97.7547865386363,18.918739345809406],[-97.74622819709705,18.952930411521095],[-97.74622819709705,18.955112819970775],[-97.66983707446904,18.893277913896448],[-97.64289414740108,18.85344895968975],[-97.65589014751622,18.829078732001634],[-97.67364078181981,18.823622710877427],[-97.71231180655266,18.821985904540163],[-97.74020566045833,18.76869876489376],[-97.78394829499221,18.782156950333466],[-97.7715862461022,18.806527178021582],[-97.80233288052095,18.828169395147597],[-97.78775200234298,18.895824057087744]]]}},{"type":"Feature","properties":{"cvegeo":"21156","cve_ent":"21","state_code":"PUE","nom_mun":"Tehuacán"},"geometry":{"type":"Polygon","coordinates":[[[-97.31482438839697,18.43533587420481],[-97.29834165654363,18.397507461076987],[-97.32591853483673,18.392960776806817],[-97.32718643728698,18.36149772165723],[-97.3671253644701,18.35749663949948],[-97.42861863330758,18.38295807141244],[-97.41910936493065,18.412420585483147],[-97.49074585337019,18.40987444229185],[-97.52022458533867,18.35294995522931],[-97.55952956129666,18.324942380125055],[-97.58710643958975,18.329489064395226],[-97.58520458591437,18.346766464621876],[-97.6257774643226,18.428243046743344],[-97.58900829326514,18.47170934836618],[-97.61658517155824,18.470981878882952],[-97.63687161076236,18.50280866877415],[-97.59186107377822,18.514811915247403],[-97.54431473189356,18.54427442931811],[-97.51927365850098,18.52772449857469],[-97.54811843924433,18.51153830257288],[-97.55255609782024,18.469708807287304],[-97.5306847805533,18.4457023143408],[-97.4986702436843,18.449339661756937],[-97.45746341405093,18.493897167604615],[-97.47870078009275,18.511174567831265],[-97.50596068277328,18.555186471566522],[-97.48916097530737,18.561733696915567],[-97.45397668231273,18.532453050215665],[-97.43273931627091,18.492624096008967],[-97.42481492595681,18.52426901852936],[-97.39311736470037,18.504263607740604],[-97.39311736470037,18.537545336598257],[-97.3563481936429,18.551185389408772],[-97.34176731546495,18.588104465682562],[-97.31260555910903,18.572827606534787],[-97.27868916856464,18.596470364739677],[-97.23748233893127,18.607564274358893],[-97.23653141209358,18.567189718039774],[-97.2577687781354,18.568644657006228],[-97.25871970497309,18.568462789635422],[-97.26917990018771,18.55409526734168],[-97.3164092664598,18.527178896462267],[-97.31482438839697,18.43533587420481]]]}},{"type":"Feature","properties":{"cvegeo":"21157","cve_ent":"21","state_code":"PUE","nom_mun":"Tehuitzingo"},"geometry":{"type":"Polygon","coordinates":[[[-98.1592474202684,18.35749663949948],[-98.14308166402762,18.35167688363366],[-98.13642517616377,18.32748852331635],[-98.1681227374202,18.297662274504027],[-98.19918634745152,18.274383251040753],[-98.28128303110567,18.25947012663459],[-98.30885990939878,18.26692668883767],[-98.356723226896,18.256560248701682],[-98.38208127590114,18.2756563226364],[-98.4020507394927,18.282203547985446],[-98.43438225197426,18.279475537423345],[-98.41758254450835,18.317303950551167],[-98.433114349524,18.332944544440558],[-98.43691805687477,18.37422843761371],[-98.4055374712309,18.38532234723293],[-98.41853347134604,18.40478215590926],[-98.35989298302164,18.466617061983587],[-98.29586390928364,18.485713135918306],[-98.28255093355594,18.48316699272701],[-98.2695549334408,18.4244238319564],[-98.29301112877056,18.409692574921046],[-98.21028049389126,18.38932342939068],[-98.1592474202684,18.35749663949948]]]}},{"type":"Feature","properties":{"cvegeo":"21158","cve_ent":"21","state_code":"PUE","nom_mun":"Tenampulco"},"geometry":{"type":"Polygon","coordinates":[[[-97.48725912163198,20.165440172690335],[-97.4631689750771,20.18362690977102],[-97.46443687752735,20.224183333460946],[-97.44541834077349,20.246189285328576],[-97.40643034042807,20.232367365147255],[-97.37948741336011,20.249644765373905],[-97.371563023046,20.219091047078354],[-97.31577531523467,20.200540575256056],[-97.33986546178956,20.147617170351264],[-97.34493707159059,20.146889700868037],[-97.38234019387318,20.13979687340657],[-97.46348595068966,20.149981446171754],[-97.47236126784146,20.151254517767402],[-97.48725912163198,20.165440172690335]]]}},{"type":"Feature","properties":{"cvegeo":"21159","cve_ent":"21","state_code":"PUE","nom_mun":"Teopantlán"},"geometry":{"type":"Polygon","coordinates":[[[-98.17034156670816,18.672490925736938],[-98.1779489814097,18.638663594766864],[-98.21598605491742,18.609382948066962],[-98.24483083566078,18.642482809553808],[-98.28445278723132,18.660487679263685],[-98.30854293378621,18.651394310723344],[-98.3148824460375,18.70759132830266],[-98.30569015327313,18.794887666289945],[-98.26163054312669,18.79470579891914],[-98.24863454301155,18.81598428130354],[-98.31107873868673,18.83726276368794],[-98.31646732410032,18.841809447958113],[-98.33073122666572,18.85290335757733],[-98.28667161651927,18.85799564395992],[-98.26543425047745,18.84926601016119],[-98.26448332363977,18.850357214386033],[-98.20742771337818,18.841809447958113],[-98.20425795725254,18.790886584132195],[-98.21598605491742,18.76815316278134],[-98.23532156728385,18.75996913109503],[-98.19031103029971,18.726141800124957],[-98.21915581104307,18.721049513742365],[-98.20077122551433,18.682493631131315],[-98.17034156670816,18.672490925736938]]]}},{"type":"Feature","properties":{"cvegeo":"21160","cve_ent":"21","state_code":"PUE","nom_mun":"Teotlalco"},"geometry":{"type":"Polygon","coordinates":[[[-98.93964137840183,18.421877688765104],[-98.91523425623437,18.45715995870163],[-98.85025425565868,18.47807470634442],[-98.84169591411944,18.507173485673516],[-98.81094927970071,18.519176732146768],[-98.75484459627681,18.456978091330825],[-98.79478352345993,18.423696362473173],[-98.79541747468505,18.39205143995278],[-98.82679806032893,18.37477403972613],[-98.8153869382766,18.416603535011706],[-98.84074498728175,18.43078918993464],[-98.87022371925023,18.41623980027009],[-98.91713610990976,18.401508543234737],[-98.93964137840183,18.421877688765104]]]}},{"type":"Feature","properties":{"cvegeo":"21161","cve_ent":"21","state_code":"PUE","nom_mun":"Tepanco de López"},"geometry":{"type":"Polygon","coordinates":[[[-97.63687161076236,18.50280866877415],[-97.640041366888,18.503536138257378],[-97.64701483036441,18.538454673452293],[-97.62989814728594,18.567917187523],[-97.63940741566287,18.59392422154838],[-97.57632926876256,18.597197834222904],[-97.52307736585175,18.63538998209234],[-97.5084964876738,18.66248822034256],[-97.4666557068153,18.631570767305398],[-97.4666557068153,18.59337861943596],[-97.46633873120274,18.59337861943596],[-97.4666557068153,18.59337861943596],[-97.49201375582045,18.593560486806766],[-97.48916097530737,18.561733696915567],[-97.50596068277328,18.555186471566522],[-97.47870078009275,18.511174567831265],[-97.45746341405093,18.493897167604615],[-97.4986702436843,18.449339661756937],[-97.5306847805533,18.4457023143408],[-97.55255609782024,18.469708807287304],[-97.54811843924433,18.51153830257288],[-97.51927365850098,18.52772449857469],[-97.54431473189356,18.54427442931811],[-97.59186107377822,18.514811915247403],[-97.63687161076236,18.50280866877415]]]}},{"type":"Feature","properties":{"cvegeo":"21162","cve_ent":"21","state_code":"PUE","nom_mun":"Tepango de Rodríguez"},"geometry":{"type":"Polygon","coordinates":[[[-97.73766985555781,19.996121650469163],[-97.77855970957862,19.999940865256107],[-97.82959278320148,19.991211231457378],[-97.81215912451044,20.025947899281483],[-97.76746556313887,20.039224217350384],[-97.76746556313887,20.00666995797596],[-97.73766985555781,20.01230784647097],[-97.73766985555781,19.996121650469163]]]}},{"type":"Feature","properties":{"cvegeo":"21163","cve_ent":"21","state_code":"PUE","nom_mun":"Tepatlaxco de Hidalgo"},"geometry":{"type":"Polygon","coordinates":[[[-98.03182322401753,19.231005621484762],[-97.99188429683443,19.19590521891904],[-97.97762039426902,19.153348254150238],[-97.99854078469828,19.098242440795765],[-97.96620927221672,19.096423767087696],[-97.95416419893927,19.070416733062316],[-98.00583122378725,19.06914366146667],[-98.004563321337,19.101697920841094],[-98.02897044350445,19.14570982457635],[-98.03182322401753,19.231005621484762]]]}},{"type":"Feature","properties":{"cvegeo":"21164","cve_ent":"21","state_code":"PUE","nom_mun":"Tepeaca"},"geometry":{"type":"Polygon","coordinates":[[[-97.83593229545276,19.12206706637146],[-97.81944956359942,19.103880329290774],[-97.80708751470941,19.081328775310727],[-97.81627980747378,19.040408616879187],[-97.80074800245812,19.012764776516548],[-97.81596283186121,18.981119853996155],[-97.85938849078252,19.015310919707844],[-97.87143356405997,18.99694231525635],[-97.84036995402866,18.962569382173857],[-97.85526780781919,18.92092175425909],[-97.85495083220663,18.92092175425909],[-97.85526780781919,18.92092175425909],[-97.85495083220663,18.92092175425909],[-97.85716966149458,18.912555855201973],[-97.85716966149458,18.912373987831167],[-97.8720675152851,18.907281701448575],[-97.90851971073,18.91983055003425],[-97.90883668634257,18.919648682663443],[-97.91168946685565,18.944746379834786],[-97.94592283301259,18.97457262864711],[-97.96652624782928,18.988030814086816],[-97.94085122321157,19.004762612201045],[-97.92468546697079,19.04822891382388],[-97.83593229545276,19.12206706637146]]]}},{"type":"Feature","properties":{"cvegeo":"21165","cve_ent":"21","state_code":"PUE","nom_mun":"Tepemaxalco"},"geometry":{"type":"Polygon","coordinates":[[[-98.65658215638186,18.71268361468525],[-98.63946547330339,18.74541974143048],[-98.64960869290545,18.783248154558308],[-98.63059015615158,18.775245990242805],[-98.61220557062286,18.758696059499382],[-98.61157161939772,18.7139566862809],[-98.65658215638186,18.71268361468525]]]}},{"type":"Feature","properties":{"cvegeo":"21166","cve_ent":"21","state_code":"PUE","nom_mun":"Tepeojuma"},"geometry":{"type":"Polygon","coordinates":[[[-98.38430010518908,18.691586999671657],[-98.38081337345088,18.659578342409652],[-98.4153637152204,18.652849249689798],[-98.45276683750299,18.683402967985348],[-98.46924956935634,18.668126108837573],[-98.47717395967044,18.6688535783208],[-98.47780791089558,18.6688535783208],[-98.47717395967044,18.6688535783208],[-98.50379991112585,18.703772113515715],[-98.49682644764944,18.72541433064173],[-98.49682644764944,18.726687402237378],[-98.4419896666758,18.774518520759578],[-98.44072176422554,18.774518520759578],[-98.43945386177529,18.774700388130384],[-98.4375520080999,18.77560972498442],[-98.40934117858167,18.804526636942708],[-98.3922244955032,18.791250318873807],[-98.39254147111576,18.791250318873807],[-98.39254147111576,18.791068451503],[-98.38430010518908,18.691586999671657]]]}},{"type":"Feature","properties":{"cvegeo":"21167","cve_ent":"21","state_code":"PUE","nom_mun":"Tepetzintla"},"geometry":{"type":"Polygon","coordinates":[[[-97.85653571026945,19.894457790188135],[-97.8676298567092,19.920464824213514],[-97.91485922298129,19.934650479136447],[-97.90186322286615,19.964658595319577],[-97.82990975881404,19.990120027232535],[-97.82166839288737,19.984300271366717],[-97.78109551447913,19.9599300436786],[-97.82357024656275,19.921737895809162],[-97.85114712485586,19.92064669158432],[-97.85653571026945,19.894457790188135]]]}},{"type":"Feature","properties":{"cvegeo":"21168","cve_ent":"21","state_code":"PUE","nom_mun":"Tepexco"},"geometry":{"type":"Polygon","coordinates":[[[-98.71268683980576,18.58519458774965],[-98.7193433276696,18.605018131167597],[-98.72790166920885,18.66939918043322],[-98.69747201040266,18.71450228839332],[-98.67623464436086,18.690495795446814],[-98.66735932720906,18.65666846447674],[-98.6277373756385,18.681402426906473],[-98.6198129853244,18.65339485180222],[-98.58145893620411,18.6794018858276],[-98.56656108241359,18.64466521800349],[-98.56085552138744,18.62338673561909],[-98.60966976572234,18.62793341988926],[-98.61157161939772,18.598289038447746],[-98.63534479034006,18.60720053961728],[-98.69683805917754,18.61483896919117],[-98.71268683980576,18.58519458774965]]]}},{"type":"Feature","properties":{"cvegeo":"21169","cve_ent":"21","state_code":"PUE","nom_mun":"Tepexi de Rodríguez"},"geometry":{"type":"Polygon","coordinates":[[[-98.04418527290754,18.497534515020753],[-98.05020780954627,18.547548041992634],[-98.01724234583958,18.54500189880134],[-98.01692537022701,18.598652773189357],[-97.96113766241568,18.59337861943596],[-97.92341756452052,18.61011041755019],[-97.88125980804946,18.613202162853906],[-97.84195483209149,18.59574289525645],[-97.84575853944226,18.530270641765984],[-97.87048263722228,18.509901496235617],[-97.89742556429024,18.455886887105983],[-97.86826380793433,18.43260786364271],[-97.89584068622743,18.364953201702562],[-97.85843756394483,18.35294995522931],[-97.864143124971,18.349858209925593],[-97.90661785705461,18.340037371902024],[-97.94782468668798,18.332944544440558],[-97.95765093067747,18.330034666507647],[-97.96684322344184,18.346766464621876],[-97.9503604915885,18.40259974745958],[-97.98934849193391,18.45206767231904],[-97.99505405296007,18.47807470634442],[-98.04418527290754,18.497534515020753]]]}},{"type":"Feature","properties":{"cvegeo":"21170","cve_ent":"21","state_code":"PUE","nom_mun":"Tepeyahualco"},"geometry":{"type":"Polygon","coordinates":[[[-97.42006029176834,19.624021009798355],[-97.43432419433374,19.588375005120213],[-97.42671677963219,19.541635090822854],[-97.40484546236524,19.49580451337953],[-97.34810682771624,19.484710603760313],[-97.35761609609317,19.432150933597132],[-97.38963063296217,19.42942292303503],[-97.36078585221881,19.375953916017817],[-97.38297414509832,19.375953916017817],[-97.42227912105629,19.383592345591705],[-97.47045941416607,19.34230845241855],[-97.47933473131788,19.3383073702608],[-97.52022458533867,19.38431981507493],[-97.54621658556896,19.383592345591705],[-97.56301629303486,19.41887461552823],[-97.60580800073105,19.38559288667058],[-97.61436634227029,19.39832360262706],[-97.57854809805052,19.434515209417622],[-97.53924312209253,19.454338752835568],[-97.55319004904537,19.47034308146657],[-97.5626993174223,19.496531982862756],[-97.53702429280459,19.529631844349602],[-97.50247395103507,19.519629138955224],[-97.48916097530737,19.610017222246228],[-97.47521404835453,19.640752807912584],[-97.39787199888883,19.69476741704222],[-97.42006029176834,19.624021009798355]]]}},{"type":"Feature","properties":{"cvegeo":"21171","cve_ent":"21","state_code":"PUE","nom_mun":"Tepeyahualco de Cuauhtémoc"},"geometry":{"type":"Polygon","coordinates":[[[-97.85653571026945,18.78415749141234],[-97.88918419836358,18.80743651487562],[-97.87904097876152,18.83435288575503],[-97.85304897853123,18.82162216979855],[-97.85653571026945,18.78415749141234]]]}},{"type":"Feature","properties":{"cvegeo":"21172","cve_ent":"21","state_code":"PUE","nom_mun":"Tetela de Ocampo"},"geometry":{"type":"Polygon","coordinates":[[[-97.6435280986262,19.904642362953318],[-97.67807844039572,19.855901907577085],[-97.68219912335906,19.808980125908917],[-97.74115658729602,19.77715333601772],[-97.76651463630117,19.7500550977675],[-97.75320166057347,19.734778238619725],[-97.78331434376709,19.70840746985273],[-97.80645356348428,19.703133316099333],[-97.81311005134813,19.70331518347014],[-97.8508301492433,19.738233718665054],[-97.84670946627995,19.769878641185446],[-97.88538049101281,19.798795553143734],[-97.91168946685565,19.846626671665934],[-97.87016566160972,19.867723286679528],[-97.85653571026945,19.894457790188135],[-97.85114712485586,19.92064669158432],[-97.82357024656275,19.921737895809162],[-97.83244556371456,19.88390948268134],[-97.81913258798686,19.86135792870129],[-97.75034888006039,19.89754953549185],[-97.73133034330652,19.892093514367645],[-97.72245502615473,19.884091350052145],[-97.6799802940711,19.874088644657768],[-97.66635034273084,19.906097301919772],[-97.6435280986262,19.904642362953318]]]}},{"type":"Feature","properties":{"cvegeo":"21173","cve_ent":"21","state_code":"PUE","nom_mun":"Teteles de Avila Castillo"},"geometry":{"type":"Polygon","coordinates":[[[-97.44351648709811,19.86190353081371],[-97.41974331615577,19.862267265555325],[-97.42006029176834,19.850809621194493],[-97.43147141382066,19.848445345374003],[-97.46728965804043,19.832077282001386],[-97.46887453610324,19.859357387622413],[-97.44351648709811,19.86190353081371]]]}},{"type":"Feature","properties":{"cvegeo":"21174","cve_ent":"21","state_code":"PUE","nom_mun":"Teziutlán"},"geometry":{"type":"Polygon","coordinates":[[[-97.36141980344394,19.97266075963508],[-97.34810682771624,19.978662382871704],[-97.33194107147546,19.926284580079333],[-97.35444633996752,19.889365503805543],[-97.31577531523467,19.87154250146647],[-97.32560155922417,19.815345483887157],[-97.35159355945444,19.79097525619904],[-97.38804575489934,19.773879723343196],[-97.38107229142292,19.803887839526325],[-97.3696611693706,19.84226185476657],[-97.4070642916532,19.855901907577085],[-97.3991399013391,19.87281557306212],[-97.36078585221881,19.91373573149366],[-97.36141980344394,19.97266075963508]]]}},{"type":"Feature","properties":{"cvegeo":"21175","cve_ent":"21","state_code":"PUE","nom_mun":"Tianguismanalco"},"geometry":{"type":"Polygon","coordinates":[[[-98.40490352000577,18.95202107466706],[-98.46576283761813,18.934561807069603],[-98.48224556947147,18.97220835282662],[-98.54532371637178,18.981665456108576],[-98.57226664343975,19.00039779530168],[-98.57480244834026,19.020766940832047],[-98.58177591181668,19.038589943171118],[-98.53074283819382,19.022585614540116],[-98.50063015500021,19.026768564068675],[-98.47717395967044,19.062960170859235],[-98.42360508114707,19.034043258900947],[-98.42582391043501,18.99403243732344],[-98.40617142245603,18.991486294132145],[-98.40490352000577,18.95202107466706]]]}},{"type":"Feature","properties":{"cvegeo":"21176","cve_ent":"21","state_code":"PUE","nom_mun":"Tilapa"},"geometry":{"type":"Polygon","coordinates":[[[-98.60364722908362,18.590105006761437],[-98.61157161939772,18.598289038447746],[-98.60966976572234,18.62793341988926],[-98.56085552138744,18.62338673561909],[-98.56656108241359,18.64466521800349],[-98.56148947261256,18.64575642222833],[-98.54881044810999,18.65976020978046],[-98.54056908218331,18.65212178020657],[-98.48573230120968,18.65448605602706],[-98.47780791089558,18.6688535783208],[-98.47717395967044,18.6688535783208],[-98.46924956935634,18.668126108837573],[-98.52693913084305,18.572282004422366],[-98.55990459454974,18.574464412872047],[-98.60364722908362,18.590105006761437]]]}},{"type":"Feature","properties":{"cvegeo":"21177","cve_ent":"21","state_code":"PUE","nom_mun":"Tlacotepec de Benito Juárez"},"geometry":{"type":"Polygon","coordinates":[[[-97.71104390410241,18.716502829472194],[-97.67617658672033,18.70577265459459],[-97.59788361041694,18.762515274286326],[-97.55128819536998,18.740691189789505],[-97.5252961951397,18.743782935093222],[-97.50881346328636,18.71559349261816],[-97.48947795091993,18.69904356187474],[-97.5084964876738,18.66248822034256],[-97.52307736585175,18.63538998209234],[-97.57632926876256,18.597197834222904],[-97.63940741566287,18.59392422154838],[-97.62989814728594,18.567917187523],[-97.64701483036441,18.538454673452293],[-97.640041366888,18.503536138257378],[-97.67237287936956,18.573009473905593],[-97.69107444051086,18.56227929902799],[-97.75034888006039,18.577010556063343],[-97.76017512404988,18.60374505957195],[-97.71104390410241,18.716502829472194]]]}},{"type":"Feature","properties":{"cvegeo":"21178","cve_ent":"21","state_code":"PUE","nom_mun":"Tlacuilotepec"},"geometry":{"type":"Polygon","coordinates":[[[-98.07049424875038,20.303295639761924],[-98.08475815131578,20.339669113923293],[-98.11296898083401,20.35421850358784],[-98.09997298071887,20.382226078692096],[-98.0597170779232,20.356219044666716],[-98.00868400430033,20.38786396718711],[-98.02548371176624,20.448607669036594],[-98.01280468726367,20.46679440611728],[-97.98554478458314,20.448607669036594],[-97.99156732122186,20.421327563415566],[-97.94750771107542,20.439150565754638],[-97.89710858867768,20.434603881484467],[-97.88538049101281,20.40204962211004],[-97.92785522309643,20.389318906153562],[-97.98522780897058,20.30766045666129],[-98.00139356521136,20.32730213270843],[-98.0445022485201,20.32184611158422],[-98.04069854116933,20.30129509868305],[-98.05147571199652,20.294202271221582],[-98.07049424875038,20.303295639761924]]]}},{"type":"Feature","properties":{"cvegeo":"21179","cve_ent":"21","state_code":"PUE","nom_mun":"Tlachichuca"},"geometry":{"type":"Polygon","coordinates":[[[-97.19469063123509,19.171898725972536],[-97.20134711909894,19.141890609789407],[-97.26062155864847,19.098606175537377],[-97.26696107089975,19.030224044114004],[-97.34525404720316,19.04313662744129],[-97.36902721814548,19.057140414993416],[-97.41910936493065,19.05641294551019],[-97.46095014578914,19.082056244793954],[-97.48155356060582,19.100424849245446],[-97.48377238989377,19.126795618012437],[-97.44224858464784,19.194268412581778],[-97.43559209678399,19.22354905928168],[-97.42101121860603,19.259013196589017],[-97.40135873062704,19.266651626162904],[-97.37980438897267,19.234279234159285],[-97.3696611693706,19.202998046380507],[-97.31767716891005,19.18262890085014],[-97.31355648594672,19.202998046380507],[-97.27678731488925,19.184629441929015],[-97.25047833904641,19.17571794075948],[-97.21656194850203,19.192267871502903],[-97.19469063123509,19.171898725972536]]]}},{"type":"Feature","properties":{"cvegeo":"21180","cve_ent":"21","state_code":"PUE","nom_mun":"Tlahuapan"},"geometry":{"type":"Polygon","coordinates":[[[-98.6277373756385,19.25774012499337],[-98.63217503421441,19.263741748229993],[-98.66387259547085,19.324849184821094],[-98.64485405871699,19.351765555700506],[-98.65753308321956,19.39705053103141],[-98.66038586373264,19.432150933597132],[-98.6350278147275,19.4312415967431],[-98.65309542464365,19.4657963971964],[-98.63407688788979,19.467796938275274],[-98.59128518019361,19.449246466452976],[-98.54183698463358,19.460704110813808],[-98.50823756970175,19.426876779843735],[-98.48763415488507,19.392321979390434],[-98.48763415488507,19.389957703569944],[-98.48700020365993,19.389412101457523],[-98.48763415488507,19.389957703569944],[-98.52979191135613,19.368679221185545],[-98.54468976514664,19.324849184821094],[-98.5015810818379,19.309208590931703],[-98.5060187404138,19.289566914884567],[-98.57511942395283,19.257921992364174],[-98.59540586315694,19.23446110153009],[-98.6277373756385,19.25774012499337]]]}},{"type":"Feature","properties":{"cvegeo":"21181","cve_ent":"21","state_code":"PUE","nom_mun":"Tlaltenango"},"geometry":{"type":"Polygon","coordinates":[[[-98.34024049504265,19.185902513524663],[-98.32375776318929,19.168625113298013],[-98.31836917777571,19.161714153207352],[-98.32375776318929,19.135161517069555],[-98.37447386119959,19.144982355093124],[-98.35830810495881,19.168079511185592],[-98.34024049504265,19.185902513524663]]]}},{"type":"Feature","properties":{"cvegeo":"21182","cve_ent":"21","state_code":"PUE","nom_mun":"Tlanepantla"},"geometry":{"type":"Polygon","coordinates":[[[-97.8952067350023,18.878001054748673],[-97.85812058833227,18.868725818837525],[-97.88125980804946,18.843264386924567],[-97.8952067350023,18.837080896317133],[-97.90186322286615,18.84599239748667],[-97.8952067350023,18.878001054748673]]]}},{"type":"Feature","properties":{"cvegeo":"21183","cve_ent":"21","state_code":"PUE","nom_mun":"Tlaola"},"geometry":{"type":"Polygon","coordinates":[[[-97.9547981501644,20.214544362808184],[-97.92531941819591,20.201086177368477],[-97.90218019847872,20.229093752472732],[-97.86509405180868,20.233458569372097],[-97.86287522252074,20.187809859299577],[-97.83181161248943,20.182717572916985],[-97.86097336884535,20.131794709091068],[-97.8907690764264,20.117609054168135],[-97.87999190559921,20.08960147906388],[-97.89267093010179,20.090692683288722],[-97.9297570767718,20.110698094077474],[-97.93039102799695,20.136159525990433],[-97.98522780897058,20.1432523534519],[-97.9547981501644,20.214544362808184]]]}},{"type":"Feature","properties":{"cvegeo":"21184","cve_ent":"21","state_code":"PUE","nom_mun":"Tlapacoya"},"geometry":{"type":"Polygon","coordinates":[[[-97.83181161248943,20.182717572916985],[-97.78648409989273,20.165985774802756],[-97.7868010755053,20.145434761901583],[-97.83973600280353,20.091056418030334],[-97.87999190559921,20.08960147906388],[-97.8907690764264,20.117609054168135],[-97.86097336884535,20.131794709091068],[-97.83181161248943,20.182717572916985]]]}},{"type":"Feature","properties":{"cvegeo":"21185","cve_ent":"21","state_code":"PUE","nom_mun":"Tlapanalá"},"geometry":{"type":"Polygon","coordinates":[[[-98.49682644764944,18.726687402237378],[-98.49682644764944,18.72541433064173],[-98.50379991112585,18.703772113515715],[-98.47717395967044,18.6688535783208],[-98.47780791089558,18.6688535783208],[-98.48573230120968,18.65448605602706],[-98.54056908218331,18.65212178020657],[-98.54881044810999,18.65976020978046],[-98.56148947261256,18.64575642222833],[-98.56656108241359,18.64466521800349],[-98.58145893620411,18.6794018858276],[-98.57987405814129,18.72123138111317],[-98.5522971798482,18.747965884621777],[-98.51235825266508,18.713047349426866],[-98.49682644764944,18.726687402237378]]]}},{"type":"Feature","properties":{"cvegeo":"21186","cve_ent":"21","state_code":"PUE","nom_mun":"Tlatlauquitepec"},"geometry":{"type":"Polygon","coordinates":[[[-97.40484546236524,19.94901800143019],[-97.40579638920295,19.94847239931777],[-97.43781092607195,19.965931666915225],[-97.47236126784146,19.8988226070875],[-97.46887453610324,19.859357387622413],[-97.46728965804043,19.832077282001386],[-97.46253502385196,19.7500550977675],[-97.50183999980995,19.701860244503685],[-97.55002029291973,19.681491098973318],[-97.59851756164207,19.637297327867255],[-97.59978546409232,19.688765793805594],[-97.57030673212384,19.701132775020458],[-97.54177892699305,19.762422078982365],[-97.56301629303486,19.78697417404129],[-97.56016351252178,19.8191646986741],[-97.5271980488151,19.86135792870129],[-97.5386091708674,19.895003392300556],[-97.52751502442766,19.958838839453758],[-97.45619551160067,19.978662382871704],[-97.41562263319244,20.041042891058453],[-97.39628712082602,19.99866779366046],[-97.40484546236524,19.94901800143019]]]}},{"type":"Feature","properties":{"cvegeo":"21187","cve_ent":"21","state_code":"PUE","nom_mun":"Tlaxco"},"geometry":{"type":"Polygon","coordinates":[[[-98.09997298071887,20.382226078692096],[-98.09426741969271,20.38659089559146],[-98.07112819997552,20.429511595101875],[-98.02548371176624,20.448607669036594],[-98.00868400430033,20.38786396718711],[-98.0597170779232,20.356219044666716],[-98.09997298071887,20.382226078692096]]]}},{"type":"Feature","properties":{"cvegeo":"21188","cve_ent":"21","state_code":"PUE","nom_mun":"Tochimilco"},"geometry":{"type":"Polygon","coordinates":[[[-98.63280898543954,19.01549278707865],[-98.6277373756385,19.0222218797985],[-98.57480244834026,19.020766940832047],[-98.57226664343975,19.00039779530168],[-98.58748147284284,18.969662209635324],[-98.55641786281153,18.943109573497523],[-98.561172497,18.915465733134884],[-98.54025210657075,18.886912555918208],[-98.5424709358587,18.850902816498454],[-98.5744854727277,18.831806742563735],[-98.61917903409928,18.8388995700252],[-98.6429522050416,18.884184545356106],[-98.67211396139751,18.87981972845674],[-98.67781952242368,18.924013499562804],[-98.64865776606776,19.0009433974141],[-98.63280898543954,19.01549278707865]]]}},{"type":"Feature","properties":{"cvegeo":"21189","cve_ent":"21","state_code":"PUE","nom_mun":"Tochtepec"},"geometry":{"type":"Polygon","coordinates":[[[-97.78394829499221,18.782156950333466],[-97.81723073431147,18.73123408650755],[-97.82895883197635,18.782884419816693],[-97.85653571026945,18.78415749141234],[-97.85304897853123,18.82162216979855],[-97.87904097876152,18.83435288575503],[-97.88125980804946,18.843264386924567],[-97.85812058833227,18.868725818837525],[-97.84036995402866,18.900916343470335],[-97.78775200234298,18.896369659200165],[-97.78775200234298,18.895824057087744],[-97.80233288052095,18.828169395147597],[-97.7715862461022,18.806527178021582],[-97.78394829499221,18.782156950333466]]]}},{"type":"Feature","properties":{"cvegeo":"21190","cve_ent":"21","state_code":"PUE","nom_mun":"Totoltepec de Guerrero"},"geometry":{"type":"Polygon","coordinates":[[[-97.78363131937965,18.28602276277239],[-97.79726127071991,18.282931017468673],[-97.844490636992,18.216003825011754],[-97.85019619801817,18.18854185201992],[-97.87777307631126,18.196180281593808],[-97.87333541773536,18.229280143080654],[-97.91073854001795,18.28547716065997],[-97.89615766184,18.303663897740655],[-97.90661785705461,18.340037371902024],[-97.864143124971,18.349858209925593],[-97.85843756394483,18.35294995522931],[-97.82135141727481,18.378593254513074],[-97.78046156325401,18.31475780735987],[-97.78109551447913,18.298026009245643],[-97.78363131937965,18.28602276277239]]]}},{"type":"Feature","properties":{"cvegeo":"21191","cve_ent":"21","state_code":"PUE","nom_mun":"Tulcingo"},"geometry":{"type":"Polygon","coordinates":[[[-98.42487298359733,17.86572726883777],[-98.44072176422554,17.92265175590031],[-98.42297112992193,17.94174782983503],[-98.4340652763617,17.983759192491412],[-98.48700020365993,17.99085201995288],[-98.50126410622534,18.04741277227381],[-98.50126410622534,18.047594639644615],[-98.49587552081174,18.069964326253857],[-98.45720449607889,18.088514798076154],[-98.44040478861298,18.06523577461288],[-98.38271522712627,18.075420347378063],[-98.35418742199548,18.05705174292657],[-98.37288898313678,18.041774883778796],[-98.36433064159753,17.99958165375161],[-98.32312381196417,17.985214131457866],[-98.30125249469722,17.960116434286522],[-98.29839971418416,17.911012244168674],[-98.33168215350341,17.879912923760703],[-98.33516888524161,17.883732138547646],[-98.38271522712627,17.88355027117684],[-98.42487298359733,17.86572726883777]]]}},{"type":"Feature","properties":{"cvegeo":"21192","cve_ent":"21","state_code":"PUE","nom_mun":"Tuzamapan de Galeana"},"geometry":{"type":"Polygon","coordinates":[[[-97.58615551275206,20.079416906298697],[-97.56079746374691,20.086691601130973],[-97.49550048755866,20.136705128102854],[-97.50342487787276,20.148708374576106],[-97.48725912163198,20.165440172690335],[-97.47236126784146,20.151254517767402],[-97.49486653633353,20.10415086872843],[-97.53226965861612,20.09778551075019],[-97.54304682944331,20.073051548320457],[-97.59344595184103,20.046135177441045],[-97.59407990306617,20.050681861711215],[-97.58615551275206,20.079416906298697]]]}},{"type":"Feature","properties":{"cvegeo":"21193","cve_ent":"21","state_code":"PUE","nom_mun":"Tzicatlacoyan"},"geometry":{"type":"Polygon","coordinates":[[[-97.95986975996543,18.7219588505964],[-98.08095444396501,18.77051743860183],[-98.10155785878169,18.778337735546522],[-98.1139199076717,18.819803496090483],[-98.1424477128025,18.804526636942708],[-98.15005512750403,18.84362812166618],[-98.15068907872916,18.880365330569163],[-98.14656839576583,18.906372364594542],[-98.14561746892814,18.906554231965348],[-98.14530049331557,18.906372364594542],[-98.14561746892814,18.906554231965348],[-98.1459344445407,18.909100375156644],[-98.14434956647787,18.909100375156644],[-98.14371561525275,18.910009712010677],[-98.14339863964018,18.910009712010677],[-98.1424477128025,18.909645977269065],[-98.14213073718993,18.90946410989826],[-98.1424477128025,18.909645977269065],[-98.13959493228941,18.91110091623552],[-98.13927795667685,18.911282783606325],[-98.13927795667685,18.91110091623552],[-98.13927795667685,18.911282783606325],[-98.13927795667685,18.91110091623552],[-98.13737610300146,18.912555855201973],[-98.13642517616377,18.912373987831167],[-98.13357239565069,18.90982784463987],[-98.13357239565069,18.914192661539236],[-98.13325542003813,18.914192661539236],[-98.13071961513761,18.912919589943588],[-98.13008566391248,18.912555855201973],[-98.12691590778684,18.910009712010677],[-98.12691590778684,18.90982784463987],[-98.12691590778684,18.910009712010677],[-98.12628195656171,18.910009712010677],[-98.12469707849888,18.903280619290825],[-98.12469707849888,18.90309875192002],[-98.12469707849888,18.903280619290825],[-98.12469707849888,18.90309875192002],[-98.12469707849888,18.902735017178404],[-98.12533102972401,18.902735017178404],[-98.12469707849888,18.902735017178404],[-98.12469707849888,18.90309875192002],[-98.12406312727376,18.902735017178404],[-98.12342917604863,18.90309875192002],[-98.12089337114811,18.904008088774052],[-98.1183575662476,18.904008088774052],[-98.11455385889683,18.91110091623552],[-98.11455385889683,18.911282783606325],[-98.11455385889683,18.91110091623552],[-98.11455385889683,18.911282783606325],[-98.10441063929477,18.910009712010677],[-98.09553532214296,18.912919589943588],[-98.09426741969271,18.912919589943588],[-98.09141463917963,18.912010253089555],[-98.07524888293885,18.900916343470335],[-98.06605659017448,18.881456534794005],[-98.06193590721115,18.883638943243685],[-98.05591337057243,18.886730688547402],[-98.02199698002804,18.87527304418657],[-98.03023834595471,18.837626498429554],[-97.96969600395492,18.830533670968087],[-97.92753824748387,18.812165066516595],[-97.9164441010441,18.763788345881974],[-97.94940956475081,18.72359565693366],[-97.95860185751516,18.717412166326227],[-97.95986975996543,18.7219588505964]]]}},{"type":"Feature","properties":{"cvegeo":"21194","cve_ent":"21","state_code":"PUE","nom_mun":"Venustiano Carranza"},"geometry":{"type":"Polygon","coordinates":[[[-97.70121766011292,20.574278022264124],[-97.68505190387214,20.573004950668476],[-97.65747502557903,20.544997375564222],[-97.65050156210262,20.565002786352977],[-97.58995922010283,20.55609128518344],[-97.54177892699305,20.488436623243295],[-97.57601229315,20.49098276643459],[-97.60105336654259,20.460792782880652],[-97.63401883024927,20.452790618565153],[-97.64669785475185,20.40841498008828],[-97.67427473304495,20.410961123279577],[-97.7094590260396,20.454973027014834],[-97.73386614820704,20.451881281711117],[-97.76714858752631,20.479706989444566],[-97.76746556313887,20.479706989444566],[-97.76778253875143,20.47952512207376],[-97.79314058775658,20.46679440611728],[-97.8134270269607,20.491346501176203],[-97.82547210023814,20.51862660679723],[-97.78204644131682,20.53535840491146],[-97.78268039254195,20.58373512554608],[-97.74210751413372,20.601739995255958],[-97.73513405065731,20.579370308646716],[-97.70121766011292,20.574278022264124]]]}},{"type":"Feature","properties":{"cvegeo":"21195","cve_ent":"21","state_code":"PUE","nom_mun":"Vicente Guerrero"},"geometry":{"type":"Polygon","coordinates":[[[-97.27393453437618,18.632843838901046],[-97.27393453437618,18.63302570627185],[-97.27393453437618,18.632843838901046],[-97.23589746086846,18.64339214640784],[-97.22670516810409,18.638663594766864],[-97.14238965516196,18.59337861943596],[-97.14460848444992,18.571008932826718],[-97.11259394758092,18.52135914059645],[-97.08121336193705,18.46352531667987],[-97.09896399624066,18.434062802609162],[-97.12178624034529,18.460979173488575],[-97.1563365821148,18.446066049082415],[-97.18803414337124,18.436245211058846],[-97.2035659483869,18.46316158193826],[-97.24350487557,18.453704478656302],[-97.2577687781354,18.468435735691656],[-97.22321843636588,18.472982419961827],[-97.22892399739203,18.53627226500261],[-97.24952741220872,18.52463275327097],[-97.26917990018771,18.55409526734168],[-97.25871970497309,18.568462789635422],[-97.2577687781354,18.568644657006228],[-97.23653141209358,18.567189718039774],[-97.23748233893127,18.607564274358893],[-97.27868916856464,18.596470364739677],[-97.27393453437618,18.632843838901046]]]}},{"type":"Feature","properties":{"cvegeo":"21196","cve_ent":"21","state_code":"PUE","nom_mun":"Xayacatlán de Bravo"},"geometry":{"type":"Polygon","coordinates":[[[-97.94782468668798,18.332944544440558],[-97.90661785705461,18.340037371902024],[-97.89615766184,18.303663897740655],[-97.91073854001795,18.28547716065997],[-97.9503604915885,18.23764604213777],[-97.97286576008057,18.22200544824838],[-98.00266146766161,18.24564820645327],[-97.9297570767718,18.324214910641828],[-97.94782468668798,18.332944544440558]]]}},{"type":"Feature","properties":{"cvegeo":"21197","cve_ent":"21","state_code":"PUE","nom_mun":"Xicotepec"},"geometry":{"type":"Polygon","coordinates":[[[-97.74876400199757,20.42169129815718],[-97.76556370946348,20.380953007096448],[-97.81501190502352,20.333849358057474],[-97.8543168809815,20.316571957830824],[-97.87079961283484,20.284745167939626],[-97.88538049101281,20.25910186865586],[-97.92468546697079,20.229639354585153],[-97.95670000383979,20.229275619843538],[-97.96589229660415,20.234186038855324],[-98.02009512635266,20.236914049417425],[-98.03087229717984,20.262921083442805],[-98.01375561410137,20.28729131113092],[-98.04069854116933,20.30129509868305],[-98.0445022485201,20.32184611158422],[-98.00139356521136,20.32730213270843],[-97.98522780897058,20.30766045666129],[-97.92785522309643,20.389318906153562],[-97.88538049101281,20.40204962211004],[-97.84607551505482,20.394411192536154],[-97.78268039254195,20.43333080988882],[-97.74876400199757,20.42169129815718]]]}},{"type":"Feature","properties":{"cvegeo":"21198","cve_ent":"21","state_code":"PUE","nom_mun":"Xicotlán"},"geometry":{"type":"Polygon","coordinates":[[[-98.55673483842409,18.153259582083393],[-98.50728664286406,18.124160802754297],[-98.49587552081174,18.069964326253857],[-98.50126410622534,18.047594639644615],[-98.50126410622534,18.04741277227381],[-98.55546693597384,18.049231445981878],[-98.60681698520926,18.038319403733468],[-98.6616537661829,18.044321026970092],[-98.69620410795241,18.07196486733273],[-98.71553962031884,18.113794362618307],[-98.68606088835035,18.139801396643687],[-98.701592693366,18.15398705156662],[-98.701592693366,18.153623316825005],[-98.701592693366,18.1534414494542],[-98.701592693366,18.153623316825005],[-98.701592693366,18.15398705156662],[-98.7006417665283,18.187268780424272],[-98.65277844903109,18.173264992872145],[-98.67274791262264,18.125433874349945],[-98.59096820458105,18.107429004640068],[-98.59382098509413,18.146348621992733],[-98.55673483842409,18.153259582083393]]]}},{"type":"Feature","properties":{"cvegeo":"21200","cve_ent":"21","state_code":"PUE","nom_mun":"Xochiapulco"},"geometry":{"type":"Polygon","coordinates":[[[-97.68219912335906,19.808980125908917],[-97.67807844039572,19.855901907577085],[-97.6435280986262,19.904642362953318],[-97.6159512203331,19.91610000731415],[-97.62799629361055,19.886819360614247],[-97.61531726910798,19.858629918139187],[-97.64479600107646,19.793521399390336],[-97.68219912335906,19.808980125908917]]]}},{"type":"Feature","properties":{"cvegeo":"21201","cve_ent":"21","state_code":"PUE","nom_mun":"Xochiltepec"},"geometry":{"type":"Polygon","coordinates":[[[-98.38081337345088,18.659578342409652],[-98.38430010518908,18.691586999671657],[-98.37415688558703,18.68267549850212],[-98.3148824460375,18.70759132830266],[-98.30854293378621,18.651394310723344],[-98.33770469014213,18.598652773189357],[-98.35165161709496,18.629388358855714],[-98.36116088547189,18.64120973795816],[-98.37257200752421,18.65212178020657],[-98.38081337345088,18.659578342409652]]]}},{"type":"Feature","properties":{"cvegeo":"21202","cve_ent":"21","state_code":"PUE","nom_mun":"Xochitlán de Vicente Suárez"},"geometry":{"type":"Polygon","coordinates":[[[-97.72245502615473,19.884091350052145],[-97.73133034330652,19.892093514367645],[-97.68631980632239,19.914645068347696],[-97.6907574648983,19.942834510822756],[-97.65810897680417,19.993757374648673],[-97.63845648882517,19.99030189460334],[-97.61943795207131,19.99503044624432],[-97.608026830019,19.983390934512684],[-97.60485707389336,19.92519337585449],[-97.6159512203331,19.91610000731415],[-97.6435280986262,19.904642362953318],[-97.66635034273084,19.906097301919772],[-97.6799802940711,19.874088644657768],[-97.72245502615473,19.884091350052145]]]}},{"type":"Feature","properties":{"cvegeo":"21203","cve_ent":"21","state_code":"PUE","nom_mun":"Xochitlán Todos Santos"},"geometry":{"type":"Polygon","coordinates":[[[-97.74020566045833,18.76869876489376],[-97.7528846849609,18.739418118193857],[-97.71104390410241,18.716502829472194],[-97.76017512404988,18.60374505957195],[-97.78711805111786,18.613929632337133],[-97.85304897853123,18.66303382245498],[-97.83624927106533,18.724141259046082],[-97.81723073431147,18.73123408650755],[-97.78394829499221,18.782156950333466],[-97.74020566045833,18.76869876489376]]]}},{"type":"Feature","properties":{"cvegeo":"21204","cve_ent":"21","state_code":"PUE","nom_mun":"Yaonáhuac"},"geometry":{"type":"Polygon","coordinates":[[[-97.46887453610324,19.859357387622413],[-97.47236126784146,19.8988226070875],[-97.43781092607195,19.965931666915225],[-97.40579638920295,19.94847239931777],[-97.43812790168451,19.923738436888037],[-97.45619551160067,19.877180389961485],[-97.44351648709811,19.86190353081371],[-97.46887453610324,19.859357387622413]]]}},{"type":"Feature","properties":{"cvegeo":"21205","cve_ent":"21","state_code":"PUE","nom_mun":"Yehualtepec"},"geometry":{"type":"Polygon","coordinates":[[[-97.74020566045833,18.76869876489376],[-97.71231180655266,18.821985904540163],[-97.67364078181981,18.823622710877427],[-97.65589014751622,18.829078732001634],[-97.63972439127544,18.78997724727816],[-97.59788361041694,18.762515274286326],[-97.67617658672033,18.70577265459459],[-97.71104390410241,18.716502829472194],[-97.7528846849609,18.739418118193857],[-97.74020566045833,18.76869876489376]]]}},{"type":"Feature","properties":{"cvegeo":"21206","cve_ent":"21","state_code":"PUE","nom_mun":"Zacapala"},"geometry":{"type":"Polygon","coordinates":[[[-97.95860185751516,18.717412166326227],[-97.94940956475081,18.72359565693366],[-97.91073854001795,18.698134225020702],[-97.90439902776666,18.66994478254564],[-97.92341756452052,18.61011041755019],[-97.96113766241568,18.59337861943596],[-98.01692537022701,18.598652773189357],[-98.01724234583958,18.54500189880134],[-98.05020780954627,18.547548041992634],[-98.04418527290754,18.497534515020753],[-98.07683376100167,18.494442769717036],[-98.1104331759335,18.50917402675239],[-98.16685483496994,18.488804881222023],[-98.22644625013204,18.496625178166717],[-98.26448332363977,18.469163205174883],[-98.27050586027849,18.502626801403345],[-98.2464157137236,18.51790366055112],[-98.22454439645665,18.508992159381584],[-98.18777522539919,18.54209202086843],[-98.16431903006944,18.52190474270887],[-98.11677268818478,18.538272806081487],[-98.0872939562163,18.585740189862072],[-98.04164946800702,18.60610933539244],[-98.02136302880291,18.64175534007058],[-98.004563321337,18.65666846447674],[-97.98998244315904,18.64975750438608],[-97.95416419893927,18.711774277831218],[-97.95733395506491,18.7139566862809],[-97.95860185751516,18.717412166326227]]]}},{"type":"Feature","properties":{"cvegeo":"21207","cve_ent":"21","state_code":"PUE","nom_mun":"Zacapoaxtla"},"geometry":{"type":"Polygon","coordinates":[[[-97.60485707389336,19.92519337585449],[-97.56903882967359,19.949927338284223],[-97.52751502442766,19.958838839453758],[-97.5386091708674,19.895003392300556],[-97.5271980488151,19.86135792870129],[-97.56016351252178,19.8191646986741],[-97.56301629303486,19.78697417404129],[-97.58203482978873,19.77824454024256],[-97.59281200061591,19.720228848955177],[-97.61309843982002,19.763695150578013],[-97.64479600107646,19.793521399390336],[-97.61531726910798,19.858629918139187],[-97.62799629361055,19.886819360614247],[-97.6159512203331,19.91610000731415],[-97.60485707389336,19.92519337585449]]]}},{"type":"Feature","properties":{"cvegeo":"21208","cve_ent":"21","state_code":"PUE","nom_mun":"Zacatlán"},"geometry":{"type":"Polygon","coordinates":[[[-98.16685483496994,19.971569555410237],[-98.17382829844637,20.03358632885537],[-98.13515727371352,20.012489713841777],[-98.12533102972401,20.030676450922464],[-98.08792790744143,20.092147622255176],[-98.08317327325295,20.05504667861058],[-98.04228341923216,20.055592280723],[-98.0197781507401,20.079598773669503],[-98.0036123944993,20.03358632885537],[-97.90566693021692,20.07923503892789],[-97.88030888121177,20.043770901620555],[-97.91866293033206,19.986846414558013],[-97.90186322286615,19.964658595319577],[-97.91485922298129,19.934650479136447],[-97.8676298567092,19.920464824213514],[-97.85653571026945,19.894457790188135],[-97.87016566160972,19.867723286679528],[-97.91168946685565,19.846626671665934],[-97.93768146708592,19.828803669326863],[-97.96842810150466,19.84462613058706],[-97.98617873580827,19.858084316026765],[-98.02389883370343,19.870269429870824],[-98.0232648824783,19.89591272915459],[-98.05369454128447,19.89936820919992],[-98.08222234641526,19.95247348147552],[-98.12342917604863,19.970660218556205],[-98.15195698117942,19.950291073025838],[-98.16685483496994,19.971569555410237]]]}},{"type":"Feature","properties":{"cvegeo":"21209","cve_ent":"21","state_code":"PUE","nom_mun":"Zapotitlán"},"geometry":{"type":"Polygon","coordinates":[[[-97.64257717178852,18.187086913053466],[-97.64384507423877,18.279475537423345],[-97.66349756221776,18.29184251863821],[-97.672055903757,18.31657648106794],[-97.63972439127544,18.31603087895552],[-97.59629873235411,18.33330827918217],[-97.58710643958975,18.329489064395226],[-97.55952956129666,18.324942380125055],[-97.52022458533867,18.35294995522931],[-97.49074585337019,18.40987444229185],[-97.41910936493065,18.412420585483147],[-97.42861863330758,18.38295807141244],[-97.41372077951705,18.33330827918217],[-97.43147141382066,18.291115049154982],[-97.41403775512961,18.23691857265454],[-97.41403775512961,18.23637297054212],[-97.42513190156937,18.213093947078846],[-97.4878930728571,18.202545639572048],[-97.56808790283588,18.24055592007068],[-97.56586907354794,18.2411015221831],[-97.5626993174223,18.249285553869406],[-97.56396721987255,18.24855808438618],[-97.59281200061591,18.26456241301718],[-97.59344595184103,18.264380545646375],[-97.5947138542913,18.22491532618129],[-97.62229073258439,18.21964117242789],[-97.61436634227029,18.18908745413234],[-97.58266878101385,18.19545281211058],[-97.57696321998769,18.170536982310043],[-97.54272985383075,18.195998414223002],[-97.5138850730874,18.174538064467793],[-97.53163570739099,18.138164590306424],[-97.56428419548511,18.135436579744322],[-97.56967278089871,18.103427922482318],[-97.61531726910798,18.153259582083393],[-97.60137034215515,18.169991380197622],[-97.64257717178852,18.187086913053466]]]}},{"type":"Feature","properties":{"cvegeo":"21210","cve_ent":"21","state_code":"PUE","nom_mun":"Zapotitlán de Méndez"},"geometry":{"type":"Polygon","coordinates":[[[-97.72562478228038,20.016127061257915],[-97.65842595241674,20.008488631684028],[-97.64321112301364,20.002123273705788],[-97.63845648882517,19.99030189460334],[-97.65810897680417,19.993757374648673],[-97.70121766011292,19.995212313615127],[-97.70787414797677,19.997030987323196],[-97.73766985555781,19.996121650469163],[-97.73766985555781,20.01230784647097],[-97.72562478228038,20.016127061257915]]]}},{"type":"Feature","properties":{"cvegeo":"21211","cve_ent":"21","state_code":"PUE","nom_mun":"Zaragoza"},"geometry":{"type":"Polygon","coordinates":[[[-97.57030673212384,19.701132775020458],[-97.59281200061591,19.720228848955177],[-97.58203482978873,19.77824454024256],[-97.56301629303486,19.78697417404129],[-97.54177892699305,19.762422078982365],[-97.57030673212384,19.701132775020458]]]}},{"type":"Feature","properties":{"cvegeo":"21212","cve_ent":"21","state_code":"PUE","nom_mun":"Zautla"},"geometry":{"type":"Polygon","coordinates":[[[-97.78331434376709,19.70840746985273],[-97.75320166057347,19.734778238619725],[-97.76651463630117,19.7500550977675],[-97.74115658729602,19.77715333601772],[-97.68219912335906,19.808980125908917],[-97.64479600107646,19.793521399390336],[-97.61309843982002,19.763695150578013],[-97.59281200061591,19.720228848955177],[-97.57030673212384,19.701132775020458],[-97.59978546409232,19.688765793805594],[-97.6267283911603,19.640570940541778],[-97.6701540500816,19.653483523869063],[-97.69614605031188,19.62147486660706],[-97.74179053852116,19.63875226683371],[-97.74844702638501,19.657848340768428],[-97.76176000211271,19.660212616588918],[-97.78331434376709,19.70840746985273]]]}},{"type":"Feature","properties":{"cvegeo":"21213","cve_ent":"21","state_code":"PUE","nom_mun":"Zihuateutla"},"geometry":{"type":"Polygon","coordinates":[[[-97.76556370946348,20.380953007096448],[-97.69678000153702,20.319845570505347],[-97.67934634284597,20.34967181931767],[-97.67712751355802,20.30693298717806],[-97.70882507481446,20.285290770052047],[-97.75763931914938,20.279289146815422],[-97.78426527060478,20.259647470768282],[-97.8311776612643,20.268740839308624],[-97.86446010058356,20.25910186865586],[-97.86509405180868,20.233458569372097],[-97.90218019847872,20.229093752472732],[-97.92531941819591,20.201086177368477],[-97.9547981501644,20.214544362808184],[-97.95860185751516,20.220182251303196],[-97.95670000383979,20.229275619843538],[-97.92468546697079,20.229639354585153],[-97.88538049101281,20.25910186865586],[-97.87079961283484,20.284745167939626],[-97.8543168809815,20.316571957830824],[-97.81501190502352,20.333849358057474],[-97.76556370946348,20.380953007096448]]]}},{"type":"Feature","properties":{"cvegeo":"21214","cve_ent":"21","state_code":"PUE","nom_mun":"Zinacatepec"},"geometry":{"type":"Polygon","coordinates":[[[-97.16838165539225,18.33803683082315],[-97.2070526801251,18.288750773334492],[-97.23177677790511,18.297662274504027],[-97.2523801927218,18.328579727541193],[-97.29580585164311,18.31202979679777],[-97.25871970497309,18.351858751004468],[-97.18581531408329,18.365135069073368],[-97.16838165539225,18.33803683082315]]]}},{"type":"Feature","properties":{"cvegeo":"21215","cve_ent":"21","state_code":"PUE","nom_mun":"Zongozotla"},"geometry":{"type":"Polygon","coordinates":[[[-97.70787414797677,19.997030987323196],[-97.74654517270962,19.939560898148233],[-97.76176000211271,19.94610812349728],[-97.78109551447913,19.9599300436786],[-97.82166839288737,19.984300271366717],[-97.82990975881404,19.990120027232535],[-97.82959278320148,19.991211231457378],[-97.77855970957862,19.999940865256107],[-97.73766985555781,19.996121650469163],[-97.70787414797677,19.997030987323196]]]}},{"type":"Feature","properties":{"cvegeo":"21217","cve_ent":"21","state_code":"PUE","nom_mun":"Zoquitlán"},"geometry":{"type":"Polygon","coordinates":[[[-96.92589531178052,18.464616520904713],[-96.9198727751418,18.484258196951853],[-96.86250018926765,18.482985125356205],[-96.85520975017867,18.41860407609058],[-96.88690731143511,18.38113939770437],[-96.96171355600029,18.31148419468535],[-96.98295092204211,18.32112316533811],[-97.02320682483777,18.277111261602855],[-97.06694945937166,18.305846306190336],[-97.06346272763345,18.348585138329945],[-97.11132604513067,18.332398942328137],[-97.13668409413582,18.326215451720703],[-97.15728750895249,18.350949414150435],[-97.13605014291068,18.3713185596808],[-97.06409667885858,18.354950496308184],[-97.05173462996856,18.38805035779503],[-97.00894292227238,18.40714643172975],[-96.9892904342934,18.39332451154843],[-96.96361540967568,18.4111475138875],[-96.92589531178052,18.464616520904713]]]}},{"type":"Feature","properties":{"cvegeo":"21199","cve_ent":"21","state_code":"PUE","nom_mun":"Xiutetelco"},"geometry":{"type":"Polygon","coordinates":[[[-97.3021453638944,19.876634787849063],[-97.31545833962211,19.827530597731215],[-97.32211482748596,19.735687575473758],[-97.33320897392571,19.71677336890985],[-97.30404721756979,19.67112465883733],[-97.3262355104493,19.678944955782022],[-97.3804383401978,19.634023715192733],[-97.42006029176834,19.624021009798355],[-97.39787199888883,19.69476741704222],[-97.40579638920295,19.708225602481924],[-97.38804575489934,19.773879723343196],[-97.35159355945444,19.79097525619904],[-97.32560155922417,19.815345483887157],[-97.31577531523467,19.87154250146647],[-97.3021453638944,19.876634787849063]]]}},{"type":"Feature","properties":{"cvegeo":"21003","cve_ent":"21","state_code":"PUE","nom_mun":"Acatlán"},"geometry":{"type":"MultiPolygon","coordinates":[[[[-98.02199698002804,18.3074831125276],[-97.99727288224801,18.334581350777817],[-97.95765093067747,18.330034666507647],[-97.94782468668798,18.332944544440558],[-97.9297570767718,18.324214910641828],[-98.00266146766161,18.24564820645327],[-97.97286576008057,18.22200544824838],[-97.99727288224801,18.136891518710776],[-97.97349971130569,18.12761628279963],[-97.96082068680312,18.108702076235716],[-98.0010765895988,18.08469558328921],[-98.04703805342062,18.086877991738895],[-98.03689483381856,18.139983264014493],[-98.06352078527397,18.13725525345239],[-98.05844917547294,18.14944036729645],[-98.12659893217428,18.178357279254737],[-98.16431903006944,18.185995708828624],[-98.1681227374202,18.297662274504027],[-98.13642517616377,18.32748852331635],[-98.14308166402762,18.35167688363366],[-98.06922634630013,18.344038454059774],[-98.03721180943113,18.349858209925593],[-98.02199698002804,18.3074831125276]]],[[[-98.15322488362968,17.96775486386041],[-98.16590390813225,17.91937814322579],[-98.20711073776562,17.886823883851363],[-98.24704966494873,17.878639852165055],[-98.26258146996437,17.927016572799676],[-98.26258146996437,17.927744042282903],[-98.28160000671824,17.9595708321741],[-98.27969815304286,17.972847150243002],[-98.29998459224697,18.0392287405875],[-98.26733610415285,18.045412231194934],[-98.21915581104307,18.031590311013613],[-98.20837864021587,18.043593557486865],[-98.17953385947251,18.015404115011805],[-98.20425795725254,17.975575160805104],[-98.15322488362968,17.96775486386041]]]]}}]}