{"type":"FeatureCollection","features":[{"type":"Feature","properties":{"cvegeo":"26026","cve_ent":"26","state_code":"SON","nom_mun":"Etchojoa"},"geometry":{"type":"Polygon","coordinates":[[[-109.59128986301421,26.84797484561708],[-109.63154576580989,26.866161582697764],[-109.69842762006097,26.867616521664218],[-109.69874459567353,26.900352648409452],[-109.74217025459484,26.913992701219964],[-109.87213025574623,26.912901496995126],[-109.88512625586137,26.90562680216285],[-109.94313279296064,26.989467660104808],[-109.939963036835,27.009109336151944],[-109.8981222559765,26.98801272113835],[-109.87181328013367,26.97473640306945],[-109.85089288970441,27.00710879507307],[-109.85057591409185,27.043664136605244],[-109.81032001129617,27.04348226923444],[-109.81032001129617,27.080037610766617],[-109.74819279123356,27.081856284474682],[-109.72854030325458,27.10731771638764],[-109.72854030325458,27.20261621869043],[-109.7897165964795,27.202252483948815],[-109.82046323089824,27.22607710952451],[-109.70761991282532,27.22280349684999],[-109.683846741883,27.23553421280647],[-109.62679113162142,27.168243285607936],[-109.58178059463728,27.16387846870857],[-109.58178059463728,27.100770491038595],[-109.54564537480495,27.05257563777478],[-109.55927532614521,26.99892476338676],[-109.54944908215572,26.971462790394927],[-109.49841600853286,26.962369421854586],[-109.49873298414542,26.902716924229942],[-109.5301135697893,26.90108011789268],[-109.5301135697893,26.86234236791082],[-109.59160683862677,26.86634345006857],[-109.59128986301421,26.84797484561708]]]}},{"type":"Feature","properties":{"cvegeo":"26042","cve_ent":"26","state_code":"SON","nom_mun":"Navojoa"},"geometry":{"type":"Polygon","coordinates":[[[-109.82046323089824,27.22607710952451],[-109.7932033282177,27.274453830159132],[-109.81856137722285,27.353384269089304],[-109.77893942565231,27.353202401718498],[-109.76974713288794,27.378663833631457],[-109.71459337630175,27.378118231519036],[-109.73646469356868,27.398487377049403],[-109.70761991282532,27.414855440422016],[-109.65214918062657,27.39921484653263],[-109.69018625413429,27.37502648621532],[-109.587803131276,27.335379399379427],[-109.57068644819753,27.368297393495467],[-109.51331386232339,27.36866112823708],[-109.50760830129722,27.323921755018596],[-109.46196381308796,27.311372906432922],[-109.42519464203049,27.348473850077518],[-109.41790420294151,27.38830280428422],[-109.37669737330815,27.393758825408426],[-109.38493873923483,27.422312002625098],[-109.35704488532916,27.430859769053022],[-109.31266829957015,27.374299016732092],[-109.30569483609374,27.312827845399376],[-109.20362868884801,27.3080992937584],[-109.19507034730877,27.279546116541724],[-109.13738078582206,27.21571066938852],[-109.16717649340312,27.21298265882642],[-109.16717649340312,27.176245449923435],[-109.26005034788447,27.181701471047642],[-109.26005034788447,27.145327996886273],[-109.23469229887932,27.112773737511848],[-109.2518089819578,27.087494172969695],[-109.23342439642906,27.0503932293251],[-109.255295713696,27.042027330267985],[-109.23596020132958,26.995105548599817],[-109.24895620144471,26.911810292770284],[-109.22074537192648,26.9229042023895],[-109.22074537192648,26.887621932452973],[-109.19887405465954,26.90835481272495],[-109.14752400542412,26.862524235281626],[-109.10092859037717,26.858705020494682],[-109.15735024941362,26.822513413704122],[-109.15259561522515,26.805599748219084],[-109.10441532211537,26.797961318645196],[-109.0765214682097,26.77068121302417],[-109.06606127299509,26.73212533041312],[-109.10378137089025,26.6679261485183],[-109.12058107835615,26.671199761192824],[-109.19728917659673,26.623550510041433],[-109.34119610470094,26.789413552217276],[-109.38937639781072,26.803781074511015],[-109.38937639781072,26.82615076112026],[-109.4660844960513,26.826332628491066],[-109.46640147166386,26.83869960970593],[-109.54627932603007,26.83869960970593],[-109.59128986301421,26.84797484561708],[-109.59160683862677,26.86634345006857],[-109.5301135697893,26.86234236791082],[-109.5301135697893,26.90108011789268],[-109.49873298414542,26.902716924229942],[-109.49841600853286,26.962369421854586],[-109.54944908215572,26.971462790394927],[-109.55927532614521,26.99892476338676],[-109.54564537480495,27.05257563777478],[-109.58178059463728,27.100770491038595],[-109.58178059463728,27.16387846870857],[-109.62679113162142,27.168243285607936],[-109.683846741883,27.23553421280647],[-109.70761991282532,27.22280349684999],[-109.82046323089824,27.22607710952451]]]}},{"type":"Feature","properties":{"cvegeo":"26012","cve_ent":"26","state_code":"SON","nom_mun":"Bácum"},"geometry":{"type":"Polygon","coordinates":[[[-110.08925855035281,27.10222543000505],[-110.2173166978288,27.13387035252544],[-110.17991357554621,27.144054925290625],[-110.17737777064569,27.18515695109297],[-110.13807279468772,27.244445713976003],[-110.18657006341006,27.256085225707643],[-110.17896264870852,27.281182922878987],[-110.1818154292216,27.519247311265147],[-110.1818154292216,27.55089223378554],[-110.1523366972531,27.561440541292335],[-110.22587503936803,27.750037004819035],[-110.2911720155563,27.90389680052163],[-110.2857834301427,28.04029732862676],[-110.31526216211118,28.1901560421716],[-110.30068128393323,28.216890545680208],[-110.13268420927412,28.13104914665938],[-110.0813341600387,28.105223980004805],[-110.13965767275053,28.038296787547885],[-110.10986196516949,28.003741987094585],[-110.05502518419586,27.947908704256882],[-110.05185542807021,27.915536312253266],[-110.07657952585024,27.9058973416005],[-110.10035269679256,27.833695995390183],[-110.10447337975589,27.76931494612456],[-110.13490303856207,27.71329979591605],[-110.09528108699152,27.699114140993117],[-110.07626255023767,27.72039262337752],[-110.02744830590275,27.71566407173654],[-110.02301064732686,27.650737420358496],[-110.00652791547351,27.599087087049355],[-110.01445230578761,27.519247311265147],[-110.09686596505435,27.51906544389434],[-110.09686596505435,27.189703635363145],[-110.08925855035281,27.10222543000505]]]}},{"type":"Feature","properties":{"cvegeo":"26033","cve_ent":"26","state_code":"SON","nom_mun":"Huatabampo"},"geometry":{"type":"Polygon","coordinates":[[[-109.88512625586137,26.90562680216285],[-109.87213025574623,26.912901496995126],[-109.74217025459484,26.913992701219964],[-109.69874459567353,26.900352648409452],[-109.69842762006097,26.867616521664218],[-109.63154576580989,26.866161582697764],[-109.59128986301421,26.84797484561708],[-109.54627932603007,26.83869960970593],[-109.46640147166386,26.83869960970593],[-109.4660844960513,26.826332628491066],[-109.38937639781072,26.82615076112026],[-109.38937639781072,26.803781074511015],[-109.34119610470094,26.789413552217276],[-109.19728917659673,26.623550510041433],[-109.12058107835615,26.671199761192824],[-109.10378137089025,26.6679261485183],[-109.10346439527768,26.600453353948964],[-109.03816741908942,26.547348081673363],[-109.08064215117305,26.5349811004585],[-109.00678683344555,26.402399787140308],[-109.06986498034586,26.35729667918021],[-109.10029463915204,26.31273917333253],[-109.12755454183257,26.298553518409598],[-109.12787151744513,26.298553518409598],[-109.16527463972773,26.307101284837522],[-109.18904781067005,26.33365392097532],[-109.18904781067005,26.333472053604513],[-109.18904781067005,26.33365392097532],[-109.20299473762289,26.344384095852924],[-109.25846546982164,26.320013868164807],[-109.25466176247087,26.446047956133953],[-109.26448800646037,26.491332931464854],[-109.31425317763298,26.569172166170183],[-109.35831278777941,26.599362149724122],[-109.41568537365356,26.661924525281677],[-109.49524625240721,26.67029042433879],[-109.56434693594625,26.690113967756737],[-109.63376459509783,26.69520625413933],[-109.68669952239608,26.675928312833804],[-109.77355084023871,26.71066498065791],[-109.83472713346363,26.766861998237225],[-109.85533054828032,26.801053063948913],[-109.88512625586137,26.90562680216285]]]}},{"type":"Feature","properties":{"cvegeo":"26032","cve_ent":"26","state_code":"SON","nom_mun":"Huásabas"},"geometry":{"type":"Polygon","coordinates":[[[-109.37669737330815,29.8398749627605],[-109.41822117855408,29.8398749627605],[-109.48637093525541,29.86479079256104],[-109.48383513035489,29.897163184564658],[-109.54057376500391,29.977184827719668],[-109.56973552135983,29.95481514111043],[-109.54786420409289,29.992461686867443],[-109.6217195218204,29.97554802138241],[-109.60333493629166,30.017377516667985],[-109.61950069253244,30.039747203277223],[-109.58526732637549,30.080485494337957],[-109.53740400887827,30.087578321799427],[-109.54437747235468,30.10849306944221],[-109.50348761833389,30.12722540863532],[-109.50475552078414,30.084668443866516],[-109.48129932545439,30.102673313576393],[-109.41917210539177,30.082486035416835],[-109.42329278835511,30.05611526664984],[-109.37955015382123,30.06066195092001],[-109.36496927564326,30.037201060085927],[-109.28984605546552,30.0470218981095],[-109.28540839688962,30.03029009999527],[-109.22042839631392,30.027562089433168],[-109.17573483494235,30.055569664537423],[-109.12565268815719,30.04338455069336],[-109.1158264441677,30.02101486408412],[-109.17700273739261,30.009011617610867],[-109.1779536642303,29.946449242053312],[-109.2010928839475,29.8929802350361],[-109.2464203965442,29.87806711062994],[-109.22359815243956,29.862790251482163],[-109.23247346959137,29.81459539821835],[-109.28033678708859,29.870792415797666],[-109.37669737330815,29.87388416110138],[-109.37669737330815,29.8398749627605]]]}},{"type":"Feature","properties":{"cvegeo":"26048","cve_ent":"26","state_code":"SON","nom_mun":"Puerto Peñasco"},"geometry":{"type":"Polygon","coordinates":[[[-114.00612619481046,31.52378494906109],[-113.99059438979481,31.530695909151746],[-113.99883575572149,31.714018218925048],[-113.97601351161686,31.749846090973996],[-113.84890629097855,31.990820357293067],[-113.80294482715672,31.682009561663044],[-113.73669692413077,31.694012808136293],[-113.68471292367022,31.583437446685735],[-113.68819965540843,31.758575724772726],[-113.74113458270666,31.851873685996637],[-113.71514258247639,31.855147298671163],[-113.64635887454993,31.90334215193497],[-113.61054063033016,32.00573348169923],[-113.58962023990091,32.02701196408363],[-113.55760570303191,32.02010100399297],[-113.54365877607908,32.04701737487238],[-113.60705389859194,32.059202488716444],[-113.57662423978577,32.11503577155414],[-113.43683799464489,32.07120573518969],[-113.51069331237238,31.924256899577763],[-113.44603028740926,31.900250406631258],[-113.42954755555591,31.93480520708456],[-113.37059009161895,31.817864487655754],[-113.2856406274517,31.82113810033028],[-113.29261409092811,31.776398727111797],[-113.22826804157755,31.76912403227952],[-113.23112082209063,31.745481274074635],[-113.10845126002823,31.744208202478987],[-113.09862501603874,31.691102930203385],[-113.07960647928488,31.698741359777273],[-113.03332803985047,31.62690374830857],[-113.0767536987718,31.60671647014901],[-113.05298052782946,31.56979739387522],[-113.0748518450964,31.499232854002166],[-113.00448325910712,31.497232312923288],[-113.00606813716995,31.44158089745639],[-112.98102706377736,31.407207964373896],[-112.91509613636397,31.44394517327688],[-112.93633350240579,31.379745991382066],[-112.86216120906573,31.434669937365733],[-112.86342911151598,31.364650999605097],[-112.82982969658417,31.359013111110087],[-112.83173155025955,31.3248220453984],[-112.79020774501362,31.319911626386613],[-112.78545311082516,31.351920283648617],[-112.70811106135946,31.351920283648617],[-112.70842803697202,31.380655328236102],[-112.66658725611353,31.38829375780999],[-112.6669042317261,31.420666149813606],[-112.69955271982022,31.481773586404707],[-112.65771193896173,31.510144896250573],[-112.65739496334916,31.559612821110036],[-112.59051310909808,31.559612821110036],[-112.53726120618727,31.598350571091892],[-112.4827414008262,31.598350571091892],[-112.4881299862398,31.625630676712923],[-112.43773086384206,31.620902125071943],[-112.46340588845977,31.55233812627776],[-112.49510344971621,31.553247463131797],[-112.49510344971621,31.48923014860779],[-112.52046149872136,31.471952748381135],[-112.52997076709829,31.426667773050234],[-112.46784354703568,31.377563582932382],[-112.52236335239675,31.364287264863485],[-112.58353964562167,31.334824750792777],[-112.62094276790425,31.2691706299315],[-112.71476754922331,31.242072391681283],[-112.7664345740713,31.17314465814549],[-112.78925681817593,31.198606090058448],[-112.83426735516007,31.20169783536216],[-112.87452325795574,31.165324361200796],[-113.00955486890815,31.089121932832725],[-112.9575708684476,31.017284321364023],[-112.92682423402886,31.031469976286957],[-112.91160940462576,31.010009626531748],[-113.00511721033224,31.00437173803674],[-113.02635457637406,31.02419528145468],[-113.01335857625892,30.969635070212625],[-113.06312374743153,30.944901107782897],[-113.09672316236335,30.951266465761137],[-113.09957594287643,30.985821266214437],[-113.12842072361978,31.05875008190798],[-113.09228550378745,30.995096502125584],[-113.06217282059383,31.033288649995022],[-113.05900306446819,31.072390134718496],[-113.10179477216438,31.189512721518106],[-113.18928004123214,31.22279445037576],[-113.20734765114831,31.24061745271483],[-113.25552794425809,31.24061745271483],[-113.35347340854047,31.264987680402946],[-113.54651155659216,31.29663260292334],[-113.56109243477012,31.318638554790965],[-113.62417058167043,31.3275500559605],[-113.60990667910502,31.36847021439204],[-113.63748355739813,31.43521553947815],[-113.64065331352377,31.48050051480906],[-113.68883360663355,31.519238264790914],[-113.80421272960697,31.564886974863434],[-113.85239302271675,31.595440693158984],[-113.93987829178451,31.605261531182556],[-113.97981721896763,31.631268565207932],[-113.9737946823289,31.578345160303144],[-113.95604404802529,31.562158964301332],[-114.00612619481046,31.52378494906109]]]}},{"type":"Feature","properties":{"cvegeo":"26017","cve_ent":"26","state_code":"SON","nom_mun":"Caborca"},"geometry":{"type":"Polygon","coordinates":[[[-112.7610459886577,30.06011634880759],[-112.75407252518129,30.17778453771962],[-112.77626081806079,30.225797523612627],[-112.82412413555801,30.267081416785782],[-112.86216120906573,30.269263825235463],[-112.84694637966264,30.304546095171993],[-112.85328589191393,30.384567738327004],[-112.86913467254215,30.422032416713215],[-112.94489184394503,30.504963937801136],[-112.98768355164121,30.5358813908383],[-113.07611974754667,30.664279754627934],[-113.12715282116953,30.81050112075664],[-113.10084384532668,30.89161396813649],[-113.09672316236335,30.951266465761137],[-113.06312374743153,30.944901107782897],[-113.01335857625892,30.969635070212625],[-113.02635457637406,31.02419528145468],[-113.00511721033224,31.00437173803674],[-112.91160940462576,31.010009626531748],[-112.92682423402886,31.031469976286957],[-112.9575708684476,31.017284321364023],[-113.00955486890815,31.089121932832725],[-112.87452325795574,31.165324361200796],[-112.83426735516007,31.20169783536216],[-112.78925681817593,31.198606090058448],[-112.7664345740713,31.17314465814549],[-112.71476754922331,31.242072391681283],[-112.62094276790425,31.2691706299315],[-112.58353964562167,31.334824750792777],[-112.52236335239675,31.364287264863485],[-112.46784354703568,31.377563582932382],[-112.52997076709829,31.426667773050234],[-112.52046149872136,31.471952748381135],[-112.49510344971621,31.48923014860779],[-112.49510344971621,31.553247463131797],[-112.46340588845977,31.55233812627776],[-112.43773086384206,31.620902125071943],[-112.42093115637616,31.62981362624148],[-112.34866071671148,31.61544610394774],[-112.31030666759119,31.635451514736488],[-112.35278139967483,31.664186559323973],[-112.34549096058583,31.734751099197027],[-112.12012130005259,31.664550294065585],[-112.1137817878013,31.60271538799126],[-112.1822485201152,31.579254497157173],[-112.18351642256546,31.550519452569695],[-112.11600061708926,31.493231230765538],[-112.19175778849213,31.433760600511697],[-112.20950842279574,31.487047740158104],[-112.21711583749727,31.450492398625926],[-112.24500969140294,31.45667588923336],[-112.26307730131911,31.425030966712967],[-112.24247388650242,31.356830702660403],[-112.29540881380068,31.347919201490868],[-112.29382393573785,31.321548432723873],[-112.23898715476422,31.31081825784627],[-112.20760656912034,31.261350332986808],[-112.26688100866988,31.270079966785538],[-112.27702422827194,31.226795532533508],[-112.19904822758112,31.19969729428329],[-112.21394608137163,31.157867798997714],[-112.13343427578029,31.126404743848127],[-112.16671671509955,31.06584290936945],[-112.09444627543488,31.04165454905214],[-112.06813729959204,31.005281074890767],[-112.06813729959204,30.973818019741188],[-112.11187993412591,30.902889745126515],[-112.13628705629337,30.87688271110114],[-112.14167564170697,30.773945779224462],[-112.15847534917287,30.75539530740216],[-112.10110276329873,30.752485429469253],[-112.10997808045053,30.639182057456587],[-112.14801515395826,30.61608490136412],[-112.13723798313106,30.545884096232676],[-112.14960003202107,30.518058388499227],[-112.14991700763363,30.454222941346025],[-112.18700315430367,30.463498177257176],[-112.1866861786911,30.40439128174495],[-112.2285269595496,30.401481403812042],[-112.2187007155601,30.374201298191014],[-112.25325105732962,30.364926062279864],[-112.2684658867327,30.33691848717561],[-112.25134920365423,30.28326761278759],[-112.20253495931932,30.288905501282603],[-112.16766764193724,30.238710106939912],[-112.1857352518534,30.21233933817292],[-112.28209583807298,30.212884940285342],[-112.28082793562271,30.167599964954437],[-112.3600718387638,30.163780750167493],[-112.50302784003033,30.1799669461693],[-112.61238442636503,30.217249757184707],[-112.63520667046966,30.137409981400502],[-112.63045203628118,30.077757483775855],[-112.7610459886577,30.06011634880759]]]}},{"type":"Feature","properties":{"cvegeo":"26050","cve_ent":"26","state_code":"SON","nom_mun":"Rayón"},"geometry":{"type":"Polygon","coordinates":[[[-110.45219562673898,29.923170218590037],[-110.43824869978616,29.905529083621772],[-110.39418908963971,29.819323949859328],[-110.42683757773383,29.779131260911015],[-110.3577368941948,29.786405955743287],[-110.33079396712684,29.70620244521747],[-110.40433230924177,29.70383816939698],[-110.4439542608123,29.67092017528094],[-110.56186918868625,29.601628707003535],[-110.59008001820447,29.567619508662652],[-110.61448714037193,29.56652830443781],[-110.66076557980632,29.632728027411503],[-110.73335299508356,29.663827347819474],[-110.68865943371199,29.740575378299965],[-110.68390479952352,29.771674698707933],[-110.71718723884278,29.786405955743287],[-110.70704401924073,29.840602432243728],[-110.65284118949222,29.871883620022505],[-110.63509055518861,29.845876585997125],[-110.53841299335649,29.88315939701253],[-110.55394479837214,29.93335479135522],[-110.48072343186978,29.912076308970818],[-110.45219562673898,29.923170218590037]]]}},{"type":"Feature","properties":{"cvegeo":"26049","cve_ent":"26","state_code":"SON","nom_mun":"Quiriego"},"geometry":{"type":"Polygon","coordinates":[[[-108.91961853999035,27.87097880640559],[-108.8695363932052,27.839333883885196],[-108.91042624722598,27.80896203296045],[-108.91549785702702,27.7756803041028],[-108.90218488129932,27.7092987137583],[-108.94973122318397,27.713117928545245],[-108.94212380848242,27.647645675054783],[-108.98269668689066,27.596722811228865],[-108.9538519061473,27.58781131005933],[-108.96779883310013,27.5658053581917],[-108.9405389304196,27.531978027221626],[-108.94465961338294,27.491603470902508],[-108.97318741851373,27.443408617638692],[-108.99537571139324,27.461777222090184],[-109.01217541885914,27.40321592869038],[-109.04292205327789,27.374480884102898],[-109.02739024826224,27.334288195154585],[-109.04323902889045,27.31973880549004],[-109.09268722445049,27.365569382933362],[-109.20362868884801,27.3080992937584],[-109.30569483609374,27.312827845399376],[-109.31266829957015,27.374299016732092],[-109.35704488532916,27.430859769053022],[-109.38493873923483,27.422312002625098],[-109.37669737330815,27.393758825408426],[-109.41790420294151,27.38830280428422],[-109.42519464203049,27.348473850077518],[-109.46196381308796,27.311372906432922],[-109.50760830129722,27.323921755018596],[-109.51331386232339,27.36866112823708],[-109.57068644819753,27.368297393495467],[-109.587803131276,27.335379399379427],[-109.69018625413429,27.37502648621532],[-109.65214918062657,27.39921484653263],[-109.70761991282532,27.414855440422016],[-109.73646469356868,27.398487377049403],[-109.75358137664716,27.413218634084757],[-109.72600449835406,27.44286301552627],[-109.75865298644818,27.44704596505483],[-109.76277366941153,27.49033039930686],[-109.72632147396662,27.504334186858987],[-109.76087181573614,27.521793454456443],[-109.81412371864695,27.518156107040305],[-109.81095396252131,27.562713612887983],[-109.73741562040638,27.62182050840021],[-109.74724186439587,27.682564210249694],[-109.77957337687744,27.72039262337752],[-109.7380495716315,27.757493567022117],[-109.70730293721276,27.83442346487341],[-109.68701649800865,27.829694913232434],[-109.65500196113965,27.78150005996862],[-109.66229240022862,27.84133442496407],[-109.60904049731782,27.855156345145392],[-109.56181113104573,27.851700865100064],[-109.55483766756932,27.880254042316736],[-109.49080859383132,27.886073798182558],[-109.47115610585233,27.831513586940503],[-109.4099798126274,27.798595592824462],[-109.42836439815613,27.792048367475417],[-109.40268937353842,27.7571298322805],[-109.38462176362226,27.680927403912435],[-109.32629825091041,27.69656799780182],[-109.28762722617756,27.681291138654046],[-109.27780098218807,27.727121716097372],[-109.23564322571701,27.68983890508197],[-109.19728917659673,27.710208050612337],[-109.1779536642303,27.78077259048539],[-109.18651200576954,27.802414807611406],[-109.15164468838746,27.82987678060324],[-109.12565268815719,27.781863794710233],[-109.12216595641898,27.737306288862555],[-109.04926156552918,27.772406691428277],[-109.01407727253454,27.740579901537078],[-108.97001766238809,27.8340597301318],[-108.91961853999035,27.840606955480844],[-108.91961853999035,27.87097880640559]]]}},{"type":"Feature","properties":{"cvegeo":"26047","cve_ent":"26","state_code":"SON","nom_mun":"Pitiquito"},"geometry":{"type":"Polygon","coordinates":[[[-112.7610459886577,30.06011634880759],[-112.63045203628118,30.077757483775855],[-112.63520667046966,30.137409981400502],[-112.61238442636503,30.217249757184707],[-112.50302784003033,30.1799669461693],[-112.3600718387638,30.163780750167493],[-112.28082793562271,30.167599964954437],[-112.28209583807298,30.212884940285342],[-112.1857352518534,30.21233933817292],[-112.16766764193724,30.238710106939912],[-112.20253495931932,30.288905501282603],[-112.25134920365423,30.28326761278759],[-112.2684658867327,30.33691848717561],[-112.25325105732962,30.364926062279864],[-112.2187007155601,30.374201298191014],[-112.2285269595496,30.401481403812042],[-112.1866861786911,30.40439128174495],[-112.18700315430367,30.463498177257176],[-112.14991700763363,30.454222941346025],[-112.14960003202107,30.518058388499227],[-112.13723798313106,30.545884096232676],[-112.14801515395826,30.61608490136412],[-112.10997808045053,30.639182057456587],[-112.10110276329873,30.752485429469253],[-112.15847534917287,30.75539530740216],[-112.14167564170697,30.773945779224462],[-112.13628705629337,30.87688271110114],[-112.11187993412591,30.902889745126515],[-112.07035612887998,30.89234143761972],[-112.05926198244023,30.84269164538945],[-111.96638812795888,30.819776356667788],[-112.0088628600425,30.777037524528176],[-111.98540666471274,30.744483265153754],[-111.94863749365527,30.748848082053115],[-111.93817729844065,30.680102215888127],[-111.91598900556114,30.650275967075807],[-111.94800354243014,30.634089771073995],[-111.87002754173932,30.566071374392237],[-111.79744012646208,30.537881931917177],[-111.84149973660853,30.535153921355075],[-111.86051827336239,30.392933637384118],[-111.89538559074447,30.325460842814778],[-111.89665349319472,30.29254284869874],[-111.8354771999698,30.245075464918152],[-111.85481271233623,30.161598341717813],[-111.80282871187568,30.13395450135517],[-111.81582471199081,30.093216210294436],[-111.78444412634694,30.024652211500257],[-111.73562988201203,30.020469261971698],[-111.70773602810637,30.036837325344315],[-111.6620915398971,29.975366154011603],[-111.6212016858763,29.97827603194451],[-111.64370695436837,30.002282524891015],[-111.55970841703882,29.988278737338888],[-111.46683456255747,29.988278737338888],[-111.50423768484006,30.054842195054192],[-111.44401231845283,30.054660327683386],[-111.39741690340587,30.035564253748667],[-111.38663973257869,30.03065383473688],[-111.38600578135356,29.973365612932724],[-111.41548451332204,29.960089294863828],[-111.40819407423307,29.916259258499377],[-111.44591417212821,29.811867387656246],[-111.39868480585613,29.77258403556197],[-111.38949251309177,29.724207314927348],[-111.410412903521,29.726571590747838],[-111.40629222055767,29.684378360720647],[-111.51279602637929,29.712749670566517],[-111.54132383151008,29.661463071998988],[-111.5980624661591,29.63763844642329],[-111.66018968622171,29.64036645698539],[-111.63292978354119,29.60526605441967],[-111.65828783254634,29.580895826731552],[-111.69188724747815,29.59780949221659],[-111.75147866264025,29.54979650632358],[-111.70520022320585,29.601446839632725],[-111.75242958947794,29.648914223413314],[-111.78507807757207,29.650551029750574],[-111.82977163894364,29.69456293348583],[-111.86051827336239,29.67092017528094],[-111.87985378572881,29.688925044990818],[-111.95687885958195,29.624543995725197],[-111.92074363974962,29.592353471092384],[-111.92486432271295,29.572711795045244],[-112.01044773810533,29.468319924202113],[-112.03675671394817,29.318461210657276],[-112.18795408114136,29.322826027556637],[-112.24120598405217,29.316824404320013],[-112.28653349664887,29.332101263467788],[-112.34105330200994,29.31809747591566],[-112.40222959523486,29.336829815108764],[-112.42093115637616,29.37465822823659],[-112.38257710725587,29.448678248154977],[-112.37845642429254,29.48068690541698],[-112.42885554669026,29.51978839014045],[-112.43709691261694,29.561072283313607],[-112.50746549860622,29.62127038305067],[-112.52616705974752,29.665646021527543],[-112.58005291388346,29.710930996858448],[-112.60858071901426,29.782041138843923],[-112.651689402323,29.834600809007103],[-112.66563632927583,29.89170716344045],[-112.74741603731744,29.915349921645344],[-112.73315213475203,30.000463851182946],[-112.7610459886577,30.06011634880759]]]}},{"type":"Feature","properties":{"cvegeo":"26046","cve_ent":"26","state_code":"SON","nom_mun":"Oquitoa"},"geometry":{"type":"Polygon","coordinates":[[[-111.49029075788722,30.694469738181873],[-111.51438090444212,30.606991532823777],[-111.52293924598135,30.56879938495434],[-111.56921768541575,30.566253241763043],[-111.59330783197063,30.536426992950723],[-111.63768441772964,30.523696276994244],[-111.63736744211708,30.55479559740221],[-111.69378910115354,30.55479559740221],[-111.68396285716405,30.594260816867298],[-111.73087524782356,30.590259734709548],[-111.77778763848309,30.687195043349597],[-111.80251173626311,30.766852951762992],[-111.79268549227362,30.865970668852725],[-111.698543735342,30.888704090203582],[-111.72326783312202,30.994732767383972],[-111.70424929636816,31.01746618873483],[-111.62754119812759,31.062205561953313],[-111.58696831971935,31.041108946939715],[-111.5812627586932,31.00273493169947],[-111.6113754418868,30.96381531434681],[-111.59616061248371,30.888885957574388],[-111.63609953966683,30.885794212270675],[-111.63071095425323,30.802498956441134],[-111.58823622216961,30.746483806232625],[-111.55875749020113,30.73029761023082],[-111.50772441657827,30.73157068182647],[-111.49029075788722,30.694469738181873]]]}},{"type":"Feature","properties":{"cvegeo":"26045","cve_ent":"26","state_code":"SON","nom_mun":"Opodepe"},"geometry":{"type":"Polygon","coordinates":[[[-110.49023270024671,30.24944028181752],[-110.47913855380695,30.220159635117618],[-110.40496626046689,30.208520123385977],[-110.44902587061334,30.18633230414754],[-110.49688918811056,30.14031985933341],[-110.52256421272827,30.14213853304148],[-110.50227777352416,30.07393826898891],[-110.54253367631982,30.030471967366076],[-110.51273796873878,29.97136507185385],[-110.48421016360798,29.986096328889204],[-110.45219562673898,29.923170218590037],[-110.48072343186978,29.912076308970818],[-110.55394479837214,29.93335479135522],[-110.53841299335649,29.88315939701253],[-110.63509055518861,29.845876585997125],[-110.65284118949222,29.871883620022505],[-110.78216723941847,29.877157773775906],[-110.80879319087387,29.91716859535341],[-110.88898802085265,29.883341264383336],[-110.91941767965884,29.888251683395122],[-111.08614685186768,29.853333148200207],[-111.08963358360589,29.822779429904656],[-111.12671973027592,29.819505817230134],[-111.18345836492493,29.90498348150935],[-111.21198617005572,29.910439502633558],[-111.1704623648098,29.920987810140353],[-111.17204724287262,29.962635438055123],[-111.21166919444316,29.96281730542593],[-111.20754851147983,30.07975802485473],[-111.1527117305062,30.069027849977125],[-111.09375426656922,30.132499562388716],[-111.05603416867407,30.09703542508138],[-111.01260850975275,30.153778044773116],[-110.91688187475832,30.113039753712386],[-110.90768958199395,30.17487465978671],[-110.95048128969015,30.19979048958725],[-110.91941767965884,30.224342584646173],[-110.89088987452804,30.20833825601517],[-110.82939660569056,30.21415801188099],[-110.78692187360694,30.206701449677908],[-110.78153328819334,30.179785078798496],[-110.63445660396349,30.19106085578852],[-110.5995892865814,30.25344136397527],[-110.56155221307368,30.223069513050525],[-110.49023270024671,30.24944028181752]]]}},{"type":"Feature","properties":{"cvegeo":"26044","cve_ent":"26","state_code":"SON","nom_mun":"Onavas"},"geometry":{"type":"Polygon","coordinates":[[[-109.36338439758045,28.511333819016492],[-109.34848654378992,28.48368997865385],[-109.33866029980042,28.41221610192676],[-109.36687112931865,28.388937078463485],[-109.3646523000307,28.349289991627593],[-109.45562430083667,28.34074222519967],[-109.46988820340206,28.384935996305735],[-109.54152469184162,28.406214478690135],[-109.57036947258497,28.373842086686516],[-109.66039054655324,28.389664547946712],[-109.62710810723398,28.510424482162456],[-109.60713864364243,28.54661608895302],[-109.47622771565335,28.556073192234976],[-109.43343600795717,28.573532459832435],[-109.4055421540515,28.52351893286055],[-109.36338439758045,28.511333819016492]]]}},{"type":"Feature","properties":{"cvegeo":"26043","cve_ent":"26","state_code":"SON","nom_mun":"Nogales"},"geometry":{"type":"Polygon","coordinates":[[[-110.701021482602,31.333006077084704],[-110.65125631142939,31.21642909239752],[-110.7828011906436,31.174053994999525],[-110.7374736780469,31.05875008190798],[-110.75332245867511,31.035471058444706],[-110.77772958084257,31.063660500919767],[-110.86743367919829,31.049474845996833],[-110.86236206939725,31.01910299507209],[-110.96759797276862,31.038017201636002],[-110.98281280217171,31.058022612424757],[-111.00405016821351,31.02146727089258],[-111.08678080309281,31.018739260330477],[-111.1321083156895,31.010737096014978],[-111.1241839253754,31.0698439915272],[-111.17363212093544,31.074754410538986],[-111.21357104811855,31.059841286132823],[-111.24273280447447,31.095487290810965],[-111.2300537799719,31.110582282587934],[-111.26523807296654,31.148046960974142],[-111.26238529245346,31.190785793113754],[-111.31753904903965,31.17823694452808],[-111.33592363456839,31.256621781345828],[-111.3571610006102,31.279355202696685],[-111.31658812220196,31.28026453955072],[-111.28457358533296,31.313910003149985],[-111.21420499934368,31.323367106431945],[-111.21420499934368,31.37719984819077],[-111.0753696810405,31.332642342343092],[-110.701021482602,31.333006077084704]]]}},{"type":"Feature","properties":{"cvegeo":"26041","cve_ent":"26","state_code":"SON","nom_mun":"Nacozari de García"},"geometry":{"type":"Polygon","coordinates":[[[-109.32756615336068,30.70883726047561],[-109.29967229945501,30.711019668925296],[-109.21662468896315,30.59298774527165],[-109.12026410274359,30.592442143159232],[-109.12279990764411,30.529152298118447],[-109.18397620086903,30.529879767601674],[-109.16812742024081,30.507691948363238],[-109.19982498149724,30.494051895552726],[-109.19887405465954,30.455314145570867],[-109.17098020075389,30.44131035801874],[-109.17288205442927,30.395116045833802],[-109.20743239619878,30.415121456622554],[-109.22169629876419,30.4349450000405],[-109.28572537250218,30.42930711154549],[-109.3380263485753,30.405300618598986],[-109.37225971473225,30.40784676179028],[-109.36718810493122,30.42985271365791],[-109.4109307394651,30.478956903775757],[-109.4651335692136,30.419668140892725],[-109.47052215462719,30.359106306414045],[-109.53296635030237,30.34619372308676],[-109.53328332591494,30.22325138042133],[-109.63820225367374,30.22325138042133],[-109.63249669264758,30.288905501282603],[-109.67116771738043,30.31218452474588],[-109.69842762006097,30.260897926178348],[-109.72822332764201,30.26599021256094],[-109.72980820570483,30.32018668906138],[-109.79542215750566,30.315458137420404],[-109.79573913311822,30.42403295779209],[-109.73741562040638,30.4322169894784],[-109.74058537653202,30.46786299415654],[-109.7567511327728,30.539882472996048],[-109.74502303510792,30.54570222886187],[-109.60682166802987,30.535517656096687],[-109.5611771798206,30.593169612642455],[-109.51901942334953,30.670463245235368],[-109.44611503245974,30.661733611436638],[-109.4207569834546,30.73320748816373],[-109.38018410504635,30.71356581211659],[-109.32756615336068,30.70883726047561]]]}},{"type":"Feature","properties":{"cvegeo":"26040","cve_ent":"26","state_code":"SON","nom_mun":"Nácori Chico"},"geometry":{"type":"Polygon","coordinates":[[[-108.62863492765628,29.953360202143973],[-108.61563892754114,29.883523131754146],[-108.60739756161448,29.846967790221967],[-108.634657464295,29.832054665815807],[-108.62990283010654,29.806229499161233],[-108.54114965858852,29.79604492639605],[-108.54083268297596,29.73602869402979],[-108.59249970782395,29.717660089578303],[-108.65938156207503,29.716205150611845],[-108.61817473244166,29.66055373514495],[-108.6552608791117,29.649277958154926],[-108.63877814725835,29.558344272751505],[-108.66255131820067,29.544522352570183],[-108.64384975705937,29.48868906973248],[-108.71770507478686,29.465773781010817],[-108.66984175728965,29.307367301038056],[-108.68220380617966,29.267356479460553],[-108.73038409928944,29.269175153168618],[-108.7449649774674,29.312641454791454],[-108.77793044117409,29.29609152404803],[-108.83530302704824,29.3139145263871],[-108.8828493689329,29.36720166603351],[-108.91866761315266,29.391026291609204],[-108.95068215002166,29.369202207112384],[-109.01312634569683,29.36356431861737],[-109.04545785817841,29.40448447704891],[-109.06574429738252,29.40284767071165],[-109.0971248830264,29.444313431255612],[-109.12501873693205,29.44376782914319],[-109.15227863961259,29.51415050164544],[-109.12628663938231,29.521788931219326],[-109.14847493226182,29.552342649514877],[-109.1459391273613,29.586533715226565],[-109.17478390810466,29.604720452307248],[-109.17858761545543,29.717478222207493],[-109.1538635176754,29.665646021527543],[-109.12121502958128,29.67673993114676],[-109.07366868769662,29.667100960493997],[-109.02834117509992,29.801864682261872],[-108.999179418744,29.80313775385752],[-108.99600966261836,29.85787983247038],[-108.91549785702702,29.895162643485783],[-108.89489444221034,29.942630027266368],[-108.83878975878645,29.954997008481236],[-108.79377922180231,29.96390850965077],[-108.70280722099635,29.943903098862016],[-108.68030195250428,29.95808875378495],[-108.62863492765628,29.953360202143973]]]}},{"type":"Feature","properties":{"cvegeo":"26039","cve_ent":"26","state_code":"SON","nom_mun":"Naco"},"geometry":{"type":"Polygon","coordinates":[[[-109.74692488878331,31.33391541393874],[-109.7237856690661,31.256985516087447],[-109.69335601025993,31.27553598790974],[-109.66324332706633,31.141863470366708],[-109.6927220590348,31.128950887039423],[-109.68448069310813,31.088030728607883],[-109.83757991397671,31.08821259597869],[-109.86198703614417,31.040563344827298],[-109.89114879250009,31.097487831889843],[-109.94376674418577,31.099124638227103],[-109.94376674418577,31.148774430457372],[-109.9665889882904,31.15804966636852],[-110.09718294066691,31.144409613558004],[-110.09749991627947,31.203516509070234],[-110.14155952642592,31.196241814237958],[-110.25313494204858,31.219520837701232],[-110.27468928370295,31.246437208580645],[-110.34315601601685,31.25262069918808],[-110.36027269909532,31.264987680402946],[-110.32191864997503,31.285356825933313],[-110.33966928427864,31.33318794445551],[-109.74692488878331,31.33391541393874]]]}},{"type":"Feature","properties":{"cvegeo":"26038","cve_ent":"26","state_code":"SON","nom_mun":"Moctezuma"},"geometry":{"type":"Polygon","coordinates":[[[-109.37669737330815,29.8398749627605],[-109.4331190323446,29.747486338390623],[-109.39730078812482,29.73839296985028],[-109.40522517843894,29.70911232315038],[-109.49841600853286,29.726207856006223],[-109.47020517901463,29.655643316133165],[-109.64010410734912,29.558708007493117],[-109.68321279065788,29.57071125396637],[-109.69494088832275,29.553251986368913],[-109.75960391328589,29.554161323222946],[-109.77893942565231,29.529427360793214],[-109.81824440161029,29.52288013544417],[-109.85247776776724,29.55106957791923],[-109.93837815877217,29.547250363132285],[-109.94947230521193,29.518515318544804],[-109.99321493974581,29.533246575580158],[-110.01350137894993,29.565073365471356],[-109.97800011034272,29.638911518018936],[-109.98592450065682,29.69274425977776],[-109.95074020766218,29.696563474564705],[-109.97609825666733,29.71547768112862],[-109.98243776891862,29.751851155289987],[-110.01350137894993,29.75057808369434],[-110.00652791547351,29.780040597765048],[-110.03917640356764,29.779494995652627],[-110.06643630624816,29.842421105951797],[-110.00240723251017,29.8611534451449],[-109.93837815877217,29.842966708064218],[-109.91460498782985,29.80950311183576],[-109.85691542634314,29.814777265589157],[-109.84265152377775,29.873338558988962],[-109.78749776719154,29.881522590675267],[-109.77418479146384,29.868428139977176],[-109.66070752216581,29.873156691618153],[-109.65246615623913,29.89807252141869],[-109.58716918005088,29.89643571508143],[-109.59921425332833,29.92989931130989],[-109.56973552135983,29.95481514111043],[-109.54057376500391,29.977184827719668],[-109.48383513035489,29.897163184564658],[-109.48637093525541,29.86479079256104],[-109.41822117855408,29.8398749627605],[-109.37669737330815,29.8398749627605]]]}},{"type":"Feature","properties":{"cvegeo":"26037","cve_ent":"26","state_code":"SON","nom_mun":"Mazatán"},"geometry":{"type":"Polygon","coordinates":[[[-110.38214401636226,28.99055434109253],[-110.39387211402715,29.028746488961968],[-110.37960821146174,29.06257381993204],[-110.31748099139914,29.10349397836358],[-110.2483803078601,29.072212790584807],[-110.21161113680265,29.026200345770672],[-110.208441380677,29.076577607484168],[-110.13046537998616,29.068393575797863],[-110.03822547672995,29.01292402770177],[-110.07879835513818,28.95545393852681],[-110.07087396482407,28.910350830566713],[-110.10225455046795,28.901621196767984],[-110.11968820915898,28.92544582234368],[-110.11398264813282,28.842696168626567],[-109.91745776834293,28.867430131056295],[-109.93203864652088,28.83905882121043],[-110.10447337975589,28.81359738929747],[-110.10764313588153,28.772495363495125],[-110.16501572175568,28.75940091279703],[-110.15931016072952,28.850880200312872],[-110.18657006341006,28.874886693259377],[-110.17959659993365,28.90416733995928],[-110.20558860016392,28.953998999560355],[-110.23982196632087,28.96527477655038],[-110.29941338148296,28.92653702656852],[-110.29846245464527,28.91216950427478],[-110.3773893821738,28.881252051237617],[-110.43317708998512,28.94854297843615],[-110.37517055288585,28.970730797674584],[-110.38214401636226,28.99055434109253]]]}},{"type":"Feature","properties":{"cvegeo":"26036","cve_ent":"26","state_code":"SON","nom_mun":"Magdalena"},"geometry":{"type":"Polygon","coordinates":[[[-111.08678080309281,31.018739260330477],[-111.04303816855894,30.952903272098396],[-111.04018538804586,30.905799623059423],[-111.01419338781558,30.881065660629694],[-111.04525699784688,30.84269164538945],[-110.99644275351197,30.78667649518094],[-111.00912177801455,30.727751467039525],[-110.84556236193134,30.698834555081234],[-110.829079630078,30.732843753422117],[-110.81703455680055,30.674464327393117],[-110.76822031246564,30.67591926635957],[-110.80815923964875,30.636090312152874],[-110.75871104408871,30.635362842669643],[-110.75934499531384,30.578983957719522],[-110.73937553172229,30.55606866899786],[-110.80435553229798,30.51278423474583],[-110.82337406905184,30.498780447193703],[-110.83415123987902,30.440946623277128],[-110.84936606928211,30.477138230067688],[-110.93209670416141,30.505691407284363],[-110.98027699727119,30.562252159605293],[-111.02655543670558,30.58425811147292],[-111.07124899807715,30.567708180729497],[-111.05761904673689,30.605354726486517],[-111.09724099830743,30.588804795743094],[-111.10928607158488,30.633544168961578],[-111.08107524206665,30.65336771237952],[-111.1054823642341,30.670645112606174],[-111.13876480355336,30.655004518716787],[-111.20976734076778,30.725932793331452],[-111.24273280447447,30.729024538635173],[-111.2842566097204,30.78631276043933],[-111.17204724287262,30.841782308535414],[-111.1606361208203,30.808682447048568],[-111.11340675454822,30.813410998689548],[-111.12988948640157,30.860696515099328],[-111.10992002281,30.867607475189985],[-111.1073842179095,30.917984736903485],[-111.20374480412906,30.971453743920698],[-111.24526860937499,30.95508568054808],[-111.237978170286,31.049474845996833],[-111.21357104811855,31.059841286132823],[-111.17363212093544,31.074754410538986],[-111.1241839253754,31.0698439915272],[-111.1321083156895,31.010737096014978],[-111.08678080309281,31.018739260330477]]]}},{"type":"Feature","properties":{"cvegeo":"26035","cve_ent":"26","state_code":"SON","nom_mun":"Imuris"},"geometry":{"type":"Polygon","coordinates":[[[-111.08678080309281,31.018739260330477],[-111.00405016821351,31.02146727089258],[-110.98281280217171,31.058022612424757],[-110.96759797276862,31.038017201636002],[-110.86236206939725,31.01910299507209],[-110.86743367919829,31.049474845996833],[-110.77772958084257,31.063660500919767],[-110.75332245867511,31.035471058444706],[-110.7374736780469,31.05875008190798],[-110.67851621410993,31.09876090348549],[-110.60212509148192,31.010191493902553],[-110.560601286236,31.036380395298742],[-110.50956821261313,30.987821807293315],[-110.54063182264444,30.971999346033115],[-110.508934261388,30.917257267420254],[-110.53809601774392,30.830142796803777],[-110.54063182264444,30.783402882506415],[-110.47406694400593,30.8121379270939],[-110.4439542608123,30.77012656443752],[-110.4138415776187,30.72684213018549],[-110.44649006571282,30.693924136069448],[-110.47058021226772,30.70174443301414],[-110.47184811471797,30.64300127224353],[-110.47438391961849,30.634089771073995],[-110.5827895791155,30.62754254572495],[-110.65062236020427,30.57625594715742],[-110.65062236020427,30.595170153721334],[-110.701021482602,30.57461914082016],[-110.70324031188994,30.671008847347785],[-110.73715670243433,30.67882914429248],[-110.75871104408871,30.635362842669643],[-110.80815923964875,30.636090312152874],[-110.76822031246564,30.67591926635957],[-110.81703455680055,30.674464327393117],[-110.829079630078,30.732843753422117],[-110.84556236193134,30.698834555081234],[-111.00912177801455,30.727751467039525],[-110.99644275351197,30.78667649518094],[-111.04525699784688,30.84269164538945],[-111.01419338781558,30.881065660629694],[-111.04018538804586,30.905799623059423],[-111.04303816855894,30.952903272098396],[-111.08678080309281,31.018739260330477]]]}},{"type":"Feature","properties":{"cvegeo":"26034","cve_ent":"26","state_code":"SON","nom_mun":"Huépac"},"geometry":{"type":"Polygon","coordinates":[[[-110.0581949403215,29.94954098735703],[-110.04868567194457,29.91589552375776],[-110.00240723251017,29.90734775732984],[-110.00240723251017,29.8611534451449],[-110.06643630624816,29.842421105951797],[-110.10288850169307,29.843876044918254],[-110.1016205992428,29.877157773775906],[-110.16723455104363,29.87261108950573],[-110.17579289258288,29.845149116513902],[-110.2271429418183,29.854242485054243],[-110.22777689304343,29.892252765552872],[-110.29846245464527,29.920987810140353],[-110.43824869978616,29.905529083621772],[-110.45219562673898,29.923170218590037],[-110.48421016360798,29.986096328889204],[-110.47058021226772,30.012285230285393],[-110.42144899232024,30.028107691545586],[-110.38436284565022,30.015922577701527],[-110.37263474798533,30.036291723231894],[-110.35298226000634,29.983550185697908],[-110.21351299047802,29.949904722098644],[-110.16691757543107,29.948631650502996],[-110.12919747753591,29.97081946974143],[-110.0581949403215,29.94954098735703]]]}},{"type":"Feature","properties":{"cvegeo":"26031","cve_ent":"26","state_code":"SON","nom_mun":"Huachinera"},"geometry":{"type":"Polygon","coordinates":[[[-108.61088429335268,30.042111479097713],[-108.61563892754114,29.965727183358837],[-108.62863492765628,29.953360202143973],[-108.68030195250428,29.95808875378495],[-108.70280722099635,29.943903098862016],[-108.79377922180231,29.96390850965077],[-108.83878975878645,29.954997008481236],[-108.85337063696441,29.98427765518114],[-108.85273668573927,30.049022439188374],[-108.89679629588572,30.033927447411408],[-108.97667415025194,30.02428847675864],[-109.09775883425152,30.053569123458544],[-109.12565268815719,30.04338455069336],[-109.17573483494235,30.055569664537423],[-109.16559161534029,30.101400241980745],[-109.12279990764411,30.097399159822995],[-109.10251346843998,30.171782914482996],[-109.16305581043977,30.212884940285342],[-109.15608234696336,30.229798605770377],[-109.18904781067005,30.284358817012432],[-109.11804527345564,30.299817543531013],[-109.1193131759059,30.34437504937869],[-109.06574429738252,30.292179113957125],[-109.07176683402125,30.27690225480935],[-108.98618341862887,30.25616937453737],[-108.92215434489087,30.265808345190134],[-108.88126449087007,30.23670956586104],[-108.84512927103773,30.256533109278983],[-108.80614127069232,30.239801311164754],[-108.80202058772899,30.212884940285342],[-108.72943317245175,30.151595636323435],[-108.72531248948842,30.085941515462164],[-108.67776614760376,30.039565335906417],[-108.61088429335268,30.042111479097713]]]}},{"type":"Feature","properties":{"cvegeo":"26068","cve_ent":"26","state_code":"SON","nom_mun":"Villa Pesqueira"},"geometry":{"type":"Polygon","coordinates":[[[-109.98814332994478,29.475958353776],[-109.92791796355755,29.451224391346273],[-109.98243776891862,29.414123447701677],[-109.98148684208093,29.38775267893468],[-109.93901210999731,29.364655522842213],[-109.89178274372522,29.317188139061628],[-109.8661077191075,29.094218742452433],[-109.88195649973572,29.089490190811453],[-109.86991142645827,29.03893106172715],[-109.88322440218597,29.02056245727566],[-109.8483570848039,28.99982957700368],[-109.84074967010235,28.910168963195904],[-109.81824440161029,28.884161929170524],[-109.8420175725526,28.873795489034535],[-109.82711971876209,28.841059362289304],[-109.79130147454232,28.825418768399913],[-109.82933854805003,28.797229325924853],[-109.87434908503417,28.843787372851406],[-109.91745776834293,28.867430131056295],[-110.11398264813282,28.842696168626567],[-110.11968820915898,28.92544582234368],[-110.10225455046795,28.901621196767984],[-110.07087396482407,28.910350830566713],[-110.07879835513818,28.95545393852681],[-110.03822547672995,29.01292402770177],[-110.13046537998616,29.068393575797863],[-110.11556752619565,29.156781118009988],[-110.07657952585024,29.144232269424315],[-110.04583289143149,29.162055271763386],[-109.971977573704,29.163328343359034],[-109.97800011034272,29.191335918463288],[-109.97831708595528,29.361745644909305],[-110.01698811068813,29.327736446568423],[-110.04107825724303,29.396118577991796],[-110.08545484300203,29.399755925407934],[-110.08418694055177,29.431946450040748],[-110.07214186727433,29.452133728200305],[-109.99226401290811,29.443949696513997],[-109.98814332994478,29.475958353776]]]}},{"type":"Feature","properties":{"cvegeo":"26028","cve_ent":"26","state_code":"SON","nom_mun":"Granados"},"geometry":{"type":"Polygon","coordinates":[[[-109.23247346959137,29.81459539821835],[-109.19507034730877,29.767128014437763],[-109.25814849420908,29.75003248158192],[-109.23279044520393,29.680741013304512],[-109.23183951836624,29.642003263322653],[-109.27019356748653,29.628181343141332],[-109.31552108008323,29.660371867774145],[-109.3459507388894,29.664372949931895],[-109.3656032268684,29.70147389357649],[-109.40522517843894,29.70911232315038],[-109.39730078812482,29.73839296985028],[-109.4331190323446,29.747486338390623],[-109.37669737330815,29.8398749627605],[-109.37669737330815,29.87388416110138],[-109.28033678708859,29.870792415797666],[-109.23247346959137,29.81459539821835]]]}},{"type":"Feature","properties":{"cvegeo":"26027","cve_ent":"26","state_code":"SON","nom_mun":"Fronteras"},"geometry":{"type":"Polygon","coordinates":[[[-109.32756615336068,30.70883726047561],[-109.38018410504635,30.71356581211659],[-109.4207569834546,30.73320748816373],[-109.44611503245974,30.661733611436638],[-109.51901942334953,30.670463245235368],[-109.5611771798206,30.593169612642455],[-109.60682166802987,30.535517656096687],[-109.74502303510792,30.54570222886187],[-109.7567511327728,30.539882472996048],[-109.77418479146384,30.579711427202753],[-109.86642469472007,30.610992614981527],[-109.8572324019557,30.628633749949792],[-109.78718079157898,30.6342716384448],[-109.81444069425952,30.69028678865331],[-109.84043269448979,30.70774605625077],[-109.83821386520184,30.748302479940698],[-109.86547376788238,30.766307349650575],[-109.86579074349494,30.819048887184557],[-109.88227347534828,30.84432845172671],[-109.96817386635323,30.868334944673215],[-109.97831708595528,30.89470571344021],[-110.00652791547351,30.90270787775571],[-110.01033162282428,30.959450497447442],[-109.91999357324345,30.977091632415707],[-109.92221240253139,31.00200746221625],[-109.86198703614417,31.040563344827298],[-109.83757991397671,31.08821259597869],[-109.68448069310813,31.088030728607883],[-109.65468498552708,31.095487290810965],[-109.63788527806118,31.064387970402997],[-109.56181113104573,31.066024776740257],[-109.50855922813491,31.04965671336764],[-109.49746508169517,31.105853730946954],[-109.45720917889949,31.132042632343143],[-109.39191220271124,31.09239554550725],[-109.39951961741278,31.017648056105635],[-109.37669737330815,31.01382884131869],[-109.40142147108817,30.85815037190803],[-109.36401834880557,30.841236706422997],[-109.35450908042864,30.767580421246222],[-109.32756615336068,30.70883726047561]]]}},{"type":"Feature","properties":{"cvegeo":"26025","cve_ent":"26","state_code":"SON","nom_mun":"Empalme"},"geometry":{"type":"Polygon","coordinates":[[[-110.82749475201517,27.954274062235122],[-110.82781172762773,27.955001531718352],[-110.8271777764026,27.955365266459964],[-110.83003055691569,27.96827784978725],[-110.77455982471693,28.037205583323043],[-110.77868050768026,28.07212411851796],[-110.74032645855998,28.093766335643974],[-110.73525484875894,28.13595956567116],[-110.70641006801559,28.14596227106554],[-110.63001894538759,28.14177932153698],[-110.6227285062986,28.116681624365636],[-110.52605094446648,28.057938463595026],[-110.51559074925186,28.028112214782702],[-110.59134792065473,27.88480072658691],[-110.63128684783784,27.882254583395614],[-110.81196294699951,27.924265946051992],[-110.82749475201517,27.954274062235122]]]}},{"type":"Feature","properties":{"cvegeo":"26024","cve_ent":"26","state_code":"SON","nom_mun":"Divisaderos"},"geometry":{"type":"Polygon","coordinates":[[[-109.23183951836624,29.642003263322653],[-109.2419827379683,29.632728027411503],[-109.23881298184266,29.53033669764725],[-109.28794420179013,29.523062002814974],[-109.32407942162247,29.54543168942422],[-109.3557769828789,29.524335074410622],[-109.4055421540515,29.567801376033458],[-109.45372244716128,29.570165651853948],[-109.50348761833389,29.555434394818594],[-109.523774057538,29.60399298282402],[-109.47020517901463,29.655643316133165],[-109.49841600853286,29.726207856006223],[-109.40522517843894,29.70911232315038],[-109.3656032268684,29.70147389357649],[-109.3459507388894,29.664372949931895],[-109.31552108008323,29.660371867774145],[-109.27019356748653,29.628181343141332],[-109.23183951836624,29.642003263322653]]]}},{"type":"Feature","properties":{"cvegeo":"26023","cve_ent":"26","state_code":"SON","nom_mun":"Cumpas"},"geometry":{"type":"Polygon","coordinates":[[[-109.53328332591494,30.22325138042133],[-109.52060430141236,30.169418638662506],[-109.58114664341215,30.164326352279915],[-109.54437747235468,30.10849306944221],[-109.53740400887827,30.087578321799427],[-109.58526732637549,30.080485494337957],[-109.61950069253244,30.039747203277223],[-109.60333493629166,30.017377516667985],[-109.6217195218204,29.97554802138241],[-109.54786420409289,29.992461686867443],[-109.56973552135983,29.95481514111043],[-109.59921425332833,29.92989931130989],[-109.58716918005088,29.89643571508143],[-109.65246615623913,29.89807252141869],[-109.66070752216581,29.873156691618153],[-109.77418479146384,29.868428139977176],[-109.78749776719154,29.881522590675267],[-109.84265152377775,29.873338558988962],[-109.85691542634314,29.814777265589157],[-109.91460498782985,29.80950311183576],[-109.93837815877217,29.842966708064218],[-110.00240723251017,29.8611534451449],[-110.00240723251017,29.90734775732984],[-110.04868567194457,29.91589552375776],[-110.0581949403215,29.94954098735703],[-110.06770420869843,29.99373475846309],[-110.1070091846564,30.094307414519278],[-110.01350137894993,30.077757483775855],[-110.02301064732686,30.134863838209206],[-110.05629308664611,30.143411604637127],[-109.9887772811699,30.208520123385977],[-109.92062752446857,30.21888656352197],[-109.86452284104467,30.31163892263346],[-109.79542215750566,30.315458137420404],[-109.72980820570483,30.32018668906138],[-109.72822332764201,30.26599021256094],[-109.69842762006097,30.260897926178348],[-109.67116771738043,30.31218452474588],[-109.63249669264758,30.288905501282603],[-109.63820225367374,30.22325138042133],[-109.53328332591494,30.22325138042133]]]}},{"type":"Feature","properties":{"cvegeo":"26022","cve_ent":"26","state_code":"SON","nom_mun":"Cucurpe"},"geometry":{"type":"Polygon","coordinates":[[[-110.47184811471797,30.64300127224353],[-110.43666382172333,30.607719002307007],[-110.48801387095875,30.57625594715742],[-110.47121416349285,30.53024350234329],[-110.40686811414228,30.47586515847204],[-110.42778850457152,30.42221428408402],[-110.40686811414228,30.427306570466612],[-110.41003787026793,30.369109011808423],[-110.43381104121025,30.370745818145686],[-110.41162274833074,30.333099272388665],[-110.48547806605823,30.3047279625428],[-110.46772743175464,30.26653581467336],[-110.49023270024671,30.24944028181752],[-110.56155221307368,30.223069513050525],[-110.5995892865814,30.25344136397527],[-110.63445660396349,30.19106085578852],[-110.78153328819334,30.179785078798496],[-110.78692187360694,30.206701449677908],[-110.82939660569056,30.21415801188099],[-110.8335172886539,30.26017045669512],[-110.79484626392104,30.290906042361478],[-110.82432499588953,30.363107388571798],[-110.83415123987902,30.440946623277128],[-110.82337406905184,30.498780447193703],[-110.80435553229798,30.51278423474583],[-110.73937553172229,30.55606866899786],[-110.75934499531384,30.578983957719522],[-110.75871104408871,30.635362842669643],[-110.73715670243433,30.67882914429248],[-110.70324031188994,30.671008847347785],[-110.701021482602,30.57461914082016],[-110.65062236020427,30.595170153721334],[-110.65062236020427,30.57625594715742],[-110.5827895791155,30.62754254572495],[-110.47438391961849,30.634089771073995],[-110.47184811471797,30.64300127224353]]]}},{"type":"Feature","properties":{"cvegeo":"26021","cve_ent":"26","state_code":"SON","nom_mun":"La Colorada"},"geometry":{"type":"Polygon","coordinates":[[[-110.38214401636226,28.99055434109253],[-110.37517055288585,28.970730797674584],[-110.43317708998512,28.94854297843615],[-110.3773893821738,28.881252051237617],[-110.29846245464527,28.91216950427478],[-110.29941338148296,28.92653702656852],[-110.23982196632087,28.96527477655038],[-110.20558860016392,28.953998999560355],[-110.17959659993365,28.90416733995928],[-110.18657006341006,28.874886693259377],[-110.15931016072952,28.850880200312872],[-110.16501572175568,28.75940091279703],[-110.10764313588153,28.772495363495125],[-110.10447337975589,28.81359738929747],[-109.93203864652088,28.83905882121043],[-109.91745776834293,28.867430131056295],[-109.87434908503417,28.843787372851406],[-109.82933854805003,28.797229325924853],[-109.79130147454232,28.825418768399913],[-109.80334654781976,28.78468047733918],[-109.76023786451101,28.77504150668642],[-109.79066752331718,28.764129464438007],[-109.86547376788238,28.73794056304182],[-109.88005464606033,28.68338035179977],[-109.83979874326467,28.685199025507835],[-109.84550430429081,28.561892948100795],[-109.8661077191075,28.513516227466173],[-109.90160898771471,28.518790381219574],[-109.91048430486651,28.547889160548667],[-109.9754643054422,28.544069945761724],[-109.98465659820657,28.485508652361922],[-110.05787796470894,28.464412037348325],[-110.0768965014628,28.467867517393657],[-110.08799064790254,28.57080444927033],[-110.10542430659359,28.53970512886236],[-110.15043484357773,28.550435303739963],[-110.18688703902262,28.537886455154293],[-110.2217543564047,28.55807373331385],[-110.30543591812169,28.558437468055466],[-110.35203133316865,28.578624746215027],[-110.36566128450892,28.549344099515125],[-110.39260421157688,28.550253436369157],[-110.43032430947204,28.52351893286055],[-110.43571289488564,28.556982529089012],[-110.45885211460283,28.51260689061214],[-110.51273796873878,28.517517309623926],[-110.54158274948213,28.480598233350136],[-110.52795279814187,28.46295709838187],[-110.57423123757626,28.45422746458314],[-110.64047914060221,28.489873469261283],[-110.64364889672785,28.539523261491553],[-110.72320977548151,28.53406724036735],[-110.79326138585823,28.55116277322319],[-110.81988733731363,28.61627129197204],[-110.85824138643392,28.631184416378204],[-110.89722938677933,28.671558972697323],[-110.83827192284237,28.66664855368554],[-110.84302655703083,28.699020945689156],[-110.81069504454926,28.729756531355513],[-110.82876265446544,28.75303555481879],[-110.87377319144957,28.73230267454681],[-110.88106363053855,28.914351912724463],[-110.81006109332414,28.918898596994634],[-110.77772958084257,28.95890941857214],[-110.70831192169098,28.97164013452862],[-110.60370996954474,28.955272071156003],[-110.59546860361807,28.98036976832735],[-110.55362782275958,28.949997917402605],[-110.52351513956596,28.968366521854094],[-110.50259474913672,28.953998999560355],[-110.46107094389079,28.964911041808765],[-110.46424070001643,28.98946313686769],[-110.38214401636226,28.99055434109253]]]}},{"type":"Feature","properties":{"cvegeo":"26020","cve_ent":"26","state_code":"SON","nom_mun":"Carbó"},"geometry":{"type":"Polygon","coordinates":[[[-111.21198617005572,29.910439502633558],[-111.18345836492493,29.90498348150935],[-111.12671973027592,29.819505817230134],[-111.08963358360589,29.822779429904656],[-111.08614685186768,29.853333148200207],[-110.91941767965884,29.888251683395122],[-110.88898802085265,29.883341264383336],[-110.80879319087387,29.91716859535341],[-110.78216723941847,29.877157773775906],[-110.65284118949222,29.871883620022505],[-110.70704401924073,29.840602432243728],[-110.71718723884278,29.786405955743287],[-110.68390479952352,29.771674698707933],[-110.68865943371199,29.740575378299965],[-110.73335299508356,29.663827347819474],[-110.77234099542898,29.640730191727005],[-110.77804655645514,29.674739390067884],[-110.83985680090518,29.66637349101077],[-110.81323084944978,29.614359422960014],[-110.86521484991033,29.568165110775073],[-110.80847621526131,29.551978914773265],[-110.81703455680055,29.51997025751126],[-110.85855836204648,29.535247116659036],[-110.92956089926089,29.52560814600627],[-110.92227046017192,29.493235754002654],[-110.99644275351197,29.474685282180353],[-110.99042021687325,29.448132646042556],[-111.04430607100919,29.458680953549354],[-111.0379665587579,29.48232371175424],[-111.1206971936372,29.494145090856687],[-111.16760958429671,29.487234130766026],[-111.15556451101928,29.53488338191742],[-111.20089202361598,29.554706925335367],[-111.2931319268722,29.558708007493117],[-111.31880695148992,29.61799677037615],[-111.33528968334326,29.570347519224754],[-111.37554558613893,29.583078235181233],[-111.38061719593996,29.650187295008962],[-111.35494217132225,29.663281745707053],[-111.40629222055767,29.684378360720647],[-111.410412903521,29.726571590747838],[-111.38949251309177,29.724207314927348],[-111.39868480585613,29.77258403556197],[-111.44591417212821,29.811867387656246],[-111.40819407423307,29.916259258499377],[-111.41548451332204,29.960089294863828],[-111.38600578135356,29.973365612932724],[-111.38663973257869,30.03065383473688],[-111.33243690283018,30.008647882869255],[-111.3581119274479,29.906256553105],[-111.31056558556324,29.872065487393314],[-111.25192509723884,29.914258717420502],[-111.21198617005572,29.910439502633558]]]}},{"type":"Feature","properties":{"cvegeo":"26019","cve_ent":"26","state_code":"SON","nom_mun":"Cananea"},"geometry":{"type":"Polygon","coordinates":[[[-109.86198703614417,31.040563344827298],[-109.92221240253139,31.00200746221625],[-109.91999357324345,30.977091632415707],[-110.01033162282428,30.959450497447442],[-110.00652791547351,30.90270787775571],[-109.97831708595528,30.89470571344021],[-110.13490303856207,30.80104401747468],[-110.13205025804899,30.769035360212676],[-110.16501572175568,30.765034278054927],[-110.19069074637339,30.72556905858984],[-110.24394264928421,30.715384485824657],[-110.2537688932737,30.72684213018549],[-110.19798118546238,30.747756877828273],[-110.20051699036289,30.765216145425732],[-110.4439542608123,30.77012656443752],[-110.47406694400593,30.8121379270939],[-110.54063182264444,30.783402882506415],[-110.53809601774392,30.830142796803777],[-110.508934261388,30.917257267420254],[-110.54063182264444,30.971999346033115],[-110.50956821261313,30.987821807293315],[-110.51559074925186,31.03456172159067],[-110.48737991973363,31.0698439915272],[-110.40655113852972,31.084757115933364],[-110.4217659679328,31.112400956296],[-110.40274743117895,31.18860338466407],[-110.37136684553508,31.19024019100133],[-110.34315601601685,31.25262069918808],[-110.27468928370295,31.246437208580645],[-110.25313494204858,31.219520837701232],[-110.14155952642592,31.196241814237958],[-110.09749991627947,31.203516509070234],[-110.09718294066691,31.144409613558004],[-109.9665889882904,31.15804966636852],[-109.94376674418577,31.148774430457372],[-109.94376674418577,31.099124638227103],[-109.89114879250009,31.097487831889843],[-109.86198703614417,31.040563344827298]]]}},{"type":"Feature","properties":{"cvegeo":"26018","cve_ent":"26","state_code":"SON","nom_mun":"Cajeme"},"geometry":{"type":"Polygon","coordinates":[[[-110.10986196516949,28.003741987094585],[-110.13965767275053,28.038296787547885],[-110.0813341600387,28.105223980004805],[-110.13268420927412,28.13104914665938],[-110.12475981896002,28.19324778747532],[-110.14282742887617,28.251809080875123],[-110.09591503821666,28.264539796831603],[-110.10035269679256,28.309279170050086],[-110.04741776949432,28.308369833196053],[-109.95074020766218,28.256173897774488],[-109.9453516222486,28.21834548464666],[-109.91111825609164,28.21052518770197],[-109.91111825609164,28.263812327348376],[-109.7852789379036,28.292001769823436],[-109.7745017670764,28.255810163032873],[-109.69684274199814,28.271268889551457],[-109.74629093755817,28.29418417827312],[-109.747875815621,28.334013132479818],[-109.7710150353382,28.404395804982066],[-109.70064644934891,28.406941948173362],[-109.66039054655324,28.389664547946712],[-109.57036947258497,28.373842086686516],[-109.61347815589372,28.33855981674999],[-109.59921425332833,28.31127971112896],[-109.61316118028115,28.26126618415708],[-109.65817171726529,28.243261314447203],[-109.6651451807417,28.189428572688374],[-109.61474605834397,28.173606111428178],[-109.62615718039629,28.13505022881713],[-109.683846741883,28.134868361446323],[-109.6892353272966,28.085036701845247],[-109.67433747350607,28.075215863821676],[-109.64580966837528,28.00228704812813],[-109.56973552135983,28.007015599769108],[-109.56624878962162,27.954274062235122],[-109.53613610642802,27.908443484791796],[-109.55483766756932,27.880254042316736],[-109.56181113104573,27.851700865100064],[-109.60904049731782,27.855156345145392],[-109.66229240022862,27.84133442496407],[-109.65500196113965,27.78150005996862],[-109.68701649800865,27.829694913232434],[-109.70730293721276,27.83442346487341],[-109.7380495716315,27.757493567022117],[-109.77957337687744,27.72039262337752],[-109.74724186439587,27.682564210249694],[-109.73741562040638,27.62182050840021],[-109.81095396252131,27.562713612887983],[-109.81412371864695,27.518156107040305],[-109.76087181573614,27.521793454456443],[-109.72632147396662,27.504334186858987],[-109.76277366941153,27.49033039930686],[-109.75865298644818,27.44704596505483],[-109.72600449835406,27.44286301552627],[-109.75358137664716,27.413218634084757],[-109.73646469356868,27.398487377049403],[-109.71459337630175,27.378118231519036],[-109.76974713288794,27.378663833631457],[-109.77893942565231,27.353202401718498],[-109.81856137722285,27.353384269089304],[-109.7932033282177,27.274453830159132],[-109.82046323089824,27.22607710952451],[-109.8803716216729,27.144964262144658],[-109.94123093928525,27.153148293830967],[-109.9532760125627,27.11659295229879],[-109.99670167148402,27.074763457013216],[-109.94947230521193,27.040390523930725],[-109.94186489051039,27.01802083732148],[-109.98497357381913,27.06403328213561],[-110.08925855035281,27.10222543000505],[-110.09686596505435,27.189703635363145],[-110.09686596505435,27.51906544389434],[-110.01445230578761,27.519247311265147],[-110.00652791547351,27.599087087049355],[-110.02301064732686,27.650737420358496],[-110.02744830590275,27.71566407173654],[-110.07626255023767,27.72039262337752],[-110.09528108699152,27.699114140993117],[-110.13490303856207,27.71329979591605],[-110.10447337975589,27.76931494612456],[-110.10035269679256,27.833695995390183],[-110.07657952585024,27.9058973416005],[-110.05185542807021,27.915536312253266],[-110.05502518419586,27.947908704256882],[-110.10986196516949,28.003741987094585]]]}},{"type":"Feature","properties":{"cvegeo":"26016","cve_ent":"26","state_code":"SON","nom_mun":"Benjamín Hill"},"geometry":{"type":"Polygon","coordinates":[[[-110.95048128969015,30.19979048958725],[-110.90768958199395,30.17487465978671],[-110.91688187475832,30.113039753712386],[-111.01260850975275,30.153778044773116],[-111.05603416867407,30.09703542508138],[-111.09375426656922,30.132499562388716],[-111.1527117305062,30.069027849977125],[-111.20754851147983,30.07975802485473],[-111.21166919444316,29.96281730542593],[-111.17204724287262,29.962635438055123],[-111.1704623648098,29.920987810140353],[-111.21198617005572,29.910439502633558],[-111.25192509723884,29.914258717420502],[-111.31056558556324,29.872065487393314],[-111.3581119274479,29.906256553105],[-111.33243690283018,30.008647882869255],[-111.38663973257869,30.03065383473688],[-111.39741690340587,30.035564253748667],[-111.40217153759434,30.07921242274231],[-111.35874587867302,30.174510925045098],[-111.38061719593996,30.172146649224608],[-111.36191563479866,30.249985883929938],[-111.42848051343718,30.29381592029439],[-111.38346997645304,30.308547177329743],[-111.38061719593996,30.364380460167446],[-111.35304031764686,30.366926603358742],[-111.30042236596118,30.329098190230916],[-111.25477787775192,30.418395069297077],[-111.22720099945882,30.4322169894784],[-111.1641228525585,30.366744735987933],[-111.21547290179393,30.366744735987933],[-111.21610685301907,30.33873716088368],[-111.14510431580464,30.323642169106712],[-111.10865212035975,30.346921192569987],[-111.07663758349075,30.345829988345145],[-111.09058451044358,30.31673120901605],[-111.00848782678942,30.262716599886417],[-110.97520538747015,30.292906583440356],[-110.95238314336552,30.279448398000646],[-110.99675972912453,30.217977226667934],[-110.95048128969015,30.19979048958725]]]}},{"type":"Feature","properties":{"cvegeo":"26015","cve_ent":"26","state_code":"SON","nom_mun":"Bavispe"},"geometry":{"type":"Polygon","coordinates":[[[-108.66508712310119,30.468226728898152],[-108.68886029404351,30.44367463383923],[-108.7414782457292,30.459860829841038],[-108.88348332015802,30.451313063413117],[-108.88918888118418,30.404209414374144],[-108.95607073543526,30.40948356812754],[-109.04197112644019,30.43094391788275],[-109.08571376097407,30.42403295779209],[-109.12311688325667,30.44367463383923],[-109.17098020075389,30.44131035801874],[-109.19887405465954,30.455314145570867],[-109.19982498149724,30.494051895552726],[-109.16812742024081,30.507691948363238],[-109.18397620086903,30.529879767601674],[-109.12279990764411,30.529152298118447],[-109.12026410274359,30.592442143159232],[-109.21662468896315,30.59298774527165],[-109.29967229945501,30.711019668925296],[-109.30252507996809,30.743755795670523],[-109.25434478685831,30.803590160665976],[-109.2064814693611,30.812683529206318],[-109.11487551732999,30.809228049160993],[-109.11360761487974,30.78904077100143],[-109.11360761487974,30.788858903630626],[-109.11360761487974,30.78904077100143],[-109.11360761487974,30.788858903630626],[-109.10251346843998,30.726114660702258],[-109.06669522422021,30.73029761023082],[-109.06606127299509,30.798134139541773],[-109.05401619971764,30.79777040480016],[-109.05338224849251,30.888522222832776],[-108.93134663765524,30.866334403594337],[-108.93546732061857,30.77358204448285],[-108.94814634512115,30.736844835579866],[-108.91898458876523,30.739390978771162],[-108.86731756391724,30.68937745179928],[-108.87397405178109,30.623359596196394],[-108.83086536847235,30.60171737907038],[-108.72753131877636,30.58025702931517],[-108.67808312321633,30.5571598732227],[-108.6622343425881,30.521695735915365],[-108.66508712310119,30.468226728898152]]]}},{"type":"Feature","properties":{"cvegeo":"26014","cve_ent":"26","state_code":"SON","nom_mun":"Baviácora"},"geometry":{"type":"Polygon","coordinates":[[[-110.01350137894993,29.75057808369434],[-109.98243776891862,29.751851155289987],[-109.97609825666733,29.71547768112862],[-109.95074020766218,29.696563474564705],[-109.98592450065682,29.69274425977776],[-109.97800011034272,29.638911518018936],[-110.01350137894993,29.565073365471356],[-109.99321493974581,29.533246575580158],[-110.00874674476145,29.48414238546231],[-109.98814332994478,29.475958353776],[-109.99226401290811,29.443949696513997],[-110.07214186727433,29.452133728200305],[-110.08418694055177,29.431946450040748],[-110.08608879422717,29.46104522936984],[-110.1310993312113,29.44558650285126],[-110.1862530877975,29.498873642497664],[-110.21414694170316,29.561072283313607],[-110.25662167378678,29.554161323222946],[-110.26391211287576,29.62890881262456],[-110.32635630855094,29.691471188182113],[-110.1070091846564,29.79659052850847],[-110.07721347707536,29.75512476796451],[-110.01350137894993,29.75057808369434]]]}},{"type":"Feature","properties":{"cvegeo":"26013","cve_ent":"26","state_code":"SON","nom_mun":"Banámichi"},"geometry":{"type":"Polygon","coordinates":[[[-110.09147737964075,30.156142320593606],[-110.09084342841562,30.15577858585199],[-110.07974928197588,30.15814286167248],[-110.05629308664611,30.143411604637127],[-110.02301064732686,30.134863838209206],[-110.01350137894993,30.077757483775855],[-110.1070091846564,30.094307414519278],[-110.06770420869843,29.99373475846309],[-110.0581949403215,29.94954098735703],[-110.12919747753591,29.97081946974143],[-110.16691757543107,29.948631650502996],[-110.21351299047802,29.949904722098644],[-110.35298226000634,29.983550185697908],[-110.37263474798533,30.036291723231894],[-110.38436284565022,30.015922577701527],[-110.42144899232024,30.028107691545586],[-110.47058021226772,30.012285230285393],[-110.48421016360798,29.986096328889204],[-110.51273796873878,29.97136507185385],[-110.54253367631982,30.030471967366076],[-110.50227777352416,30.07393826898891],[-110.52256421272827,30.14213853304148],[-110.49688918811056,30.14031985933341],[-110.44902587061334,30.18633230414754],[-110.3818270407497,30.122314989623533],[-110.25693864939934,30.111039212633507],[-110.18878889269801,30.119223244319816],[-110.18815494147287,30.142866002524705],[-110.1177863554836,30.1799669461693],[-110.09147737964075,30.156142320593606]]]}},{"type":"Feature","properties":{"cvegeo":"26011","cve_ent":"26","state_code":"SON","nom_mun":"Bacoachi"},"geometry":{"type":"Polygon","coordinates":[[[-110.24394264928421,30.715384485824657],[-110.19069074637339,30.72556905858984],[-110.16501572175568,30.765034278054927],[-110.13205025804899,30.769035360212676],[-110.13490303856207,30.80104401747468],[-109.97831708595528,30.89470571344021],[-109.96817386635323,30.868334944673215],[-109.88227347534828,30.84432845172671],[-109.86579074349494,30.819048887184557],[-109.86547376788238,30.766307349650575],[-109.83821386520184,30.748302479940698],[-109.84043269448979,30.70774605625077],[-109.81444069425952,30.69028678865331],[-109.78718079157898,30.6342716384448],[-109.8572324019557,30.628633749949792],[-109.86642469472007,30.610992614981527],[-109.77418479146384,30.579711427202753],[-109.7567511327728,30.539882472996048],[-109.74058537653202,30.46786299415654],[-109.85374567021749,30.4694998004938],[-109.87022840207084,30.516239714791162],[-110.02713133029019,30.520604531690523],[-110.09116040402819,30.546975300457518],[-110.19354352688647,30.651549038671455],[-110.24394264928421,30.715384485824657]]]}},{"type":"Feature","properties":{"cvegeo":"26010","cve_ent":"26","state_code":"SON","nom_mun":"Bacerac"},"geometry":{"type":"Polygon","coordinates":[[[-108.66508712310119,30.468226728898152],[-108.60422780548883,30.46513498359444],[-108.61373707386576,30.43567246952373],[-108.6489213668604,30.416940130330623],[-108.62007658611705,30.374746900303435],[-108.62197843979243,30.34037396722094],[-108.58013765893394,30.337464089288034],[-108.54210058542621,30.28326761278759],[-108.55065892696545,30.266717682044167],[-108.62039356172961,30.298180737193753],[-108.61754078121653,30.23598209637781],[-108.61088429335268,30.042111479097713],[-108.67776614760376,30.039565335906417],[-108.72531248948842,30.085941515462164],[-108.72943317245175,30.151595636323435],[-108.80202058772899,30.212884940285342],[-108.80614127069232,30.239801311164754],[-108.84512927103773,30.256533109278983],[-108.88126449087007,30.23670956586104],[-108.92215434489087,30.265808345190134],[-108.98618341862887,30.25616937453737],[-109.07176683402125,30.27690225480935],[-109.06574429738252,30.292179113957125],[-109.1193131759059,30.34437504937869],[-109.19728917659673,30.38529520781023],[-109.22613395734008,30.38256719724813],[-109.20743239619878,30.415121456622554],[-109.17288205442927,30.395116045833802],[-109.17098020075389,30.44131035801874],[-109.12311688325667,30.44367463383923],[-109.08571376097407,30.42403295779209],[-109.04197112644019,30.43094391788275],[-108.95607073543526,30.40948356812754],[-108.88918888118418,30.404209414374144],[-108.88348332015802,30.451313063413117],[-108.7414782457292,30.459860829841038],[-108.68886029404351,30.44367463383923],[-108.66508712310119,30.468226728898152]]]}},{"type":"Feature","properties":{"cvegeo":"26009","cve_ent":"26","state_code":"SON","nom_mun":"Bacanora"},"geometry":{"type":"Polygon","coordinates":[[[-109.57163737503522,28.98673512630559],[-109.5069743500721,28.99346421902544],[-109.5523018626688,29.03402064271537],[-109.53962283816622,29.05529912509977],[-109.47115610585233,29.067120504202215],[-109.49080859383132,29.09712862038534],[-109.44357922755923,29.10549451944246],[-109.44611503245974,29.15732672012241],[-109.40966283701484,29.139139983041723],[-109.38081805627148,29.160418465426126],[-109.27051054309909,29.173149181382605],[-109.25814849420908,29.129319145018155],[-109.3469016657271,29.097674222497762],[-109.29967229945501,28.997647168553996],[-109.31457015324554,28.999647709632875],[-109.31457015324554,28.93635786459209],[-109.29808742139218,28.939267742525],[-109.27177844554934,28.86833946791033],[-109.31330225079527,28.825236901029108],[-109.26005034788447,28.743032849424413],[-109.27716703096294,28.710478590049988],[-109.2454694697065,28.686472097103483],[-109.22930371346573,28.63536736590676],[-109.25592966492113,28.638459111210476],[-109.25909942104677,28.573532459832435],[-109.2961855677168,28.549162232144315],[-109.33961122663811,28.54261500679527],[-109.33485659244965,28.594083472733608],[-109.35387512920352,28.64282392810984],[-109.37606342208302,28.64409699970549],[-109.351339324303,28.73393948088407],[-109.4188551297792,28.726301051310184],[-109.43628878847025,28.77431403720319],[-109.41631932487869,28.805595224981968],[-109.51394781354851,28.818871543050868],[-109.51077805742287,28.87870590804632],[-109.56434693594625,28.91162390216236],[-109.57163737503522,28.98673512630559]]]}},{"type":"Feature","properties":{"cvegeo":"26008","cve_ent":"26","state_code":"SON","nom_mun":"Bacadéhuachi"},"geometry":{"type":"Polygon","coordinates":[[[-108.83878975878645,29.954997008481236],[-108.89489444221034,29.942630027266368],[-108.91549785702702,29.895162643485783],[-108.99600966261836,29.85787983247038],[-108.999179418744,29.80313775385752],[-109.02834117509992,29.801864682261872],[-109.07366868769662,29.667100960493997],[-109.12121502958128,29.67673993114676],[-109.1538635176754,29.665646021527543],[-109.17858761545543,29.717478222207493],[-109.17478390810466,29.604720452307248],[-109.1459391273613,29.586533715226565],[-109.14847493226182,29.552342649514877],[-109.12628663938231,29.521788931219326],[-109.15227863961259,29.51415050164544],[-109.18651200576954,29.542703678862114],[-109.23881298184266,29.53033669764725],[-109.2419827379683,29.632728027411503],[-109.23183951836624,29.642003263322653],[-109.23279044520393,29.680741013304512],[-109.25814849420908,29.75003248158192],[-109.19507034730877,29.767128014437763],[-109.23247346959137,29.81459539821835],[-109.22359815243956,29.862790251482163],[-109.2464203965442,29.87806711062994],[-109.2010928839475,29.8929802350361],[-109.1779536642303,29.946449242053312],[-109.17700273739261,30.009011617610867],[-109.1158264441677,30.02101486408412],[-109.12565268815719,30.04338455069336],[-109.09775883425152,30.053569123458544],[-108.97667415025194,30.02428847675864],[-108.89679629588572,30.033927447411408],[-108.85273668573927,30.049022439188374],[-108.85337063696441,29.98427765518114],[-108.83878975878645,29.954997008481236]]]}},{"type":"Feature","properties":{"cvegeo":"26007","cve_ent":"26","state_code":"SON","nom_mun":"Atil"},"geometry":{"type":"Polygon","coordinates":[[[-111.49029075788722,30.694469738181873],[-111.50772441657827,30.73157068182647],[-111.55875749020113,30.73029761023082],[-111.58823622216961,30.746483806232625],[-111.63071095425323,30.802498956441134],[-111.63609953966683,30.885794212270675],[-111.59616061248371,30.888885957574388],[-111.6113754418868,30.96381531434681],[-111.54068988028496,30.921622084319623],[-111.52198831914366,30.84160044116461],[-111.44464626967796,30.842146043277026],[-111.47158919674592,30.825414245162797],[-111.46620061133234,30.781402341427544],[-111.41897124506025,30.737026702950672],[-111.49029075788722,30.694469738181873]]]}},{"type":"Feature","properties":{"cvegeo":"26006","cve_ent":"26","state_code":"SON","nom_mun":"Arizpe"},"geometry":{"type":"Polygon","coordinates":[[[-110.24394264928421,30.715384485824657],[-110.19354352688647,30.651549038671455],[-110.09116040402819,30.546975300457518],[-110.02713133029019,30.520604531690523],[-109.87022840207084,30.516239714791162],[-109.85374567021749,30.4694998004938],[-109.74058537653202,30.46786299415654],[-109.73741562040638,30.4322169894784],[-109.79573913311822,30.42403295779209],[-109.79542215750566,30.315458137420404],[-109.86452284104467,30.31163892263346],[-109.92062752446857,30.21888656352197],[-109.9887772811699,30.208520123385977],[-110.05629308664611,30.143411604637127],[-110.07974928197588,30.15814286167248],[-110.09084342841562,30.15577858585199],[-110.09147737964075,30.156142320593606],[-110.1177863554836,30.1799669461693],[-110.18815494147287,30.142866002524705],[-110.18878889269801,30.119223244319816],[-110.25693864939934,30.111039212633507],[-110.3818270407497,30.122314989623533],[-110.44902587061334,30.18633230414754],[-110.40496626046689,30.208520123385977],[-110.47913855380695,30.220159635117618],[-110.49023270024671,30.24944028181752],[-110.46772743175464,30.26653581467336],[-110.48547806605823,30.3047279625428],[-110.41162274833074,30.333099272388665],[-110.43381104121025,30.370745818145686],[-110.41003787026793,30.369109011808423],[-110.40686811414228,30.427306570466612],[-110.42778850457152,30.42221428408402],[-110.40686811414228,30.47586515847204],[-110.47121416349285,30.53024350234329],[-110.48801387095875,30.57625594715742],[-110.43666382172333,30.607719002307007],[-110.47184811471797,30.64300127224353],[-110.47058021226772,30.70174443301414],[-110.44649006571282,30.693924136069448],[-110.4138415776187,30.72684213018549],[-110.4439542608123,30.77012656443752],[-110.20051699036289,30.765216145425732],[-110.19798118546238,30.747756877828273],[-110.2537688932737,30.72684213018549],[-110.24394264928421,30.715384485824657]]]}},{"type":"Feature","properties":{"cvegeo":"26005","cve_ent":"26","state_code":"SON","nom_mun":"Arivechi"},"geometry":{"type":"Polygon","coordinates":[[[-109.27177844554934,28.86833946791033],[-109.29808742139218,28.939267742525],[-109.13991659072258,28.97200386927023],[-109.10124556598973,28.971276399787005],[-109.08603073658664,28.944723763649208],[-109.00837171150837,28.952362193223095],[-109.0143942481471,28.973458808236686],[-108.92595805224164,28.935448527738057],[-108.87936263719469,28.95709074486407],[-108.84227649052465,28.898529451464267],[-108.85463853941467,28.826146237883144],[-108.8809475152575,28.79522878484598],[-108.8730231249434,28.764129464438007],[-108.98967015036708,28.772313496124315],[-109.04355600450302,28.742305379941186],[-109.11455854171743,28.84142309703092],[-109.17002927391619,28.82632810525395],[-109.24325064041855,28.824691298916687],[-109.27177844554934,28.86833946791033]]]}},{"type":"Feature","properties":{"cvegeo":"26004","cve_ent":"26","state_code":"SON","nom_mun":"Altar"},"geometry":{"type":"Polygon","coordinates":[[[-111.6567029544835,31.51851079530769],[-111.65701993009607,31.43958035637752],[-111.67889124736301,31.44067156060236],[-111.67572149123737,31.33518848553439],[-111.69822675972944,31.270079966785538],[-111.6123263687245,31.280446406921527],[-111.6177149541381,31.256985516087447],[-111.62373749077682,31.235707033703044],[-111.67825729613789,31.246800943322263],[-111.70646812565612,31.155321655806418],[-111.67825729613789,31.15914087059336],[-111.63800139334221,31.12349486591522],[-111.62754119812759,31.062205561953313],[-111.70424929636816,31.01746618873483],[-111.72326783312202,30.994732767383972],[-111.698543735342,30.888704090203582],[-111.79268549227362,30.865970668852725],[-111.80251173626311,30.766852951762992],[-111.77778763848309,30.687195043349597],[-111.73087524782356,30.590259734709548],[-111.68396285716405,30.594260816867298],[-111.69378910115354,30.55479559740221],[-111.72199993067177,30.525151215960697],[-111.79744012646208,30.537881931917177],[-111.87002754173932,30.566071374392237],[-111.94800354243014,30.634089771073995],[-111.91598900556114,30.650275967075807],[-111.93817729844065,30.680102215888127],[-111.94863749365527,30.748848082053115],[-111.98540666471274,30.744483265153754],[-112.0088628600425,30.777037524528176],[-111.96638812795888,30.819776356667788],[-112.05926198244023,30.84269164538945],[-112.07035612887998,30.89234143761972],[-112.11187993412591,30.902889745126515],[-112.06813729959204,30.973818019741188],[-112.06813729959204,31.005281074890767],[-112.09444627543488,31.04165454905214],[-112.16671671509955,31.06584290936945],[-112.13343427578029,31.126404743848127],[-112.21394608137163,31.157867798997714],[-112.19904822758112,31.19969729428329],[-112.27702422827194,31.226795532533508],[-112.26688100866988,31.270079966785538],[-112.20760656912034,31.261350332986808],[-112.23898715476422,31.31081825784627],[-112.29382393573785,31.321548432723873],[-112.29540881380068,31.347919201490868],[-112.24247388650242,31.356830702660403],[-112.26307730131911,31.425030966712967],[-112.24500969140294,31.45667588923336],[-112.21711583749727,31.450492398625926],[-112.20950842279574,31.487047740158104],[-112.19175778849213,31.433760600511697],[-112.11600061708926,31.493231230765538],[-112.18351642256546,31.550519452569695],[-112.1822485201152,31.579254497157173],[-112.1137817878013,31.60271538799126],[-112.12012130005259,31.664550294065585],[-111.6567029544835,31.51851079530769]]]}},{"type":"Feature","properties":{"cvegeo":"26003","cve_ent":"26","state_code":"SON","nom_mun":"Alamos"},"geometry":{"type":"Polygon","coordinates":[[[-108.73989336766637,27.599996423903388],[-108.71326741621097,27.566169092933315],[-108.65557785472426,27.543617538953264],[-108.66191736697554,27.464505232652286],[-108.63370653745731,27.42813175849092],[-108.62958585449398,27.382846783160012],[-108.5912318053737,27.317920131781968],[-108.66477014748862,27.239353427593414],[-108.64416673267193,27.17879159311473],[-108.61151824457781,27.154057630685003],[-108.59725434201242,27.07676399809209],[-108.60232595181344,27.036935043885393],[-108.5627040002429,27.046028412425734],[-108.5725302442324,27.012746683568082],[-108.50247863385567,26.987285251655123],[-108.42450263316485,26.976009474665098],[-108.46729434086103,26.9707353209117],[-108.51927834132158,26.87961976813747],[-108.55699843921674,26.82378648529977],[-108.53702897562519,26.803053605027788],[-108.57538302474548,26.79323276700422],[-108.60137502497575,26.727214911401333],[-108.62831795204372,26.718303410231798],[-108.63053678133167,26.67665578231703],[-108.66350224503836,26.657923443123927],[-108.67903405005401,26.642828451346958],[-108.67871707444145,26.586995168509254],[-108.73418780664021,26.593360526487494],[-108.77729648994897,26.573718850440358],[-108.87334010055596,26.5509854290895],[-108.89140771047212,26.4898779924984],[-108.9148639058019,26.47951155236241],[-108.83815580756132,26.47260059227175],[-108.87650985668161,26.447502895100406],[-108.88126449087007,26.40621900192725],[-108.90915834477573,26.41658544206324],[-108.95004819879654,26.392215214375124],[-109.00678683344555,26.402399787140308],[-109.08064215117305,26.5349811004585],[-109.03816741908942,26.547348081673363],[-109.10346439527768,26.600453353948964],[-109.10378137089025,26.6679261485183],[-109.06606127299509,26.73212533041312],[-109.0765214682097,26.77068121302417],[-109.10441532211537,26.797961318645196],[-109.15259561522515,26.805599748219084],[-109.15735024941362,26.822513413704122],[-109.10092859037717,26.858705020494682],[-109.14752400542412,26.862524235281626],[-109.19887405465954,26.90835481272495],[-109.22074537192648,26.887621932452973],[-109.22074537192648,26.9229042023895],[-109.24895620144471,26.911810292770284],[-109.23596020132958,26.995105548599817],[-109.255295713696,27.042027330267985],[-109.23342439642906,27.0503932293251],[-109.2518089819578,27.087494172969695],[-109.23469229887932,27.112773737511848],[-109.26005034788447,27.145327996886273],[-109.26005034788447,27.181701471047642],[-109.16717649340312,27.176245449923435],[-109.16717649340312,27.21298265882642],[-109.13738078582206,27.21571066938852],[-109.19507034730877,27.279546116541724],[-109.20362868884801,27.3080992937584],[-109.09268722445049,27.365569382933362],[-109.04323902889045,27.31973880549004],[-109.02739024826224,27.334288195154585],[-109.04292205327789,27.374480884102898],[-109.01217541885914,27.40321592869038],[-108.99537571139324,27.461777222090184],[-108.97318741851373,27.443408617638692],[-108.94465961338294,27.491603470902508],[-108.9405389304196,27.531978027221626],[-108.96779883310013,27.5658053581917],[-108.9538519061473,27.58781131005933],[-108.98269668689066,27.596722811228865],[-108.94212380848242,27.647645675054783],[-108.94973122318397,27.713117928545245],[-108.90218488129932,27.7092987137583],[-108.91549785702702,27.7756803041028],[-108.89584536904803,27.744762851065637],[-108.83308419776029,27.744399116324022],[-108.76588536789664,27.705661366342163],[-108.73989336766637,27.599996423903388]]]}},{"type":"Feature","properties":{"cvegeo":"26002","cve_ent":"26","state_code":"SON","nom_mun":"Agua Prieta"},"geometry":{"type":"Polygon","coordinates":[[[-108.75605912390715,31.332460474972287],[-108.81723541713207,31.238798779006757],[-108.87999658841981,31.23861691163595],[-108.90028302762393,31.20242530484539],[-108.86097805166595,31.218975235588815],[-108.84829902716338,31.19496874264231],[-108.80487336824206,31.192786334192625],[-108.84576322226286,31.135316245017663],[-108.77032302647255,31.102216383530816],[-108.7662023435092,31.073663206314144],[-108.73450478225277,31.053475928154583],[-108.75257239216894,31.033834252107447],[-108.68473961108018,31.033470517365828],[-108.68410565985505,31.006008544373998],[-108.80328849017924,31.00473547277835],[-108.80265453895412,30.903980949351357],[-108.93927102796934,30.907618296767495],[-108.93134663765524,30.866334403594337],[-109.05338224849251,30.888522222832776],[-109.05401619971764,30.79777040480016],[-109.06606127299509,30.798134139541773],[-109.06669522422021,30.73029761023082],[-109.10251346843998,30.726114660702258],[-109.11360761487974,30.788858903630626],[-109.11360761487974,30.78904077100143],[-109.11360761487974,30.788858903630626],[-109.11360761487974,30.78904077100143],[-109.11487551732999,30.809228049160993],[-109.2064814693611,30.812683529206318],[-109.25434478685831,30.803590160665976],[-109.30252507996809,30.743755795670523],[-109.29967229945501,30.711019668925296],[-109.32756615336068,30.70883726047561],[-109.35450908042864,30.767580421246222],[-109.36401834880557,30.841236706422997],[-109.40142147108817,30.85815037190803],[-109.37669737330815,31.01382884131869],[-109.39951961741278,31.017648056105635],[-109.39191220271124,31.09239554550725],[-109.45720917889949,31.132042632343143],[-109.49746508169517,31.105853730946954],[-109.50855922813491,31.04965671336764],[-109.56181113104573,31.066024776740257],[-109.63788527806118,31.064387970402997],[-109.65468498552708,31.095487290810965],[-109.68448069310813,31.088030728607883],[-109.6927220590348,31.128950887039423],[-109.66324332706633,31.141863470366708],[-109.69335601025993,31.27553598790974],[-109.7237856690661,31.256985516087447],[-109.74692488878331,31.33391541393874],[-108.9716025404509,31.33227860760148],[-108.75605912390715,31.332460474972287]]]}},{"type":"Feature","properties":{"cvegeo":"26001","cve_ent":"26","state_code":"SON","nom_mun":"Aconchi"},"geometry":{"type":"Polygon","coordinates":[[[-110.06643630624816,29.842421105951797],[-110.03917640356764,29.779494995652627],[-110.00652791547351,29.780040597765048],[-110.01350137894993,29.75057808369434],[-110.07721347707536,29.75512476796451],[-110.1070091846564,29.79659052850847],[-110.32635630855094,29.691471188182113],[-110.33079396712684,29.70620244521747],[-110.3577368941948,29.786405955743287],[-110.42683757773383,29.779131260911015],[-110.39418908963971,29.819323949859328],[-110.37421962604816,29.83478267637791],[-110.2271429418183,29.854242485054243],[-110.17579289258288,29.845149116513902],[-110.16723455104363,29.87261108950573],[-110.1016205992428,29.877157773775906],[-110.10288850169307,29.843876044918254],[-110.06643630624816,29.842421105951797]]]}},{"type":"Feature","properties":{"cvegeo":"26072","cve_ent":"26","state_code":"SON","nom_mun":"San Ignacio Río Muerto"},"geometry":{"type":"Polygon","coordinates":[[[-110.1818154292216,27.519247311265147],[-110.17896264870852,27.281182922878987],[-110.18657006341006,27.256085225707643],[-110.13807279468772,27.244445713976003],[-110.17737777064569,27.18515695109297],[-110.17991357554621,27.144054925290625],[-110.2173166978288,27.13387035252544],[-110.28831923504322,27.148056007448375],[-110.33237884518967,27.172244367765686],[-110.4040153336292,27.243718244492776],[-110.47216509033053,27.28445653555351],[-110.53556021284341,27.285729607149158],[-110.60180811586936,27.316465192815514],[-110.58786118891652,27.516519300703045],[-110.1818154292216,27.519247311265147]]]}},{"type":"Feature","properties":{"cvegeo":"26071","cve_ent":"26","state_code":"SON","nom_mun":"Benito Juárez"},"geometry":{"type":"Polygon","coordinates":[[[-109.82046323089824,27.22607710952451],[-109.7897165964795,27.202252483948815],[-109.72854030325458,27.20261621869043],[-109.72854030325458,27.10731771638764],[-109.74819279123356,27.081856284474682],[-109.81032001129617,27.080037610766617],[-109.81032001129617,27.04348226923444],[-109.85057591409185,27.043664136605244],[-109.85089288970441,27.00710879507307],[-109.87181328013367,26.97473640306945],[-109.8981222559765,26.98801272113835],[-109.939963036835,27.009109336151944],[-109.94186489051039,27.01802083732148],[-109.94947230521193,27.040390523930725],[-109.99670167148402,27.074763457013216],[-109.9532760125627,27.11659295229879],[-109.94123093928525,27.153148293830967],[-109.8803716216729,27.144964262144658],[-109.82046323089824,27.22607710952451]]]}},{"type":"Feature","properties":{"cvegeo":"26070","cve_ent":"26","state_code":"SON","nom_mun":"General Plutarco Elías Calles"},"geometry":{"type":"Polygon","coordinates":[[[-112.43773086384206,31.620902125071943],[-112.4881299862398,31.625630676712923],[-112.4827414008262,31.598350571091892],[-112.53726120618727,31.598350571091892],[-112.59051310909808,31.559612821110036],[-112.65739496334916,31.559612821110036],[-112.65771193896173,31.510144896250573],[-112.69955271982022,31.481773586404707],[-112.6669042317261,31.420666149813606],[-112.66658725611353,31.38829375780999],[-112.70842803697202,31.380655328236102],[-112.70811106135946,31.351920283648617],[-112.78545311082516,31.351920283648617],[-112.79020774501362,31.319911626386613],[-112.83173155025955,31.3248220453984],[-112.82982969658417,31.359013111110087],[-112.86342911151598,31.364650999605097],[-112.86216120906573,31.434669937365733],[-112.93633350240579,31.379745991382066],[-112.91509613636397,31.44394517327688],[-112.98102706377736,31.407207964373896],[-113.00606813716995,31.44158089745639],[-113.00448325910712,31.497232312923288],[-113.0748518450964,31.499232854002166],[-113.05298052782946,31.56979739387522],[-113.0767536987718,31.60671647014901],[-113.03332803985047,31.62690374830857],[-113.07960647928488,31.698741359777273],[-113.09862501603874,31.691102930203385],[-113.10845126002823,31.744208202478987],[-113.23112082209063,31.745481274074635],[-113.22826804157755,31.76912403227952],[-113.29261409092811,31.776398727111797],[-113.2856406274517,31.82113810033028],[-113.37059009161895,31.817864487655754],[-113.42954755555591,31.93480520708456],[-113.44603028740926,31.900250406631258],[-113.51069331237238,31.924256899577763],[-113.43683799464489,32.07120573518969],[-113.21020043166138,31.999731858462603],[-112.34549096058583,31.734751099197027],[-112.35278139967483,31.664186559323973],[-112.31030666759119,31.635451514736488],[-112.34866071671148,31.61544610394774],[-112.42093115637616,31.62981362624148],[-112.43773086384206,31.620902125071943]]]}},{"type":"Feature","properties":{"cvegeo":"26069","cve_ent":"26","state_code":"SON","nom_mun":"Yécora"},"geometry":{"type":"Polygon","coordinates":[[[-108.55160985380314,28.57771540936099],[-108.53132341459903,28.556618794347397],[-108.52339902428491,28.505877797892285],[-108.50501443875619,28.493328949306616],[-108.51547463397081,28.42603802210808],[-108.4799733653636,28.369477269787154],[-108.52149717060954,28.36493058551698],[-108.51959531693414,28.334740601963045],[-108.55097590257802,28.317826936478006],[-108.60391082987627,28.347471317919524],[-108.6365593179704,28.335286204075466],[-108.64131395215885,28.291638035081824],[-108.68759239159326,28.303459414184267],[-108.75130448971869,28.27163262429307],[-108.96145932084885,28.261993653640307],[-108.98713434546656,28.277816114900503],[-108.99886244313144,28.255264560920452],[-109.02295258968634,28.277452380158888],[-109.07525356575945,28.272541961147105],[-109.06574429738252,28.182517612597714],[-109.13928263949745,28.24344318181801],[-109.16178790798952,28.22943939426588],[-109.23183951836624,28.249990407167054],[-109.28445747005192,28.248899202942212],[-109.31710595814604,28.330193917692874],[-109.3646523000307,28.349289991627593],[-109.36687112931865,28.388937078463485],[-109.33866029980042,28.41221610192676],[-109.34848654378992,28.48368997865385],[-109.36338439758045,28.511333819016492],[-109.29523464087912,28.518062911736344],[-109.2961855677168,28.549162232144315],[-109.25909942104677,28.573532459832435],[-109.25592966492113,28.638459111210476],[-109.22930371346573,28.63536736590676],[-109.17636878616747,28.623727854175122],[-109.13991659072258,28.644824469188716],[-109.13769776143462,28.604086178127982],[-109.08159307801074,28.606450453948472],[-109.07335171208406,28.59208293165473],[-109.01693005304762,28.595902146441674],[-108.96779883310013,28.56171108072999],[-108.92247132050343,28.587899982126174],[-108.89679629588572,28.545706752098987],[-108.87017034443032,28.54898036477351],[-108.88221541770777,28.594629074846026],[-108.82515980744618,28.591901064283924],[-108.8134317097813,28.546434221582214],[-108.78743970955102,28.52351893286055],[-108.71104858692301,28.50515032840906],[-108.63909512287091,28.506059665263095],[-108.62419726908038,28.53843205726671],[-108.58647717118522,28.54679795632383],[-108.55160985380314,28.57771540936099]]]}},{"type":"Feature","properties":{"cvegeo":"26067","cve_ent":"26","state_code":"SON","nom_mun":"Villa Hidalgo"},"geometry":{"type":"Polygon","coordinates":[[[-109.20743239619878,30.415121456622554],[-109.22613395734008,30.38256719724813],[-109.19728917659673,30.38529520781023],[-109.1193131759059,30.34437504937869],[-109.11804527345564,30.299817543531013],[-109.18904781067005,30.284358817012432],[-109.15608234696336,30.229798605770377],[-109.16305581043977,30.212884940285342],[-109.10251346843998,30.171782914482996],[-109.12279990764411,30.097399159822995],[-109.16559161534029,30.101400241980745],[-109.17573483494235,30.055569664537423],[-109.22042839631392,30.027562089433168],[-109.28540839688962,30.03029009999527],[-109.28984605546552,30.0470218981095],[-109.36496927564326,30.037201060085927],[-109.37955015382123,30.06066195092001],[-109.42329278835511,30.05611526664984],[-109.41917210539177,30.082486035416835],[-109.48129932545439,30.102673313576393],[-109.50475552078414,30.084668443866516],[-109.50348761833389,30.12722540863532],[-109.54437747235468,30.10849306944221],[-109.58114664341215,30.164326352279915],[-109.52060430141236,30.169418638662506],[-109.53328332591494,30.22325138042133],[-109.53296635030237,30.34619372308676],[-109.47052215462719,30.359106306414045],[-109.4651335692136,30.419668140892725],[-109.4109307394651,30.478956903775757],[-109.36718810493122,30.42985271365791],[-109.37225971473225,30.40784676179028],[-109.3380263485753,30.405300618598986],[-109.28572537250218,30.42930711154549],[-109.22169629876419,30.4349450000405],[-109.20743239619878,30.415121456622554]]]}},{"type":"Feature","properties":{"cvegeo":"26066","cve_ent":"26","state_code":"SON","nom_mun":"Ures"},"geometry":{"type":"Polygon","coordinates":[[[-110.33079396712684,29.70620244521747],[-110.32635630855094,29.691471188182113],[-110.26391211287576,29.62890881262456],[-110.25662167378678,29.554161323222946],[-110.21414694170316,29.561072283313607],[-110.1862530877975,29.498873642497664],[-110.1310993312113,29.44558650285126],[-110.08608879422717,29.46104522936984],[-110.08418694055177,29.431946450040748],[-110.08545484300203,29.399755925407934],[-110.04107825724303,29.396118577991796],[-110.01698811068813,29.327736446568423],[-109.97831708595528,29.361745644909305],[-109.97800011034272,29.191335918463288],[-109.971977573704,29.163328343359034],[-110.04583289143149,29.162055271763386],[-110.07657952585024,29.144232269424315],[-110.11556752619565,29.156781118009988],[-110.13046537998616,29.068393575797863],[-110.208441380677,29.076577607484168],[-110.21161113680265,29.026200345770672],[-110.2483803078601,29.072212790584807],[-110.31748099139914,29.10349397836358],[-110.37960821146174,29.06257381993204],[-110.39387211402715,29.028746488961968],[-110.476919724519,29.07530453588852],[-110.50639845648749,29.00855921080241],[-110.55584665204752,29.024199804691797],[-110.53492626161828,29.056572196695416],[-110.57993679860242,29.054753522987347],[-110.56694079848728,29.114951622724412],[-110.5222472371157,29.137866911446075],[-110.50639845648749,29.210068257656395],[-110.61512109159706,29.266810877348128],[-110.55267689592188,29.289544298698985],[-110.6316038234504,29.379568647248373],[-110.56820870093753,29.468319924202113],[-110.59863835974372,29.459954025145002],[-110.5995892865814,29.517969716432383],[-110.61448714037193,29.56652830443781],[-110.59008001820447,29.567619508662652],[-110.56186918868625,29.601628707003535],[-110.4439542608123,29.67092017528094],[-110.40433230924177,29.70383816939698],[-110.33079396712684,29.70620244521747]]]}},{"type":"Feature","properties":{"cvegeo":"26065","cve_ent":"26","state_code":"SON","nom_mun":"Tubutama"},"geometry":{"type":"Polygon","coordinates":[[[-111.24273280447447,31.095487290810965],[-111.21357104811855,31.059841286132823],[-111.237978170286,31.049474845996833],[-111.24526860937499,30.95508568054808],[-111.20374480412906,30.971453743920698],[-111.1073842179095,30.917984736903485],[-111.10992002281,30.867607475189985],[-111.12988948640157,30.860696515099328],[-111.11340675454822,30.813410998689548],[-111.1606361208203,30.808682447048568],[-111.17204724287262,30.841782308535414],[-111.2842566097204,30.78631276043933],[-111.24273280447447,30.729024538635173],[-111.26840782909218,30.665734693594388],[-111.31595417097684,30.615721166622507],[-111.51438090444212,30.606991532823777],[-111.49029075788722,30.694469738181873],[-111.41897124506025,30.737026702950672],[-111.46620061133234,30.781402341427544],[-111.47158919674592,30.825414245162797],[-111.44464626967796,30.842146043277026],[-111.52198831914366,30.84160044116461],[-111.54068988028496,30.921622084319623],[-111.6113754418868,30.96381531434681],[-111.5812627586932,31.00273493169947],[-111.58696831971935,31.041108946939715],[-111.62754119812759,31.062205561953313],[-111.63800139334221,31.12349486591522],[-111.67825729613789,31.15914087059336],[-111.70646812565612,31.155321655806418],[-111.67825729613789,31.246800943322263],[-111.62373749077682,31.235707033703044],[-111.6177149541381,31.256985516087447],[-111.52484109965674,31.23752570741111],[-111.5438596364106,31.156230992660454],[-111.4852191480862,31.144409613558004],[-111.5216713435311,31.12385860065683],[-111.49821514820134,31.104216924609695],[-111.4852191480862,31.13258823445556],[-111.45415553805489,31.136043714500893],[-111.42214100118589,31.08257470748368],[-111.39678295218074,31.064569837773803],[-111.4345030500759,31.022740342488227],[-111.40026968391895,30.968907600729402],[-111.33243690283018,30.968361998616977],[-111.33338782966787,31.05238472392974],[-111.27157758521783,31.040563344827298],[-111.26428714612885,31.07111706312285],[-111.33307085405531,31.077118686359476],[-111.32831621986685,31.11312842577923],[-111.28932821952142,31.112946558408424],[-111.28457358533296,31.138771725062995],[-111.24273280447447,31.095487290810965]]]}},{"type":"Feature","properties":{"cvegeo":"26064","cve_ent":"26","state_code":"SON","nom_mun":"Trincheras"},"geometry":{"type":"Polygon","coordinates":[[[-111.31595417097684,30.615721166622507],[-111.33307085405531,30.587713591518252],[-111.27823407308168,30.560979088009645],[-111.30105631718631,30.50478207043033],[-111.22434821894574,30.466408055190087],[-111.26111739000321,30.4349450000405],[-111.25477787775192,30.418395069297077],[-111.30042236596118,30.329098190230916],[-111.35304031764686,30.366926603358742],[-111.38061719593996,30.364380460167446],[-111.38346997645304,30.308547177329743],[-111.42848051343718,30.29381592029439],[-111.36191563479866,30.249985883929938],[-111.38061719593996,30.172146649224608],[-111.35874587867302,30.174510925045098],[-111.40217153759434,30.07921242274231],[-111.39741690340587,30.035564253748667],[-111.44401231845283,30.054660327683386],[-111.50423768484006,30.054842195054192],[-111.46683456255747,29.988278737338888],[-111.55970841703882,29.988278737338888],[-111.64370695436837,30.002282524891015],[-111.6212016858763,29.97827603194451],[-111.6620915398971,29.975366154011603],[-111.70773602810637,30.036837325344315],[-111.73562988201203,30.020469261971698],[-111.78444412634694,30.024652211500257],[-111.81582471199081,30.093216210294436],[-111.80282871187568,30.13395450135517],[-111.85481271233623,30.161598341717813],[-111.8354771999698,30.245075464918152],[-111.89665349319472,30.29254284869874],[-111.89538559074447,30.325460842814778],[-111.86051827336239,30.392933637384118],[-111.84149973660853,30.535153921355075],[-111.79744012646208,30.537881931917177],[-111.72199993067177,30.525151215960697],[-111.69378910115354,30.55479559740221],[-111.63736744211708,30.55479559740221],[-111.63768441772964,30.523696276994244],[-111.59330783197063,30.536426992950723],[-111.56921768541575,30.566253241763043],[-111.52293924598135,30.56879938495434],[-111.51438090444212,30.606991532823777],[-111.31595417097684,30.615721166622507]]]}},{"type":"Feature","properties":{"cvegeo":"26063","cve_ent":"26","state_code":"SON","nom_mun":"Tepache"},"geometry":{"type":"Polygon","coordinates":[[[-109.3557769828789,29.524335074410622],[-109.33422264122453,29.455225473504022],[-109.38018410504635,29.40630315075698],[-109.42551161764305,29.387025209451455],[-109.43977552020846,29.340467162524902],[-109.47622771565335,29.344468244682652],[-109.47876352055387,29.31991614962373],[-109.54279259429187,29.32791831393923],[-109.51901942334953,29.357744562751552],[-109.56149415543317,29.368111002887545],[-109.62393835110834,29.35083360266089],[-109.6651451807417,29.42830910262461],[-109.7104726933384,29.45176999345869],[-109.73709864479382,29.518697185915613],[-109.69494088832275,29.553251986368913],[-109.68321279065788,29.57071125396637],[-109.64010410734912,29.558708007493117],[-109.47020517901463,29.655643316133165],[-109.523774057538,29.60399298282402],[-109.50348761833389,29.555434394818594],[-109.45372244716128,29.570165651853948],[-109.4055421540515,29.567801376033458],[-109.3557769828789,29.524335074410622]]]}},{"type":"Feature","properties":{"cvegeo":"26062","cve_ent":"26","state_code":"SON","nom_mun":"Suaqui Grande"},"geometry":{"type":"Polygon","coordinates":[[[-109.8661077191075,28.513516227466173],[-109.87339815819648,28.4796888964961],[-109.8385308408144,28.50387725681341],[-109.7710150353382,28.5142436969494],[-109.73266098621791,28.463502700494292],[-109.69430693709762,28.463138965752677],[-109.6464436196004,28.498421235689207],[-109.65056430256375,28.524064534972972],[-109.62710810723398,28.510424482162456],[-109.66039054655324,28.389664547946712],[-109.70064644934891,28.406941948173362],[-109.7710150353382,28.404395804982066],[-109.747875815621,28.334013132479818],[-109.74629093755817,28.29418417827312],[-109.69684274199814,28.271268889551457],[-109.7745017670764,28.255810163032873],[-109.7852789379036,28.292001769823436],[-109.91111825609164,28.263812327348376],[-109.91111825609164,28.21052518770197],[-109.9453516222486,28.21834548464666],[-109.95074020766218,28.256173897774488],[-110.04741776949432,28.308369833196053],[-110.10035269679256,28.309279170050086],[-110.11176381884488,28.35274547167292],[-110.06992303798638,28.37238714772006],[-110.05407425735817,28.417853990421772],[-110.05787796470894,28.464412037348325],[-109.98465659820657,28.485508652361922],[-109.9754643054422,28.544069945761724],[-109.91048430486651,28.547889160548667],[-109.90160898771471,28.518790381219574],[-109.8661077191075,28.513516227466173]]]}},{"type":"Feature","properties":{"cvegeo":"26061","cve_ent":"26","state_code":"SON","nom_mun":"Soyopa"},"geometry":{"type":"Polygon","coordinates":[[[-109.57163737503522,28.98673512630559],[-109.56434693594625,28.91162390216236],[-109.51077805742287,28.87870590804632],[-109.51394781354851,28.818871543050868],[-109.41631932487869,28.805595224981968],[-109.43628878847025,28.77431403720319],[-109.4188551297792,28.726301051310184],[-109.351339324303,28.73393948088407],[-109.37606342208302,28.64409699970549],[-109.35387512920352,28.64282392810984],[-109.33485659244965,28.594083472733608],[-109.33961122663811,28.54261500679527],[-109.2961855677168,28.549162232144315],[-109.29523464087912,28.518062911736344],[-109.36338439758045,28.511333819016492],[-109.4055421540515,28.52351893286055],[-109.43343600795717,28.573532459832435],[-109.47622771565335,28.556073192234976],[-109.60713864364243,28.54661608895302],[-109.62710810723398,28.510424482162456],[-109.65056430256375,28.524064534972972],[-109.65500196113965,28.560619876505147],[-109.62615718039629,28.57025884715791],[-109.67402049789351,28.62972947741175],[-109.6651451807417,28.69374679193576],[-109.70096342496147,28.723936775489694],[-109.77513571830153,28.74430592102006],[-109.79066752331718,28.764129464438007],[-109.76023786451101,28.77504150668642],[-109.80334654781976,28.78468047733918],[-109.79130147454232,28.825418768399913],[-109.82711971876209,28.841059362289304],[-109.8420175725526,28.873795489034535],[-109.81824440161029,28.884161929170524],[-109.84074967010235,28.910168963195904],[-109.8483570848039,28.99982957700368],[-109.88322440218597,29.02056245727566],[-109.86991142645827,29.03893106172715],[-109.88195649973572,29.089490190811453],[-109.8661077191075,29.094218742452433],[-109.82141415773593,29.10349397836358],[-109.74850976684613,29.04656949130104],[-109.6429568878622,29.01838004882598],[-109.59445961913985,29.016743242488715],[-109.57163737503522,28.98673512630559]]]}},{"type":"Feature","properties":{"cvegeo":"26060","cve_ent":"26","state_code":"SON","nom_mun":"Sáric"},"geometry":{"type":"Polygon","coordinates":[[[-111.24273280447447,31.095487290810965],[-111.28457358533296,31.138771725062995],[-111.28932821952142,31.112946558408424],[-111.32831621986685,31.11312842577923],[-111.33307085405531,31.077118686359476],[-111.26428714612885,31.07111706312285],[-111.27157758521783,31.040563344827298],[-111.33338782966787,31.05238472392974],[-111.33243690283018,30.968361998616977],[-111.40026968391895,30.968907600729402],[-111.4345030500759,31.022740342488227],[-111.39678295218074,31.064569837773803],[-111.42214100118589,31.08257470748368],[-111.45415553805489,31.136043714500893],[-111.4852191480862,31.13258823445556],[-111.49821514820134,31.104216924609695],[-111.5216713435311,31.12385860065683],[-111.4852191480862,31.144409613558004],[-111.5438596364106,31.156230992660454],[-111.52484109965674,31.23752570741111],[-111.6177149541381,31.256985516087447],[-111.6123263687245,31.280446406921527],[-111.69822675972944,31.270079966785538],[-111.67572149123737,31.33518848553439],[-111.67889124736301,31.44067156060236],[-111.65701993009607,31.43958035637752],[-111.6567029544835,31.51851079530769],[-111.21420499934368,31.37719984819077],[-111.21420499934368,31.323367106431945],[-111.28457358533296,31.313910003149985],[-111.31658812220196,31.28026453955072],[-111.3571610006102,31.279355202696685],[-111.33592363456839,31.256621781345828],[-111.31753904903965,31.17823694452808],[-111.26238529245346,31.190785793113754],[-111.26523807296654,31.148046960974142],[-111.2300537799719,31.110582282587934],[-111.24273280447447,31.095487290810965]]]}},{"type":"Feature","properties":{"cvegeo":"26059","cve_ent":"26","state_code":"SON","nom_mun":"Santa Cruz"},"geometry":{"type":"Polygon","coordinates":[[[-110.701021482602,31.333006077084704],[-110.33966928427864,31.33318794445551],[-110.32191864997503,31.285356825933313],[-110.36027269909532,31.264987680402946],[-110.34315601601685,31.25262069918808],[-110.37136684553508,31.19024019100133],[-110.40274743117895,31.18860338466407],[-110.4217659679328,31.112400956296],[-110.40655113852972,31.084757115933364],[-110.48737991973363,31.0698439915272],[-110.51559074925186,31.03456172159067],[-110.50956821261313,30.987821807293315],[-110.560601286236,31.036380395298742],[-110.60212509148192,31.010191493902553],[-110.67851621410993,31.09876090348549],[-110.7374736780469,31.05875008190798],[-110.7828011906436,31.174053994999525],[-110.65125631142939,31.21642909239752],[-110.701021482602,31.333006077084704]]]}},{"type":"Feature","properties":{"cvegeo":"26058","cve_ent":"26","state_code":"SON","nom_mun":"Santa Ana"},"geometry":{"type":"Polygon","coordinates":[[[-110.83415123987902,30.440946623277128],[-110.82432499588953,30.363107388571798],[-110.79484626392104,30.290906042361478],[-110.8335172886539,30.26017045669512],[-110.82939660569056,30.21415801188099],[-110.89088987452804,30.20833825601517],[-110.91941767965884,30.224342584646173],[-110.95048128969015,30.19979048958725],[-110.99675972912453,30.217977226667934],[-110.95238314336552,30.279448398000646],[-110.97520538747015,30.292906583440356],[-111.00848782678942,30.262716599886417],[-111.09058451044358,30.31673120901605],[-111.07663758349075,30.345829988345145],[-111.10865212035975,30.346921192569987],[-111.14510431580464,30.323642169106712],[-111.21610685301907,30.33873716088368],[-111.21547290179393,30.366744735987933],[-111.1641228525585,30.366744735987933],[-111.22720099945882,30.4322169894784],[-111.25477787775192,30.418395069297077],[-111.26111739000321,30.4349450000405],[-111.22434821894574,30.466408055190087],[-111.30105631718631,30.50478207043033],[-111.27823407308168,30.560979088009645],[-111.33307085405531,30.587713591518252],[-111.31595417097684,30.615721166622507],[-111.26840782909218,30.665734693594388],[-111.24273280447447,30.729024538635173],[-111.20976734076778,30.725932793331452],[-111.13876480355336,30.655004518716787],[-111.1054823642341,30.670645112606174],[-111.08107524206665,30.65336771237952],[-111.10928607158488,30.633544168961578],[-111.09724099830743,30.588804795743094],[-111.05761904673689,30.605354726486517],[-111.07124899807715,30.567708180729497],[-111.02655543670558,30.58425811147292],[-110.98027699727119,30.562252159605293],[-110.93209670416141,30.505691407284363],[-110.84936606928211,30.477138230067688],[-110.83415123987902,30.440946623277128]]]}},{"type":"Feature","properties":{"cvegeo":"26057","cve_ent":"26","state_code":"SON","nom_mun":"San Pedro de la Cueva"},"geometry":{"type":"Polygon","coordinates":[[[-109.69494088832275,29.553251986368913],[-109.73709864479382,29.518697185915613],[-109.7104726933384,29.45176999345869],[-109.6651451807417,29.42830910262461],[-109.62393835110834,29.35083360266089],[-109.56149415543317,29.368111002887545],[-109.51901942334953,29.357744562751552],[-109.54279259429187,29.32791831393923],[-109.47876352055387,29.31991614962373],[-109.48383513035489,29.27299436795556],[-109.42773044693101,29.274085572180404],[-109.36053161706737,29.327736446568423],[-109.34087912908838,29.329191385534877],[-109.3041099580309,29.289180563957373],[-109.2587824454342,29.212432533476882],[-109.27051054309909,29.173149181382605],[-109.38081805627148,29.160418465426126],[-109.40966283701484,29.139139983041723],[-109.44611503245974,29.15732672012241],[-109.44357922755923,29.10549451944246],[-109.49080859383132,29.09712862038534],[-109.47115610585233,29.067120504202215],[-109.53962283816622,29.05529912509977],[-109.5523018626688,29.03402064271537],[-109.5069743500721,28.99346421902544],[-109.57163737503522,28.98673512630559],[-109.59445961913985,29.016743242488715],[-109.6429568878622,29.01838004882598],[-109.74850976684613,29.04656949130104],[-109.82141415773593,29.10349397836358],[-109.8661077191075,29.094218742452433],[-109.89178274372522,29.317188139061628],[-109.93901210999731,29.364655522842213],[-109.98148684208093,29.38775267893468],[-109.98243776891862,29.414123447701677],[-109.92791796355755,29.451224391346273],[-109.98814332994478,29.475958353776],[-110.00874674476145,29.48414238546231],[-109.99321493974581,29.533246575580158],[-109.94947230521193,29.518515318544804],[-109.93837815877217,29.547250363132285],[-109.85247776776724,29.55106957791923],[-109.81824440161029,29.52288013544417],[-109.77893942565231,29.529427360793214],[-109.75960391328589,29.554161323222946],[-109.69494088832275,29.553251986368913]]]}},{"type":"Feature","properties":{"cvegeo":"26056","cve_ent":"26","state_code":"SON","nom_mun":"San Miguel de Horcasitas"},"geometry":{"type":"Polygon","coordinates":[[[-110.73335299508356,29.663827347819474],[-110.66076557980632,29.632728027411503],[-110.61448714037193,29.56652830443781],[-110.5995892865814,29.517969716432383],[-110.59863835974372,29.459954025145002],[-110.56820870093753,29.468319924202113],[-110.6316038234504,29.379568647248373],[-110.7108477265915,29.37629503457385],[-110.68517270197378,29.3350111414007],[-110.74032645855998,29.275176776405246],[-110.79326138585823,29.314823863241138],[-110.77170704420385,29.351924806885734],[-110.82052128853876,29.36556485969625],[-110.88613524033958,29.308094770521283],[-111.02433660741764,29.308276637892092],[-111.04430607100919,29.35556215430187],[-111.07378480297767,29.34810559209879],[-111.0734678273651,29.375749432461433],[-110.9739374850199,29.378295575652725],[-110.98059397288375,29.41084983502715],[-111.06237368092536,29.403575140194878],[-111.04430607100919,29.458680953549354],[-110.99042021687325,29.448132646042556],[-110.99644275351197,29.474685282180353],[-110.92227046017192,29.493235754002654],[-110.92956089926089,29.52560814600627],[-110.85855836204648,29.535247116659036],[-110.81703455680055,29.51997025751126],[-110.80847621526131,29.551978914773265],[-110.86521484991033,29.568165110775073],[-110.81323084944978,29.614359422960014],[-110.83985680090518,29.66637349101077],[-110.77804655645514,29.674739390067884],[-110.77234099542898,29.640730191727005],[-110.73335299508356,29.663827347819474]]]}},{"type":"Feature","properties":{"cvegeo":"26054","cve_ent":"26","state_code":"SON","nom_mun":"San Javier"},"geometry":{"type":"Polygon","coordinates":[[[-109.65056430256375,28.524064534972972],[-109.6464436196004,28.498421235689207],[-109.69430693709762,28.463138965752677],[-109.73266098621791,28.463502700494292],[-109.7710150353382,28.5142436969494],[-109.8385308408144,28.50387725681341],[-109.87339815819648,28.4796888964961],[-109.8661077191075,28.513516227466173],[-109.84550430429081,28.561892948100795],[-109.83979874326467,28.685199025507835],[-109.88005464606033,28.68338035179977],[-109.86547376788238,28.73794056304182],[-109.79066752331718,28.764129464438007],[-109.77513571830153,28.74430592102006],[-109.70096342496147,28.723936775489694],[-109.6651451807417,28.69374679193576],[-109.67402049789351,28.62972947741175],[-109.62615718039629,28.57025884715791],[-109.65500196113965,28.560619876505147],[-109.65056430256375,28.524064534972972]]]}},{"type":"Feature","properties":{"cvegeo":"26053","cve_ent":"26","state_code":"SON","nom_mun":"San Felipe de Jesús"},"geometry":{"type":"Polygon","coordinates":[[[-110.2271429418183,29.854242485054243],[-110.37421962604816,29.83478267637791],[-110.39418908963971,29.819323949859328],[-110.43824869978616,29.905529083621772],[-110.29846245464527,29.920987810140353],[-110.22777689304343,29.892252765552872],[-110.2271429418183,29.854242485054243]]]}},{"type":"Feature","properties":{"cvegeo":"26052","cve_ent":"26","state_code":"SON","nom_mun":"Sahuaripa"},"geometry":{"type":"Polygon","coordinates":[[[-109.23881298184266,29.53033669764725],[-109.18651200576954,29.542703678862114],[-109.15227863961259,29.51415050164544],[-109.12501873693205,29.44376782914319],[-109.0971248830264,29.444313431255612],[-109.06574429738252,29.40284767071165],[-109.04545785817841,29.40448447704891],[-109.01312634569683,29.36356431861737],[-108.95068215002166,29.369202207112384],[-108.91866761315266,29.391026291609204],[-108.8828493689329,29.36720166603351],[-108.83530302704824,29.3139145263871],[-108.77793044117409,29.29609152404803],[-108.7449649774674,29.312641454791454],[-108.73038409928944,29.269175153168618],[-108.74559892869253,29.16223713913419],[-108.72911619683919,29.171876109786957],[-108.698686538033,29.12768233868089],[-108.72975014806431,29.096583018272923],[-108.69805258680788,28.936175997221284],[-108.70661092834712,28.88398006179972],[-108.68822634281838,28.87634163222583],[-108.64321580583425,28.765038801292043],[-108.5839413662847,28.739941104120696],[-108.5839413662847,28.716298345915806],[-108.58013765893394,28.632457487973852],[-108.55160985380314,28.57771540936099],[-108.58647717118522,28.54679795632383],[-108.62419726908038,28.53843205726671],[-108.63909512287091,28.506059665263095],[-108.71104858692301,28.50515032840906],[-108.78743970955102,28.52351893286055],[-108.8134317097813,28.546434221582214],[-108.82515980744618,28.591901064283924],[-108.88221541770777,28.594629074846026],[-108.87017034443032,28.54898036477351],[-108.89679629588572,28.545706752098987],[-108.92247132050343,28.587899982126174],[-108.96779883310013,28.56171108072999],[-109.01693005304762,28.595902146441674],[-109.07335171208406,28.59208293165473],[-109.08159307801074,28.606450453948472],[-109.13769776143462,28.604086178127982],[-109.13991659072258,28.644824469188716],[-109.17636878616747,28.623727854175122],[-109.22930371346573,28.63536736590676],[-109.2454694697065,28.686472097103483],[-109.27716703096294,28.710478590049988],[-109.26005034788447,28.743032849424413],[-109.31330225079527,28.825236901029108],[-109.27177844554934,28.86833946791033],[-109.24325064041855,28.824691298916687],[-109.17002927391619,28.82632810525395],[-109.11455854171743,28.84142309703092],[-109.04355600450302,28.742305379941186],[-108.98967015036708,28.772313496124315],[-108.8730231249434,28.764129464438007],[-108.8809475152575,28.79522878484598],[-108.85463853941467,28.826146237883144],[-108.84227649052465,28.898529451464267],[-108.87936263719469,28.95709074486407],[-108.92595805224164,28.935448527738057],[-109.0143942481471,28.973458808236686],[-109.00837171150837,28.952362193223095],[-109.08603073658664,28.944723763649208],[-109.10124556598973,28.971276399787005],[-109.13991659072258,28.97200386927023],[-109.29808742139218,28.939267742525],[-109.31457015324554,28.93635786459209],[-109.31457015324554,28.999647709632875],[-109.29967229945501,28.997647168553996],[-109.3469016657271,29.097674222497762],[-109.25814849420908,29.129319145018155],[-109.27051054309909,29.173149181382605],[-109.2587824454342,29.212432533476882],[-109.3041099580309,29.289180563957373],[-109.34087912908838,29.329191385534877],[-109.36053161706737,29.327736446568423],[-109.42773044693101,29.274085572180404],[-109.48383513035489,29.27299436795556],[-109.47876352055387,29.31991614962373],[-109.47622771565335,29.344468244682652],[-109.43977552020846,29.340467162524902],[-109.42551161764305,29.387025209451455],[-109.38018410504635,29.40630315075698],[-109.33422264122453,29.455225473504022],[-109.3557769828789,29.524335074410622],[-109.32407942162247,29.54543168942422],[-109.28794420179013,29.523062002814974],[-109.23881298184266,29.53033669764725]]]}},{"type":"Feature","properties":{"cvegeo":"26051","cve_ent":"26","state_code":"SON","nom_mun":"Rosario"},"geometry":{"type":"Polygon","coordinates":[[[-109.3646523000307,28.349289991627593],[-109.31710595814604,28.330193917692874],[-109.28445747005192,28.248899202942212],[-109.23183951836624,28.249990407167054],[-109.16178790798952,28.22943939426588],[-109.13928263949745,28.24344318181801],[-109.06574429738252,28.182517612597714],[-109.06796312667048,28.128321136097274],[-109.03182790683813,28.018109509388324],[-108.97857600392733,27.978826157294048],[-108.92659200346677,27.94063400942461],[-108.91961853999035,27.87097880640559],[-108.91961853999035,27.840606955480844],[-108.97001766238809,27.8340597301318],[-109.01407727253454,27.740579901537078],[-109.04926156552918,27.772406691428277],[-109.12216595641898,27.737306288862555],[-109.12565268815719,27.781863794710233],[-109.15164468838746,27.82987678060324],[-109.18651200576954,27.802414807611406],[-109.1779536642303,27.78077259048539],[-109.19728917659673,27.710208050612337],[-109.23564322571701,27.68983890508197],[-109.27780098218807,27.727121716097372],[-109.28762722617756,27.681291138654046],[-109.32629825091041,27.69656799780182],[-109.38462176362226,27.680927403912435],[-109.40268937353842,27.7571298322805],[-109.42836439815613,27.792048367475417],[-109.4099798126274,27.798595592824462],[-109.47115610585233,27.831513586940503],[-109.49080859383132,27.886073798182558],[-109.55483766756932,27.880254042316736],[-109.53613610642802,27.908443484791796],[-109.56624878962162,27.954274062235122],[-109.56973552135983,28.007015599769108],[-109.64580966837528,28.00228704812813],[-109.67433747350607,28.075215863821676],[-109.6892353272966,28.085036701845247],[-109.683846741883,28.134868361446323],[-109.62615718039629,28.13505022881713],[-109.61474605834397,28.173606111428178],[-109.6651451807417,28.189428572688374],[-109.65817171726529,28.243261314447203],[-109.61316118028115,28.26126618415708],[-109.59921425332833,28.31127971112896],[-109.61347815589372,28.33855981674999],[-109.57036947258497,28.373842086686516],[-109.54152469184162,28.406214478690135],[-109.46988820340206,28.384935996305735],[-109.45562430083667,28.34074222519967],[-109.3646523000307,28.349289991627593]]]}},{"type":"Feature","properties":{"cvegeo":"26055","cve_ent":"26","state_code":"SON","nom_mun":"San Luis Río Colorado"},"geometry":{"type":"MultiPolygon","coordinates":[[[[-114.67589566415893,31.756211448952236],[-114.602357322044,31.753119703648522],[-114.61598727338428,31.72784013910637],[-114.67589566415893,31.756211448952236]]],[[[-114.81346308001186,32.493683637573994],[-113.57662423978577,32.11503577155414],[-113.60705389859194,32.059202488716444],[-113.54365877607908,32.04701737487238],[-113.55760570303191,32.02010100399297],[-113.58962023990091,32.02701196408363],[-113.61054063033016,32.00573348169923],[-113.64635887454993,31.90334215193497],[-113.71514258247639,31.855147298671163],[-113.74113458270666,31.851873685996637],[-113.68819965540843,31.758575724772726],[-113.68471292367022,31.583437446685735],[-113.73669692413077,31.694012808136293],[-113.80294482715672,31.682009561663044],[-113.84890629097855,31.990820357293067],[-113.97601351161686,31.749846090973996],[-113.99883575572149,31.714018218925048],[-113.99059438979481,31.530695909151746],[-114.00612619481046,31.52378494906109],[-114.02577868278945,31.49195815916989],[-114.14781429362672,31.494140567619574],[-114.20708873317626,31.51378224366671],[-114.30027956327018,31.561249627447296],[-114.3383166367779,31.60035111217077],[-114.49204980887161,31.675644203684804],[-114.55417702893422,31.735478568680257],[-114.61947400512248,31.76275867430128],[-114.67811449344688,31.76003066373918],[-114.72280805481846,31.776944329224214],[-114.75704142097541,31.816227681318495],[-114.806806592148,31.8164095486893],[-114.8407229826924,31.859875850312136],[-114.91109156868168,31.867514279886024],[-114.96592834965531,31.918255276341135],[-114.96751322771813,31.9970038479005],[-114.95705303250351,32.03846960844446],[-114.98970152059763,32.14631695933292],[-114.97575459364481,32.17778001448251],[-115.0530966431105,32.245070941681035],[-115.02520278920484,32.28981031489952],[-114.96244161791711,32.351827088344656],[-114.9687811301684,32.39092857306813],[-114.93232893472349,32.438395956848716],[-114.93961937381248,32.474223828897664],[-114.88700142212679,32.49168309649512],[-114.84896434861906,32.47331449204363],[-114.81346308001186,32.493683637573994]]]]}},{"type":"Feature","properties":{"cvegeo":"26029","cve_ent":"26","state_code":"SON","nom_mun":"Guaymas"},"geometry":{"type":"Polygon","coordinates":[[[-110.05787796470894,28.464412037348325],[-110.05407425735817,28.417853990421772],[-110.06992303798638,28.37238714772006],[-110.11176381884488,28.35274547167292],[-110.10035269679256,28.309279170050086],[-110.09591503821666,28.264539796831603],[-110.14282742887617,28.251809080875123],[-110.12475981896002,28.19324778747532],[-110.13268420927412,28.13104914665938],[-110.30068128393323,28.216890545680208],[-110.31526216211118,28.1901560421716],[-110.2857834301427,28.04029732862676],[-110.2911720155563,27.90389680052163],[-110.22587503936803,27.750037004819035],[-110.1523366972531,27.561440541292335],[-110.1818154292216,27.55089223378554],[-110.1818154292216,27.519247311265147],[-110.58786118891652,27.516519300703045],[-110.62463035997399,27.609453527185345],[-110.60117416464423,27.700387212588765],[-110.61638899404731,27.77913578414813],[-110.58659328646627,27.830604250086466],[-110.52066235905288,27.842425629188913],[-110.59134792065473,27.88480072658691],[-110.51559074925186,28.028112214782702],[-110.52605094446648,28.057938463595026],[-110.6227285062986,28.116681624365636],[-110.63001894538759,28.14177932153698],[-110.70641006801559,28.14596227106554],[-110.73525484875894,28.13595956567116],[-110.74032645855998,28.093766335643974],[-110.77868050768026,28.07212411851796],[-110.77455982471693,28.037205583323043],[-110.83003055691569,27.96827784978725],[-110.8271777764026,27.955365266459964],[-110.82781172762773,27.955001531718352],[-110.82749475201517,27.954274062235122],[-110.89057289891548,27.92044673126505],[-110.90705563076882,27.892984758273215],[-110.85665650837109,27.901350657330333],[-110.88423338666419,27.839515751256002],[-110.96220938735502,27.904442402634047],[-110.98027699727119,27.955910868572385],[-111.02211777812968,27.963185563404657],[-111.06490948582586,27.939542805199768],[-111.14161758406644,27.98610085212632],[-111.17585095022339,27.994466751183438],[-111.21198617005572,28.041934134964023],[-111.27760012185655,28.081035619687494],[-111.28489056094553,28.11358987906192],[-111.3295841223171,28.15960232387605],[-111.33433875650557,28.195248328554193],[-111.37427768368867,28.216890545680208],[-111.38600578135356,28.256901367257715],[-111.28647543900836,28.228166322670234],[-111.31753904903965,28.27272382851791],[-111.26523807296654,28.320191212298496],[-111.17680187706108,28.303095679442656],[-111.15017592560568,28.3096429047917],[-111.15651543785697,28.359474564392777],[-111.09565612024461,28.3521998695605],[-111.10262958372103,28.37766130147346],[-111.0433551441715,28.38639093527219],[-111.04367211978406,28.490964673486125],[-110.99866158279993,28.471322997438985],[-110.98281280217171,28.52533760656862],[-110.92892694803577,28.543524343649302],[-110.94667758233936,28.598084554891358],[-110.85824138643392,28.631184416378204],[-110.81988733731363,28.61627129197204],[-110.79326138585823,28.55116277322319],[-110.72320977548151,28.53406724036735],[-110.64364889672785,28.539523261491553],[-110.64047914060221,28.489873469261283],[-110.57423123757626,28.45422746458314],[-110.52795279814187,28.46295709838187],[-110.54158274948213,28.480598233350136],[-110.51273796873878,28.517517309623926],[-110.45885211460283,28.51260689061214],[-110.43571289488564,28.556982529089012],[-110.43032430947204,28.52351893286055],[-110.39260421157688,28.550253436369157],[-110.36566128450892,28.549344099515125],[-110.35203133316865,28.578624746215027],[-110.30543591812169,28.558437468055466],[-110.2217543564047,28.55807373331385],[-110.18688703902262,28.537886455154293],[-110.15043484357773,28.550435303739963],[-110.10542430659359,28.53970512886236],[-110.08799064790254,28.57080444927033],[-110.0768965014628,28.467867517393657],[-110.05787796470894,28.464412037348325]]]}},{"type":"Feature","properties":{"cvegeo":"26030","cve_ent":"26","state_code":"SON","nom_mun":"Hermosillo"},"geometry":{"type":"MultiPolygon","coordinates":[[[[-112.24120598405217,29.316824404320013],[-112.18795408114136,29.322826027556637],[-112.03675671394817,29.318461210657276],[-112.01044773810533,29.468319924202113],[-111.92486432271295,29.572711795045244],[-111.92074363974962,29.592353471092384],[-111.95687885958195,29.624543995725197],[-111.87985378572881,29.688925044990818],[-111.86051827336239,29.67092017528094],[-111.82977163894364,29.69456293348583],[-111.78507807757207,29.650551029750574],[-111.75242958947794,29.648914223413314],[-111.70520022320585,29.601446839632725],[-111.75147866264025,29.54979650632358],[-111.69188724747815,29.59780949221659],[-111.65828783254634,29.580895826731552],[-111.63292978354119,29.60526605441967],[-111.66018968622171,29.64036645698539],[-111.5980624661591,29.63763844642329],[-111.54132383151008,29.661463071998988],[-111.51279602637929,29.712749670566517],[-111.40629222055767,29.684378360720647],[-111.35494217132225,29.663281745707053],[-111.38061719593996,29.650187295008962],[-111.37554558613893,29.583078235181233],[-111.33528968334326,29.570347519224754],[-111.31880695148992,29.61799677037615],[-111.2931319268722,29.558708007493117],[-111.20089202361598,29.554706925335367],[-111.15556451101928,29.53488338191742],[-111.16760958429671,29.487234130766026],[-111.1206971936372,29.494145090856687],[-111.0379665587579,29.48232371175424],[-111.04430607100919,29.458680953549354],[-111.06237368092536,29.403575140194878],[-110.98059397288375,29.41084983502715],[-110.9739374850199,29.378295575652725],[-111.0734678273651,29.375749432461433],[-111.07378480297767,29.34810559209879],[-111.04430607100919,29.35556215430187],[-111.02433660741764,29.308276637892092],[-110.88613524033958,29.308094770521283],[-110.82052128853876,29.36556485969625],[-110.77170704420385,29.351924806885734],[-110.79326138585823,29.314823863241138],[-110.74032645855998,29.275176776405246],[-110.68517270197378,29.3350111414007],[-110.7108477265915,29.37629503457385],[-110.6316038234504,29.379568647248373],[-110.55267689592188,29.289544298698985],[-110.61512109159706,29.266810877348128],[-110.50639845648749,29.210068257656395],[-110.5222472371157,29.137866911446075],[-110.56694079848728,29.114951622724412],[-110.57993679860242,29.054753522987347],[-110.53492626161828,29.056572196695416],[-110.55584665204752,29.024199804691797],[-110.50639845648749,29.00855921080241],[-110.476919724519,29.07530453588852],[-110.39387211402715,29.028746488961968],[-110.38214401636226,28.99055434109253],[-110.46424070001643,28.98946313686769],[-110.46107094389079,28.964911041808765],[-110.50259474913672,28.953998999560355],[-110.52351513956596,28.968366521854094],[-110.55362782275958,28.949997917402605],[-110.59546860361807,28.98036976832735],[-110.60370996954474,28.955272071156003],[-110.70831192169098,28.97164013452862],[-110.77772958084257,28.95890941857214],[-110.81006109332414,28.918898596994634],[-110.88106363053855,28.914351912724463],[-110.87377319144957,28.73230267454681],[-110.82876265446544,28.75303555481879],[-110.81069504454926,28.729756531355513],[-110.84302655703083,28.699020945689156],[-110.83827192284237,28.66664855368554],[-110.89722938677933,28.671558972697323],[-110.85824138643392,28.631184416378204],[-110.94667758233936,28.598084554891358],[-110.92892694803577,28.543524343649302],[-110.98281280217171,28.52533760656862],[-110.99866158279993,28.471322997438985],[-111.04367211978406,28.490964673486125],[-111.0433551441715,28.38639093527219],[-111.10262958372103,28.37766130147346],[-111.09565612024461,28.3521998695605],[-111.15651543785697,28.359474564392777],[-111.15017592560568,28.3096429047917],[-111.17680187706108,28.303095679442656],[-111.26523807296654,28.320191212298496],[-111.31753904903965,28.27272382851791],[-111.28647543900836,28.228166322670234],[-111.38600578135356,28.256901367257715],[-111.45732529418054,28.31709946699478],[-111.46239690398157,28.3654761876294],[-111.49219261156261,28.387118404755416],[-111.58221368553089,28.41512597985967],[-111.6452918324312,28.443679157076346],[-111.71249066229484,28.45895601622412],[-111.76510861398052,28.593356003250378],[-111.80156080942541,28.629365742670135],[-111.86939359051419,28.671377105326517],[-111.92549827393808,28.71902635647791],[-111.95053934733066,28.757764106459767],[-111.90140812738319,28.78704475315967],[-111.98604061593787,28.849607128717224],[-112.03136812853457,28.859427966740796],[-112.04785086038791,28.899256920947494],[-112.11314783657618,28.960909959651016],[-112.17369017857597,28.970730797674584],[-112.15086793447134,28.988553800013655],[-112.1679846175498,29.024745406804218],[-112.16513183703672,29.114951622724412],[-112.20316891054445,29.17860520250681],[-112.23011183761241,29.180423876214878],[-112.20919144718317,29.24153131280598],[-112.24120598405217,29.316824404320013]]],[[[-112.29223905767503,29.226254453658203],[-112.26244335009397,29.193700194283778],[-112.27480539898399,29.13768504407527],[-112.223138374136,29.06966664739351],[-112.20253495931932,29.01492456878065],[-112.23962110598934,28.87179494795566],[-112.2719526184709,28.824691298916687],[-112.27702422827194,28.769403618191404],[-112.30967271636607,28.747033931582166],[-112.36102276560149,28.761401453875905],[-112.40222959523486,28.795956254329205],[-112.45801730304619,28.801957877565833],[-112.46879447387337,28.818689675680062],[-112.5841735968468,28.87634163222583],[-112.51380501085751,28.9179892601406],[-112.48939788869005,28.94908858054857],[-112.5058806205434,29.013833364555808],[-112.47766979102518,29.167875027629208],[-112.44914198589439,29.199883684891212],[-112.41173886361179,29.18551616259747],[-112.3600718387638,29.22025283042158],[-112.29223905767503,29.226254453658203]]],[[[-112.55437788926575,28.73102960295116],[-112.55532881610344,28.672104574809744],[-112.60255818237553,28.673741381147003],[-112.61301837759015,28.726846653422605],[-112.55437788926575,28.73102960295116]]]]}}]}