{"type":"FeatureCollection","features":[{"type":"Feature","properties":{"cvegeo":"30001","cve_ent":"30","state_code":"VER","nom_mun":"Acajete"},"geometry":{"type":"Polygon","coordinates":[[[-97.0346179468901,19.625294081394003],[-97.0026034100211,19.61692818233689],[-96.99594692215724,19.57819043235503],[-97.01845219064931,19.551455928846423],[-97.01433150768597,19.52181154740491],[-97.0282784346388,19.505261616661485],[-97.10466955726682,19.53035931383283],[-97.10086584991603,19.54763671405948],[-97.0932584352145,19.58291898399601],[-97.0346179468901,19.625294081394003]]]}},{"type":"Feature","properties":{"cvegeo":"30002","cve_ent":"30","state_code":"VER","nom_mun":"Acatlán"},"geometry":{"type":"Polygon","coordinates":[[[-96.8558437014038,19.708771204594346],[-96.83492331097455,19.714590960460164],[-96.83080262801121,19.71313602149371],[-96.81368594493274,19.698950366570777],[-96.83111960362378,19.672943332545398],[-96.85330789650328,19.6623950250386],[-96.8647190185556,19.69003886540124],[-96.8558437014038,19.708771204594346]]]}},{"type":"Feature","properties":{"cvegeo":"30003","cve_ent":"30","state_code":"VER","nom_mun":"Acayucan"},"geometry":{"type":"Polygon","coordinates":[[[-95.26018846775487,18.12343333327107],[-95.19203871105353,18.076329684232096],[-95.16002417418453,18.07669341897371],[-95.14132261304323,18.107247137269262],[-95.12040222261399,18.133436038665447],[-95.08711978329472,18.142347539834983],[-95.04432807559854,18.111066352056206],[-95.00438914841544,18.144348080913858],[-94.99202709952543,18.127252548058014],[-94.98949129462491,18.10615593304442],[-94.93750729416436,18.141074468239335],[-94.88425539125355,18.106883402527647],[-94.85984826908609,18.0525050586564],[-94.87125939113841,18.031408443642807],[-94.85065597632173,17.992852561031754],[-94.89598348891843,17.99721737793112],[-94.90676065974561,17.959388964803296],[-94.89059490350483,17.952478004712635],[-94.93021685507537,17.921196816933858],[-94.9825178311485,17.90773863149415],[-95.00787588015365,17.929926450732587],[-95.00946075821646,17.939747288756156],[-95.0091437826039,17.94138409509342],[-95.00850983137877,17.953023606825056],[-95.00819285576621,17.952478004712635],[-95.00850983137877,17.953023606825056],[-95.00534007525313,17.954296678420704],[-95.004706124028,17.95847962794926],[-95.00755890454109,17.96138950588217],[-95.0972630028968,17.972483415501387],[-95.13498310079194,17.967027394377183],[-95.14702817406939,17.94229343194745],[-95.17175227184941,17.983759192491412],[-95.19615939401687,17.985214131457866],[-95.2278569552733,18.061598427196742],[-95.22627207721048,18.087241726480507],[-95.26018846775487,18.12343333327107]]]}},{"type":"Feature","properties":{"cvegeo":"30004","cve_ent":"30","state_code":"VER","nom_mun":"Actopan"},"geometry":{"type":"Polygon","coordinates":[[[-96.48086155174018,19.438334424204566],[-96.5135100398343,19.400142276335128],[-96.5410869181274,19.397596133143832],[-96.55978847926869,19.417237809190972],[-96.60670086992822,19.420511421865495],[-96.654881163038,19.454520620206374],[-96.68879755358239,19.455066222318795],[-96.73032135882832,19.51653739365151],[-96.79339950572862,19.545636172980604],[-96.76804145672348,19.565277849027744],[-96.75916613957168,19.56600531851097],[-96.75821521273397,19.575280554422122],[-96.75599638344603,19.573461880714053],[-96.74426828578115,19.571643207005984],[-96.74331735894346,19.571461339635178],[-96.74078155404294,19.571643207005984],[-96.72303091973933,19.569097063814688],[-96.71764233432575,19.56836959433146],[-96.68055618765571,19.532177987540898],[-96.68435989500648,19.56091303212838],[-96.6824580413311,19.570370135410336],[-96.68055618765571,19.571097604893563],[-96.65107745568723,19.58510139244569],[-96.64663979711133,19.585465127187305],[-96.60574994309053,19.58855687249102],[-96.60828574799105,19.614382039145593],[-96.55978847926869,19.618928723415763],[-96.50368379584481,19.70567945929063],[-96.45011491732143,19.727139809045838],[-96.40700623401268,19.7049519898074],[-96.39591208757292,19.644572022699528],[-96.37467472153112,19.608380415908968],[-96.37499169714368,19.562186103724027],[-96.33029813577211,19.497441319716792],[-96.37499169714368,19.482891930052244],[-96.39115745338447,19.457430498139285],[-96.45645442957272,19.46179531503865],[-96.48086155174018,19.438334424204566]]]}},{"type":"Feature","properties":{"cvegeo":"30005","cve_ent":"30","state_code":"VER","nom_mun":"Acula"},"geometry":{"type":"Polygon","coordinates":[[[-95.77812661868501,18.466617061983587],[-95.84342359487327,18.488804881222023],[-95.82662388740735,18.539545877677135],[-95.88304554644381,18.58246657718755],[-95.87892486348048,18.629388358855714],[-95.82408808250685,18.655940994993514],[-95.80411861891528,18.646847626453173],[-95.78636798461169,18.58192097507513],[-95.75815715509346,18.555004604195716],[-95.71663334984753,18.523359681675323],[-95.71536544739728,18.5173580584387],[-95.70490525218264,18.495170239200263],[-95.77812661868501,18.466617061983587]]]}},{"type":"Feature","properties":{"cvegeo":"30006","cve_ent":"30","state_code":"VER","nom_mun":"Acultzingo"},"geometry":{"type":"Polygon","coordinates":[[[-97.34905775455393,18.715957227359773],[-97.33099014463775,18.763788345881974],[-97.32560155922417,18.76633448907327],[-97.28502868081593,18.762515274286326],[-97.22448633881613,18.791614053615422],[-97.20641872889996,18.780338276625397],[-97.20927150941304,18.74451040457645],[-97.23336165596794,18.701953439807646],[-97.23589746086846,18.64339214640784],[-97.27393453437618,18.632843838901046],[-97.27393453437618,18.63302570627185],[-97.30341326634466,18.674309599445007],[-97.34430312036547,18.685767243805838],[-97.34905775455393,18.715957227359773]]]}},{"type":"Feature","properties":{"cvegeo":"30007","cve_ent":"30","state_code":"VER","nom_mun":"Camarón de Tejeda"},"geometry":{"type":"Polygon","coordinates":[[[-96.64347004098569,19.04768331171146],[-96.56802984519537,19.05459427180212],[-96.52935882046252,19.04368222955371],[-96.4868840883789,19.047501444340654],[-96.49005384450454,18.988758283570043],[-96.52111745453584,18.990758824648918],[-96.55756964998075,18.96529739273596],[-96.53981901567714,18.95765896316207],[-96.61335735779207,18.9503842683298],[-96.61145550411669,19.01658399130349],[-96.66787716315314,19.019675736607205],[-96.64347004098569,19.04768331171146]]]}},{"type":"Feature","properties":{"cvegeo":"30008","cve_ent":"30","state_code":"VER","nom_mun":"Alpatláhuac"},"geometry":{"type":"Polygon","coordinates":[[[-97.0666324837591,19.11279183046031],[-97.06409667885858,19.103334727178357],[-97.13319736239761,19.063505772971656],[-97.17472116764354,19.065870048792146],[-97.2016640947115,19.099515512391413],[-97.12051833789504,19.136798323406815],[-97.0666324837591,19.11279183046031]]]}},{"type":"Feature","properties":{"cvegeo":"30009","cve_ent":"30","state_code":"VER","nom_mun":"Alto Lucero de Gutiérrez Barrios"},"geometry":{"type":"Polygon","coordinates":[[[-96.64663979711133,19.585465127187305],[-96.65107745568723,19.58510139244569],[-96.68055618765571,19.571097604893563],[-96.6824580413311,19.570370135410336],[-96.68435989500648,19.56091303212838],[-96.68055618765571,19.532177987540898],[-96.71764233432575,19.56836959433146],[-96.72303091973933,19.569097063814688],[-96.74078155404294,19.571643207005984],[-96.74331735894346,19.571461339635178],[-96.74426828578115,19.571643207005984],[-96.75599638344603,19.573461880714053],[-96.75821521273397,19.575280554422122],[-96.75409452977064,19.60474306849283],[-96.7598000907968,19.61147216121268],[-96.74458526139371,19.66294062715102],[-96.71732535871318,19.70622506140305],[-96.73032135882832,19.71895577735953],[-96.71605745626292,19.724775533225348],[-96.68911452919495,19.732413962799235],[-96.67738643153007,19.736960647069406],[-96.66407345580237,19.71713710365146],[-96.67580155346725,19.74714521983459],[-96.63744750434697,19.776789601276107],[-96.5810258453105,19.792066460423882],[-96.55788662559331,19.828258067214442],[-96.52618906433688,19.92482964111288],[-96.44726213680835,19.84462613058706],[-96.40098369737396,19.724775533225348],[-96.40700623401268,19.7049519898074],[-96.45011491732143,19.727139809045838],[-96.50368379584481,19.70567945929063],[-96.55978847926869,19.618928723415763],[-96.60828574799105,19.614382039145593],[-96.60574994309053,19.58855687249102],[-96.64663979711133,19.585465127187305]]]}},{"type":"Feature","properties":{"cvegeo":"30010","cve_ent":"30","state_code":"VER","nom_mun":"Altotonga"},"geometry":{"type":"Polygon","coordinates":[[[-96.99404506848185,19.784791765591606],[-97.02605960535085,19.78006321395063],[-97.11132604513067,19.740052392373123],[-97.12749180137145,19.760239670532684],[-97.19564155807278,19.678217486298795],[-97.25967063181078,19.681127364231706],[-97.2381162901564,19.636751725754834],[-97.26822897335002,19.638024797350482],[-97.28059102224003,19.756602323116546],[-97.26062155864847,19.78915658249097],[-97.18771716775868,19.78279122451273],[-97.13890292342376,19.813890544920703],[-97.11512975248144,19.84517173269948],[-97.08470009367525,19.848445345374003],[-97.08470009367525,19.847899743261582],[-97.08470009367525,19.848445345374003],[-97.08279823999987,19.848263478003197],[-97.08311521561244,19.847899743261582],[-97.08279823999987,19.848263478003197],[-97.05205160558113,19.85499257072305],[-97.00894292227238,19.858084316026765],[-97.00355433685878,19.882818278456497],[-96.95664194619926,19.89300285122168],[-96.94966848272284,19.864995276117426],[-96.97470955611543,19.840806915800115],[-96.96012867793748,19.81461801440393],[-96.99404506848185,19.784791765591606]]]}},{"type":"Feature","properties":{"cvegeo":"30011","cve_ent":"30","state_code":"VER","nom_mun":"Alvarado"},"geometry":{"type":"Polygon","coordinates":[[[-95.52549705547122,18.714684155764125],[-95.51186710413096,18.66485249616305],[-95.5505381288638,18.652849249689798],[-95.59428076339769,18.692132601784078],[-95.63738944670644,18.6954062144586],[-95.72550866699933,18.66667116987112],[-95.72170495964856,18.61520270393278],[-95.75054974039192,18.600471446897426],[-95.75815715509346,18.555004604195716],[-95.78636798461169,18.58192097507513],[-95.80411861891528,18.646847626453173],[-95.82408808250685,18.655940994993514],[-95.87892486348048,18.629388358855714],[-95.89350574165843,18.62211366402344],[-95.88209461960612,18.7219588505964],[-95.86592886336534,18.752148834150336],[-95.90681871738614,18.753421905745984],[-95.93661442496719,18.79416019680672],[-95.97718730337542,18.793068992581876],[-95.99620584012928,18.802344228493027],[-95.98257588878901,18.833443548900995],[-95.98637959613978,18.884912014839333],[-96.03297501118675,18.900007006616303],[-96.02219784035957,18.94038156293542],[-96.04343520640137,18.986212140378747],[-96.1115849631027,19.010400500696058],[-96.09668710931219,19.046228372745006],[-96.11729052412886,19.055685476026962],[-96.09890593860014,19.102243522953515],[-96.0618197919301,19.06514257930892],[-95.97084779112414,19.052048128610824],[-95.96038759590951,18.964569923252732],[-95.94105208354308,18.9052811603697],[-95.8627591072397,18.832534212046962],[-95.74104047201499,18.786703634603636],[-95.66433237377441,18.741964261385153],[-95.52549705547122,18.714684155764125]]]}},{"type":"Feature","properties":{"cvegeo":"30012","cve_ent":"30","state_code":"VER","nom_mun":"Amatitlán"},"geometry":{"type":"Polygon","coordinates":[[[-95.59396378778513,18.354950496308184],[-95.63960827599439,18.356223567903832],[-95.65926076397338,18.3765927134342],[-95.76956827714578,18.438973221620948],[-95.77812661868501,18.466617061983587],[-95.70490525218264,18.495170239200263],[-95.71536544739728,18.5173580584387],[-95.71663334984753,18.523359681675323],[-95.68335091052828,18.495170239200263],[-95.62661227587925,18.40714643172975],[-95.63263481251798,18.383685540895666],[-95.59396378778513,18.354950496308184]]]}},{"type":"Feature","properties":{"cvegeo":"30013","cve_ent":"30","state_code":"VER","nom_mun":"Naranjos Amatlán"},"geometry":{"type":"Polygon","coordinates":[[[-97.7902878072435,21.33230122378706],[-97.77475600222785,21.362127472599383],[-97.77634088029066,21.343395133406275],[-97.73196429453166,21.333574295382707],[-97.6834670258093,21.361400003116152],[-97.67173892814444,21.357398920958403],[-97.60612497634361,21.33230122378706],[-97.58552156152693,21.35176103246339],[-97.58647248836462,21.333574295382707],[-97.59217804939078,21.29119919798471],[-97.65969385486699,21.280105288365494],[-97.67712751355802,21.267920174521436],[-97.74527727025936,21.267374572409015],[-97.77443902661528,21.33102815219141],[-97.7902878072435,21.33230122378706]]]}},{"type":"Feature","properties":{"cvegeo":"30014","cve_ent":"30","state_code":"VER","nom_mun":"Amatlán de los Reyes"},"geometry":{"type":"Polygon","coordinates":[[[-96.82858379872326,18.897642730795813],[-96.82509706698505,18.88218400427723],[-96.85013814037764,18.869453288320752],[-96.82224428647197,18.843446254295372],[-96.83967794516302,18.815438679191118],[-96.83777609148763,18.78597616512041],[-96.86662087223098,18.78470309352476],[-96.90434097012614,18.78597616512041],[-96.9243104337177,18.794887666289945],[-96.92652926300565,18.80198049375141],[-96.9277971654559,18.805799708538355],[-96.93255179964437,18.81471120970789],[-96.95664194619926,18.83835396791278],[-96.89958633593768,18.86436100193816],[-96.88151872602151,18.885457616951754],[-96.90687677502666,18.89673339394178],[-96.87517921377022,18.91110091623552],[-96.8735943357074,18.95711336104965],[-96.85394184772841,18.960568841094982],[-96.82985170117352,18.94220023664349],[-96.82858379872326,18.897642730795813]]]}},{"type":"Feature","properties":{"cvegeo":"30015","cve_ent":"30","state_code":"VER","nom_mun":"Angel R. Cabada"},"geometry":{"type":"Polygon","coordinates":[[[-95.46844144520965,18.60374505957195],[-95.47541490868606,18.680856824794052],[-95.47541490868606,18.681220559535667],[-95.47541490868606,18.680856824794052],[-95.47541490868606,18.681220559535667],[-95.46590564030913,18.689586458592782],[-95.45766427438245,18.698679827133123],[-95.43706085956578,18.71086494097718],[-95.2874483704354,18.715229757876546],[-95.30266319983849,18.691586999671657],[-95.28649744359771,18.664125026679823],[-95.29949344371285,18.62156806191102],[-95.26779588245641,18.59155994572789],[-95.30519900473901,18.59337861943596],[-95.32453451710543,18.573009473905593],[-95.33404378548236,18.51790366055112],[-95.38032222491675,18.48898674859283],[-95.44403432304219,18.486440605401533],[-95.47541490868606,18.469163205174883],[-95.50299178697915,18.47625603263635],[-95.49601832350274,18.538454673452293],[-95.46939237204734,18.553913399970874],[-95.46844144520965,18.60374505957195]]]}},{"type":"Feature","properties":{"cvegeo":"30016","cve_ent":"30","state_code":"VER","nom_mun":"La Antigua"},"geometry":{"type":"Polygon","coordinates":[[[-96.22157550066254,19.265378554567256],[-96.226330134851,19.22082104871958],[-96.27324252551053,19.264832952454835],[-96.31888701371979,19.231005621484762],[-96.33980740414904,19.241917663733172],[-96.32205676984543,19.29556853812119],[-96.34931667252597,19.341035380822902],[-96.38481794113318,19.360495189499236],[-96.3775275020442,19.40068787844755],[-96.33251696506005,19.395777459435763],[-96.32173979423287,19.414146063887255],[-96.29511384277747,19.322303041629798],[-96.22157550066254,19.265378554567256]]]}},{"type":"Feature","properties":{"cvegeo":"30017","cve_ent":"30","state_code":"VER","nom_mun":"Apazapan"},"geometry":{"type":"Polygon","coordinates":[[[-96.73697784669217,19.372134701230873],[-96.70749911472369,19.357585311566325],[-96.6789713095929,19.37759072235508],[-96.65424721181287,19.33776176814838],[-96.63649657750926,19.348491943025984],[-96.63300984577106,19.347218871430336],[-96.56264125978177,19.341944717676938],[-96.59782555277641,19.32102997003415],[-96.6780203827552,19.303570702436694],[-96.70306145614778,19.311572866752194],[-96.718910236776,19.315392081539137],[-96.73697784669217,19.372134701230873]]]}},{"type":"Feature","properties":{"cvegeo":"30018","cve_ent":"30","state_code":"VER","nom_mun":"Aquila"},"geometry":{"type":"Polygon","coordinates":[[[-97.32560155922417,18.76633448907327],[-97.33099014463775,18.763788345881974],[-97.35349541312982,18.791068451503],[-97.3262355104493,18.811619464404174],[-97.32591853483673,18.812892535999822],[-97.2923191199049,18.786158032491215],[-97.32560155922417,18.76633448907327]]]}},{"type":"Feature","properties":{"cvegeo":"30019","cve_ent":"30","state_code":"VER","nom_mun":"Astacinga"},"geometry":{"type":"Polygon","coordinates":[[[-97.04888184945548,18.588286333053368],[-97.0479309226178,18.581375372962707],[-97.11259394758092,18.52135914059645],[-97.14460848444992,18.571008932826718],[-97.04888184945548,18.588286333053368]]]}},{"type":"Feature","properties":{"cvegeo":"30020","cve_ent":"30","state_code":"VER","nom_mun":"Atlahuilco"},"geometry":{"type":"Polygon","coordinates":[[[-97.06980223988474,18.703226511403294],[-97.05363648364396,18.681402426906473],[-97.08470009367525,18.64120973795816],[-97.1341482892353,18.64812069804882],[-97.15792146017762,18.66430689405063],[-97.15918936262788,18.66430689405063],[-97.18676624092097,18.672490925736938],[-97.13668409413582,18.683402967985348],[-97.13256341117247,18.730142882282706],[-97.11227697196836,18.70231717454926],[-97.06980223988474,18.703226511403294]]]}},{"type":"Feature","properties":{"cvegeo":"30021","cve_ent":"30","state_code":"VER","nom_mun":"Atoyac"},"geometry":{"type":"Polygon","coordinates":[[[-96.814953847383,19.008945561729604],[-96.79435043256632,18.994941774177477],[-96.7357099442419,18.871635696770433],[-96.71161979768702,18.848538540677964],[-96.74775501751935,18.845628662745057],[-96.75726428589628,18.85108468386926],[-96.78484116418939,18.876000513669798],[-96.82509706698505,18.88218400427723],[-96.82858379872326,18.897642730795813],[-96.82985170117352,18.94220023664349],[-96.85394184772841,18.960568841094982],[-96.859330433142,18.977118771838406],[-96.859330433142,18.97802810869244],[-96.85837950630432,19.010582368066864],[-96.83904399393789,19.008036224875568],[-96.814953847383,19.008945561729604]]]}},{"type":"Feature","properties":{"cvegeo":"30022","cve_ent":"30","state_code":"VER","nom_mun":"Atzacan"},"geometry":{"type":"Polygon","coordinates":[[[-97.08470009367525,18.880365330569163],[-97.1056204841045,18.88618508643498],[-97.10625443532963,18.910737181493907],[-97.08723589857577,18.921103621629896],[-97.12780877698401,18.97093528123097],[-97.10371863042911,18.989849487794885],[-97.09199053276424,18.98366599718745],[-97.0479309226178,18.991486294132145],[-97.03335004443983,18.963842453769505],[-97.02193892238752,18.932015663878307],[-97.0533195080314,18.94674692091366],[-97.0666324837591,18.913647059426815],[-97.08470009367525,18.880365330569163]]]}},{"type":"Feature","properties":{"cvegeo":"30023","cve_ent":"30","state_code":"VER","nom_mun":"Atzalan"},"geometry":{"type":"Polygon","coordinates":[[[-97.26062155864847,19.78915658249097],[-97.23938419260666,19.815891085999578],[-97.25333111955949,19.83698770101317],[-97.25206321710924,19.88427321742295],[-97.22321843636588,19.92246536529239],[-97.15348380160172,20.01121664224613],[-97.0967451669527,20.02394735820261],[-97.08311521561244,20.051409331194442],[-97.06219482518318,20.033404461484565],[-97.05427043486908,19.99266617042383],[-97.00196945879597,19.958656972082952],[-96.98802253184313,19.981208526063],[-96.95886077548721,19.962658054240702],[-96.95664194619926,19.895003392300556],[-96.95664194619926,19.89300285122168],[-97.00355433685878,19.882818278456497],[-97.00894292227238,19.858084316026765],[-97.05205160558113,19.85499257072305],[-97.08279823999987,19.848263478003197],[-97.08311521561244,19.847899743261582],[-97.08279823999987,19.848263478003197],[-97.08470009367525,19.848445345374003],[-97.08470009367525,19.847899743261582],[-97.08470009367525,19.848445345374003],[-97.11512975248144,19.84517173269948],[-97.13890292342376,19.813890544920703],[-97.18771716775868,19.78279122451273],[-97.26062155864847,19.78915658249097]]]}},{"type":"Feature","properties":{"cvegeo":"30024","cve_ent":"30","state_code":"VER","nom_mun":"Tlaltetela"},"geometry":{"type":"Polygon","coordinates":[[[-96.6824580413311,19.265560421938062],[-96.68277501694367,19.265742289308868],[-96.80734643268146,19.21954797712393],[-96.82604799382275,19.246464348003343],[-96.75663033467116,19.27592686207405],[-96.75916613957168,19.278836740006962],[-96.78072048122604,19.283929026389554],[-96.82002545718403,19.29866028342491],[-96.85330789650328,19.288475710659725],[-96.91385023850307,19.2771999336697],[-96.97978116591646,19.219366109753125],[-96.96710214141389,19.195541484177426],[-97.02954633708906,19.218093038157477],[-97.0016524831834,19.23627977523816],[-96.98612067816775,19.28010981160261],[-96.97153979998978,19.289748782255373],[-96.89483170174921,19.34412712612662],[-96.84348165251379,19.371407231747646],[-96.80449365216838,19.358858383161973],[-96.77628282265015,19.3383073702608],[-96.77596584703758,19.307571784594444],[-96.74204945649319,19.31284593834784],[-96.72524974902728,19.268834034612585],[-96.70464633421061,19.268288432500164],[-96.70306145614778,19.311572866752194],[-96.6780203827552,19.303570702436694],[-96.59782555277641,19.32102997003415],[-96.60891969921617,19.293567997042317],[-96.6824580413311,19.265560421938062]]]}},{"type":"Feature","properties":{"cvegeo":"30026","cve_ent":"30","state_code":"VER","nom_mun":"Banderilla"},"geometry":{"type":"Polygon","coordinates":[[[-96.95474009252388,19.56727839010662],[-96.98897345868083,19.579099769209066],[-96.9686870194767,19.596922771548137],[-96.96837004386414,19.59655903680652],[-96.94174409240874,19.612381498066718],[-96.89705053103717,19.580736575546325],[-96.95474009252388,19.56727839010662]]]}},{"type":"Feature","properties":{"cvegeo":"30027","cve_ent":"30","state_code":"VER","nom_mun":"Benito Juárez"},"geometry":{"type":"Polygon","coordinates":[[[-98.12976868829992,20.728683420079136],[-98.18492244488611,20.739231727585935],[-98.19633356693843,20.760510209970334],[-98.23024995748281,20.761601414195177],[-98.24800059178642,20.789245254557816],[-98.22517834768179,20.817980299145297],[-98.25402312842515,20.82143577919063],[-98.26543425047745,20.86635701977992],[-98.22517834768179,20.90654970872823],[-98.19855239622638,20.885453093714638],[-98.17889990824739,20.900548085491607],[-98.1690736642579,20.89691073807547],[-98.1557606885302,20.88472562423141],[-98.12659893217428,20.886726165310286],[-98.1272328833994,20.88654429793948],[-98.1272328833994,20.886180563197865],[-98.1272328833994,20.88654429793948],[-98.1272328833994,20.886180563197865],[-98.11011620032093,20.863265274476202],[-98.13515727371352,20.80815946112173],[-98.09933902949373,20.795610612536056],[-98.09299951724245,20.760146475228723],[-98.12976868829992,20.728683420079136]]]}},{"type":"Feature","properties":{"cvegeo":"30028","cve_ent":"30","state_code":"VER","nom_mun":"Boca del Río"},"geometry":{"type":"Polygon","coordinates":[[[-96.11855842657913,19.17171685860173],[-96.09288340196142,19.15152958044217],[-96.09890593860014,19.102243522953515],[-96.11729052412886,19.055685476026962],[-96.14328252435914,19.058413486589064],[-96.13060349985656,19.118611586326132],[-96.14962203661042,19.10933635041498],[-96.11855842657913,19.17171685860173]]]}},{"type":"Feature","properties":{"cvegeo":"30029","cve_ent":"30","state_code":"VER","nom_mun":"Calcahualco"},"geometry":{"type":"Polygon","coordinates":[[[-97.17472116764354,19.065870048792146],[-97.19469063123509,19.053866802318893],[-97.2675950221249,19.029678442001583],[-97.26696107089975,19.030224044114004],[-97.26062155864847,19.098606175537377],[-97.20134711909894,19.141890609789407],[-97.19469063123509,19.171898725972536],[-97.14429150883736,19.164078429027843],[-97.14429150883736,19.163714694286227],[-97.0755078009109,19.15789493842041],[-97.0533195080314,19.132251639136644],[-97.0666324837591,19.11279183046031],[-97.12051833789504,19.136798323406815],[-97.2016640947115,19.099515512391413],[-97.17472116764354,19.065870048792146]]]}},{"type":"Feature","properties":{"cvegeo":"30030","cve_ent":"30","state_code":"VER","nom_mun":"Camerino Z. Mendoza"},"geometry":{"type":"Polygon","coordinates":[[[-97.16679677732942,18.8096189233253],[-97.16647980171686,18.80907332121288],[-97.13161248433478,18.796160737885593],[-97.14048780148659,18.767061958556496],[-97.16204214314097,18.763788345881974],[-97.19469063123509,18.813438138112243],[-97.16679677732942,18.8096189233253]]]}},{"type":"Feature","properties":{"cvegeo":"30031","cve_ent":"30","state_code":"VER","nom_mun":"Carrillo Puerto"},"geometry":{"type":"Polygon","coordinates":[[[-96.52840789362483,18.864542869308966],[-96.46596369794965,18.813438138112243],[-96.47420506387633,18.777064663950874],[-96.51414399105943,18.755604314195665],[-96.64727374833646,18.76633448907327],[-96.68277501694367,18.7777921334341],[-96.68911452919495,18.85344895968975],[-96.64283608976055,18.851812153352487],[-96.64473794343594,18.873818105220117],[-96.6006783332895,18.888185627513856],[-96.52840789362483,18.864542869308966]]]}},{"type":"Feature","properties":{"cvegeo":"30032","cve_ent":"30","state_code":"VER","nom_mun":"Catemaco"},"geometry":{"type":"Polygon","coordinates":[[[-94.89915324504408,18.548639246217476],[-94.9131001719969,18.47680163474877],[-94.90549275729536,18.44861219227371],[-94.86396895204943,18.45206767231904],[-94.89598348891843,18.40660082961733],[-94.86904056185045,18.38932342939068],[-94.88013470829021,18.371682294422413],[-94.93497148926384,18.35567796579141],[-94.97300856277157,18.36386199747772],[-95.0259434900698,18.33749122871073],[-95.0180190997557,18.319850093742463],[-95.02118885588135,18.28420408906432],[-95.0633466123524,18.27692939423205],[-95.0785614417555,18.315303409472293],[-95.14354144233118,18.289114508076107],[-95.16160905224736,18.30384576511146],[-95.14893002774478,18.318577022146815],[-95.15558651560863,18.39441571577327],[-95.13656797885477,18.423696362473173],[-95.13371519834169,18.46534399038794],[-95.14988095458247,18.492805963379773],[-95.08553490523191,18.490805422300898],[-95.08711978329472,18.528451968057915],[-95.132764271504,18.5413645513852],[-95.09916485657217,18.549366715700703],[-95.10138368586013,18.57155453493914],[-95.04971666101214,18.599562110043394],[-95.02530953884468,18.568644657006228],[-94.94860144060411,18.549912317813124],[-94.89915324504408,18.548639246217476]]]}},{"type":"Feature","properties":{"cvegeo":"30033","cve_ent":"30","state_code":"VER","nom_mun":"Cazones de Herrera"},"geometry":{"type":"Polygon","coordinates":[[[-97.40579638920295,20.72795595059591],[-97.34557102281572,20.73941359495674],[-97.30373024195723,20.801975970514295],[-97.25618390007257,20.777969477567794],[-97.21814682656485,20.79597434727767],[-97.19405668000996,20.73941359495674],[-97.18106067989483,20.670667728791752],[-97.2149770704392,20.653390328565102],[-97.24952741220872,20.65939195180173],[-97.29390399796773,20.617016854403733],[-97.29834165654363,20.639022806271363],[-97.29707375409338,20.653935930677523],[-97.37980438897267,20.65466340016075],[-97.3661744376324,20.678124290994834],[-97.40579638920295,20.72795595059591]]]}},{"type":"Feature","properties":{"cvegeo":"30034","cve_ent":"30","state_code":"VER","nom_mun":"Cerro Azul"},"geometry":{"type":"Polygon","coordinates":[[[-97.71326273339037,21.203720992626618],[-97.70533834307625,21.19153587878256],[-97.7208701480919,21.17243980484784],[-97.71389668461549,21.16789312057767],[-97.72720966034319,21.130792176933074],[-97.75510351424886,21.139339943360994],[-97.80677053909685,21.18517052080432],[-97.84417366137944,21.19735563464838],[-97.82927580758891,21.223362668673758],[-97.79535941704452,21.238639527821533],[-97.71326273339037,21.203720992626618]]]}},{"type":"Feature","properties":{"cvegeo":"30035","cve_ent":"30","state_code":"VER","nom_mun":"Citlaltépetl"},"geometry":{"type":"Polygon","coordinates":[[[-97.95353024771414,21.40195642680608],[-97.93197590605976,21.427599726089845],[-97.89710858867768,21.376313127522316],[-97.89013512520127,21.4077761826719],[-97.85146410046842,21.37140270851053],[-97.864143124971,21.347032480822413],[-97.844490636992,21.29756455596295],[-97.8720675152851,21.246096090024615],[-97.90661785705461,21.309567802436202],[-97.90439902776666,21.372493912735372],[-97.95353024771414,21.40195642680608]]]}},{"type":"Feature","properties":{"cvegeo":"30036","cve_ent":"30","state_code":"VER","nom_mun":"Coacoatzintla"},"geometry":{"type":"Polygon","coordinates":[[[-96.91416721411564,19.66348622926344],[-96.91416721411564,19.663304361892635],[-96.91701999462872,19.634933052046765],[-96.9686870194767,19.643662685845495],[-96.98009814152903,19.714227225718552],[-96.95949472671234,19.72222939003405],[-96.91416721411564,19.66348622926344]]]}},{"type":"Feature","properties":{"cvegeo":"30037","cve_ent":"30","state_code":"VER","nom_mun":"Coahuitlán"},"geometry":{"type":"Polygon","coordinates":[[[-97.67712751355802,20.30693298717806],[-97.6799802940711,20.262921083442805],[-97.7075571723642,20.22800254824789],[-97.73640195310756,20.243825009508086],[-97.75763931914938,20.279289146815422],[-97.70882507481446,20.285290770052047],[-97.67712751355802,20.30693298717806]]]}},{"type":"Feature","properties":{"cvegeo":"30038","cve_ent":"30","state_code":"VER","nom_mun":"Coatepec"},"geometry":{"type":"Polygon","coordinates":[[[-96.80798038390658,19.400506011076743],[-96.81685570105839,19.39541372469415],[-96.80449365216838,19.358858383161973],[-96.84348165251379,19.371407231747646],[-96.89546565297434,19.375408313905396],[-96.99689784899493,19.459249171847354],[-97.04317628842932,19.475980969961583],[-97.07202106917268,19.509262698819235],[-97.10593745971707,19.521265945292487],[-97.10466955726682,19.53035931383283],[-97.0282784346388,19.505261616661485],[-97.01433150768597,19.52181154740491],[-96.9918262391939,19.506898422998745],[-96.94808360466003,19.51417311783102],[-96.89990331155025,19.48543807324354],[-96.88690731143511,19.44560911903684],[-96.83397238413686,19.437243219979724],[-96.79847111552965,19.417055941820166],[-96.80798038390658,19.400506011076743]]]}},{"type":"Feature","properties":{"cvegeo":"30039","cve_ent":"30","state_code":"VER","nom_mun":"Coatzacoalcos"},"geometry":{"type":"Polygon","coordinates":[[[-94.25759460521382,18.06978245888305],[-94.31179743496233,18.096698829762463],[-94.3377894351926,18.064872039871265],[-94.34476289866903,18.060870957713515],[-94.36600026471083,18.08196757272711],[-94.38565275268982,18.073056071557573],[-94.42432377742267,18.09797190135811],[-94.46838338756912,18.11124821942701],[-94.5200504124171,18.100881779291022],[-94.53748407110815,18.141983805093368],[-94.58534738860537,18.121614659563],[-94.60214709607128,18.152895847341778],[-94.63891626712874,18.17308312550134],[-94.62655421823874,18.211275273370777],[-94.59739246188282,18.193452271031706],[-94.55967236398766,18.16890017597278],[-94.4658475826686,18.150895306262903],[-94.35490611827109,18.16380788959019],[-94.24016094652279,18.187814382536693],[-94.22367821466945,18.135618447115128],[-94.25759460521382,18.06978245888305]]]}},{"type":"Feature","properties":{"cvegeo":"30040","cve_ent":"30","state_code":"VER","nom_mun":"Coatzintla"},"geometry":{"type":"Polygon","coordinates":[[[-97.51927365850098,20.36694921954432],[-97.57442741508717,20.35021742143009],[-97.62102283013414,20.350399288800897],[-97.65272039139057,20.39750293783987],[-97.64257717178852,20.404777632672143],[-97.64669785475185,20.40841498008828],[-97.63401883024927,20.452790618565153],[-97.60105336654259,20.460792782880652],[-97.57601229315,20.49098276643459],[-97.54177892699305,20.488436623243295],[-97.48852702408225,20.507350829807205],[-97.40389453552756,20.48752728638926],[-97.39945687695166,20.469704284050188],[-97.44763717006144,20.45624609861048],[-97.47299521906659,20.354582238329456],[-97.51927365850098,20.36694921954432]]]}},{"type":"Feature","properties":{"cvegeo":"30041","cve_ent":"30","state_code":"VER","nom_mun":"Coetzala"},"geometry":{"type":"Polygon","coordinates":[[[-96.9243104337177,18.794887666289945],[-96.90434097012614,18.78597616512041],[-96.91575209217847,18.761060335319872],[-96.93698945822027,18.781611348221045],[-96.9243104337177,18.794887666289945]]]}},{"type":"Feature","properties":{"cvegeo":"30042","cve_ent":"30","state_code":"VER","nom_mun":"Colipa"},"geometry":{"type":"Polygon","coordinates":[[[-96.75029082241987,19.966477269027646],[-96.73444204179165,19.98811948615366],[-96.70940096839907,19.96902341221894],[-96.66280555335211,19.998304058918844],[-96.63744750434697,19.947744929834542],[-96.6504435044621,19.902641821874443],[-96.67421667540442,19.872088103578893],[-96.70211052931009,19.884091350052145],[-96.73983062720525,19.908461577740262],[-96.77089423723655,19.904642362953318],[-96.79403345695376,19.941561439227108],[-96.76296984692245,19.951927879363097],[-96.75029082241987,19.966477269027646]]]}},{"type":"Feature","properties":{"cvegeo":"30043","cve_ent":"30","state_code":"VER","nom_mun":"Comapa"},"geometry":{"type":"Polygon","coordinates":[[[-96.92367648249257,19.193359075727745],[-96.8602813599797,19.175536073388674],[-96.81875755473376,19.160441081611705],[-96.71764233432575,19.167897643814786],[-96.68531082184418,19.19299534098613],[-96.62445150423183,19.203725515863734],[-96.58958418684975,19.172626195455763],[-96.5001970641066,19.150620243588136],[-96.49449150308044,19.136070853923588],[-96.57373540622153,19.13297910861987],[-96.55503384508023,19.100970451357867],[-96.56549404029485,19.084420520614444],[-96.61208945534182,19.090785878592683],[-96.6504435044621,19.074054080478454],[-96.68435989500648,19.077873295265398],[-96.76043404202193,19.095878164975275],[-96.82351218892224,19.140435670822953],[-96.88627336020997,19.158258673162024],[-96.89546565297434,19.159895479499284],[-96.92367648249257,19.193359075727745]]]}},{"type":"Feature","properties":{"cvegeo":"30044","cve_ent":"30","state_code":"VER","nom_mun":"Córdoba"},"geometry":{"type":"Polygon","coordinates":[[[-96.95664194619926,18.83835396791278],[-96.97375862927774,18.853630827060556],[-96.98326789765467,18.902735017178404],[-96.95600799497413,18.906554231965348],[-97.00355433685878,18.952930411521095],[-96.99119228796877,18.97911931291728],[-96.98960740990596,18.990576957278112],[-96.96424936090081,19.00858182698799],[-96.92969901913129,19.010582368066864],[-96.89831843348742,18.992031896244566],[-96.9065597994141,18.966570464331607],[-96.8735943357074,18.95711336104965],[-96.87517921377022,18.91110091623552],[-96.90687677502666,18.89673339394178],[-96.88151872602151,18.885457616951754],[-96.89958633593768,18.86436100193816],[-96.95664194619926,18.83835396791278]]]}},{"type":"Feature","properties":{"cvegeo":"30045","cve_ent":"30","state_code":"VER","nom_mun":"Cosamaloapan de Carpio"},"geometry":{"type":"Polygon","coordinates":[[[-96.08400808480961,18.161625481140508],[-96.12204515831733,18.14307500931821],[-96.17973471980405,18.140528866126914],[-96.17149335387737,18.18635944357024],[-96.07830252378345,18.199817629009946],[-96.07830252378345,18.232553755755177],[-96.05389540161599,18.251649829689896],[-96.0770346213332,18.307664979898405],[-96.07640067010806,18.30784684726921],[-96.07640067010806,18.308392449381632],[-96.07640067010806,18.30784684726921],[-96.0770346213332,18.307664979898405],[-96.05484632845369,18.364589466960947],[-96.01617530372084,18.387868490424225],[-95.98511169368953,18.42678810777689],[-95.90396593687306,18.425696903552048],[-95.89984525390972,18.377320182917426],[-95.85958935111405,18.372227896534834],[-95.78034544797296,18.395506919998112],[-95.7667154966327,18.31475780735987],[-95.79017169196246,18.339491769789603],[-95.80950720432888,18.31603087895552],[-95.83042759475813,18.333672013923785],[-95.85673657060097,18.282203547985446],[-95.91727891260076,18.268381627804125],[-95.91189032718717,18.250376758094248],[-95.92013169311385,18.246557543307304],[-95.95278018120797,18.250194890723442],[-95.95214622998284,18.227461469372585],[-95.97718730337542,18.250558625465054],[-96.00698301095647,18.184722637232976],[-96.02156388913443,18.216549427124175],[-96.04470310885164,18.17944848347958],[-96.08400808480961,18.161625481140508]]]}},{"type":"Feature","properties":{"cvegeo":"30046","cve_ent":"30","state_code":"VER","nom_mun":"Cosautlán de Carvajal"},"geometry":{"type":"Polygon","coordinates":[[[-97.03556887372778,19.35285675992535],[-97.01528243452367,19.358676515791167],[-96.97185677560235,19.355948505229065],[-96.93064994596898,19.369042955927156],[-96.89483170174921,19.34412712612662],[-96.97153979998978,19.289748782255373],[-97.02447472728804,19.31884756158447],[-97.03556887372778,19.35285675992535]]]}},{"type":"Feature","properties":{"cvegeo":"30047","cve_ent":"30","state_code":"VER","nom_mun":"Coscomatepec"},"geometry":{"type":"Polygon","coordinates":[[[-97.0060901417593,19.051320659127597],[-97.02796145902624,19.033497656788526],[-97.07202106917268,19.022040012427695],[-97.09199053276424,18.98366599718745],[-97.10371863042911,18.989849487794885],[-97.16267609436609,19.010582368066864],[-97.19469063123509,19.053866802318893],[-97.17472116764354,19.065870048792146],[-97.13319736239761,19.063505772971656],[-97.06409667885858,19.103334727178357],[-97.0666324837591,19.11279183046031],[-97.0533195080314,19.132251639136644],[-97.0381046786283,19.13425218021552],[-96.99975062950801,19.085875459580897],[-97.0060901417593,19.051320659127597]]]}},{"type":"Feature","properties":{"cvegeo":"30048","cve_ent":"30","state_code":"VER","nom_mun":"Cosoleacaque"},"geometry":{"type":"Polygon","coordinates":[[[-94.58534738860537,18.121614659563],[-94.53748407110815,18.141983805093368],[-94.5200504124171,18.100881779291022],[-94.46838338756912,18.11124821942701],[-94.42432377742267,18.09797190135811],[-94.42210494813473,18.0525050586564],[-94.45190065571578,18.053959997622854],[-94.46045899725502,18.028498565709896],[-94.50229977811351,18.030317239417965],[-94.51592972945377,18.068509387287403],[-94.55111402244842,18.070509928366278],[-94.56949860797715,18.094152686571167],[-94.57932485196665,18.026861759372636],[-94.59739246188282,17.98266798826657],[-94.56442699817612,17.96084390376975],[-94.58883412034358,17.89628098713332],[-94.6214826084377,17.901918875628333],[-94.64652368183029,17.86972835099552],[-94.69026631636417,17.886823883851363],[-94.67188173083544,17.955569750016352],[-94.62211655966283,17.923197358012732],[-94.6135582181236,17.964481251185887],[-94.65444807214439,17.97175594601816],[-94.65096134040618,18.017586523461485],[-94.61926377914975,18.037955668991852],[-94.59453968136974,18.096153227650042],[-94.58534738860537,18.121614659563]]]}},{"type":"Feature","properties":{"cvegeo":"30049","cve_ent":"30","state_code":"VER","nom_mun":"Cotaxtla"},"geometry":{"type":"Polygon","coordinates":[[[-96.31444935514389,18.97802810869244],[-96.30525706237952,18.97402702653469],[-96.30113637941619,18.935107409182024],[-96.26341628152103,18.917284406842953],[-96.24693354966769,18.90182568032437],[-96.21967364698715,18.92019428477586],[-96.19336467114431,18.902189415065983],[-96.18385540276738,18.84235505007053],[-96.24376379354204,18.82744192566437],[-96.27894808653669,18.78233881770427],[-96.34075833098673,18.79870688107689],[-96.4219040878032,18.770699305972634],[-96.40098369737396,18.75778672264535],[-96.43521706353091,18.736508240260946],[-96.47547296632658,18.73632637289014],[-96.47420506387633,18.777064663950874],[-96.46596369794965,18.813438138112243],[-96.52840789362483,18.864542869308966],[-96.51255911299661,18.876727983153025],[-96.5356983327138,18.9052811603697],[-96.46691462478734,18.93929035871058],[-96.39591208757292,18.935471143923635],[-96.34963364813854,18.971117148601778],[-96.31444935514389,18.97802810869244]]]}},{"type":"Feature","properties":{"cvegeo":"30050","cve_ent":"30","state_code":"VER","nom_mun":"Coxquihui"},"geometry":{"type":"Polygon","coordinates":[[[-97.51483599992508,20.169986856960506],[-97.60485707389336,20.157801743116448],[-97.6213398057467,20.17216926541019],[-97.62229073258439,20.17435167385987],[-97.60327219583053,20.194720819390238],[-97.54558263434382,20.245643683216155],[-97.57537834192487,20.243279407395665],[-97.58203482978873,20.266922165600555],[-97.543997756281,20.273287523578794],[-97.48282146305608,20.25910186865586],[-97.48916097530737,20.24527994847454],[-97.53417151229151,20.217817975482706],[-97.5306847805533,20.188719196153613],[-97.50786253644867,20.207451535346717],[-97.51483599992508,20.169986856960506]]]}},{"type":"Feature","properties":{"cvegeo":"30051","cve_ent":"30","state_code":"VER","nom_mun":"Coyutla"},"geometry":{"type":"Polygon","coordinates":[[[-97.57442741508717,20.35021742143009],[-97.60485707389336,20.3132983451563],[-97.58203482978873,20.266922165600555],[-97.57537834192487,20.243279407395665],[-97.6115135617572,20.220364118674002],[-97.6356037083121,20.20890647431317],[-97.64764878158954,20.24364314213728],[-97.67237287936956,20.24364314213728],[-97.6799802940711,20.262921083442805],[-97.67712751355802,20.30693298717806],[-97.67934634284597,20.34967181931767],[-97.69678000153702,20.319845570505347],[-97.76556370946348,20.380953007096448],[-97.74876400199757,20.42169129815718],[-97.73386614820704,20.451881281711117],[-97.7094590260396,20.454973027014834],[-97.67427473304495,20.410961123279577],[-97.64669785475185,20.40841498008828],[-97.64257717178852,20.404777632672143],[-97.65272039139057,20.39750293783987],[-97.62102283013414,20.350399288800897],[-97.57442741508717,20.35021742143009]]]}},{"type":"Feature","properties":{"cvegeo":"30052","cve_ent":"30","state_code":"VER","nom_mun":"Cuichapa"},"geometry":{"type":"Polygon","coordinates":[[[-96.72651765147755,18.744146669834834],[-96.86630389661842,18.76051473320745],[-96.90434097012614,18.78597616512041],[-96.86662087223098,18.78470309352476],[-96.83777609148763,18.78597616512041],[-96.77786770071297,18.76869876489376],[-96.72651765147755,18.744146669834834]]]}},{"type":"Feature","properties":{"cvegeo":"30053","cve_ent":"30","state_code":"VER","nom_mun":"Cuitláhuac"},"geometry":{"type":"Polygon","coordinates":[[[-96.74775501751935,18.845628662745057],[-96.71161979768702,18.848538540677964],[-96.68911452919495,18.85344895968975],[-96.68277501694367,18.7777921334341],[-96.64727374833646,18.76633448907327],[-96.51414399105943,18.755604314195665],[-96.47420506387633,18.777064663950874],[-96.47547296632658,18.73632637289014],[-96.51921560086046,18.72595993275415],[-96.57690516234717,18.738872516081436],[-96.654881163038,18.751603232037915],[-96.72651765147755,18.744146669834834],[-96.77786770071297,18.76869876489376],[-96.78008653000091,18.79234152309865],[-96.74775501751935,18.845628662745057]]]}},{"type":"Feature","properties":{"cvegeo":"30054","cve_ent":"30","state_code":"VER","nom_mun":"Chacaltianguis"},"geometry":{"type":"Polygon","coordinates":[[[-95.82440505811941,18.080876368502267],[-95.83359735088378,18.129071221766083],[-95.8519819364125,18.130526160732536],[-95.87195140000406,18.179084748737964],[-95.84437452171096,18.205091782763343],[-95.88843413185741,18.250558625465054],[-95.91189032718717,18.250376758094248],[-95.91727891260076,18.268381627804125],[-95.85673657060097,18.282203547985446],[-95.83042759475813,18.333672013923785],[-95.80950720432888,18.31603087895552],[-95.79017169196246,18.339491769789603],[-95.7667154966327,18.31475780735987],[-95.79239052125041,18.28547716065997],[-95.76544759418243,18.274746985782365],[-95.71853520352292,18.214730753416106],[-95.70490525218264,18.204546180650922],[-95.72867842312498,18.16380788959019],[-95.76544759418243,18.150713438892097],[-95.78097939919809,18.09287961497552],[-95.80887325310376,18.08833293070535],[-95.82440505811941,18.080876368502267]]]}},{"type":"Feature","properties":{"cvegeo":"30057","cve_ent":"30","state_code":"VER","nom_mun":"Chiconquiaco"},"geometry":{"type":"Polygon","coordinates":[[[-96.83587423781225,19.817709759707647],[-96.76740750549834,19.787883510895323],[-96.7410985296555,19.816618555482805],[-96.74997384680731,19.796067542581632],[-96.68657872429444,19.748418291430237],[-96.6824580413311,19.74496281138491],[-96.67580155346725,19.74714521983459],[-96.66407345580237,19.71713710365146],[-96.67738643153007,19.736960647069406],[-96.68911452919495,19.732413962799235],[-96.71605745626292,19.724775533225348],[-96.73032135882832,19.71895577735953],[-96.76994331039886,19.735505708102952],[-96.81368594493274,19.698950366570777],[-96.83080262801121,19.71313602149371],[-96.83492331097455,19.714590960460164],[-96.84126282322583,19.763695150578013],[-96.8612322868174,19.776971468646913],[-96.83587423781225,19.817709759707647]]]}},{"type":"Feature","properties":{"cvegeo":"30058","cve_ent":"30","state_code":"VER","nom_mun":"Chicontepec"},"geometry":{"type":"Polygon","coordinates":[[[-98.0774677122268,20.86744822400476],[-98.11011620032093,20.863265274476202],[-98.1272328833994,20.886180563197865],[-98.1272328833994,20.88654429793948],[-98.1272328833994,20.886180563197865],[-98.1272328833994,20.88654429793948],[-98.12659893217428,20.886726165310286],[-98.1557606885302,20.88472562423141],[-98.1690736642579,20.89691073807547],[-98.17889990824739,20.900548085491607],[-98.19855239622638,20.885453093714638],[-98.22517834768179,20.90654970872823],[-98.23722342095922,20.930738069045542],[-98.23722342095922,20.932374875382806],[-98.21598605491742,20.952562153542363],[-98.19696751816356,21.016579468066375],[-98.16178322516892,21.018761876516056],[-98.15068907872916,21.08496159948975],[-98.18745824978663,21.110604898773513],[-98.15702859098045,21.138976208619383],[-98.09585229775553,21.1660744468696],[-98.04355132168241,21.15734481307087],[-98.04323434606985,21.155889874104417],[-98.01343863848881,21.14879704664295],[-98.01121980920085,21.150251985609405],[-98.00995190675059,21.151525057205053],[-97.96399044292876,21.180805703904955],[-97.94148517443669,21.166801916352828],[-97.94085122321157,21.102420867087204],[-97.91707805226923,21.106240081874148],[-97.87460332018561,21.064774321330187],[-97.91264039369334,21.050588666407254],[-97.92563639380847,21.011123446942168],[-97.89457278377716,20.98384334132114],[-97.85051317363073,20.97074889062305],[-97.88189375927459,20.923645241584076],[-97.88030888121177,20.893091523288525],[-97.92119873523258,20.880906409444467],[-97.91581014981898,20.874904786207843],[-97.95448117455183,20.83180221932662],[-97.9912503456093,20.877632796769944],[-98.04164946800702,20.895455799109016],[-98.0774677122268,20.86744822400476]]]}},{"type":"Feature","properties":{"cvegeo":"30059","cve_ent":"30","state_code":"VER","nom_mun":"Chinameca"},"geometry":{"type":"Polygon","coordinates":[[[-94.800256853924,18.08196757272711],[-94.74446914611266,18.083240644322757],[-94.74003148753677,18.118341046888478],[-94.65254621846901,18.089606002300997],[-94.59453968136974,18.096153227650042],[-94.61926377914975,18.037955668991852],[-94.65096134040618,18.017586523461485],[-94.69216817003955,18.00649261384227],[-94.76982719511781,18.02649802463102],[-94.81261890281401,18.05068638494833],[-94.800256853924,18.08196757272711]]]}},{"type":"Feature","properties":{"cvegeo":"30060","cve_ent":"30","state_code":"VER","nom_mun":"Chinampa de Gorostiza"},"geometry":{"type":"Polygon","coordinates":[[[-97.59598175674155,21.413232203796106],[-97.56016351252178,21.38358782235459],[-97.58552156152693,21.35176103246339],[-97.60612497634361,21.33230122378706],[-97.67173892814444,21.357398920958403],[-97.6834670258093,21.361400003116152],[-97.73196429453166,21.333574295382707],[-97.77634088029066,21.343395133406275],[-97.77475600222785,21.362127472599383],[-97.75129980689809,21.386133965545884],[-97.76207697772527,21.40650311107625],[-97.75193375812322,21.41468714276256],[-97.70248556256317,21.39104438455767],[-97.64130926933825,21.424144246044516],[-97.59598175674155,21.413232203796106]]]}},{"type":"Feature","properties":{"cvegeo":"30061","cve_ent":"30","state_code":"VER","nom_mun":"Las Choapas"},"geometry":{"type":"Polygon","coordinates":[[[-94.09023148177985,17.96830046597283],[-94.083574993916,17.86972835099552],[-94.03729655448161,17.87081955522036],[-94.02651938365442,17.840629571666426],[-93.9786560661572,17.851723481285642],[-93.95836962695309,17.82062416087767],[-93.94917733418872,17.768973827568527],[-93.92223440712075,17.74642227358848],[-93.86961645543506,17.74005691561024],[-93.88102757748739,17.725871260687306],[-93.8052704060845,17.689134051784322],[-93.77230494237781,17.692407664458845],[-93.74694689337267,17.66858303888315],[-93.73173206396957,17.62529860463112],[-93.64900142909028,17.555279666870483],[-93.62174152640975,17.5450950941053],[-93.62427733131027,17.49326289342535],[-93.65312211205362,17.41942474087777],[-93.69527986852468,17.387416083615765],[-93.63568845336258,17.338311893497917],[-93.64139401438874,17.31794274796755],[-93.60811157506947,17.314851002663833],[-93.66453323410593,17.28611595807635],[-93.66294835604312,17.256107841893222],[-93.77262191799038,17.245741401757233],[-93.80400250363425,17.224826654114445],[-93.82714172335145,17.172448851322073],[-93.8613750895084,17.163719217523344],[-93.86771460175969,17.13680284664393],[-94.08737870126677,17.149351695229605],[-94.09023148177985,17.18463396516613],[-94.00147831026183,17.18408836305371],[-94.00211226148697,17.19954708957229],[-93.93206065111025,17.199910824313907],[-93.92318533395844,17.297573602437183],[-93.97770513931951,17.32485370805821],[-94.03444377396853,17.325035575429016],[-94.03507772519366,17.34394978199293],[-94.12795157967501,17.345950323071804],[-94.20814640965379,17.32376250383337],[-94.2170217268056,17.356862365320215],[-94.18564114116172,17.390689696290288],[-94.22589704395739,17.44815978546525],[-94.23952699529767,17.539639072981096],[-94.2205084585438,17.581286700895863],[-94.19071275096275,17.56473677015244],[-94.12414787232424,17.586924589390875],[-94.15362660429273,17.606384398067206],[-94.14443431152836,17.63402823842985],[-94.20085597056482,17.654761118701828],[-94.179618604523,17.67494839686139],[-94.19990504372711,17.726598730170533],[-94.22684797079509,17.734419027115226],[-94.22082543415637,17.787524299390824],[-94.19927109250199,17.85026854231919],[-94.26330016623999,17.849904807577573],[-94.31084650812464,17.83753782636271],[-94.27185850777923,17.86208992142163],[-94.26742084920332,17.88755135333459],[-94.21131616577944,17.943930238284715],[-94.19768621443917,17.98957894835723],[-94.11241977465936,17.96593619015234],[-94.09023148177985,17.96830046597283]]]}},{"type":"Feature","properties":{"cvegeo":"30062","cve_ent":"30","state_code":"VER","nom_mun":"Chocamán"},"geometry":{"type":"Polygon","coordinates":[[[-97.02796145902624,19.033497656788526],[-96.98960740990596,18.990576957278112],[-96.99119228796877,18.97911931291728],[-97.01306360523571,18.988030814086816],[-97.01306360523571,18.98821268145762],[-97.01306360523571,18.988030814086816],[-97.03335004443983,18.963842453769505],[-97.0479309226178,18.991486294132145],[-97.09199053276424,18.98366599718745],[-97.07202106917268,19.022040012427695],[-97.02796145902624,19.033497656788526]]]}},{"type":"Feature","properties":{"cvegeo":"30063","cve_ent":"30","state_code":"VER","nom_mun":"Chontla"},"geometry":{"type":"Polygon","coordinates":[[[-97.95353024771414,21.40195642680608],[-97.90439902776666,21.372493912735372],[-97.90661785705461,21.309567802436202],[-97.8720675152851,21.246096090024615],[-97.87079961283484,21.238093925709112],[-97.91517619859385,21.1979012367608],[-97.96113766241568,21.186443592399968],[-97.95860185751516,21.210086350604858],[-97.93260985728489,21.204448462109845],[-97.93768146708592,21.233365374068136],[-98.00266146766161,21.252825182744466],[-98.01470654093906,21.325572131067204],[-98.04672107780806,21.33957591861933],[-98.04006458994421,21.394863599344614],[-98.06890937068756,21.452515555890383],[-98.02168000441547,21.511804318773414],[-98.02706858982907,21.554361283542217],[-97.98744663825852,21.616923659099772],[-98.03055532156728,21.63947521307982],[-98.04513619974523,21.66493664499278],[-97.99093336999674,21.65802568490212],[-97.97001297956749,21.588006747141485],[-97.99220127244699,21.480523130994637],[-97.95353024771414,21.40195642680608]]]}},{"type":"Feature","properties":{"cvegeo":"30064","cve_ent":"30","state_code":"VER","nom_mun":"Chumatlán"},"geometry":{"type":"Polygon","coordinates":[[[-97.6115135617572,20.220364118674002],[-97.57537834192487,20.243279407395665],[-97.54558263434382,20.245643683216155],[-97.60327219583053,20.194720819390238],[-97.6115135617572,20.220364118674002]]]}},{"type":"Feature","properties":{"cvegeo":"30065","cve_ent":"30","state_code":"VER","nom_mun":"Emiliano Zapata"},"geometry":{"type":"Polygon","coordinates":[[[-96.83745911587506,19.55454767415014],[-96.80195784726786,19.575462421792928],[-96.76804145672348,19.565277849027744],[-96.79339950572862,19.545636172980604],[-96.73032135882832,19.51653739365151],[-96.68879755358239,19.455066222318795],[-96.654881163038,19.454520620206374],[-96.60670086992822,19.420511421865495],[-96.55978847926869,19.417237809190972],[-96.5410869181274,19.397596133143832],[-96.56264125978177,19.341944717676938],[-96.63300984577106,19.347218871430336],[-96.63649657750926,19.348491943025984],[-96.65424721181287,19.33776176814838],[-96.6789713095929,19.37759072235508],[-96.70749911472369,19.357585311566325],[-96.73697784669217,19.372134701230873],[-96.77247911529938,19.399596674222707],[-96.78357326173912,19.373953374938942],[-96.81685570105839,19.39541372469415],[-96.80798038390658,19.400506011076743],[-96.79847111552965,19.417055941820166],[-96.83397238413686,19.437243219979724],[-96.88690731143511,19.44560911903684],[-96.89990331155025,19.48543807324354],[-96.85489277456611,19.520720343180066],[-96.82985170117352,19.51071763778569],[-96.83745911587506,19.55454767415014]]]}},{"type":"Feature","properties":{"cvegeo":"30066","cve_ent":"30","state_code":"VER","nom_mun":"Espinal"},"geometry":{"type":"Polygon","coordinates":[[[-97.53417151229151,20.217817975482706],[-97.48916097530737,20.24527994847454],[-97.48282146305608,20.25910186865586],[-97.543997756281,20.273287523578794],[-97.58203482978873,20.266922165600555],[-97.60485707389336,20.3132983451563],[-97.57442741508717,20.35021742143009],[-97.51927365850098,20.36694921954432],[-97.51578692676277,20.339487246552487],[-97.47616497519223,20.329848275899725],[-97.4336902431086,20.32366478529229],[-97.37948741336011,20.249644765373905],[-97.40643034042807,20.232367365147255],[-97.44541834077349,20.246189285328576],[-97.46443687752735,20.224183333460946],[-97.4631689750771,20.18362690977102],[-97.48725912163198,20.165440172690335],[-97.50342487787276,20.148708374576106],[-97.51483599992508,20.169986856960506],[-97.50786253644867,20.207451535346717],[-97.5306847805533,20.188719196153613],[-97.53417151229151,20.217817975482706]]]}},{"type":"Feature","properties":{"cvegeo":"30067","cve_ent":"30","state_code":"VER","nom_mun":"Filomeno Mata"},"geometry":{"type":"Polygon","coordinates":[[[-97.6799802940711,20.262921083442805],[-97.67237287936956,20.24364314213728],[-97.70090068450035,20.219091047078354],[-97.66825219640623,20.181444501321337],[-97.6356037083121,20.18253570554618],[-97.65905990364186,20.168713785364858],[-97.74179053852116,20.19290214568217],[-97.73640195310756,20.243825009508086],[-97.7075571723642,20.22800254824789],[-97.6799802940711,20.262921083442805]]]}},{"type":"Feature","properties":{"cvegeo":"30068","cve_ent":"30","state_code":"VER","nom_mun":"Fortín"},"geometry":{"type":"Polygon","coordinates":[[[-96.93255179964437,18.81471120970789],[-96.9277971654559,18.805799708538355],[-96.92652926300565,18.80198049375141],[-96.97153979998978,18.825441384585496],[-97.01211267839803,18.89255044441322],[-97.02193892238752,18.932015663878307],[-97.03335004443983,18.963842453769505],[-97.01306360523571,18.988030814086816],[-97.01306360523571,18.98821268145762],[-97.01306360523571,18.988030814086816],[-96.99119228796877,18.97911931291728],[-97.00355433685878,18.952930411521095],[-96.95600799497413,18.906554231965348],[-96.98326789765467,18.902735017178404],[-96.97375862927774,18.853630827060556],[-96.95664194619926,18.83835396791278],[-96.93255179964437,18.81471120970789]]]}},{"type":"Feature","properties":{"cvegeo":"30069","cve_ent":"30","state_code":"VER","nom_mun":"Gutiérrez Zamora"},"geometry":{"type":"Polygon","coordinates":[[[-97.14175570393684,20.37622445545547],[-97.16331004559122,20.397139203098256],[-97.1750381432561,20.398230407323098],[-97.19025297265918,20.44933513851982],[-97.15887238701532,20.464611997667596],[-97.15126497231377,20.506805227694784],[-97.10435258165425,20.530629853270483],[-97.05300253241883,20.467158140858892],[-97.01972009309956,20.47315976409552],[-97.02352380045033,20.43969616786706],[-97.03778770301574,20.409142449571508],[-97.07297199601038,20.407687510605054],[-97.08374916683756,20.386409028220655],[-97.14175570393684,20.37622445545547]]]}},{"type":"Feature","properties":{"cvegeo":"30070","cve_ent":"30","state_code":"VER","nom_mun":"Hidalgotitlán"},"geometry":{"type":"Polygon","coordinates":[[[-94.467749436344,17.559462616399042],[-94.46743246073143,17.49508156713342],[-94.43256514334935,17.453797673960263],[-94.53114455885687,17.459435562455276],[-94.5298766564066,17.41815166928212],[-94.47947753400888,17.402329208021925],[-94.49469236341196,17.388143553098992],[-94.59549060820743,17.40087426905547],[-94.59961129117076,17.36068158010716],[-94.63257675487745,17.379413919300262],[-94.63891626712874,17.321216360642072],[-94.65571597459466,17.33067346392403],[-94.68931538952647,17.385597409907696],[-94.73274104844779,17.374139765546865],[-94.71816017026983,17.423789557777134],[-94.76982719511781,17.46780146151239],[-94.81040007352605,17.429973048384568],[-94.85255782999711,17.464527848837868],[-94.84273158600762,17.498537047178747],[-94.80089080514912,17.479804707985643],[-94.72703548742163,17.501628792482464],[-94.70928485311802,17.533455582373662],[-94.76126885357858,17.58437844619958],[-94.73179012161009,17.603110785392683],[-94.75080865836395,17.63166396260936],[-94.71911109710753,17.656034190297476],[-94.70389626770444,17.715686687922123],[-94.67600241379877,17.70823012571904],[-94.68519470656314,17.738965711385397],[-94.64525577938002,17.778249063479677],[-94.63384465732771,17.84390318434095],[-94.60499987658436,17.80752971017958],[-94.56379304695099,17.81025772074168],[-94.60880358393513,17.754242570533172],[-94.57773997390382,17.64712268912794],[-94.48486611942246,17.652033108139726],[-94.43985558243833,17.622206859327402],[-94.435734899475,17.59074380417782],[-94.467749436344,17.559462616399042]]]}},{"type":"Feature","properties":{"cvegeo":"30071","cve_ent":"30","state_code":"VER","nom_mun":"Huatusco"},"geometry":{"type":"Polygon","coordinates":[[[-96.84570048180174,19.07878263211943],[-96.89007706756075,19.09096774596349],[-96.99975062950801,19.085875459580897],[-97.0381046786283,19.13425218021552],[-97.05648926415704,19.19772389262711],[-97.02954633708906,19.218093038157477],[-96.96710214141389,19.195541484177426],[-96.95917775109977,19.185175044041436],[-96.88468848214715,19.140799405564564],[-96.88627336020997,19.158258673162024],[-96.82351218892224,19.140435670822953],[-96.76043404202193,19.095878164975275],[-96.68435989500648,19.077873295265398],[-96.7617019444722,19.08296558164799],[-96.85616067701636,19.13425218021552],[-96.88437150653459,19.124976944304372],[-96.84570048180174,19.07878263211943]]]}},{"type":"Feature","properties":{"cvegeo":"30072","cve_ent":"30","state_code":"VER","nom_mun":"Huayacocotla"},"geometry":{"type":"Polygon","coordinates":[[[-98.38620195886448,20.402595224222463],[-98.45878937414172,20.33366749068667],[-98.4695665449689,20.335122429653122],[-98.53486352115715,20.34694380875557],[-98.54912742372255,20.36476681109464],[-98.5503953261728,20.432603340405592],[-98.59730771683233,20.495711318075568],[-98.55800274087436,20.509169503515274],[-98.52630517961792,20.544269906080995],[-98.5060187404138,20.596102106760945],[-98.48066069140864,20.588463677187057],[-98.49492459397405,20.64429696002476],[-98.46386098394274,20.667030381375618],[-98.44959708137735,20.700493977604076],[-98.42931064217322,20.716498306235078],[-98.33580283646674,20.685035251085495],[-98.3548213732206,20.66793971822965],[-98.39951493459218,20.580643380242364],[-98.39856400775449,20.5417237628897],[-98.43057854462349,20.512988718302218],[-98.40395259316809,20.48225313263586],[-98.44674430086427,20.424964910831704],[-98.44452547157631,20.39968534628955],[-98.38620195886448,20.402595224222463]]]}},{"type":"Feature","properties":{"cvegeo":"30073","cve_ent":"30","state_code":"VER","nom_mun":"Hueyapan de Ocampo"},"geometry":{"type":"Polygon","coordinates":[[[-95.16160905224736,18.30384576511146],[-95.14354144233118,18.289114508076107],[-95.0785614417555,18.315303409472293],[-95.0633466123524,18.27692939423205],[-95.02118885588135,18.28420408906432],[-95.0180190997557,18.319850093742463],[-94.99709870932645,18.327852258057966],[-94.99519685565107,18.26365307616315],[-94.9638162700072,18.233826827350825],[-94.96635207490772,18.149622234667255],[-94.99202709952543,18.127252548058014],[-95.00438914841544,18.144348080913858],[-95.04432807559854,18.111066352056206],[-95.08711978329472,18.142347539834983],[-95.12040222261399,18.133436038665447],[-95.14132261304323,18.107247137269262],[-95.16002417418453,18.07669341897371],[-95.19203871105353,18.076329684232096],[-95.26018846775487,18.12343333327107],[-95.31439129750336,18.137800855564812],[-95.388880566456,18.17762980977151],[-95.41233676178575,18.19999949638075],[-95.38190710297958,18.226188397776937],[-95.349575590498,18.24055592007068],[-95.28269373624694,18.217095029236596],[-95.2918860290113,18.24510260434085],[-95.21866466250894,18.23637297054212],[-95.24465666273922,18.26365307616315],[-95.19901217452994,18.2623800045675],[-95.1834803695143,18.30057215243694],[-95.16160905224736,18.30384576511146]]]}},{"type":"Feature","properties":{"cvegeo":"30074","cve_ent":"30","state_code":"VER","nom_mun":"Huiloapan de Cuauhtémoc"},"geometry":{"type":"Polygon","coordinates":[[[-97.09864702062809,18.833079814159383],[-97.13161248433478,18.796160737885593],[-97.16647980171686,18.80907332121288],[-97.16679677732942,18.8096189233253],[-97.16647980171686,18.80907332121288],[-97.1528498503766,18.825441384585496],[-97.1100581426804,18.83198860993454],[-97.09864702062809,18.833079814159383]]]}},{"type":"Feature","properties":{"cvegeo":"30075","cve_ent":"30","state_code":"VER","nom_mun":"Ignacio de la Llave"},"geometry":{"type":"Polygon","coordinates":[[[-96.02251481597213,18.737599444485788],[-95.97718730337542,18.793068992581876],[-95.93661442496719,18.79416019680672],[-95.90681871738614,18.753421905745984],[-95.86592886336534,18.752148834150336],[-95.88209461960612,18.7219588505964],[-95.89350574165843,18.62211366402344],[-95.89794340023434,18.576828688692537],[-95.9391502298677,18.5651891769609],[-95.97718730337542,18.517539925809505],[-96.01237159637006,18.536635999744224],[-96.01015276708212,18.563006768511215],[-96.03582779169983,18.595379160514835],[-96.02948827944854,18.615566438674396],[-96.05769910896677,18.655395392881093],[-96.03646174292496,18.689586458592782],[-96.0440691576265,18.729233545428674],[-96.02251481597213,18.737599444485788]]]}},{"type":"Feature","properties":{"cvegeo":"30076","cve_ent":"30","state_code":"VER","nom_mun":"Ilamatlán"},"geometry":{"type":"Polygon","coordinates":[[[-98.34372722678086,20.797974888356546],[-98.39856400775449,20.779606283905053],[-98.39412634917858,20.754144851992095],[-98.42582391043501,20.748870698238697],[-98.46005727659197,20.715043367268624],[-98.52503727716766,20.681579771040163],[-98.55007835056024,20.68921820061405],[-98.53232771625665,20.713224693560555],[-98.53232771625665,20.71340656093136],[-98.45308381311555,20.748325096126276],[-98.46449493516786,20.77451399752246],[-98.44389152035119,20.83416649514711],[-98.42518995920989,20.84962522166569],[-98.34499512923111,20.864902080813465],[-98.35323649515779,20.83580330148437],[-98.31519942165006,20.809614400088183],[-98.34372722678086,20.797974888356546]]]}},{"type":"Feature","properties":{"cvegeo":"30077","cve_ent":"30","state_code":"VER","nom_mun":"Isla"},"geometry":{"type":"Polygon","coordinates":[[[-95.59396378778513,18.354223026824958],[-95.55212300692664,18.36386199747772],[-95.54071188487431,18.336400024485886],[-95.50552759187967,18.31784955266359],[-95.50108993330377,18.238555378991805],[-95.4342080790527,18.244738869599235],[-95.44593617671758,18.22364225458564],[-95.38190710297958,18.226188397776937],[-95.41233676178575,18.19999949638075],[-95.388880566456,18.17762980977151],[-95.44942290845579,18.15398705156662],[-95.48016954287452,18.19308853629009],[-95.51820661638224,18.11761357740525],[-95.4465701279427,18.02777109622667],[-95.42850251802653,18.017586523461485],[-95.44625315233014,17.974302089209456],[-95.43452505466526,17.953751076308283],[-95.477633737974,17.907011162010924],[-95.52327822618328,17.898281528212195],[-95.5657529582669,17.90210074299914],[-95.56892271439254,17.883732138547646],[-95.65609100784773,17.892643639717182],[-95.69698086186854,17.88173159746877],[-95.70078456921931,17.908647968348184],[-95.72899539873754,17.920105612709015],[-95.70015061799418,17.955751617387158],[-95.68969042277956,17.994489367369017],[-95.66147959326133,17.99194322417772],[-95.64563081263312,18.068509387287403],[-95.62597832465413,18.08596865488486],[-95.66147959326133,18.094152686571167],[-95.64499686140799,18.205637384875764],[-95.57843198276947,18.242556461149555],[-95.55877949479049,18.275292587894786],[-95.59745051952333,18.310756725202122],[-95.59396378778513,18.354223026824958]]]}},{"type":"Feature","properties":{"cvegeo":"30078","cve_ent":"30","state_code":"VER","nom_mun":"Ixcatepec"},"geometry":{"type":"Polygon","coordinates":[[[-98.04672107780806,21.33957591861933],[-98.01470654093906,21.325572131067204],[-98.00266146766161,21.252825182744466],[-97.93768146708592,21.233365374068136],[-97.93260985728489,21.204448462109845],[-97.95860185751516,21.210086350604858],[-97.96113766241568,21.186443592399968],[-97.96399044292876,21.180805703904955],[-98.00995190675059,21.151525057205053],[-98.01121980920085,21.150251985609405],[-98.01343863848881,21.14879704664295],[-98.04323434606985,21.155889874104417],[-98.04355132168241,21.15734481307087],[-98.02897044350445,21.172621672218646],[-98.07049424875038,21.20881327900921],[-98.05591337057243,21.229909894022803],[-98.10441063929477,21.24864223321591],[-98.06573961456192,21.275194869353708],[-98.06573961456192,21.348487419788867],[-98.04672107780806,21.33957591861933]]]}},{"type":"Feature","properties":{"cvegeo":"30079","cve_ent":"30","state_code":"VER","nom_mun":"Ixhuacán de los Reyes"},"geometry":{"type":"Polygon","coordinates":[[[-97.03556887372778,19.35285675992535],[-97.02447472728804,19.31884756158447],[-96.97153979998978,19.289748782255373],[-96.98612067816775,19.28010981160261],[-96.9918262391939,19.285747700097623],[-97.01528243452367,19.293022394929896],[-97.04317628842932,19.31884756158447],[-97.09737911817783,19.304480039290727],[-97.14777824057556,19.320302500550923],[-97.14872916741325,19.320302500550923],[-97.12558994769606,19.375953916017817],[-97.16647980171686,19.403597756380456],[-97.1696495578425,19.45124700753185],[-97.14777824057556,19.447791527486523],[-97.13383131362274,19.422330095573564],[-97.09864702062809,19.42251196294437],[-97.03081423953932,19.391594509907208],[-97.02796145902624,19.38559288667058],[-97.03556887372778,19.35285675992535]]]}},{"type":"Feature","properties":{"cvegeo":"30080","cve_ent":"30","state_code":"VER","nom_mun":"Ixhuatlán del Café"},"geometry":{"type":"Polygon","coordinates":[[[-96.89007706756075,19.09096774596349],[-96.88183570163407,19.004217010088624],[-96.85837950630432,19.010582368066864],[-96.859330433142,18.97802810869244],[-96.859330433142,18.977118771838406],[-96.85394184772841,18.960568841094982],[-96.8735943357074,18.95711336104965],[-96.9065597994141,18.966570464331607],[-96.89831843348742,18.992031896244566],[-96.92969901913129,19.010582368066864],[-96.96424936090081,19.00858182698799],[-96.96995492192697,19.020948808202853],[-97.0060901417593,19.051320659127597],[-96.99975062950801,19.085875459580897],[-96.89007706756075,19.09096774596349]]]}},{"type":"Feature","properties":{"cvegeo":"30081","cve_ent":"30","state_code":"VER","nom_mun":"Ixhuatlancillo"},"geometry":{"type":"Polygon","coordinates":[[[-97.15760448456506,18.86563407353381],[-97.18042672866969,18.85690443973508],[-97.20483385083715,18.872181298882854],[-97.21782985095228,18.91110091623552],[-97.17915882621944,18.92892391857459],[-97.12749180137145,18.9052811603697],[-97.1110090695181,18.87127196202882],[-97.1198843866699,18.86617967564623],[-97.15760448456506,18.86563407353381]]]}},{"type":"Feature","properties":{"cvegeo":"30082","cve_ent":"30","state_code":"VER","nom_mun":"Ixhuatlán del Sureste"},"geometry":{"type":"Polygon","coordinates":[[[-94.35268728898313,17.913376519989164],[-94.4347839726373,17.909739172573026],[-94.44968182642782,17.95047746363376],[-94.42717655793575,17.983759192491412],[-94.46045899725502,18.028498565709896],[-94.45190065571578,18.053959997622854],[-94.42210494813473,18.0525050586564],[-94.4125956797578,18.03413645420491],[-94.34476289866903,18.060870957713515],[-94.3377894351926,18.064872039871265],[-94.31877089843874,18.057597345038992],[-94.33303480100415,18.009038757033565],[-94.37297372818725,17.986487203053514],[-94.35268728898313,17.913376519989164]]]}},{"type":"Feature","properties":{"cvegeo":"30083","cve_ent":"30","state_code":"VER","nom_mun":"Ixhuatlán de Madero"},"geometry":{"type":"Polygon","coordinates":[[[-97.98522780897058,20.516989800459967],[-98.00836702868777,20.532630394349358],[-98.03626088259344,20.633021183034735],[-98.06669054139961,20.67375947409547],[-98.0774677122268,20.65120792011542],[-98.10092390755656,20.613925109100016],[-98.11138410277118,20.6161075175497],[-98.13071961513761,20.64193268420427],[-98.1193084930853,20.68703579216437],[-98.14847024944122,20.698675303896007],[-98.12976868829992,20.728683420079136],[-98.09299951724245,20.760146475228723],[-98.09933902949373,20.795610612536056],[-98.13515727371352,20.80815946112173],[-98.11011620032093,20.863265274476202],[-98.0774677122268,20.86744822400476],[-98.04164946800702,20.895455799109016],[-97.9912503456093,20.877632796769944],[-97.95448117455183,20.83180221932662],[-97.91581014981898,20.874904786207843],[-97.89932741796564,20.84907961955327],[-97.92119873523258,20.832529688809846],[-97.92848917432156,20.789245254557816],[-97.8952067350023,20.79761115361493],[-97.92246663768283,20.716498306235078],[-97.89742556429024,20.70304012079537],[-97.91359132053103,20.6719408003874],[-97.8952067350023,20.623200345011167],[-97.9094706375677,20.586463136108183],[-97.98110712600723,20.54045069129405],[-97.98522780897058,20.516989800459967]]]}},{"type":"Feature","properties":{"cvegeo":"30084","cve_ent":"30","state_code":"VER","nom_mun":"Ixmatlahuacan"},"geometry":{"type":"Polygon","coordinates":[[[-95.98511169368953,18.42678810777689],[-96.00159442554288,18.43588147631723],[-95.98511169368953,18.479893380052488],[-96.01237159637006,18.48953235070525],[-95.97718730337542,18.517539925809505],[-95.9391502298677,18.5651891769609],[-95.89794340023434,18.576828688692537],[-95.89350574165843,18.62211366402344],[-95.87892486348048,18.629388358855714],[-95.88304554644381,18.58246657718755],[-95.82662388740735,18.539545877677135],[-95.84342359487327,18.488804881222023],[-95.77812661868501,18.466617061983587],[-95.76956827714578,18.438973221620948],[-95.79143959441271,18.417331004494933],[-95.78034544797296,18.395506919998112],[-95.85958935111405,18.372227896534834],[-95.89984525390972,18.377320182917426],[-95.90396593687306,18.425696903552048],[-95.98511169368953,18.42678810777689]]]}},{"type":"Feature","properties":{"cvegeo":"30085","cve_ent":"30","state_code":"VER","nom_mun":"Ixtaczoquitlán"},"geometry":{"type":"Polygon","coordinates":[[[-97.02193892238752,18.762515274286326],[-97.04127443475394,18.789795379907353],[-97.0469799957801,18.798525013706083],[-97.08723589857577,18.832897946788577],[-97.06980223988474,18.85108468386926],[-97.08470009367525,18.880365330569163],[-97.0666324837591,18.913647059426815],[-97.0533195080314,18.94674692091366],[-97.02193892238752,18.932015663878307],[-97.01211267839803,18.89255044441322],[-96.97153979998978,18.825441384585496],[-96.97470955611543,18.79870688107689],[-96.97502653172799,18.798525013706083],[-97.02193892238752,18.762515274286326]]]}},{"type":"Feature","properties":{"cvegeo":"30086","cve_ent":"30","state_code":"VER","nom_mun":"Jalacingo"},"geometry":{"type":"Polygon","coordinates":[[[-97.22321843636588,19.92246536529239],[-97.25206321710924,19.88427321742295],[-97.25333111955949,19.83698770101317],[-97.23938419260666,19.815891085999578],[-97.26062155864847,19.78915658249097],[-97.28059102224003,19.756602323116546],[-97.26822897335002,19.638024797350482],[-97.30975277859595,19.609653487504616],[-97.3804383401978,19.634023715192733],[-97.3262355104493,19.678944955782022],[-97.30404721756979,19.67112465883733],[-97.33320897392571,19.71677336890985],[-97.32211482748596,19.735687575473758],[-97.31545833962211,19.827530597731215],[-97.3021453638944,19.876634787849063],[-97.25586692446001,19.932468070686767],[-97.22321843636588,19.92246536529239]]]}},{"type":"Feature","properties":{"cvegeo":"30087","cve_ent":"30","state_code":"VER","nom_mun":"Xalapa"},"geometry":{"type":"Polygon","coordinates":[[[-96.89705053103717,19.580736575546325],[-96.84918721353995,19.588193137749407],[-96.8460174574143,19.590557413569897],[-96.84284770128866,19.599468914739433],[-96.80195784726786,19.575462421792928],[-96.83745911587506,19.55454767415014],[-96.82985170117352,19.51071763778569],[-96.85489277456611,19.520720343180066],[-96.89990331155025,19.48543807324354],[-96.94808360466003,19.51417311783102],[-96.95854379987465,19.55054659199239],[-96.955374043749,19.560731164757573],[-96.95474009252388,19.56727839010662],[-96.89705053103717,19.580736575546325]]]}},{"type":"Feature","properties":{"cvegeo":"30088","cve_ent":"30","state_code":"VER","nom_mun":"Jalcomulco"},"geometry":{"type":"Polygon","coordinates":[[[-96.80449365216838,19.358858383161973],[-96.81685570105839,19.39541372469415],[-96.78357326173912,19.373953374938942],[-96.77247911529938,19.399596674222707],[-96.73697784669217,19.372134701230873],[-96.718910236776,19.315392081539137],[-96.70306145614778,19.311572866752194],[-96.70464633421061,19.268288432500164],[-96.72524974902728,19.268834034612585],[-96.74204945649319,19.31284593834784],[-96.77596584703758,19.307571784594444],[-96.77628282265015,19.3383073702608],[-96.80449365216838,19.358858383161973]]]}},{"type":"Feature","properties":{"cvegeo":"30089","cve_ent":"30","state_code":"VER","nom_mun":"Jáltipan"},"geometry":{"type":"Polygon","coordinates":[[[-94.70389626770444,17.715686687922123],[-94.70643207260495,17.732600353407157],[-94.7549293413273,17.752242029454298],[-94.77901948788218,17.78097707404178],[-94.74637099978806,17.840993306408038],[-94.71562436536931,17.854269624476938],[-94.71720924343214,17.876821178456986],[-94.7663404633796,17.885005210143294],[-94.78218924400782,17.914285856843197],[-94.79138153677219,17.97993997770447],[-94.76348768286653,17.99776298004354],[-94.76982719511781,18.02649802463102],[-94.69216817003955,18.00649261384227],[-94.69660582861545,17.964663118556693],[-94.69407002371494,17.963390046961045],[-94.69407002371494,17.96320817959024],[-94.69407002371494,17.963390046961045],[-94.69407002371494,17.96320817959024],[-94.67631938941133,17.962116975365397],[-94.67188173083544,17.955569750016352],[-94.69026631636417,17.886823883851363],[-94.64652368183029,17.86972835099552],[-94.63384465732771,17.84390318434095],[-94.64525577938002,17.778249063479677],[-94.68519470656314,17.738965711385397],[-94.67600241379877,17.70823012571904],[-94.70389626770444,17.715686687922123]]]}},{"type":"Feature","properties":{"cvegeo":"30090","cve_ent":"30","state_code":"VER","nom_mun":"Jamapa"},"geometry":{"type":"Polygon","coordinates":[[[-96.1765649636784,19.046955842228233],[-96.18575725644277,19.008036224875568],[-96.25359003753154,18.945473849318013],[-96.26341628152103,18.917284406842953],[-96.30113637941619,18.935107409182024],[-96.30525706237952,18.97402702653469],[-96.31286447708106,19.028405370405935],[-96.26436720835872,19.064051375084077],[-96.24661657405512,19.045682770632585],[-96.1765649636784,19.046955842228233]]]}},{"type":"Feature","properties":{"cvegeo":"30091","cve_ent":"30","state_code":"VER","nom_mun":"Jesús Carranza"},"geometry":{"type":"Polygon","coordinates":[[[-94.80501148811246,17.583287241974737],[-94.76126885357858,17.58437844619958],[-94.70928485311802,17.533455582373662],[-94.72703548742163,17.501628792482464],[-94.80089080514912,17.479804707985643],[-94.84273158600762,17.498537047178747],[-94.85255782999711,17.464527848837868],[-94.81040007352605,17.429973048384568],[-94.76982719511781,17.46780146151239],[-94.71816017026983,17.423789557777134],[-94.73274104844779,17.374139765546865],[-94.68931538952647,17.385597409907696],[-94.65571597459466,17.33067346392403],[-94.69660582861545,17.335947617677427],[-94.70009256035367,17.29484559187508],[-94.7549293413273,17.272112170524224],[-94.74098241437446,17.261745730388235],[-94.7584160730655,17.218461296136205],[-94.74351821927497,17.18463396516613],[-94.82371304925375,17.18863504732388],[-94.9229264159864,17.193545466335667],[-94.9096134402587,17.26792922099567],[-94.8909118791174,17.31103178787689],[-94.972691587159,17.331400933407256],[-95.0766595880801,17.372866693951217],[-95.12230407628937,17.431973589463443],[-95.2047177355561,17.53872973612706],[-95.15209978387043,17.562736229073565],[-95.06049383183932,17.5716477302431],[-95.02404163639443,17.56346369855679],[-95.00058544106466,17.579468027187794],[-94.80501148811246,17.583287241974737]]]}},{"type":"Feature","properties":{"cvegeo":"30092","cve_ent":"30","state_code":"VER","nom_mun":"Xico"},"geometry":{"type":"Polygon","coordinates":[[[-97.14968009425095,19.487984216434835],[-97.10593745971707,19.521265945292487],[-97.07202106917268,19.509262698819235],[-97.04317628842932,19.475980969961583],[-96.99689784899493,19.459249171847354],[-96.89546565297434,19.375408313905396],[-96.98833950745569,19.40341588900965],[-97.03081423953932,19.391594509907208],[-97.09864702062809,19.42251196294437],[-97.13383131362274,19.422330095573564],[-97.14777824057556,19.447791527486523],[-97.14968009425095,19.487984216434835]]]}},{"type":"Feature","properties":{"cvegeo":"30093","cve_ent":"30","state_code":"VER","nom_mun":"Jilotepec"},"geometry":{"type":"Polygon","coordinates":[[[-96.9686870194767,19.643662685845495],[-96.91701999462872,19.634933052046765],[-96.89546565297434,19.627294622472878],[-96.84284770128866,19.599468914739433],[-96.8460174574143,19.590557413569897],[-96.84918721353995,19.588193137749407],[-96.89705053103717,19.580736575546325],[-96.94174409240874,19.612381498066718],[-96.96837004386414,19.59655903680652],[-96.9686870194767,19.596922771548137],[-96.987388580618,19.620747397123832],[-96.9686870194767,19.643662685845495]]]}},{"type":"Feature","properties":{"cvegeo":"30094","cve_ent":"30","state_code":"VER","nom_mun":"Juan Rodríguez Clara"},"geometry":{"type":"Polygon","coordinates":[[[-95.388880566456,18.17762980977151],[-95.31439129750336,18.137800855564812],[-95.26018846775487,18.12343333327107],[-95.22627207721048,18.087241726480507],[-95.2278569552733,18.061598427196742],[-95.19615939401687,17.985214131457866],[-95.23704924803766,17.981394916670922],[-95.24814339447742,17.921924286417084],[-95.23641529681254,17.874093167894884],[-95.28459558992232,17.86972835099552],[-95.27825607767103,17.807165975437965],[-95.34767373682263,17.816804946090727],[-95.42184603016268,17.775884787659187],[-95.43452505466526,17.752969498937524],[-95.46336983540861,17.769701297051753],[-95.477633737974,17.858088839263882],[-95.52327822618328,17.898281528212195],[-95.477633737974,17.907011162010924],[-95.43452505466526,17.953751076308283],[-95.44625315233014,17.974302089209456],[-95.42850251802653,18.017586523461485],[-95.4465701279427,18.02777109622667],[-95.51820661638224,18.11761357740525],[-95.48016954287452,18.19308853629009],[-95.44942290845579,18.15398705156662],[-95.388880566456,18.17762980977151]]]}},{"type":"Feature","properties":{"cvegeo":"30095","cve_ent":"30","state_code":"VER","nom_mun":"Juchique de Ferrer"},"geometry":{"type":"Polygon","coordinates":[[[-96.70211052931009,19.884091350052145],[-96.67421667540442,19.872088103578893],[-96.6504435044621,19.902641821874443],[-96.62381755300669,19.863904071892584],[-96.55788662559331,19.828258067214442],[-96.5810258453105,19.792066460423882],[-96.63744750434697,19.776789601276107],[-96.67580155346725,19.74714521983459],[-96.6824580413311,19.74496281138491],[-96.68657872429444,19.748418291430237],[-96.74997384680731,19.796067542581632],[-96.7410985296555,19.816618555482805],[-96.70211052931009,19.884091350052145]]]}},{"type":"Feature","properties":{"cvegeo":"30096","cve_ent":"30","state_code":"VER","nom_mun":"Landero y Coss"},"geometry":{"type":"Polygon","coordinates":[[[-96.83492331097455,19.714590960460164],[-96.8558437014038,19.708771204594346],[-96.87232643325714,19.769333039073025],[-96.8612322868174,19.776971468646913],[-96.84126282322583,19.763695150578013],[-96.83492331097455,19.714590960460164]]]}},{"type":"Feature","properties":{"cvegeo":"30097","cve_ent":"30","state_code":"VER","nom_mun":"Lerdo de Tejada"},"geometry":{"type":"Polygon","coordinates":[[[-95.43706085956578,18.71086494097718],[-95.45766427438245,18.698679827133123],[-95.46590564030913,18.689586458592782],[-95.47541490868606,18.681220559535667],[-95.47541490868606,18.680856824794052],[-95.47541490868606,18.681220559535667],[-95.47541490868606,18.680856824794052],[-95.46844144520965,18.60374505957195],[-95.54578349467535,18.60883734595454],[-95.55148905570151,18.621386194540214],[-95.5505381288638,18.652849249689798],[-95.51186710413096,18.66485249616305],[-95.52549705547122,18.714684155764125],[-95.43706085956578,18.71086494097718]]]}},{"type":"Feature","properties":{"cvegeo":"30098","cve_ent":"30","state_code":"VER","nom_mun":"Magdalena"},"geometry":{"type":"Polygon","coordinates":[[[-97.0666324837591,18.759059794240997],[-97.07043619110986,18.77724653132168],[-97.04127443475394,18.789795379907353],[-97.02193892238752,18.762515274286326],[-97.0666324837591,18.759059794240997]]]}},{"type":"Feature","properties":{"cvegeo":"30099","cve_ent":"30","state_code":"VER","nom_mun":"Maltrata"},"geometry":{"type":"Polygon","coordinates":[[[-97.29834165654363,18.860541787151217],[-97.24730858292077,18.918739345809406],[-97.21846380217741,18.91110091623552],[-97.22163355830305,18.86199672611767],[-97.22448633881613,18.791614053615422],[-97.28502868081593,18.762515274286326],[-97.32560155922417,18.76633448907327],[-97.2923191199049,18.786158032491215],[-97.32591853483673,18.812892535999822],[-97.29834165654363,18.860541787151217]]]}},{"type":"Feature","properties":{"cvegeo":"30100","cve_ent":"30","state_code":"VER","nom_mun":"Manlio Fabio Altamirano"},"geometry":{"type":"Polygon","coordinates":[[[-96.30525706237952,18.97402702653469],[-96.31444935514389,18.97802810869244],[-96.32015491617005,18.999488458447647],[-96.41112691697602,19.03968114739596],[-96.37308984346829,19.075509019444908],[-96.39749696563575,19.092786419671558],[-96.4006667217614,19.172444328084957],[-96.43331520985552,19.170625654376888],[-96.44440935629527,19.18626624826628],[-96.35945989212803,19.188812391457574],[-96.33251696506005,19.198633229481143],[-96.30208730625388,19.18717558512031],[-96.31413237953133,19.160986683724126],[-96.26341628152103,19.133160975990677],[-96.26436720835872,19.064051375084077],[-96.31286447708106,19.028405370405935],[-96.30525706237952,18.97402702653469]]]}},{"type":"Feature","properties":{"cvegeo":"30101","cve_ent":"30","state_code":"VER","nom_mun":"Mariano Escobedo"},"geometry":{"type":"Polygon","coordinates":[[[-97.24730858292077,18.918739345809406],[-97.25523297323488,18.943837042980753],[-97.23114282667999,18.980574251883734],[-97.20927150941304,18.962023780061436],[-97.16584585049173,18.958750167386913],[-97.1341482892353,18.92092175425909],[-97.10625443532963,18.910737181493907],[-97.1056204841045,18.88618508643498],[-97.1110090695181,18.87127196202882],[-97.12749180137145,18.9052811603697],[-97.17915882621944,18.92892391857459],[-97.21782985095228,18.91110091623552],[-97.21846380217741,18.91110091623552],[-97.24730858292077,18.918739345809406]]]}},{"type":"Feature","properties":{"cvegeo":"30102","cve_ent":"30","state_code":"VER","nom_mun":"Martínez de la Torre"},"geometry":{"type":"Polygon","coordinates":[[[-97.10371863042911,20.256010123352144],[-97.07709267897371,20.27183258461234],[-97.00989384911007,20.27546993202848],[-97.01781823942419,20.22345586397772],[-97.019403117487,20.220182251303196],[-96.9927771660316,20.150890783025787],[-96.94301199485899,20.134886454394785],[-96.97566048295312,20.12379254477557],[-96.99309414164416,20.08159931474838],[-96.98358487326723,19.986482679816397],[-96.98802253184313,19.981208526063],[-97.00196945879597,19.958656972082952],[-97.05427043486908,19.99266617042383],[-97.06219482518318,20.033404461484565],[-97.08311521561244,20.051409331194442],[-97.12400506963324,20.08687346850178],[-97.11608067931913,20.12142826895508],[-97.14048780148659,20.11960959524701],[-97.14999706986352,20.160347886307743],[-97.12749180137145,20.246189285328576],[-97.10371863042911,20.256010123352144]]]}},{"type":"Feature","properties":{"cvegeo":"30103","cve_ent":"30","state_code":"VER","nom_mun":"Mecatlán"},"geometry":{"type":"Polygon","coordinates":[[[-97.6115135617572,20.220364118674002],[-97.60327219583053,20.194720819390238],[-97.62229073258439,20.17435167385987],[-97.6356037083121,20.18253570554618],[-97.66825219640623,20.181444501321337],[-97.70090068450035,20.219091047078354],[-97.67237287936956,20.24364314213728],[-97.64764878158954,20.24364314213728],[-97.6356037083121,20.20890647431317],[-97.6115135617572,20.220364118674002]]]}},{"type":"Feature","properties":{"cvegeo":"30105","cve_ent":"30","state_code":"VER","nom_mun":"Medellín"},"geometry":{"type":"Polygon","coordinates":[[[-96.11729052412886,19.055685476026962],[-96.09668710931219,19.046228372745006],[-96.1115849631027,19.010400500696058],[-96.04343520640137,18.986212140378747],[-96.02219784035957,18.94038156293542],[-96.03772964537521,18.925650305900067],[-96.0716460359196,18.951111737813026],[-96.09700408492475,18.893096046525642],[-96.12077725586707,18.896915261312586],[-96.14613530487222,18.841809447958113],[-96.18385540276738,18.84235505007053],[-96.19336467114431,18.902189415065983],[-96.21967364698715,18.92019428477586],[-96.24693354966769,18.90182568032437],[-96.26341628152103,18.917284406842953],[-96.25359003753154,18.945473849318013],[-96.18575725644277,19.008036224875568],[-96.1765649636784,19.046955842228233],[-96.24661657405512,19.045682770632585],[-96.26436720835872,19.064051375084077],[-96.26341628152103,19.133160975990677],[-96.23615637884049,19.135525251811167],[-96.19019491501867,19.10242539032432],[-96.14962203661042,19.10933635041498],[-96.13060349985656,19.118611586326132],[-96.14328252435914,19.058413486589064],[-96.11729052412886,19.055685476026962]]]}},{"type":"Feature","properties":{"cvegeo":"30106","cve_ent":"30","state_code":"VER","nom_mun":"Miahuatlán"},"geometry":{"type":"Polygon","coordinates":[[[-96.87644711622048,19.770606110668673],[-96.87232643325714,19.769333039073025],[-96.8558437014038,19.708771204594346],[-96.8647190185556,19.69003886540124],[-96.88627336020997,19.69131193699689],[-96.90972955553974,19.707498132998698],[-96.87644711622048,19.770606110668673]]]}},{"type":"Feature","properties":{"cvegeo":"30107","cve_ent":"30","state_code":"VER","nom_mun":"Las Minas"},"geometry":{"type":"Polygon","coordinates":[[[-97.11132604513067,19.740052392373123],[-97.10276770359143,19.726048604820996],[-97.147461264963,19.68658338535591],[-97.1509479967012,19.646390696407597],[-97.19564155807278,19.678217486298795],[-97.12749180137145,19.760239670532684],[-97.11132604513067,19.740052392373123]]]}},{"type":"Feature","properties":{"cvegeo":"30108","cve_ent":"30","state_code":"VER","nom_mun":"Minatitlán"},"geometry":{"type":"Polygon","coordinates":[[[-94.20814640965379,17.32376250383337],[-94.21670475119303,17.316851543742708],[-94.25569275153845,17.401056136426277],[-94.34951753285749,17.397055054268527],[-94.36885304522391,17.427063170451657],[-94.35680797194647,17.451251530768968],[-94.43446699702474,17.42633570096843],[-94.43256514334935,17.453797673960263],[-94.46743246073143,17.49508156713342],[-94.467749436344,17.559462616399042],[-94.435734899475,17.59074380417782],[-94.43985558243833,17.622206859327402],[-94.48486611942246,17.652033108139726],[-94.57773997390382,17.64712268912794],[-94.60880358393513,17.754242570533172],[-94.56379304695099,17.81025772074168],[-94.60499987658436,17.80752971017958],[-94.63384465732771,17.84390318434095],[-94.64652368183029,17.86972835099552],[-94.6214826084377,17.901918875628333],[-94.58883412034358,17.89628098713332],[-94.56442699817612,17.96084390376975],[-94.59739246188282,17.98266798826657],[-94.57932485196665,18.026861759372636],[-94.56949860797715,18.094152686571167],[-94.55111402244842,18.070509928366278],[-94.51592972945377,18.068509387287403],[-94.50229977811351,18.030317239417965],[-94.46045899725502,18.028498565709896],[-94.42717655793575,17.983759192491412],[-94.44968182642782,17.95047746363376],[-94.4347839726373,17.909739172573026],[-94.35268728898313,17.913376519989164],[-94.30197119097284,17.91083037679787],[-94.26742084920332,17.88755135333459],[-94.27185850777923,17.86208992142163],[-94.31084650812464,17.83753782636271],[-94.26330016623999,17.849904807577573],[-94.19927109250199,17.85026854231919],[-94.22082543415637,17.787524299390824],[-94.22684797079509,17.734419027115226],[-94.19990504372711,17.726598730170533],[-94.179618604523,17.67494839686139],[-94.20085597056482,17.654761118701828],[-94.14443431152836,17.63402823842985],[-94.15362660429273,17.606384398067206],[-94.12414787232424,17.586924589390875],[-94.19071275096275,17.56473677015244],[-94.2205084585438,17.581286700895863],[-94.23952699529767,17.539639072981096],[-94.22589704395739,17.44815978546525],[-94.18564114116172,17.390689696290288],[-94.2170217268056,17.356862365320215],[-94.20814640965379,17.32376250383337]]]}},{"type":"Feature","properties":{"cvegeo":"30109","cve_ent":"30","state_code":"VER","nom_mun":"Misantla"},"geometry":{"type":"Polygon","coordinates":[[[-96.83587423781225,19.817709759707647],[-96.8612322868174,19.776971468646913],[-96.87232643325714,19.769333039073025],[-96.87644711622048,19.770606110668673],[-96.89546565297434,19.767514365364956],[-96.89895238471254,19.823529515573465],[-96.93064994596898,19.876452920478258],[-96.95664194619926,19.895003392300556],[-96.95886077548721,19.962658054240702],[-96.98802253184313,19.981208526063],[-96.98358487326723,19.986482679816397],[-96.99309414164416,20.08159931474838],[-96.97566048295312,20.12379254477557],[-96.94301199485899,20.134886454394785],[-96.8967335554246,20.151436385138208],[-96.88405453092203,20.135432056507206],[-96.90624282380153,20.120882666842657],[-96.89514867736177,20.08050811052354],[-96.84855326231482,20.01758200022437],[-96.8193915059589,20.002487008447403],[-96.76392077376013,20.01867320444921],[-96.77596584703758,19.983754669254296],[-96.75029082241987,19.966477269027646],[-96.76296984692245,19.951927879363097],[-96.79403345695376,19.941561439227108],[-96.77089423723655,19.904642362953318],[-96.79878809114221,19.89191164699684],[-96.83587423781225,19.817709759707647]]]}},{"type":"Feature","properties":{"cvegeo":"30110","cve_ent":"30","state_code":"VER","nom_mun":"Mixtla de Altamirano"},"geometry":{"type":"Polygon","coordinates":[[[-96.94523082414695,18.55591394104975],[-96.95093638517311,18.56046062531992],[-96.9740756048903,18.553185930487647],[-96.97439258050287,18.553185930487647],[-97.04159141036651,18.585558322491266],[-97.01876916626188,18.586831394086914],[-96.97375862927774,18.629206491484908],[-96.9518873120108,18.626842215664418],[-96.92906506790617,18.58519458774965],[-96.94523082414695,18.55591394104975]]]}},{"type":"Feature","properties":{"cvegeo":"30111","cve_ent":"30","state_code":"VER","nom_mun":"Moloacán"},"geometry":{"type":"Polygon","coordinates":[[[-94.19768621443917,17.98957894835723],[-94.21131616577944,17.943930238284715],[-94.26742084920332,17.88755135333459],[-94.30197119097284,17.91083037679787],[-94.35268728898313,17.913376519989164],[-94.37297372818725,17.986487203053514],[-94.33303480100415,18.009038757033565],[-94.31877089843874,18.057597345038992],[-94.3377894351926,18.064872039871265],[-94.31179743496233,18.096698829762463],[-94.25759460521382,18.06978245888305],[-94.27217548339179,18.049413313352684],[-94.21733870241816,18.03977434269992],[-94.2205084585438,18.003946470650973],[-94.19768621443917,17.98957894835723]]]}},{"type":"Feature","properties":{"cvegeo":"30112","cve_ent":"30","state_code":"VER","nom_mun":"Naolinco"},"geometry":{"type":"Polygon","coordinates":[[[-96.77216213968681,19.603651864267988],[-96.7598000907968,19.61147216121268],[-96.75409452977064,19.60474306849283],[-96.75821521273397,19.575280554422122],[-96.75916613957168,19.56600531851097],[-96.76804145672348,19.565277849027744],[-96.80195784726786,19.575462421792928],[-96.84284770128866,19.599468914739433],[-96.89546565297434,19.627294622472878],[-96.91701999462872,19.634933052046765],[-96.91416721411564,19.663304361892635],[-96.89261287246126,19.666214239825543],[-96.90972955553974,19.707498132998698],[-96.88627336020997,19.69131193699689],[-96.8647190185556,19.69003886540124],[-96.85330789650328,19.6623950250386],[-96.83111960362378,19.672943332545398],[-96.79783716430453,19.644935757441143],[-96.8095652619694,19.612563365437524],[-96.77216213968681,19.603651864267988]]]}},{"type":"Feature","properties":{"cvegeo":"30113","cve_ent":"30","state_code":"VER","nom_mun":"Naranjal"},"geometry":{"type":"Polygon","coordinates":[[[-96.97153979998978,18.825441384585496],[-96.92652926300565,18.80198049375141],[-96.9243104337177,18.794887666289945],[-96.93698945822027,18.781611348221045],[-96.96298145845054,18.770699305972634],[-96.97502653172799,18.798525013706083],[-96.97470955611543,18.79870688107689],[-96.97153979998978,18.825441384585496]]]}},{"type":"Feature","properties":{"cvegeo":"30114","cve_ent":"30","state_code":"VER","nom_mun":"Nautla"},"geometry":{"type":"Polygon","coordinates":[[[-96.78547511541451,20.24182446842921],[-96.78484116418939,20.243279407395665],[-96.7055972610483,20.156892406262415],[-96.71574048065035,20.148708374576106],[-96.68087316326827,20.0821449168608],[-96.74331735894346,20.021219347640507],[-96.76392077376013,20.01867320444921],[-96.8193915059589,20.002487008447403],[-96.84855326231482,20.01758200022437],[-96.89514867736177,20.08050811052354],[-96.90624282380153,20.120882666842657],[-96.88405453092203,20.135432056507206],[-96.83397238413686,20.176352214938746],[-96.81368594493274,20.211452617504467],[-96.77786770071297,20.21581743440383],[-96.78547511541451,20.24182446842921]]]}},{"type":"Feature","properties":{"cvegeo":"30115","cve_ent":"30","state_code":"VER","nom_mun":"Nogales"},"geometry":{"type":"Polygon","coordinates":[[[-97.1528498503766,18.825441384585496],[-97.16647980171686,18.80907332121288],[-97.16679677732942,18.8096189233253],[-97.19469063123509,18.813438138112243],[-97.16204214314097,18.763788345881974],[-97.19595853368534,18.758696059499382],[-97.20641872889996,18.780338276625397],[-97.22448633881613,18.791614053615422],[-97.22163355830305,18.86199672611767],[-97.21846380217741,18.91110091623552],[-97.21782985095228,18.91110091623552],[-97.20483385083715,18.872181298882854],[-97.18042672866969,18.85690443973508],[-97.1528498503766,18.825441384585496]]]}},{"type":"Feature","properties":{"cvegeo":"30116","cve_ent":"30","state_code":"VER","nom_mun":"Oluta"},"geometry":{"type":"Polygon","coordinates":[[[-94.89059490350483,17.952478004712635],[-94.85699548857302,17.95502414790393],[-94.85287480560967,17.877366780569407],[-94.89027792789227,17.860453115084372],[-94.89313070840535,17.836810356879482],[-94.94479773325334,17.902828212482365],[-94.93021685507537,17.921196816933858],[-94.89059490350483,17.952478004712635]]]}},{"type":"Feature","properties":{"cvegeo":"30117","cve_ent":"30","state_code":"VER","nom_mun":"Omealca"},"geometry":{"type":"Polygon","coordinates":[[[-96.6282552115826,18.631752634676204],[-96.68340896816879,18.66939918043322],[-96.68435989500648,18.644301483261877],[-96.72746857831524,18.683402967985348],[-96.77216213968681,18.693951275492147],[-96.80893131074427,18.732507158103196],[-96.8425307256761,18.752330701521142],[-96.88500545775972,18.744874139318064],[-96.91575209217847,18.761060335319872],[-96.90434097012614,18.78597616512041],[-96.86630389661842,18.76051473320745],[-96.72651765147755,18.744146669834834],[-96.654881163038,18.751603232037915],[-96.57690516234717,18.738872516081436],[-96.56707891835768,18.70759132830266],[-96.59877647961412,18.70177157243684],[-96.6282552115826,18.631752634676204]]]}},{"type":"Feature","properties":{"cvegeo":"30118","cve_ent":"30","state_code":"VER","nom_mun":"Orizaba"},"geometry":{"type":"Polygon","coordinates":[[[-97.15760448456506,18.86563407353381],[-97.1198843866699,18.86617967564623],[-97.1110090695181,18.87127196202882],[-97.1056204841045,18.88618508643498],[-97.08470009367525,18.880365330569163],[-97.06980223988474,18.85108468386926],[-97.08723589857577,18.832897946788577],[-97.09864702062809,18.833079814159383],[-97.1100581426804,18.83198860993454],[-97.15760448456506,18.86563407353381]]]}},{"type":"Feature","properties":{"cvegeo":"30119","cve_ent":"30","state_code":"VER","nom_mun":"Otatitlán"},"geometry":{"type":"Polygon","coordinates":[[[-96.00698301095647,18.184722637232976],[-95.9908172547157,18.15125904100452],[-96.0164922793334,18.136527783969164],[-96.0209299379093,18.137800855564812],[-96.06657442611856,18.13161736495738],[-96.08400808480961,18.161625481140508],[-96.04470310885164,18.17944848347958],[-96.02156388913443,18.216549427124175],[-96.00698301095647,18.184722637232976]]]}},{"type":"Feature","properties":{"cvegeo":"30120","cve_ent":"30","state_code":"VER","nom_mun":"Oteapan"},"geometry":{"type":"Polygon","coordinates":[[[-94.65444807214439,17.97175594601816],[-94.67631938941133,17.962116975365397],[-94.69407002371494,17.96320817959024],[-94.69407002371494,17.963390046961045],[-94.69407002371494,17.96320817959024],[-94.69407002371494,17.963390046961045],[-94.69660582861545,17.964663118556693],[-94.69216817003955,18.00649261384227],[-94.65096134040618,18.017586523461485],[-94.65444807214439,17.97175594601816]]]}},{"type":"Feature","properties":{"cvegeo":"30121","cve_ent":"30","state_code":"VER","nom_mun":"Ozuluama de Mascareñas"},"geometry":{"type":"Polygon","coordinates":[[[-97.38741180367421,21.536538281203146],[-97.5306847805533,21.58073205230921],[-97.6454299523016,21.627653833977377],[-97.66730126956853,21.605284147368135],[-97.69741395276215,21.61819673069542],[-97.72435687983011,21.604192943143293],[-97.71326273339037,21.568365071094345],[-97.75034888006039,21.52889985162926],[-97.79662731949479,21.521625156796986],[-97.83973600280353,21.4370568293718],[-97.91517619859385,21.44014857467552],[-97.93197590605976,21.427599726089845],[-97.95353024771414,21.40195642680608],[-97.99220127244699,21.480523130994637],[-97.97001297956749,21.588006747141485],[-97.99093336999674,21.65802568490212],[-98.04513619974523,21.66493664499278],[-98.09109766356707,21.665300379734393],[-98.09997298071887,21.64656804054129],[-98.14910420066634,21.68057723888217],[-98.1592474202684,21.711312824548525],[-98.15956439588096,21.711312824548525],[-98.1592474202684,21.711312824548525],[-98.14656839576583,21.766782372644613],[-98.12659893217428,21.780968027567546],[-98.1218442979858,21.845167209462364],[-98.08824488305399,21.854260578002705],[-98.12406312727376,21.933191016932877],[-98.09299951724245,21.95374202983405],[-98.11170107838375,21.974111175364417],[-98.07207912681321,21.99520779037801],[-98.05052478515883,21.950104682417916],[-97.92690429625874,21.93882890542789],[-97.91802897910694,21.914094942998158],[-97.87713912508613,21.90827518713234],[-97.85146410046842,21.946649202372583],[-97.8188156123743,21.923006444167694],[-97.78997083163094,21.931372343224808],[-97.71991922125422,21.91573174933542],[-97.67807844039572,21.92136963783043],[-97.63687161076236,21.842257331529453],[-97.62007190329645,21.784059772871263],[-97.50627765838584,21.668573992408916],[-97.45682946282581,21.59400837037811],[-97.38741180367421,21.536538281203146]]]}},{"type":"Feature","properties":{"cvegeo":"30122","cve_ent":"30","state_code":"VER","nom_mun":"Pajapan"},"geometry":{"type":"Polygon","coordinates":[[[-94.59739246188282,18.193452271031706],[-94.62655421823874,18.211275273370777],[-94.63891626712874,18.17308312550134],[-94.60214709607128,18.152895847341778],[-94.58534738860537,18.121614659563],[-94.59453968136974,18.096153227650042],[-94.65254621846901,18.089606002300997],[-94.74003148753677,18.118341046888478],[-94.76602348776704,18.138710192418845],[-94.75017470713883,18.191087995211216],[-94.70833392628033,18.22091424402354],[-94.7264015361965,18.241828991666328],[-94.74098241437446,18.30966552097728],[-94.68234192605006,18.349858209925593],[-94.65571597459466,18.310029255718895],[-94.6233844621131,18.287113966997232],[-94.62465236456335,18.25492344236442],[-94.59739246188282,18.193452271031706]]]}},{"type":"Feature","properties":{"cvegeo":"30123","cve_ent":"30","state_code":"VER","nom_mun":"Pánuco"},"geometry":{"type":"Polygon","coordinates":[[[-97.97032995518005,22.332935497966325],[-98.00075961398623,22.29747136065899],[-97.95670000383979,22.293652145872045],[-97.93546263779797,22.256369334856643],[-97.8952067350023,22.222178269144955],[-97.9351456621854,22.208174481592827],[-97.98744663825852,22.212539298492192],[-98.01629141900187,22.178893834892925],[-98.00075961398623,22.151249994530286],[-98.03943063871908,22.12906217529185],[-98.04355132168241,22.102327671783243],[-98.0819053708027,22.09687165065904],[-98.00646517501238,22.069773412408818],[-98.02168000441547,22.03176313191019],[-98.07207912681321,21.99520779037801],[-98.11170107838375,21.974111175364417],[-98.09299951724245,21.95374202983405],[-98.12406312727376,21.933191016932877],[-98.08824488305399,21.854260578002705],[-98.1218442979858,21.845167209462364],[-98.12659893217428,21.780968027567546],[-98.14656839576583,21.766782372644613],[-98.1592474202684,21.711312824548525],[-98.15956439588096,21.711312824548525],[-98.20489190847766,21.721861132055324],[-98.22739717696973,21.703674394974637],[-98.31298059236211,21.689488740051704],[-98.32185590951391,21.708221079244808],[-98.30569015327313,21.825161798673612],[-98.3922244955032,21.818796440695372],[-98.41504673960783,21.831345289281042],[-98.40807327613142,21.85862539490207],[-98.43121249584861,21.890634052164074],[-98.4882681061102,21.837528779888476],[-98.51806381369124,21.829526615572973],[-98.54849347249743,21.859898466497718],[-98.54342186269639,21.932645414820456],[-98.49872830132482,21.92737126106706],[-98.51235825266508,21.949377212934685],[-98.55324810668588,21.933372884303683],[-98.5789231313036,21.959925520441484],[-98.56212342383769,21.96756395001537],[-98.52218449665457,21.97920346174701],[-98.49460761836148,21.96065298992471],[-98.4340652763617,22.05631522696911],[-98.4321634226863,22.128334705808623],[-98.33643678769187,22.187623468691655],[-98.34467815361855,22.222178269144955],[-98.32597659247725,22.243093016787743],[-98.37447386119959,22.236000189326276],[-98.3681343489483,22.2552781306318],[-98.40522049561834,22.256005600115028],[-98.44674430086427,22.305655392345297],[-98.47812488650814,22.29619828906334],[-98.53549747238229,22.33784591697811],[-98.57924010691616,22.348394224484906],[-98.58272683865437,22.373128186914638],[-98.68194020538701,22.371491380577375],[-98.67084605894726,22.405682446289063],[-98.61379044868568,22.408956058963586],[-98.59001727774336,22.394406669299038],[-98.54595766759691,22.40004455779405],[-98.49080391101072,22.427506530785884],[-98.46100820342966,22.41222967163811],[-98.4429405935135,22.43241694979767],[-98.40965815419423,22.399862690423245],[-98.35418742199548,22.389314382916446],[-98.31266361674955,22.414230212716983],[-98.3193201046134,22.4651530765429],[-98.29206020193287,22.467699219734197],[-98.19284683520023,22.4651530765429],[-98.1858733717238,22.422596111774098],[-98.11645571257222,22.396952812490333],[-98.10662946858272,22.366762828936398],[-98.05844917547294,22.347121152889258],[-98.02833649227932,22.358396929879284],[-97.97032995518005,22.332935497966325]]]}},{"type":"Feature","properties":{"cvegeo":"30124","cve_ent":"30","state_code":"VER","nom_mun":"Papantla"},"geometry":{"type":"Polygon","coordinates":[[[-97.29707375409338,20.653935930677523],[-97.29834165654363,20.639022806271363],[-97.29390399796773,20.617016854403733],[-97.24952741220872,20.65939195180173],[-97.2149770704392,20.653390328565102],[-97.18106067989483,20.670667728791752],[-97.13161248433478,20.599739454177083],[-97.19247180194714,20.563365980015714],[-97.21561102166433,20.52717437322515],[-97.15126497231377,20.506805227694784],[-97.15887238701532,20.464611997667596],[-97.19025297265918,20.44933513851982],[-97.1750381432561,20.398230407323098],[-97.16331004559122,20.397139203098256],[-97.14175570393684,20.37622445545547],[-97.15570263088968,20.329120806416498],[-97.11481277686887,20.302568170278697],[-97.10371863042911,20.256010123352144],[-97.12749180137145,20.246189285328576],[-97.14999706986352,20.160347886307743],[-97.1642609724289,20.151800119879823],[-97.28693053449132,20.19126533934491],[-97.31577531523467,20.200540575256056],[-97.371563023046,20.219091047078354],[-97.37948741336011,20.249644765373905],[-97.4336902431086,20.32366478529229],[-97.47616497519223,20.329848275899725],[-97.51578692676277,20.339487246552487],[-97.51927365850098,20.36694921954432],[-97.47299521906659,20.354582238329456],[-97.44763717006144,20.45624609861048],[-97.39945687695166,20.469704284050188],[-97.40389453552756,20.48752728638926],[-97.4105510233914,20.553545141992146],[-97.43876185290964,20.59010048352432],[-97.37980438897267,20.65466340016075],[-97.29707375409338,20.653935930677523]]]}},{"type":"Feature","properties":{"cvegeo":"30125","cve_ent":"30","state_code":"VER","nom_mun":"Paso del Macho"},"geometry":{"type":"Polygon","coordinates":[[[-96.53981901567714,18.95765896316207],[-96.49227267379248,18.93401620495718],[-96.46691462478734,18.93929035871058],[-96.5356983327138,18.9052811603697],[-96.51255911299661,18.876727983153025],[-96.52840789362483,18.864542869308966],[-96.6006783332895,18.888185627513856],[-96.64473794343594,18.873818105220117],[-96.64283608976055,18.851812153352487],[-96.68911452919495,18.85344895968975],[-96.71161979768702,18.848538540677964],[-96.7357099442419,18.871635696770433],[-96.79435043256632,18.994941774177477],[-96.814953847383,19.008945561729604],[-96.80449365216838,19.027132298810287],[-96.70781609033625,19.020948808202853],[-96.67580155346725,19.047319576969848],[-96.64347004098569,19.04768331171146],[-96.66787716315314,19.019675736607205],[-96.61145550411669,19.01658399130349],[-96.61335735779207,18.9503842683298],[-96.53981901567714,18.95765896316207]]]}},{"type":"Feature","properties":{"cvegeo":"30126","cve_ent":"30","state_code":"VER","nom_mun":"Paso de Ovejas"},"geometry":{"type":"Polygon","coordinates":[[[-96.44440935629527,19.18626624826628],[-96.49766125920608,19.168443245927207],[-96.5001970641066,19.150620243588136],[-96.58958418684975,19.172626195455763],[-96.62445150423183,19.203725515863734],[-96.59243696736283,19.23227869308041],[-96.54457364986561,19.24901049119464],[-96.46786555162504,19.315028346797526],[-96.38481794113318,19.360495189499236],[-96.34931667252597,19.341035380822902],[-96.32205676984543,19.29556853812119],[-96.33980740414904,19.241917663733172],[-96.33251696506005,19.198633229481143],[-96.35945989212803,19.188812391457574],[-96.44440935629527,19.18626624826628]]]}},{"type":"Feature","properties":{"cvegeo":"30127","cve_ent":"30","state_code":"VER","nom_mun":"La Perla"},"geometry":{"type":"Polygon","coordinates":[[[-97.2675950221249,19.029678442001583],[-97.19469063123509,19.053866802318893],[-97.16267609436609,19.010582368066864],[-97.10371863042911,18.989849487794885],[-97.12780877698401,18.97093528123097],[-97.08723589857577,18.921103621629896],[-97.10625443532963,18.910737181493907],[-97.1341482892353,18.92092175425909],[-97.16584585049173,18.958750167386913],[-97.20927150941304,18.962023780061436],[-97.23114282667999,18.980574251883734],[-97.25523297323488,18.943837042980753],[-97.26157248548617,18.981119853996155],[-97.28502868081593,18.999488458447647],[-97.26886292457515,19.02822350303513],[-97.2675950221249,19.029678442001583]]]}},{"type":"Feature","properties":{"cvegeo":"30128","cve_ent":"30","state_code":"VER","nom_mun":"Perote"},"geometry":{"type":"Polygon","coordinates":[[[-97.36078585221881,19.375953916017817],[-97.38963063296217,19.42942292303503],[-97.35761609609317,19.432150933597132],[-97.34810682771624,19.484710603760313],[-97.40484546236524,19.49580451337953],[-97.42671677963219,19.541635090822854],[-97.43432419433374,19.588375005120213],[-97.42006029176834,19.624021009798355],[-97.3804383401978,19.634023715192733],[-97.30975277859595,19.609653487504616],[-97.26822897335002,19.638024797350482],[-97.2381162901564,19.636751725754834],[-97.20419989961202,19.614018304403977],[-97.16711375294199,19.61565511074124],[-97.10086584991603,19.54763671405948],[-97.10466955726682,19.53035931383283],[-97.10593745971707,19.521265945292487],[-97.14968009425095,19.487984216434835],[-97.2149770704392,19.479254582636106],[-97.2745684856013,19.4525200791275],[-97.2203656558528,19.38559288667058],[-97.26696107089975,19.382319273996057],[-97.28185892469028,19.38741156037865],[-97.33796360811418,19.39250384676124],[-97.36078585221881,19.375953916017817]]]}},{"type":"Feature","properties":{"cvegeo":"30129","cve_ent":"30","state_code":"VER","nom_mun":"Platón Sánchez"},"geometry":{"type":"Polygon","coordinates":[[[-98.433114349524,21.25609879541899],[-98.45878937414172,21.303748046570384],[-98.49777737448713,21.327936406887694],[-98.46924956935634,21.358853859924857],[-98.46639678884326,21.365219217903096],[-98.46734771568094,21.378495535971997],[-98.44611034963914,21.401774559435275],[-98.41409581277014,21.38358782235459],[-98.39507727601628,21.415960214358208],[-98.37669269048754,21.408503652155126],[-98.39856400775449,21.38358782235459],[-98.36337971475984,21.3546709103963],[-98.3868359100896,21.314114486706373],[-98.33770469014213,21.284651972635665],[-98.28952439703235,21.2935634738052],[-98.25624195771309,21.27410366512887],[-98.2552910308754,21.231001098247646],[-98.2961808848962,21.187716663995616],[-98.29935064102185,21.179532632309307],[-98.3094938606239,21.184988653433514],[-98.38303220273883,21.253007050115272],[-98.433114349524,21.25609879541899]]]}},{"type":"Feature","properties":{"cvegeo":"30130","cve_ent":"30","state_code":"VER","nom_mun":"Playa Vicente"},"geometry":{"type":"Polygon","coordinates":[[[-95.72899539873754,17.920105612709015],[-95.70078456921931,17.908647968348184],[-95.69698086186854,17.88173159746877],[-95.65609100784773,17.892643639717182],[-95.56892271439254,17.883732138547646],[-95.5657529582669,17.90210074299914],[-95.52327822618328,17.898281528212195],[-95.477633737974,17.858088839263882],[-95.46336983540861,17.769701297051753],[-95.43452505466526,17.752969498937524],[-95.4101179324978,17.693680736054493],[-95.35116046856083,17.67822200953591],[-95.40631422514703,17.64366720908261],[-95.42628368873858,17.64675895438633],[-95.477633737974,17.587833926244908],[-95.48460720145043,17.601837713797035],[-95.52993471404713,17.570738393389064],[-95.55085510447637,17.565464239635666],[-95.56702086071715,17.597291029526865],[-95.51123315290583,17.628390349934836],[-95.55148905570151,17.652578710252147],[-95.59174495849717,17.636028779508724],[-95.6022051537118,17.685496704368184],[-95.65133637365928,17.69495380765014],[-95.66084564203621,17.73187288392393],[-95.68683764226648,17.75042335574623],[-95.71885217913548,17.721688311158747],[-95.74896486232909,17.722415780641974],[-95.7667154966327,17.686769775963832],[-95.77337198449655,17.623843665664666],[-95.8031676920776,17.629117819418063],[-95.89540759533382,17.704410910932097],[-95.89128691237049,17.766791419118846],[-95.86719676581559,17.773156777097086],[-95.84912915589942,17.82753512096833],[-95.85927237550149,17.84444878645337],[-95.8484952046743,17.8479042664987],[-95.79999793595195,17.949749994150533],[-95.77368896010911,17.92447042960838],[-95.72899539873754,17.920105612709015]]]}},{"type":"Feature","properties":{"cvegeo":"30131","cve_ent":"30","state_code":"VER","nom_mun":"Poza Rica de Hidalgo"},"geometry":{"type":"Polygon","coordinates":[[[-97.40389453552756,20.48752728638926],[-97.48852702408225,20.507350829807205],[-97.48218751183096,20.538450150215176],[-97.45492760915042,20.55318140725053],[-97.43876185290964,20.59010048352432],[-97.4105510233914,20.553545141992146],[-97.40389453552756,20.48752728638926]]]}},{"type":"Feature","properties":{"cvegeo":"30132","cve_ent":"30","state_code":"VER","nom_mun":"Las Vigas de Ramírez"},"geometry":{"type":"Polygon","coordinates":[[[-97.16711375294199,19.61565511074124],[-97.1509479967012,19.646390696407597],[-97.0967451669527,19.653301656498257],[-97.06853433743447,19.68494657901865],[-97.0346179468901,19.6571208712852],[-97.0346179468901,19.625294081394003],[-97.0932584352145,19.58291898399601],[-97.10086584991603,19.54763671405948],[-97.16711375294199,19.61565511074124]]]}},{"type":"Feature","properties":{"cvegeo":"30133","cve_ent":"30","state_code":"VER","nom_mun":"Pueblo Viejo"},"geometry":{"type":"Polygon","coordinates":[[[-97.78553317305503,22.166163118936446],[-97.86033941762022,22.147976381855763],[-97.89647463745256,22.124697358392485],[-97.89457278377716,22.093779905355323],[-97.92341756452052,22.071046484004466],[-97.95321327210158,22.0772299746119],[-97.93324380851001,22.114330918256496],[-97.9557490770021,22.120150674122314],[-97.97318273569313,22.123788021538452],[-97.97857132110673,22.07941238306158],[-98.00646517501238,22.069773412408818],[-98.0819053708027,22.09687165065904],[-98.04355132168241,22.102327671783243],[-98.03943063871908,22.12906217529185],[-98.00075961398623,22.151249994530286],[-98.01629141900187,22.178893834892925],[-97.98744663825852,22.212539298492192],[-97.9351456621854,22.208174481592827],[-97.8952067350023,22.222178269144955],[-97.85146410046842,22.2074470121096],[-97.83624927106533,22.229998566089648],[-97.78458224621734,22.262370958093268],[-97.79377453898171,22.25018584424921],[-97.78553317305503,22.166163118936446]]]}},{"type":"Feature","properties":{"cvegeo":"30134","cve_ent":"30","state_code":"VER","nom_mun":"Puente Nacional"},"geometry":{"type":"Polygon","coordinates":[[[-96.38481794113318,19.360495189499236],[-96.46786555162504,19.315028346797526],[-96.54457364986561,19.24901049119464],[-96.59243696736283,19.23227869308041],[-96.62445150423183,19.203725515863734],[-96.68531082184418,19.19299534098613],[-96.8193915059589,19.2028161790097],[-96.80734643268146,19.21954797712393],[-96.68277501694367,19.265742289308868],[-96.6824580413311,19.265560421938062],[-96.60891969921617,19.293567997042317],[-96.59782555277641,19.32102997003415],[-96.56264125978177,19.341944717676938],[-96.5410869181274,19.397596133143832],[-96.5135100398343,19.400142276335128],[-96.48086155174018,19.438334424204566],[-96.46564672233708,19.397232398402217],[-96.41683247800218,19.410872451212732],[-96.3775275020442,19.40068787844755],[-96.38481794113318,19.360495189499236]]]}},{"type":"Feature","properties":{"cvegeo":"30135","cve_ent":"30","state_code":"VER","nom_mun":"Rafael Delgado"},"geometry":{"type":"Polygon","coordinates":[[[-97.11132604513067,18.79052284939058],[-97.11164302074323,18.756695518420507],[-97.13066155749709,18.76633448907327],[-97.14048780148659,18.767061958556496],[-97.13161248433478,18.796160737885593],[-97.09864702062809,18.833079814159383],[-97.08723589857577,18.832897946788577],[-97.0469799957801,18.798525013706083],[-97.06409667885858,18.787976706199284],[-97.09167355715168,18.812710668629016],[-97.11132604513067,18.79052284939058]]]}},{"type":"Feature","properties":{"cvegeo":"30136","cve_ent":"30","state_code":"VER","nom_mun":"Rafael Lucio"},"geometry":{"type":"Polygon","coordinates":[[[-96.98897345868083,19.579099769209066],[-96.99594692215724,19.57819043235503],[-97.0026034100211,19.61692818233689],[-96.987388580618,19.620747397123832],[-96.9686870194767,19.596922771548137],[-96.96837004386414,19.59655903680652],[-96.9686870194767,19.596922771548137],[-96.98897345868083,19.579099769209066]]]}},{"type":"Feature","properties":{"cvegeo":"30137","cve_ent":"30","state_code":"VER","nom_mun":"Los Reyes"},"geometry":{"type":"Polygon","coordinates":[[[-97.07836058142396,18.629206491484908],[-97.08470009367525,18.64120973795816],[-97.05363648364396,18.681402426906473],[-97.06980223988474,18.703226511403294],[-97.01433150768597,18.703226511403294],[-97.02067101993725,18.650848708610923],[-97.07836058142396,18.629206491484908]]]}},{"type":"Feature","properties":{"cvegeo":"30138","cve_ent":"30","state_code":"VER","nom_mun":"Río Blanco"},"geometry":{"type":"Polygon","coordinates":[[[-97.1100581426804,18.83198860993454],[-97.1528498503766,18.825441384585496],[-97.18042672866969,18.85690443973508],[-97.15760448456506,18.86563407353381],[-97.1100581426804,18.83198860993454]]]}},{"type":"Feature","properties":{"cvegeo":"30139","cve_ent":"30","state_code":"VER","nom_mun":"Saltabarranca"},"geometry":{"type":"Polygon","coordinates":[[[-95.46844144520965,18.60374505957195],[-95.46939237204734,18.553913399970874],[-95.49601832350274,18.538454673452293],[-95.50299178697915,18.47625603263635],[-95.53437237262303,18.486986207513954],[-95.53627422629842,18.520813538484028],[-95.57177549490562,18.552276593633614],[-95.58160173889512,18.605018131167597],[-95.55148905570151,18.621386194540214],[-95.54578349467535,18.60883734595454],[-95.46844144520965,18.60374505957195]]]}},{"type":"Feature","properties":{"cvegeo":"30140","cve_ent":"30","state_code":"VER","nom_mun":"San Andrés Tenejapan"},"geometry":{"type":"Polygon","coordinates":[[[-97.07043619110986,18.77724653132168],[-97.0666324837591,18.759059794240997],[-97.11164302074323,18.756695518420507],[-97.11132604513067,18.79052284939058],[-97.07043619110986,18.77724653132168]]]}},{"type":"Feature","properties":{"cvegeo":"30141","cve_ent":"30","state_code":"VER","nom_mun":"San Andrés Tuxtla"},"geometry":{"type":"Polygon","coordinates":[[[-95.24972827254024,18.498989453987207],[-95.23419646752458,18.516994323697084],[-95.28332768747207,18.544638164059727],[-95.28427861430976,18.56737158541058],[-95.32453451710543,18.573009473905593],[-95.30519900473901,18.59337861943596],[-95.26779588245641,18.59155994572789],[-95.29949344371285,18.62156806191102],[-95.28649744359771,18.664125026679823],[-95.30266319983849,18.691586999671657],[-95.2874483704354,18.715229757876546],[-95.27159958980718,18.707409460931853],[-95.18189549145147,18.706863858819432],[-95.12230407628937,18.65266738231899],[-95.07951236859319,18.64175534007058],[-95.04971666101214,18.599562110043394],[-95.10138368586013,18.57155453493914],[-95.09916485657217,18.549366715700703],[-95.132764271504,18.5413645513852],[-95.08711978329472,18.528451968057915],[-95.08553490523191,18.490805422300898],[-95.14988095458247,18.492805963379773],[-95.13371519834169,18.46534399038794],[-95.13656797885477,18.423696362473173],[-95.15558651560863,18.39441571577327],[-95.14893002774478,18.318577022146815],[-95.16160905224736,18.30384576511146],[-95.1834803695143,18.30057215243694],[-95.19901217452994,18.2623800045675],[-95.24465666273922,18.26365307616315],[-95.21866466250894,18.23637297054212],[-95.2918860290113,18.24510260434085],[-95.28269373624694,18.217095029236596],[-95.349575590498,18.24055592007068],[-95.38190710297958,18.226188397776937],[-95.44593617671758,18.22364225458564],[-95.4342080790527,18.244738869599235],[-95.39522007870728,18.25601464658926],[-95.3416512001839,18.30111775454936],[-95.33150798058185,18.385504214603735],[-95.28554651676001,18.401508543234737],[-95.24972827254024,18.498989453987207]]]}},{"type":"Feature","properties":{"cvegeo":"30142","cve_ent":"30","state_code":"VER","nom_mun":"San Juan Evangelista"},"geometry":{"type":"Polygon","coordinates":[[[-95.00755890454109,17.96138950588217],[-95.004706124028,17.95847962794926],[-95.00534007525313,17.954296678420704],[-95.00850983137877,17.953023606825056],[-95.00819285576621,17.952478004712635],[-95.00850983137877,17.953023606825056],[-95.0091437826039,17.94138409509342],[-95.00946075821646,17.939747288756156],[-95.00787588015365,17.929926450732587],[-95.03418485599649,17.888278822817817],[-95.02752836813264,17.824988977777036],[-95.07729353930523,17.781704543525006],[-95.03830553895982,17.75151455997107],[-94.94194495274026,17.708411993089847],[-94.94638261131617,17.676403335827843],[-94.90390787923253,17.68404176540173],[-94.90612670852049,17.620933787731754],[-94.96191441633181,17.63493757528388],[-95.02309070955673,17.685314836997378],[-95.02879627058289,17.71586855529293],[-95.06461451480266,17.70131916562838],[-95.00882680699134,17.632937034205007],[-95.06683334409061,17.645849617532292],[-95.07602563685498,17.57837682296295],[-95.06049383183932,17.5716477302431],[-95.15209978387043,17.562736229073565],[-95.2047177355561,17.53872973612706],[-95.25321500427845,17.601292111684614],[-95.2785730532836,17.615114031865936],[-95.25384895550359,17.6407573311497],[-95.18728407686507,17.654761118701828],[-95.19045383299071,17.691862062346424],[-95.23895110171306,17.739329446127012],[-95.26494310194333,17.717869096371803],[-95.29600671197464,17.722233913271168],[-95.33404378548236,17.675130264232195],[-95.35116046856083,17.67822200953591],[-95.4101179324978,17.693680736054493],[-95.43452505466526,17.752969498937524],[-95.42184603016268,17.775884787659187],[-95.34767373682263,17.816804946090727],[-95.27825607767103,17.807165975437965],[-95.28459558992232,17.86972835099552],[-95.23641529681254,17.874093167894884],[-95.24814339447742,17.921924286417084],[-95.23704924803766,17.981394916670922],[-95.19615939401687,17.985214131457866],[-95.17175227184941,17.983759192491412],[-95.14702817406939,17.94229343194745],[-95.13498310079194,17.967027394377183],[-95.0972630028968,17.972483415501387],[-95.00755890454109,17.96138950588217]]]}},{"type":"Feature","properties":{"cvegeo":"30143","cve_ent":"30","state_code":"VER","nom_mun":"Santiago Tuxtla"},"geometry":{"type":"Polygon","coordinates":[[[-95.4342080790527,18.244738869599235],[-95.50108993330377,18.238555378991805],[-95.50552759187967,18.31784955266359],[-95.54071188487431,18.336400024485886],[-95.51376895780635,18.363680130106914],[-95.51788964076968,18.458251162926473],[-95.53437237262303,18.486986207513954],[-95.50299178697915,18.47625603263635],[-95.47541490868606,18.469163205174883],[-95.44403432304219,18.486440605401533],[-95.38032222491675,18.48898674859283],[-95.33404378548236,18.51790366055112],[-95.32453451710543,18.573009473905593],[-95.28427861430976,18.56737158541058],[-95.28332768747207,18.544638164059727],[-95.23419646752458,18.516994323697084],[-95.24972827254024,18.498989453987207],[-95.28554651676001,18.401508543234737],[-95.33150798058185,18.385504214603735],[-95.3416512001839,18.30111775454936],[-95.39522007870728,18.25601464658926],[-95.4342080790527,18.244738869599235]]]}},{"type":"Feature","properties":{"cvegeo":"30144","cve_ent":"30","state_code":"VER","nom_mun":"Sayula de Alemán"},"geometry":{"type":"Polygon","coordinates":[[[-94.89313070840535,17.836810356879482],[-94.89059490350483,17.79698140267278],[-94.85287480560967,17.758061785320116],[-94.86618778133737,17.739875048239433],[-94.81959236629042,17.730963547069898],[-94.82846768344223,17.69859115506628],[-94.80976612230093,17.685314836997378],[-94.80501148811246,17.583287241974737],[-95.00058544106466,17.579468027187794],[-95.02404163639443,17.56346369855679],[-95.06049383183932,17.5716477302431],[-95.07602563685498,17.57837682296295],[-95.06683334409061,17.645849617532292],[-95.00882680699134,17.632937034205007],[-95.06461451480266,17.70131916562838],[-95.02879627058289,17.71586855529293],[-95.02309070955673,17.685314836997378],[-94.96191441633181,17.63493757528388],[-94.90612670852049,17.620933787731754],[-94.90390787923253,17.68404176540173],[-94.94638261131617,17.676403335827843],[-94.94194495274026,17.708411993089847],[-95.03830553895982,17.75151455997107],[-95.07729353930523,17.781704543525006],[-95.02752836813264,17.824988977777036],[-95.03418485599649,17.888278822817817],[-95.00787588015365,17.929926450732587],[-94.9825178311485,17.90773863149415],[-94.93021685507537,17.921196816933858],[-94.94479773325334,17.902828212482365],[-94.89313070840535,17.836810356879482]]]}},{"type":"Feature","properties":{"cvegeo":"30145","cve_ent":"30","state_code":"VER","nom_mun":"Soconusco"},"geometry":{"type":"Polygon","coordinates":[[[-94.85984826908609,18.0525050586564],[-94.81261890281401,18.05068638494833],[-94.76982719511781,18.02649802463102],[-94.76348768286653,17.99776298004354],[-94.79138153677219,17.97993997770447],[-94.85699548857302,17.95502414790393],[-94.89059490350483,17.952478004712635],[-94.90676065974561,17.959388964803296],[-94.89598348891843,17.99721737793112],[-94.85065597632173,17.992852561031754],[-94.87125939113841,18.031408443642807],[-94.85984826908609,18.0525050586564]]]}},{"type":"Feature","properties":{"cvegeo":"30146","cve_ent":"30","state_code":"VER","nom_mun":"Sochiapa"},"geometry":{"type":"Polygon","coordinates":[[[-96.95917775109977,19.185175044041436],[-96.92367648249257,19.193359075727745],[-96.89546565297434,19.159895479499284],[-96.88627336020997,19.158258673162024],[-96.88468848214715,19.140799405564564],[-96.95917775109977,19.185175044041436]]]}},{"type":"Feature","properties":{"cvegeo":"30147","cve_ent":"30","state_code":"VER","nom_mun":"Soledad Atzompa"},"geometry":{"type":"Polygon","coordinates":[[[-97.15918936262788,18.66430689405063],[-97.16838165539225,18.653212984431413],[-97.22670516810409,18.638663594766864],[-97.23589746086846,18.64339214640784],[-97.23336165596794,18.701953439807646],[-97.20927150941304,18.74451040457645],[-97.20641872889996,18.780338276625397],[-97.19595853368534,18.758696059499382],[-97.16204214314097,18.763788345881974],[-97.14048780148659,18.767061958556496],[-97.13066155749709,18.76633448907327],[-97.13256341117247,18.730142882282706],[-97.13668409413582,18.683402967985348],[-97.18676624092097,18.672490925736938],[-97.15918936262788,18.66430689405063]]]}},{"type":"Feature","properties":{"cvegeo":"30148","cve_ent":"30","state_code":"VER","nom_mun":"Soledad de Doblado"},"geometry":{"type":"Polygon","coordinates":[[[-96.52111745453584,18.990758824648918],[-96.49005384450454,18.988758283570043],[-96.4868840883789,19.047501444340654],[-96.52935882046252,19.04368222955371],[-96.56549404029485,19.060050292926327],[-96.56549404029485,19.084420520614444],[-96.55503384508023,19.100970451357867],[-96.57373540622153,19.13297910861987],[-96.49449150308044,19.136070853923588],[-96.5001970641066,19.150620243588136],[-96.49766125920608,19.168443245927207],[-96.44440935629527,19.18626624826628],[-96.43331520985552,19.170625654376888],[-96.4006667217614,19.172444328084957],[-96.39749696563575,19.092786419671558],[-96.37308984346829,19.075509019444908],[-96.41112691697602,19.03968114739596],[-96.32015491617005,18.999488458447647],[-96.31444935514389,18.97802810869244],[-96.34963364813854,18.971117148601778],[-96.39591208757292,18.935471143923635],[-96.46691462478734,18.93929035871058],[-96.49227267379248,18.93401620495718],[-96.53981901567714,18.95765896316207],[-96.55756964998075,18.96529739273596],[-96.52111745453584,18.990758824648918]]]}},{"type":"Feature","properties":{"cvegeo":"30149","cve_ent":"30","state_code":"VER","nom_mun":"Soteapan"},"geometry":{"type":"Polygon","coordinates":[[[-94.800256853924,18.08196757272711],[-94.81261890281401,18.05068638494833],[-94.85984826908609,18.0525050586564],[-94.88425539125355,18.106883402527647],[-94.93750729416436,18.141074468239335],[-94.98949129462491,18.10615593304442],[-94.99202709952543,18.127252548058014],[-94.96635207490772,18.149622234667255],[-94.9638162700072,18.233826827350825],[-94.99519685565107,18.26365307616315],[-94.99709870932645,18.327852258057966],[-95.0180190997557,18.319850093742463],[-95.0259434900698,18.33749122871073],[-94.97300856277157,18.36386199747772],[-94.93497148926384,18.35567796579141],[-94.88013470829021,18.371682294422413],[-94.86904056185045,18.38932342939068],[-94.83322231763069,18.403872819055227],[-94.82276212241607,18.372227896534834],[-94.83512417130608,18.324214910641828],[-94.81483773210195,18.264926147758796],[-94.85128992754686,18.259288259263784],[-94.86079919592379,18.224551591439678],[-94.8436825128453,18.159261205320018],[-94.79677012218579,18.154714521049847],[-94.79645314657323,18.126706945945593],[-94.83322231763069,18.12397893538349],[-94.85192387877198,18.08651425699728],[-94.800256853924,18.08196757272711]]]}},{"type":"Feature","properties":{"cvegeo":"30152","cve_ent":"30","state_code":"VER","nom_mun":"Tampico Alto"},"geometry":{"type":"Polygon","coordinates":[[[-98.07207912681321,21.99520779037801],[-98.02168000441547,22.03176313191019],[-98.00646517501238,22.069773412408818],[-97.97857132110673,22.07941238306158],[-97.97318273569313,22.123788021538452],[-97.9557490770021,22.120150674122314],[-97.93324380851001,22.114330918256496],[-97.95321327210158,22.0772299746119],[-97.92341756452052,22.071046484004466],[-97.89457278377716,22.093779905355323],[-97.89647463745256,22.124697358392485],[-97.86033941762022,22.147976381855763],[-97.78553317305503,22.166163118936446],[-97.75922419721219,22.080321719915617],[-97.70692322113908,21.97065569531909],[-97.61658517155824,21.834618901955565],[-97.56428419548511,21.770601587431557],[-97.4302035113704,21.648932316361776],[-97.35444633996752,21.593280900894882],[-97.33035619341263,21.558362365699967],[-97.38741180367421,21.536538281203146],[-97.45682946282581,21.59400837037811],[-97.50627765838584,21.668573992408916],[-97.62007190329645,21.784059772871263],[-97.63687161076236,21.842257331529453],[-97.67807844039572,21.92136963783043],[-97.71991922125422,21.91573174933542],[-97.78997083163094,21.931372343224808],[-97.8188156123743,21.923006444167694],[-97.85146410046842,21.946649202372583],[-97.87713912508613,21.90827518713234],[-97.91802897910694,21.914094942998158],[-97.92690429625874,21.93882890542789],[-98.05052478515883,21.950104682417916],[-98.07207912681321,21.99520779037801]]]}},{"type":"Feature","properties":{"cvegeo":"30153","cve_ent":"30","state_code":"VER","nom_mun":"Tancoco"},"geometry":{"type":"Polygon","coordinates":[[[-97.80867239277224,21.320479844684613],[-97.7902878072435,21.33230122378706],[-97.77443902661528,21.33102815219141],[-97.74527727025936,21.267374572409015],[-97.67712751355802,21.267920174521436],[-97.65969385486699,21.280105288365494],[-97.69709697714958,21.253370784856887],[-97.69170839173599,21.220634658111656],[-97.71326273339037,21.203720992626618],[-97.79535941704452,21.238639527821533],[-97.82927580758891,21.223362668673758],[-97.87079961283484,21.238093925709112],[-97.8720675152851,21.246096090024615],[-97.844490636992,21.29756455596295],[-97.80867239277224,21.320479844684613]]]}},{"type":"Feature","properties":{"cvegeo":"30154","cve_ent":"30","state_code":"VER","nom_mun":"Tantima"},"geometry":{"type":"Polygon","coordinates":[[[-97.93197590605976,21.427599726089845],[-97.91517619859385,21.44014857467552],[-97.83973600280353,21.4370568293718],[-97.79662731949479,21.521625156796986],[-97.75034888006039,21.52889985162926],[-97.73893775800808,21.48797969319772],[-97.76239395333783,21.456880372789747],[-97.66381453783032,21.465064404476056],[-97.60675892756875,21.499073602816935],[-97.56808790283588,21.46069958757669],[-97.5814008785636,21.404502569997376],[-97.59598175674155,21.413232203796106],[-97.64130926933825,21.424144246044516],[-97.70248556256317,21.39104438455767],[-97.75193375812322,21.41468714276256],[-97.74813005077245,21.43651122725938],[-97.79409151459427,21.42050689862838],[-97.76207697772527,21.40650311107625],[-97.75129980689809,21.386133965545884],[-97.77475600222785,21.362127472599383],[-97.82071746604967,21.34830555241806],[-97.80867239277224,21.320479844684613],[-97.844490636992,21.29756455596295],[-97.864143124971,21.347032480822413],[-97.85146410046842,21.37140270851053],[-97.89013512520127,21.4077761826719],[-97.89710858867768,21.376313127522316],[-97.93197590605976,21.427599726089845]]]}},{"type":"Feature","properties":{"cvegeo":"30155","cve_ent":"30","state_code":"VER","nom_mun":"Tantoyuca"},"geometry":{"type":"Polygon","coordinates":[[[-98.24768361617386,21.465064404476056],[-98.24800059178642,21.465610006588477],[-98.25782683577592,21.470156690858648],[-98.25782683577592,21.470884160341875],[-98.25180429913719,21.475976446724466],[-98.24831756739898,21.50289281760388],[-98.25434010403771,21.506712032390823],[-98.2321518111582,21.563818386824174],[-98.19855239622638,21.58073205230921],[-98.19348078642535,21.580004582825982],[-98.15861346904327,21.56854693846515],[-98.13674215177633,21.58764301239987],[-98.1361082005512,21.589643553478744],[-98.12691590778684,21.59400837037811],[-98.12659893217428,21.59400837037811],[-98.10916527348323,21.59400837037811],[-98.09997298071887,21.64656804054129],[-98.09109766356707,21.665300379734393],[-98.04513619974523,21.66493664499278],[-98.03055532156728,21.63947521307982],[-97.98744663825852,21.616923659099772],[-98.02706858982907,21.554361283542217],[-98.02168000441547,21.511804318773414],[-98.06890937068756,21.452515555890383],[-98.04006458994421,21.394863599344614],[-98.04672107780806,21.33957591861933],[-98.06573961456192,21.348487419788867],[-98.06573961456192,21.275194869353708],[-98.10441063929477,21.24864223321591],[-98.05591337057243,21.229909894022803],[-98.07049424875038,21.20881327900921],[-98.02897044350445,21.172621672218646],[-98.04355132168241,21.15734481307087],[-98.09585229775553,21.1660744468696],[-98.15702859098045,21.138976208619383],[-98.18745824978663,21.110604898773513],[-98.22739717696973,21.150433852980214],[-98.20774468899074,21.153525598283927],[-98.22454439645665,21.21335996327938],[-98.2552910308754,21.231001098247646],[-98.25624195771309,21.27410366512887],[-98.28952439703235,21.2935634738052],[-98.33770469014213,21.284651972635665],[-98.3868359100896,21.314114486706373],[-98.36337971475984,21.3546709103963],[-98.39856400775449,21.38358782235459],[-98.37669269048754,21.408503652155126],[-98.35608927567087,21.389407578220407],[-98.33009727544058,21.426326654494197],[-98.34626303168137,21.450696882182314],[-98.2686040066031,21.503256552345494],[-98.26733610415285,21.456880372789747],[-98.24768361617386,21.465064404476056]]]}},{"type":"Feature","properties":{"cvegeo":"30156","cve_ent":"30","state_code":"VER","nom_mun":"Tatatila"},"geometry":{"type":"Polygon","coordinates":[[[-97.06853433743447,19.68494657901865],[-97.0967451669527,19.653301656498257],[-97.1509479967012,19.646390696407597],[-97.147461264963,19.68658338535591],[-97.10276770359143,19.726048604820996],[-97.11132604513067,19.740052392373123],[-97.02605960535085,19.78006321395063],[-97.03113121515189,19.719319512101144],[-97.06853433743447,19.68494657901865]]]}},{"type":"Feature","properties":{"cvegeo":"30157","cve_ent":"30","state_code":"VER","nom_mun":"Castillo de Teayo"},"geometry":{"type":"Polygon","coordinates":[[[-97.75034888006039,20.814706686470775],[-97.64638087913929,20.81034186957141],[-97.62229073258439,20.833075290922267],[-97.58805736642745,20.811978675908673],[-97.57506136631231,20.796156214648477],[-97.60232126899284,20.747415759272243],[-97.60770985440644,20.671213330904173],[-97.6587429280293,20.65648207386882],[-97.65905990364186,20.638659071529748],[-97.70470439185112,20.629565702989407],[-97.7493979532227,20.64320575579992],[-97.75193375812322,20.701585181828918],[-97.7528846849609,20.732320767495274],[-97.72847756279346,20.741414136035615],[-97.72055317247934,20.776878273342952],[-97.72055317247934,20.776696405972146],[-97.72055317247934,20.776878273342952],[-97.71357970900293,20.799793562064615],[-97.75034888006039,20.814706686470775]]]}},{"type":"Feature","properties":{"cvegeo":"30158","cve_ent":"30","state_code":"VER","nom_mun":"Tecolutla"},"geometry":{"type":"Polygon","coordinates":[[[-97.13161248433478,20.599739454177083],[-97.05300253241883,20.51917220890965],[-96.98643765378031,20.464611997667596],[-96.90941257992718,20.366221750061094],[-96.78484116418939,20.243279407395665],[-96.78547511541451,20.24182446842921],[-96.82002545718403,20.237641518900652],[-96.85489277456611,20.278561677332192],[-96.88817521388536,20.2707413803875],[-96.9198727751418,20.297475883896105],[-96.97375862927774,20.273833125691215],[-96.9972148246075,20.296202812300457],[-97.00989384911007,20.27546993202848],[-97.07709267897371,20.27183258461234],[-97.10371863042911,20.256010123352144],[-97.11481277686887,20.302568170278697],[-97.15570263088968,20.329120806416498],[-97.14175570393684,20.37622445545547],[-97.08374916683756,20.386409028220655],[-97.07297199601038,20.407687510605054],[-97.03778770301574,20.409142449571508],[-97.02352380045033,20.43969616786706],[-97.01972009309956,20.47315976409552],[-97.05300253241883,20.467158140858892],[-97.10435258165425,20.530629853270483],[-97.15126497231377,20.506805227694784],[-97.21561102166433,20.52717437322515],[-97.19247180194714,20.563365980015714],[-97.13161248433478,20.599739454177083]]]}},{"type":"Feature","properties":{"cvegeo":"30159","cve_ent":"30","state_code":"VER","nom_mun":"Tehuipango"},"geometry":{"type":"Polygon","coordinates":[[[-97.0479309226178,18.581375372962707],[-97.04159141036651,18.585558322491266],[-96.97439258050287,18.553185930487647],[-96.9740756048903,18.553185930487647],[-96.99911667828289,18.531907448103247],[-97.08121336193705,18.46352531667987],[-97.11259394758092,18.52135914059645],[-97.0479309226178,18.581375372962707]]]}},{"type":"Feature","properties":{"cvegeo":"30160","cve_ent":"30","state_code":"VER","nom_mun":"Álamo Temapache"},"geometry":{"type":"Polygon","coordinates":[[[-97.58805736642745,20.811978675908673],[-97.62229073258439,20.833075290922267],[-97.64638087913929,20.81034186957141],[-97.75034888006039,20.814706686470775],[-97.77285414855245,20.827255535056448],[-97.82325327095019,20.81034186957141],[-97.83878507596584,20.83634890359679],[-97.87935795437409,20.834348362517915],[-97.8952067350023,20.79761115361493],[-97.92848917432156,20.789245254557816],[-97.92119873523258,20.832529688809846],[-97.89932741796564,20.84907961955327],[-97.91581014981898,20.874904786207843],[-97.92119873523258,20.880906409444467],[-97.88030888121177,20.893091523288525],[-97.88189375927459,20.923645241584076],[-97.85051317363073,20.97074889062305],[-97.89457278377716,20.98384334132114],[-97.92563639380847,21.011123446942168],[-97.91264039369334,21.050588666407254],[-97.87460332018561,21.064774321330187],[-97.81976653921198,21.106240081874148],[-97.83466439300251,21.126609227404515],[-97.75859024598707,21.086416538456202],[-97.75510351424886,21.139339943360994],[-97.72720966034319,21.130792176933074],[-97.71389668461549,21.16789312057767],[-97.7208701480919,21.17243980484784],[-97.70533834307625,21.19153587878256],[-97.63750556198748,21.183897449208672],[-97.6302151228985,21.164619507903147],[-97.55667678078358,21.105330745020115],[-97.52149248778893,21.108604357694638],[-97.50691160961097,21.07441329198295],[-97.59503082990386,21.006576762671997],[-97.57189161018667,20.950197877721877],[-97.5306847805533,20.954562694621238],[-97.49993814613455,20.933102344866032],[-97.50786253644867,20.851625762744565],[-97.52846595126535,20.857445518610383],[-97.5306847805533,20.82307258552789],[-97.58805736642745,20.811978675908673]]]}},{"type":"Feature","properties":{"cvegeo":"30161","cve_ent":"30","state_code":"VER","nom_mun":"Tempoal"},"geometry":{"type":"Polygon","coordinates":[[[-98.15956439588096,21.711312824548525],[-98.1592474202684,21.711312824548525],[-98.14910420066634,21.68057723888217],[-98.09997298071887,21.64656804054129],[-98.10916527348323,21.59400837037811],[-98.12659893217428,21.59400837037811],[-98.12691590778684,21.59400837037811],[-98.1361082005512,21.589643553478744],[-98.13674215177633,21.58764301239987],[-98.15861346904327,21.56854693846515],[-98.19348078642535,21.580004582825982],[-98.19855239622638,21.58073205230921],[-98.2321518111582,21.563818386824174],[-98.25434010403771,21.506712032390823],[-98.24831756739898,21.50289281760388],[-98.25180429913719,21.475976446724466],[-98.25782683577592,21.470884160341875],[-98.25782683577592,21.470156690858648],[-98.24800059178642,21.465610006588477],[-98.24768361617386,21.465064404476056],[-98.26733610415285,21.456880372789747],[-98.2686040066031,21.503256552345494],[-98.34626303168137,21.450696882182314],[-98.33009727544058,21.426326654494197],[-98.35608927567087,21.389407578220407],[-98.37669269048754,21.408503652155126],[-98.39507727601628,21.415960214358208],[-98.41409581277014,21.38358782235459],[-98.44611034963914,21.401774559435275],[-98.46734771568094,21.378495535971997],[-98.50443386235098,21.389407578220407],[-98.51077337460227,21.398864681502364],[-98.52218449665457,21.427599726089845],[-98.51711288685355,21.46069958757669],[-98.53264469186921,21.500892276525004],[-98.60237932663337,21.543449241293807],[-98.625201570738,21.591462227186813],[-98.62139786338722,21.627835701348182],[-98.64390313187928,21.631836783505932],[-98.61949600971184,21.671120135600212],[-98.55863669209948,21.687670066343635],[-98.53644839921998,21.64638617317048],[-98.44832917892708,21.677485493578452],[-98.41124303225706,21.662208634430677],[-98.32565961686468,21.67184760508344],[-98.31298059236211,21.689488740051704],[-98.22739717696973,21.703674394974637],[-98.20489190847766,21.721861132055324],[-98.15956439588096,21.711312824548525]]]}},{"type":"Feature","properties":{"cvegeo":"30162","cve_ent":"30","state_code":"VER","nom_mun":"Tenampa"},"geometry":{"type":"Polygon","coordinates":[[[-96.85330789650328,19.288475710659725],[-96.82002545718403,19.29866028342491],[-96.78072048122604,19.283929026389554],[-96.75916613957168,19.278836740006962],[-96.75663033467116,19.27592686207405],[-96.82604799382275,19.246464348003343],[-96.88722428704767,19.217001833932635],[-96.9179709214664,19.23227869308041],[-96.85330789650328,19.288475710659725]]]}},{"type":"Feature","properties":{"cvegeo":"30163","cve_ent":"30","state_code":"VER","nom_mun":"Tenochtitlán"},"geometry":{"type":"Polygon","coordinates":[[[-96.99404506848185,19.784791765591606],[-96.96012867793748,19.81461801440393],[-96.97470955611543,19.840806915800115],[-96.94966848272284,19.864995276117426],[-96.95664194619926,19.89300285122168],[-96.95664194619926,19.895003392300556],[-96.93064994596898,19.876452920478258],[-96.89895238471254,19.823529515573465],[-96.89546565297434,19.767514365364956],[-96.93223482403181,19.755147384150092],[-96.99404506848185,19.784791765591606]]]}},{"type":"Feature","properties":{"cvegeo":"30164","cve_ent":"30","state_code":"VER","nom_mun":"Teocelo"},"geometry":{"type":"Polygon","coordinates":[[[-97.02796145902624,19.38559288667058],[-97.03081423953932,19.391594509907208],[-96.98833950745569,19.40341588900965],[-96.89546565297434,19.375408313905396],[-96.84348165251379,19.371407231747646],[-96.89483170174921,19.34412712612662],[-96.93064994596898,19.369042955927156],[-96.97185677560235,19.355948505229065],[-97.01528243452367,19.358676515791167],[-97.02796145902624,19.38559288667058]]]}},{"type":"Feature","properties":{"cvegeo":"30165","cve_ent":"30","state_code":"VER","nom_mun":"Tepatlaxco"},"geometry":{"type":"Polygon","coordinates":[[[-96.89007706756075,19.09096774596349],[-96.84570048180174,19.07878263211943],[-96.80449365216838,19.027132298810287],[-96.814953847383,19.008945561729604],[-96.83904399393789,19.008036224875568],[-96.85837950630432,19.010582368066864],[-96.88183570163407,19.004217010088624],[-96.89007706756075,19.09096774596349]]]}},{"type":"Feature","properties":{"cvegeo":"30166","cve_ent":"30","state_code":"VER","nom_mun":"Tepetlán"},"geometry":{"type":"Polygon","coordinates":[[[-96.83111960362378,19.672943332545398],[-96.81368594493274,19.698950366570777],[-96.76994331039886,19.735505708102952],[-96.73032135882832,19.71895577735953],[-96.71732535871318,19.70622506140305],[-96.74458526139371,19.66294062715102],[-96.7598000907968,19.61147216121268],[-96.77216213968681,19.603651864267988],[-96.8095652619694,19.612563365437524],[-96.79783716430453,19.644935757441143],[-96.83111960362378,19.672943332545398]]]}},{"type":"Feature","properties":{"cvegeo":"30167","cve_ent":"30","state_code":"VER","nom_mun":"Tepetzintla"},"geometry":{"type":"Polygon","coordinates":[[[-97.75510351424886,21.139339943360994],[-97.75859024598707,21.086416538456202],[-97.83466439300251,21.126609227404515],[-97.81976653921198,21.106240081874148],[-97.87460332018561,21.064774321330187],[-97.91707805226923,21.106240081874148],[-97.94085122321157,21.102420867087204],[-97.94148517443669,21.166801916352828],[-97.96399044292876,21.180805703904955],[-97.96113766241568,21.186443592399968],[-97.91517619859385,21.1979012367608],[-97.87079961283484,21.238093925709112],[-97.82927580758891,21.223362668673758],[-97.84417366137944,21.19735563464838],[-97.80677053909685,21.18517052080432],[-97.75510351424886,21.139339943360994]]]}},{"type":"Feature","properties":{"cvegeo":"30168","cve_ent":"30","state_code":"VER","nom_mun":"Tequila"},"geometry":{"type":"Polygon","coordinates":[[[-97.02193892238752,18.762515274286326],[-96.97502653172799,18.798525013706083],[-96.97470955611543,18.79870688107689],[-96.97502653172799,18.798525013706083],[-96.96298145845054,18.770699305972634],[-96.95252126323592,18.75414937522921],[-97.01433150768597,18.703226511403294],[-97.06980223988474,18.703226511403294],[-97.11227697196836,18.70231717454926],[-97.13256341117247,18.730142882282706],[-97.13066155749709,18.76633448907327],[-97.11164302074323,18.756695518420507],[-97.0666324837591,18.759059794240997],[-97.02193892238752,18.762515274286326]]]}},{"type":"Feature","properties":{"cvegeo":"30169","cve_ent":"30","state_code":"VER","nom_mun":"José Azueta"},"geometry":{"type":"Polygon","coordinates":[[[-95.72899539873754,17.920105612709015],[-95.77368896010911,17.92447042960838],[-95.79999793595195,17.949749994150533],[-95.82440505811941,18.080876368502267],[-95.80887325310376,18.08833293070535],[-95.78097939919809,18.09287961497552],[-95.76544759418243,18.150713438892097],[-95.72867842312498,18.16380788959019],[-95.70490525218264,18.204546180650922],[-95.71853520352292,18.214730753416106],[-95.65418915417236,18.26183440245508],[-95.64246105650747,18.304573234594688],[-95.66147959326133,18.308392449381632],[-95.63960827599439,18.356223567903832],[-95.59396378778513,18.354950496308184],[-95.59396378778513,18.354223026824958],[-95.59745051952333,18.310756725202122],[-95.55877949479049,18.275292587894786],[-95.57843198276947,18.242556461149555],[-95.64499686140799,18.205637384875764],[-95.66147959326133,18.094152686571167],[-95.62597832465413,18.08596865488486],[-95.64563081263312,18.068509387287403],[-95.66147959326133,17.99194322417772],[-95.68969042277956,17.994489367369017],[-95.70015061799418,17.955751617387158],[-95.72899539873754,17.920105612709015]]]}},{"type":"Feature","properties":{"cvegeo":"30170","cve_ent":"30","state_code":"VER","nom_mun":"Texcatepec"},"geometry":{"type":"Polygon","coordinates":[[[-98.2099635182787,20.682670975265005],[-98.19633356693843,20.669940259308525],[-98.23183483554564,20.611742700650336],[-98.29681483612133,20.57445988963493],[-98.32375776318929,20.583007656062854],[-98.33009727544058,20.556273152554247],[-98.3468969829065,20.549725927205202],[-98.39856400775449,20.5417237628897],[-98.39951493459218,20.580643380242364],[-98.3548213732206,20.66793971822965],[-98.33580283646674,20.685035251085495],[-98.31900312900083,20.695219823850678],[-98.28667161651927,20.67084959616256],[-98.2099635182787,20.682670975265005]]]}},{"type":"Feature","properties":{"cvegeo":"30171","cve_ent":"30","state_code":"VER","nom_mun":"Texhuacán"},"geometry":{"type":"Polygon","coordinates":[[[-97.02067101993725,18.650848708610923],[-96.97375862927774,18.629206491484908],[-97.01876916626188,18.586831394086914],[-97.04159141036651,18.585558322491266],[-97.0479309226178,18.581375372962707],[-97.04888184945548,18.588286333053368],[-97.07836058142396,18.629206491484908],[-97.02067101993725,18.650848708610923]]]}},{"type":"Feature","properties":{"cvegeo":"30172","cve_ent":"30","state_code":"VER","nom_mun":"Texistepec"},"geometry":{"type":"Polygon","coordinates":[[[-94.76126885357858,17.58437844619958],[-94.80501148811246,17.583287241974737],[-94.80976612230093,17.685314836997378],[-94.82846768344223,17.69859115506628],[-94.81959236629042,17.730963547069898],[-94.86618778133737,17.739875048239433],[-94.85287480560967,17.758061785320116],[-94.89059490350483,17.79698140267278],[-94.89313070840535,17.836810356879482],[-94.89027792789227,17.860453115084372],[-94.85287480560967,17.877366780569407],[-94.85699548857302,17.95502414790393],[-94.79138153677219,17.97993997770447],[-94.78218924400782,17.914285856843197],[-94.7663404633796,17.885005210143294],[-94.71720924343214,17.876821178456986],[-94.71562436536931,17.854269624476938],[-94.74637099978806,17.840993306408038],[-94.77901948788218,17.78097707404178],[-94.7549293413273,17.752242029454298],[-94.70643207260495,17.732600353407157],[-94.70389626770444,17.715686687922123],[-94.71911109710753,17.656034190297476],[-94.75080865836395,17.63166396260936],[-94.73179012161009,17.603110785392683],[-94.76126885357858,17.58437844619958]]]}},{"type":"Feature","properties":{"cvegeo":"30173","cve_ent":"30","state_code":"VER","nom_mun":"Tezonapa"},"geometry":{"type":"Polygon","coordinates":[[[-96.80893131074427,18.732507158103196],[-96.77216213968681,18.693951275492147],[-96.72746857831524,18.683402967985348],[-96.68435989500648,18.644301483261877],[-96.67928828520546,18.607564274358893],[-96.70211052931009,18.580829770850286],[-96.69957472440957,18.553185930487647],[-96.72715160270268,18.529725039653563],[-96.6824580413311,18.499716923470434],[-96.70528028543573,18.456250621847598],[-96.70623121227342,18.423150760360752],[-96.6815071144934,18.41223871811234],[-96.69640496828393,18.364589466960947],[-96.73349111495396,18.374046570242903],[-96.72873648076549,18.39568878736892],[-96.78167140806374,18.42951611833899],[-96.7972032130794,18.511902037314492],[-96.8425307256761,18.493351565492194],[-96.86630389661842,18.52590582486662],[-96.8406288720007,18.559733155836692],[-96.8336554085243,18.587740730940947],[-96.86154926242996,18.62975209359733],[-96.88468848214715,18.70177157243684],[-96.88500545775972,18.744874139318064],[-96.8425307256761,18.752330701521142],[-96.80893131074427,18.732507158103196]]]}},{"type":"Feature","properties":{"cvegeo":"30174","cve_ent":"30","state_code":"VER","nom_mun":"Tierra Blanca"},"geometry":{"type":"Polygon","coordinates":[[[-96.43521706353091,18.736508240260946],[-96.430779404955,18.686494713289065],[-96.36421452631649,18.6954062144586],[-96.32966418454698,18.66758050672515],[-96.27958203776181,18.668671710949994],[-96.20445881758405,18.638117992654443],[-96.16832359775172,18.650848708610923],[-96.13409023159478,18.606291202763245],[-96.0884457433855,18.613202162853906],[-96.03582779169983,18.595379160514835],[-96.01015276708212,18.563006768511215],[-96.01237159637006,18.536635999744224],[-95.97718730337542,18.517539925809505],[-96.01237159637006,18.48953235070525],[-95.98511169368953,18.479893380052488],[-96.00159442554288,18.43588147631723],[-95.98511169368953,18.42678810777689],[-96.01617530372084,18.387868490424225],[-96.06435559683062,18.415512330786864],[-96.12077725586707,18.422968892989946],[-96.16420291478839,18.38859595990745],[-96.26405023274616,18.406055227504908],[-96.2992345257408,18.362770793252878],[-96.2947968671649,18.312211664168576],[-96.30177033064132,18.318031420034394],[-96.31983794055749,18.3580422416119],[-96.32015491617005,18.3580422416119],[-96.35248642865162,18.410238177033467],[-96.40288555104934,18.439700691104175],[-96.42031920974038,18.507900955156742],[-96.45708838079784,18.57028146334349],[-96.50843843003327,18.589559404649016],[-96.56105638171896,18.587740730940947],[-96.58419560143615,18.601744518493074],[-96.58419560143615,18.60210825323469],[-96.6282552115826,18.631752634676204],[-96.59877647961412,18.70177157243684],[-96.56707891835768,18.70759132830266],[-96.57690516234717,18.738872516081436],[-96.51921560086046,18.72595993275415],[-96.47547296632658,18.73632637289014],[-96.43521706353091,18.736508240260946]]]}},{"type":"Feature","properties":{"cvegeo":"30175","cve_ent":"30","state_code":"VER","nom_mun":"Tihuatlán"},"geometry":{"type":"Polygon","coordinates":[[[-97.48852702408225,20.507350829807205],[-97.54177892699305,20.488436623243295],[-97.58995922010283,20.55609128518344],[-97.65050156210262,20.565002786352977],[-97.65747502557903,20.544997375564222],[-97.68505190387214,20.573004950668476],[-97.70121766011292,20.574278022264124],[-97.70470439185112,20.629565702989407],[-97.65905990364186,20.638659071529748],[-97.6587429280293,20.65648207386882],[-97.60770985440644,20.671213330904173],[-97.60232126899284,20.747415759272243],[-97.57506136631231,20.796156214648477],[-97.58805736642745,20.811978675908673],[-97.5306847805533,20.82307258552789],[-97.52846595126535,20.857445518610383],[-97.50786253644867,20.851625762744565],[-97.49137980459531,20.86744822400476],[-97.45714643843837,20.84780654795762],[-97.47965170693044,20.82016270759498],[-97.47616497519223,20.78688097873733],[-97.4425655602604,20.74523335082256],[-97.41372077951705,20.741050401294004],[-97.40579638920295,20.72795595059591],[-97.3661744376324,20.678124290994834],[-97.37980438897267,20.65466340016075],[-97.43876185290964,20.59010048352432],[-97.45492760915042,20.55318140725053],[-97.48218751183096,20.538450150215176],[-97.48852702408225,20.507350829807205]]]}},{"type":"Feature","properties":{"cvegeo":"30176","cve_ent":"30","state_code":"VER","nom_mun":"Tlacojalpan"},"geometry":{"type":"Polygon","coordinates":[[[-95.92013169311385,18.246557543307304],[-95.87892486348048,18.19781708793107],[-95.91093940034948,18.184722637232976],[-95.9026980344228,18.135618447115128],[-95.91854681505102,18.151440908375324],[-95.9588027178467,18.152895847341778],[-95.97940613266337,18.14653048936354],[-95.98257588878901,18.1454392851387],[-95.9908172547157,18.15125904100452],[-96.00698301095647,18.184722637232976],[-95.97718730337542,18.250558625465054],[-95.95214622998284,18.227461469372585],[-95.95278018120797,18.250194890723442],[-95.92013169311385,18.246557543307304]]]}},{"type":"Feature","properties":{"cvegeo":"30177","cve_ent":"30","state_code":"VER","nom_mun":"Tlacolulan"},"geometry":{"type":"Polygon","coordinates":[[[-97.02605960535085,19.78006321395063],[-96.99404506848185,19.784791765591606],[-96.93223482403181,19.755147384150092],[-96.96488331212593,19.745690280868136],[-96.95949472671234,19.72222939003405],[-96.98009814152903,19.714227225718552],[-96.9686870194767,19.643662685845495],[-96.987388580618,19.620747397123832],[-97.0026034100211,19.61692818233689],[-97.0346179468901,19.625294081394003],[-97.0346179468901,19.6571208712852],[-97.06853433743447,19.68494657901865],[-97.03113121515189,19.719319512101144],[-97.02605960535085,19.78006321395063]]]}},{"type":"Feature","properties":{"cvegeo":"30178","cve_ent":"30","state_code":"VER","nom_mun":"Tlacotalpan"},"geometry":{"type":"Polygon","coordinates":[[[-95.54071188487431,18.336400024485886],[-95.55212300692664,18.36386199747772],[-95.59396378778513,18.354223026824958],[-95.59396378778513,18.354950496308184],[-95.63263481251798,18.383685540895666],[-95.62661227587925,18.40714643172975],[-95.68335091052828,18.495170239200263],[-95.71663334984753,18.523359681675323],[-95.75815715509346,18.555004604195716],[-95.75054974039192,18.600471446897426],[-95.72170495964856,18.61520270393278],[-95.72550866699933,18.66667116987112],[-95.63738944670644,18.6954062144586],[-95.59428076339769,18.692132601784078],[-95.5505381288638,18.652849249689798],[-95.55148905570151,18.621386194540214],[-95.58160173889512,18.605018131167597],[-95.57177549490562,18.552276593633614],[-95.53627422629842,18.520813538484028],[-95.53437237262303,18.486986207513954],[-95.51788964076968,18.458251162926473],[-95.51376895780635,18.363680130106914],[-95.54071188487431,18.336400024485886]]]}},{"type":"Feature","properties":{"cvegeo":"30179","cve_ent":"30","state_code":"VER","nom_mun":"Tlacotepec de Mejía"},"geometry":{"type":"Polygon","coordinates":[[[-96.8193915059589,19.2028161790097],[-96.68531082184418,19.19299534098613],[-96.71764233432575,19.167897643814786],[-96.81875755473376,19.160441081611705],[-96.8602813599797,19.175536073388674],[-96.84855326231482,19.200633770560017],[-96.8193915059589,19.2028161790097]]]}},{"type":"Feature","properties":{"cvegeo":"30180","cve_ent":"30","state_code":"VER","nom_mun":"Tlachichilco"},"geometry":{"type":"Polygon","coordinates":[[[-98.18492244488611,20.739231727585935],[-98.12976868829992,20.728683420079136],[-98.14847024944122,20.698675303896007],[-98.1193084930853,20.68703579216437],[-98.13071961513761,20.64193268420427],[-98.11138410277118,20.6161075175497],[-98.1227952248235,20.585735666624956],[-98.17319434722123,20.529720516416447],[-98.21218234756665,20.5284474448208],[-98.26384937241464,20.491346501176203],[-98.2873055677444,20.519354076280457],[-98.25465707965027,20.53535840491146],[-98.24166107953513,20.57045880747718],[-98.23151785993308,20.611197098537914],[-98.23183483554564,20.611742700650336],[-98.19633356693843,20.669940259308525],[-98.2099635182787,20.682670975265005],[-98.18111873753534,20.716498306235078],[-98.18492244488611,20.739231727585935]]]}},{"type":"Feature","properties":{"cvegeo":"30181","cve_ent":"30","state_code":"VER","nom_mun":"Tlalixcoyan"},"geometry":{"type":"Polygon","coordinates":[[[-96.03582779169983,18.595379160514835],[-96.0884457433855,18.613202162853906],[-96.13409023159478,18.606291202763245],[-96.16832359775172,18.650848708610923],[-96.20445881758405,18.638117992654443],[-96.27958203776181,18.668671710949994],[-96.32966418454698,18.66758050672515],[-96.36421452631649,18.6954062144586],[-96.430779404955,18.686494713289065],[-96.43521706353091,18.736508240260946],[-96.40098369737396,18.75778672264535],[-96.4219040878032,18.770699305972634],[-96.34075833098673,18.79870688107689],[-96.27894808653669,18.78233881770427],[-96.24376379354204,18.82744192566437],[-96.18385540276738,18.84235505007053],[-96.14613530487222,18.841809447958113],[-96.12077725586707,18.896915261312586],[-96.09700408492475,18.893096046525642],[-96.0716460359196,18.951111737813026],[-96.03772964537521,18.925650305900067],[-96.02219784035957,18.94038156293542],[-96.03297501118675,18.900007006616303],[-95.98637959613978,18.884912014839333],[-95.98257588878901,18.833443548900995],[-95.99620584012928,18.802344228493027],[-95.97718730337542,18.793068992581876],[-96.02251481597213,18.737599444485788],[-96.0440691576265,18.729233545428674],[-96.03646174292496,18.689586458592782],[-96.05769910896677,18.655395392881093],[-96.02948827944854,18.615566438674396],[-96.03582779169983,18.595379160514835]]]}},{"type":"Feature","properties":{"cvegeo":"30182","cve_ent":"30","state_code":"VER","nom_mun":"Tlalnelhuayocan"},"geometry":{"type":"Polygon","coordinates":[[[-96.955374043749,19.560731164757573],[-96.95854379987465,19.55054659199239],[-96.94808360466003,19.51417311783102],[-96.9918262391939,19.506898422998745],[-97.01433150768597,19.52181154740491],[-97.01845219064931,19.551455928846423],[-96.99594692215724,19.57819043235503],[-96.98897345868083,19.579099769209066],[-96.95474009252388,19.56727839010662],[-96.955374043749,19.560731164757573]]]}},{"type":"Feature","properties":{"cvegeo":"30183","cve_ent":"30","state_code":"VER","nom_mun":"Tlapacoyan"},"geometry":{"type":"Polygon","coordinates":[[[-97.14048780148659,20.11960959524701],[-97.11608067931913,20.12142826895508],[-97.12400506963324,20.08687346850178],[-97.08311521561244,20.051409331194442],[-97.0967451669527,20.02394735820261],[-97.15348380160172,20.01121664224613],[-97.22321843636588,19.92246536529239],[-97.25586692446001,19.932468070686767],[-97.2612555098736,19.97666184179283],[-97.20736965573766,20.014308387549846],[-97.21053941186331,20.041042891058453],[-97.14048780148659,20.11960959524701]]]}},{"type":"Feature","properties":{"cvegeo":"30184","cve_ent":"30","state_code":"VER","nom_mun":"Tlaquilpa"},"geometry":{"type":"Polygon","coordinates":[[[-97.14460848444992,18.571008932826718],[-97.14238965516196,18.59337861943596],[-97.14143872832427,18.591923680469506],[-97.14143872832427,18.59155994572789],[-97.14143872832427,18.591923680469506],[-97.1341482892353,18.64812069804882],[-97.08470009367525,18.64120973795816],[-97.07836058142396,18.629206491484908],[-97.04888184945548,18.588286333053368],[-97.14460848444992,18.571008932826718]]]}},{"type":"Feature","properties":{"cvegeo":"30185","cve_ent":"30","state_code":"VER","nom_mun":"Tlilapan"},"geometry":{"type":"Polygon","coordinates":[[[-97.0469799957801,18.798525013706083],[-97.04127443475394,18.789795379907353],[-97.07043619110986,18.77724653132168],[-97.11132604513067,18.79052284939058],[-97.09167355715168,18.812710668629016],[-97.06409667885858,18.787976706199284],[-97.0469799957801,18.798525013706083]]]}},{"type":"Feature","properties":{"cvegeo":"30186","cve_ent":"30","state_code":"VER","nom_mun":"Tomatlán"},"geometry":{"type":"Polygon","coordinates":[[[-96.96995492192697,19.020948808202853],[-96.96424936090081,19.00858182698799],[-96.98960740990596,18.990576957278112],[-97.02796145902624,19.033497656788526],[-97.0060901417593,19.051320659127597],[-96.96995492192697,19.020948808202853]]]}},{"type":"Feature","properties":{"cvegeo":"30187","cve_ent":"30","state_code":"VER","nom_mun":"Tonayán"},"geometry":{"type":"Polygon","coordinates":[[[-96.90972955553974,19.707498132998698],[-96.89261287246126,19.666214239825543],[-96.91416721411564,19.663304361892635],[-96.91416721411564,19.66348622926344],[-96.95949472671234,19.72222939003405],[-96.96488331212593,19.745690280868136],[-96.93223482403181,19.755147384150092],[-96.89546565297434,19.767514365364956],[-96.87644711622048,19.770606110668673],[-96.90972955553974,19.707498132998698]]]}},{"type":"Feature","properties":{"cvegeo":"30188","cve_ent":"30","state_code":"VER","nom_mun":"Totutla"},"geometry":{"type":"Polygon","coordinates":[[[-96.95917775109977,19.185175044041436],[-96.96710214141389,19.195541484177426],[-96.97978116591646,19.219366109753125],[-96.91385023850307,19.2771999336697],[-96.85330789650328,19.288475710659725],[-96.9179709214664,19.23227869308041],[-96.88722428704767,19.217001833932635],[-96.82604799382275,19.246464348003343],[-96.80734643268146,19.21954797712393],[-96.8193915059589,19.2028161790097],[-96.84855326231482,19.200633770560017],[-96.8602813599797,19.175536073388674],[-96.92367648249257,19.193359075727745],[-96.95917775109977,19.185175044041436]]]}},{"type":"Feature","properties":{"cvegeo":"30189","cve_ent":"30","state_code":"VER","nom_mun":"Tuxpan"},"geometry":{"type":"Polygon","coordinates":[[[-97.36490653518214,21.097692315446228],[-97.2809079978526,20.9136425361897],[-97.22892399739203,20.830711015101777],[-97.21814682656485,20.79597434727767],[-97.25618390007257,20.777969477567794],[-97.30373024195723,20.801975970514295],[-97.34557102281572,20.73941359495674],[-97.40579638920295,20.72795595059591],[-97.41372077951705,20.741050401294004],[-97.4425655602604,20.74523335082256],[-97.47616497519223,20.78688097873733],[-97.47965170693044,20.82016270759498],[-97.45714643843837,20.84780654795762],[-97.49137980459531,20.86744822400476],[-97.50786253644867,20.851625762744565],[-97.49993814613455,20.933102344866032],[-97.5306847805533,20.954562694621238],[-97.57189161018667,20.950197877721877],[-97.59503082990386,21.006576762671997],[-97.50691160961097,21.07441329198295],[-97.52149248778893,21.108604357694638],[-97.55667678078358,21.105330745020115],[-97.53765824402971,21.12460868632564],[-97.45112390179965,21.136611932798893],[-97.41562263319244,21.114969715672878],[-97.40040780378935,21.131701513787107],[-97.36490653518214,21.097692315446228]]]}},{"type":"Feature","properties":{"cvegeo":"30190","cve_ent":"30","state_code":"VER","nom_mun":"Tuxtilla"},"geometry":{"type":"Polygon","coordinates":[[[-95.8519819364125,18.130526160732536],[-95.9026980344228,18.135618447115128],[-95.91093940034948,18.184722637232976],[-95.87892486348048,18.19781708793107],[-95.92013169311385,18.246557543307304],[-95.91189032718717,18.250376758094248],[-95.88843413185741,18.250558625465054],[-95.84437452171096,18.205091782763343],[-95.87195140000406,18.179084748737964],[-95.8519819364125,18.130526160732536]]]}},{"type":"Feature","properties":{"cvegeo":"30191","cve_ent":"30","state_code":"VER","nom_mun":"Ursulo Galván"},"geometry":{"type":"Polygon","coordinates":[[[-96.33029813577211,19.497441319716792],[-96.30874379411773,19.461977182409456],[-96.32173979423287,19.414146063887255],[-96.33251696506005,19.395777459435763],[-96.3775275020442,19.40068787844755],[-96.41683247800218,19.410872451212732],[-96.46564672233708,19.397232398402217],[-96.48086155174018,19.438334424204566],[-96.45645442957272,19.46179531503865],[-96.39115745338447,19.457430498139285],[-96.37499169714368,19.482891930052244],[-96.33029813577211,19.497441319716792]]]}},{"type":"Feature","properties":{"cvegeo":"30192","cve_ent":"30","state_code":"VER","nom_mun":"Vega de Alatorre"},"geometry":{"type":"Polygon","coordinates":[[[-96.52618906433688,19.92482964111288],[-96.55788662559331,19.828258067214442],[-96.62381755300669,19.863904071892584],[-96.6504435044621,19.902641821874443],[-96.63744750434697,19.947744929834542],[-96.66280555335211,19.998304058918844],[-96.70940096839907,19.96902341221894],[-96.73444204179165,19.98811948615366],[-96.75029082241987,19.966477269027646],[-96.77596584703758,19.983754669254296],[-96.76392077376013,20.01867320444921],[-96.74331735894346,20.021219347640507],[-96.68087316326827,20.0821449168608],[-96.71574048065035,20.148708374576106],[-96.7055972610483,20.156892406262415],[-96.57880701602255,20.007579294829995],[-96.5642261378446,19.971569555410237],[-96.52618906433688,19.92482964111288]]]}},{"type":"Feature","properties":{"cvegeo":"30194","cve_ent":"30","state_code":"VER","nom_mun":"Villa Aldama"},"geometry":{"type":"Polygon","coordinates":[[[-97.19564155807278,19.678217486298795],[-97.1509479967012,19.646390696407597],[-97.16711375294199,19.61565511074124],[-97.20419989961202,19.614018304403977],[-97.2381162901564,19.636751725754834],[-97.25967063181078,19.681127364231706],[-97.19564155807278,19.678217486298795]]]}},{"type":"Feature","properties":{"cvegeo":"30195","cve_ent":"30","state_code":"VER","nom_mun":"Xoxocotla"},"geometry":{"type":"Polygon","coordinates":[[[-97.15918936262788,18.66430689405063],[-97.15792146017762,18.66430689405063],[-97.1341482892353,18.64812069804882],[-97.14143872832427,18.591923680469506],[-97.14143872832427,18.59155994572789],[-97.14143872832427,18.591923680469506],[-97.14238965516196,18.59337861943596],[-97.22670516810409,18.638663594766864],[-97.16838165539225,18.653212984431413],[-97.15918936262788,18.66430689405063]]]}},{"type":"Feature","properties":{"cvegeo":"30196","cve_ent":"30","state_code":"VER","nom_mun":"Yanga"},"geometry":{"type":"Polygon","coordinates":[[[-96.77786770071297,18.76869876489376],[-96.83777609148763,18.78597616512041],[-96.83967794516302,18.815438679191118],[-96.82224428647197,18.843446254295372],[-96.85013814037764,18.869453288320752],[-96.82509706698505,18.88218400427723],[-96.78484116418939,18.876000513669798],[-96.75726428589628,18.85108468386926],[-96.74775501751935,18.845628662745057],[-96.78008653000091,18.79234152309865],[-96.77786770071297,18.76869876489376]]]}},{"type":"Feature","properties":{"cvegeo":"30197","cve_ent":"30","state_code":"VER","nom_mun":"Yecuatla"},"geometry":{"type":"Polygon","coordinates":[[[-96.83587423781225,19.817709759707647],[-96.79878809114221,19.89191164699684],[-96.77089423723655,19.904642362953318],[-96.73983062720525,19.908461577740262],[-96.70211052931009,19.884091350052145],[-96.7410985296555,19.816618555482805],[-96.76740750549834,19.787883510895323],[-96.83587423781225,19.817709759707647]]]}},{"type":"Feature","properties":{"cvegeo":"30198","cve_ent":"30","state_code":"VER","nom_mun":"Zacualpan"},"geometry":{"type":"Polygon","coordinates":[[[-98.39856400775449,20.5417237628897],[-98.3468969829065,20.549725927205202],[-98.33009727544058,20.556273152554247],[-98.32375776318929,20.583007656062854],[-98.29681483612133,20.57445988963493],[-98.23183483554564,20.611742700650336],[-98.23151785993308,20.611197098537914],[-98.24166107953513,20.57045880747718],[-98.25465707965027,20.53535840491146],[-98.2873055677444,20.519354076280457],[-98.26384937241464,20.491346501176203],[-98.27494351885439,20.481343795781825],[-98.317418250938,20.428784125618648],[-98.36084390985933,20.39968534628955],[-98.38620195886448,20.402595224222463],[-98.44452547157631,20.39968534628955],[-98.44674430086427,20.424964910831704],[-98.40395259316809,20.48225313263586],[-98.43057854462349,20.512988718302218],[-98.39856400775449,20.5417237628897]]]}},{"type":"Feature","properties":{"cvegeo":"30199","cve_ent":"30","state_code":"VER","nom_mun":"Zaragoza"},"geometry":{"type":"Polygon","coordinates":[[[-94.67631938941133,17.962116975365397],[-94.65444807214439,17.97175594601816],[-94.6135582181236,17.964481251185887],[-94.62211655966283,17.923197358012732],[-94.67188173083544,17.955569750016352],[-94.67631938941133,17.962116975365397]]]}},{"type":"Feature","properties":{"cvegeo":"30200","cve_ent":"30","state_code":"VER","nom_mun":"Zentla"},"geometry":{"type":"Polygon","coordinates":[[[-96.68435989500648,19.077873295265398],[-96.6504435044621,19.074054080478454],[-96.61208945534182,19.090785878592683],[-96.56549404029485,19.084420520614444],[-96.56549404029485,19.060050292926327],[-96.52935882046252,19.04368222955371],[-96.56802984519537,19.05459427180212],[-96.64347004098569,19.04768331171146],[-96.67580155346725,19.047319576969848],[-96.70781609033625,19.020948808202853],[-96.80449365216838,19.027132298810287],[-96.84570048180174,19.07878263211943],[-96.88437150653459,19.124976944304372],[-96.85616067701636,19.13425218021552],[-96.7617019444722,19.08296558164799],[-96.68435989500648,19.077873295265398]]]}},{"type":"Feature","properties":{"cvegeo":"30201","cve_ent":"30","state_code":"VER","nom_mun":"Zongolica"},"geometry":{"type":"Polygon","coordinates":[[[-96.9740756048903,18.553185930487647],[-96.97439258050287,18.553185930487647],[-96.9740756048903,18.553185930487647],[-96.95093638517311,18.56046062531992],[-96.94523082414695,18.55591394104975],[-96.92906506790617,18.58519458774965],[-96.9518873120108,18.626842215664418],[-96.97375862927774,18.629206491484908],[-97.02067101993725,18.650848708610923],[-97.01433150768597,18.703226511403294],[-96.95252126323592,18.75414937522921],[-96.96298145845054,18.770699305972634],[-96.93698945822027,18.781611348221045],[-96.91575209217847,18.761060335319872],[-96.88500545775972,18.744874139318064],[-96.88468848214715,18.70177157243684],[-96.86154926242996,18.62975209359733],[-96.8336554085243,18.587740730940947],[-96.8406288720007,18.559733155836692],[-96.86630389661842,18.52590582486662],[-96.89958633593768,18.548639246217476],[-96.92589531178052,18.534817326036155],[-96.95315521446105,18.553913399970874],[-96.99626389776981,18.528451968057915],[-96.99911667828289,18.531907448103247],[-96.9740756048903,18.553185930487647]]]}},{"type":"Feature","properties":{"cvegeo":"30202","cve_ent":"30","state_code":"VER","nom_mun":"Zontecomatlán de López y Fuentes"},"geometry":{"type":"Polygon","coordinates":[[[-98.18492244488611,20.739231727585935],[-98.18111873753534,20.716498306235078],[-98.2099635182787,20.682670975265005],[-98.28667161651927,20.67084959616256],[-98.31900312900083,20.695219823850678],[-98.33580283646674,20.685035251085495],[-98.42931064217322,20.716498306235078],[-98.42582391043501,20.748870698238697],[-98.39412634917858,20.754144851992095],[-98.39856400775449,20.779606283905053],[-98.34372722678086,20.797974888356546],[-98.29998459224697,20.800157296806226],[-98.30473922643544,20.78215242709635],[-98.24800059178642,20.789245254557816],[-98.23024995748281,20.761601414195177],[-98.19633356693843,20.760510209970334],[-98.18492244488611,20.739231727585935]]]}},{"type":"Feature","properties":{"cvegeo":"30203","cve_ent":"30","state_code":"VER","nom_mun":"Zozocolco de Hidalgo"},"geometry":{"type":"Polygon","coordinates":[[[-97.60485707389336,20.157801743116448],[-97.51483599992508,20.169986856960506],[-97.50342487787276,20.148708374576106],[-97.49550048755866,20.136705128102854],[-97.56079746374691,20.086691601130973],[-97.58615551275206,20.079416906298697],[-97.59566478112899,20.096876173896156],[-97.60485707389336,20.157801743116448]]]}},{"type":"Feature","properties":{"cvegeo":"30204","cve_ent":"30","state_code":"VER","nom_mun":"Agua Dulce"},"geometry":{"type":"Polygon","coordinates":[[[-94.13048738457553,18.21273021233723],[-94.13017040896297,18.198726424785104],[-94.12034416497346,18.16489909381503],[-94.10164260383218,18.172537523388918],[-94.10132562821961,18.12852561965366],[-94.07438270115163,18.059052284005446],[-94.08389196952857,18.00649261384227],[-94.0613867010365,17.987032805165935],[-94.09023148177985,17.96830046597283],[-94.11241977465936,17.96593619015234],[-94.19768621443917,17.98957894835723],[-94.2205084585438,18.003946470650973],[-94.21733870241816,18.03977434269992],[-94.27217548339179,18.049413313352684],[-94.25759460521382,18.06978245888305],[-94.22367821466945,18.135618447115128],[-94.24016094652279,18.187814382536693],[-94.13048738457553,18.21273021233723]]]}},{"type":"Feature","properties":{"cvegeo":"30205","cve_ent":"30","state_code":"VER","nom_mun":"El Higo"},"geometry":{"type":"Polygon","coordinates":[[[-98.40807327613142,21.85862539490207],[-98.41504673960783,21.831345289281042],[-98.3922244955032,21.818796440695372],[-98.30569015327313,21.825161798673612],[-98.32185590951391,21.708221079244808],[-98.31298059236211,21.689488740051704],[-98.32565961686468,21.67184760508344],[-98.41124303225706,21.662208634430677],[-98.44832917892708,21.677485493578452],[-98.53644839921998,21.64638617317048],[-98.55863669209948,21.687670066343635],[-98.56719503363873,21.717678182526765],[-98.53296166748177,21.697309036996398],[-98.51330917950278,21.726225948954685],[-98.45466869117837,21.76569116841977],[-98.4882681061102,21.837528779888476],[-98.43121249584861,21.890634052164074],[-98.40807327613142,21.85862539490207]]]}},{"type":"Feature","properties":{"cvegeo":"30206","cve_ent":"30","state_code":"VER","nom_mun":"Nanchital de Lázaro Cárdenas del Río"},"geometry":{"type":"Polygon","coordinates":[[[-94.42432377742267,18.09797190135811],[-94.38565275268982,18.073056071557573],[-94.36600026471083,18.08196757272711],[-94.34476289866903,18.060870957713515],[-94.4125956797578,18.03413645420491],[-94.42210494813473,18.0525050586564],[-94.42432377742267,18.09797190135811]]]}},{"type":"Feature","properties":{"cvegeo":"30207","cve_ent":"30","state_code":"VER","nom_mun":"Tres Valles"},"geometry":{"type":"Polygon","coordinates":[[[-96.17149335387737,18.18635944357024],[-96.21777179331177,18.161807348511314],[-96.28877433052618,18.2623800045675],[-96.27324252551053,18.30057215243694],[-96.2947968671649,18.312211664168576],[-96.2992345257408,18.362770793252878],[-96.26405023274616,18.406055227504908],[-96.16420291478839,18.38859595990745],[-96.12077725586707,18.422968892989946],[-96.06435559683062,18.415512330786864],[-96.01617530372084,18.387868490424225],[-96.05484632845369,18.364589466960947],[-96.0770346213332,18.307664979898405],[-96.07640067010806,18.30784684726921],[-96.07640067010806,18.308392449381632],[-96.07640067010806,18.30784684726921],[-96.0770346213332,18.307664979898405],[-96.05389540161599,18.251649829689896],[-96.07830252378345,18.232553755755177],[-96.07830252378345,18.199817629009946],[-96.17149335387737,18.18635944357024]]]}},{"type":"Feature","properties":{"cvegeo":"30208","cve_ent":"30","state_code":"VER","nom_mun":"Carlos A. Carrillo"},"geometry":{"type":"Polygon","coordinates":[[[-95.63960827599439,18.356223567903832],[-95.66147959326133,18.308392449381632],[-95.64246105650747,18.304573234594688],[-95.65418915417236,18.26183440245508],[-95.71853520352292,18.214730753416106],[-95.76544759418243,18.274746985782365],[-95.79239052125041,18.28547716065997],[-95.7667154966327,18.31475780735987],[-95.78034544797296,18.395506919998112],[-95.79143959441271,18.417331004494933],[-95.76956827714578,18.438973221620948],[-95.65926076397338,18.3765927134342],[-95.63960827599439,18.356223567903832]]]}},{"type":"Feature","properties":{"cvegeo":"30209","cve_ent":"30","state_code":"VER","nom_mun":"Tatahuicapan de Juárez"},"geometry":{"type":"Polygon","coordinates":[[[-94.68234192605006,18.349858209925593],[-94.74098241437446,18.30966552097728],[-94.7264015361965,18.241828991666328],[-94.76158582919115,18.235645501058894],[-94.76792534144244,18.19036052572799],[-94.78377412207065,18.189814923615568],[-94.77077812195552,18.273473914186717],[-94.80437753688733,18.260379463488626],[-94.81103402475118,18.29984468295371],[-94.83512417130608,18.324214910641828],[-94.82276212241607,18.372227896534834],[-94.83322231763069,18.403872819055227],[-94.86904056185045,18.38932342939068],[-94.89598348891843,18.40660082961733],[-94.86396895204943,18.45206767231904],[-94.78947968309681,18.507719087785937],[-94.77394787808116,18.44915779438613],[-94.73305802406036,18.389505296761484],[-94.68234192605006,18.349858209925593]]]}},{"type":"Feature","properties":{"cvegeo":"30210","cve_ent":"30","state_code":"VER","nom_mun":"Uxpanapa"},"geometry":{"type":"Polygon","coordinates":[[[-94.43256514334935,17.453797673960263],[-94.43446699702474,17.42633570096843],[-94.35680797194647,17.451251530768968],[-94.36885304522391,17.427063170451657],[-94.34951753285749,17.397055054268527],[-94.25569275153845,17.401056136426277],[-94.21670475119303,17.316851543742708],[-94.20814640965379,17.32376250383337],[-94.12795157967501,17.345950323071804],[-94.03507772519366,17.34394978199293],[-94.03444377396853,17.325035575429016],[-93.97770513931951,17.32485370805821],[-93.92318533395844,17.297573602437183],[-93.93206065111025,17.199910824313907],[-94.00211226148697,17.19954708957229],[-94.00147831026183,17.18408836305371],[-94.09023148177985,17.18463396516613],[-94.08737870126677,17.149351695229605],[-94.74351821927497,17.18463396516613],[-94.7584160730655,17.218461296136205],[-94.74098241437446,17.261745730388235],[-94.7549293413273,17.272112170524224],[-94.70009256035367,17.29484559187508],[-94.69660582861545,17.335947617677427],[-94.65571597459466,17.33067346392403],[-94.63891626712874,17.321216360642072],[-94.63257675487745,17.379413919300262],[-94.59961129117076,17.36068158010716],[-94.59549060820743,17.40087426905547],[-94.49469236341196,17.388143553098992],[-94.47947753400888,17.402329208021925],[-94.5298766564066,17.41815166928212],[-94.53114455885687,17.459435562455276],[-94.43256514334935,17.453797673960263]]]}},{"type":"Feature","properties":{"cvegeo":"30211","cve_ent":"30","state_code":"VER","nom_mun":"San Rafael"},"geometry":{"type":"Polygon","coordinates":[[[-97.019403117487,20.220182251303196],[-97.01781823942419,20.22345586397772],[-97.00989384911007,20.27546993202848],[-96.9972148246075,20.296202812300457],[-96.97375862927774,20.273833125691215],[-96.9198727751418,20.297475883896105],[-96.88817521388536,20.2707413803875],[-96.85489277456611,20.278561677332192],[-96.82002545718403,20.237641518900652],[-96.78547511541451,20.24182446842921],[-96.77786770071297,20.21581743440383],[-96.81368594493274,20.211452617504467],[-96.83397238413686,20.176352214938746],[-96.88405453092203,20.135432056507206],[-96.8967335554246,20.151436385138208],[-96.94301199485899,20.134886454394785],[-96.9927771660316,20.150890783025787],[-97.019403117487,20.220182251303196]]]}},{"type":"Feature","properties":{"cvegeo":"30212","cve_ent":"30","state_code":"VER","nom_mun":"Santiago Sochiapan"},"geometry":{"type":"Polygon","coordinates":[[[-95.52993471404713,17.570738393389064],[-95.57272642174331,17.54855057415063],[-95.59871842197359,17.534546786598504],[-95.64563081263312,17.54691376781337],[-95.7026864228947,17.518724325338308],[-95.74484417936576,17.585833385166033],[-95.80348466769016,17.606930000179627],[-95.77337198449655,17.623843665664666],[-95.7667154966327,17.686769775963832],[-95.74896486232909,17.722415780641974],[-95.71885217913548,17.721688311158747],[-95.68683764226648,17.75042335574623],[-95.66084564203621,17.73187288392393],[-95.65133637365928,17.69495380765014],[-95.6022051537118,17.685496704368184],[-95.59174495849717,17.636028779508724],[-95.55148905570151,17.652578710252147],[-95.51123315290583,17.628390349934836],[-95.56702086071715,17.597291029526865],[-95.55085510447637,17.565464239635666],[-95.52993471404713,17.570738393389064]]]}},{"type":"Feature","properties":{"cvegeo":"30025","cve_ent":"30","state_code":"VER","nom_mun":"Ayahualulco"},"geometry":{"type":"MultiPolygon","coordinates":[[[[-97.14872916741325,19.320302500550923],[-97.20071316787381,19.309026723560898],[-97.21561102166433,19.323030511113025],[-97.21053941186331,19.359403985274394],[-97.26696107089975,19.382319273996057],[-97.2203656558528,19.38559288667058],[-97.2745684856013,19.4525200791275],[-97.2149770704392,19.479254582636106],[-97.14968009425095,19.487984216434835],[-97.14777824057556,19.447791527486523],[-97.1696495578425,19.45124700753185],[-97.16647980171686,19.403597756380456],[-97.12558994769606,19.375953916017817],[-97.14872916741325,19.320302500550923]]]]}},{"type":"Feature","properties":{"cvegeo":"30055","cve_ent":"30","state_code":"VER","nom_mun":"Chalma"},"geometry":{"type":"MultiPolygon","coordinates":[[[[-98.38303220273883,21.253007050115272],[-98.3094938606239,21.184988653433514],[-98.34087444626778,21.16971179428574],[-98.36528156843522,21.161709629970236],[-98.42233717869681,21.163164568936693],[-98.4242390323722,21.16734751846525],[-98.42677483727272,21.198083104131605],[-98.44357454473862,21.231001098247646],[-98.433114349524,21.25609879541899],[-98.38303220273883,21.253007050115272]]],[[[-98.2552910308754,21.231001098247646],[-98.22454439645665,21.21335996327938],[-98.20774468899074,21.153525598283927],[-98.22739717696973,21.150433852980214],[-98.24926849423667,21.12915537059581],[-98.28255093355594,21.136430065428087],[-98.2961808848962,21.187716663995616],[-98.2552910308754,21.231001098247646]]]]}},{"type":"Feature","properties":{"cvegeo":"30056","cve_ent":"30","state_code":"VER","nom_mun":"Chiconamel"},"geometry":{"type":"MultiPolygon","coordinates":[[[[-98.44357454473862,21.231001098247646],[-98.42677483727272,21.198083104131605],[-98.4242390323722,21.16734751846525],[-98.42582391043501,21.16734751846525],[-98.4429405935135,21.178077693342853],[-98.45308381311555,21.203175390514197],[-98.48192859385891,21.229546159281192],[-98.46861561813121,21.24973343744075],[-98.51679591124099,21.244095548945737],[-98.54405581392152,21.263919092363686],[-98.49777737448713,21.327936406887694],[-98.45878937414172,21.303748046570384],[-98.433114349524,21.25609879541899],[-98.44357454473862,21.231001098247646]]]]}},{"type":"Feature","properties":{"cvegeo":"30104","cve_ent":"30","state_code":"VER","nom_mun":"Mecayapan"},"geometry":{"type":"MultiPolygon","coordinates":[[[[-94.83512417130608,18.324214910641828],[-94.81103402475118,18.29984468295371],[-94.80437753688733,18.260379463488626],[-94.77077812195552,18.273473914186717],[-94.78377412207065,18.189814923615568],[-94.76792534144244,18.19036052572799],[-94.76158582919115,18.235645501058894],[-94.7264015361965,18.241828991666328],[-94.70833392628033,18.22091424402354],[-94.75017470713883,18.191087995211216],[-94.76602348776704,18.138710192418845],[-94.74003148753677,18.118341046888478],[-94.74446914611266,18.083240644322757],[-94.800256853924,18.08196757272711],[-94.85192387877198,18.08651425699728],[-94.83322231763069,18.12397893538349],[-94.79645314657323,18.126706945945593],[-94.79677012218579,18.154714521049847],[-94.8436825128453,18.159261205320018],[-94.86079919592379,18.224551591439678],[-94.85128992754686,18.259288259263784],[-94.81483773210195,18.264926147758796],[-94.83512417130608,18.324214910641828]]],[[[-94.89915324504408,18.548639246217476],[-94.81642261016478,18.5386365408231],[-94.78947968309681,18.507719087785937],[-94.86396895204943,18.45206767231904],[-94.90549275729536,18.44861219227371],[-94.9131001719969,18.47680163474877],[-94.89915324504408,18.548639246217476]]]]}},{"type":"Feature","properties":{"cvegeo":"30150","cve_ent":"30","state_code":"VER","nom_mun":"Tamalín"},"geometry":{"type":"MultiPolygon","coordinates":[[[[-97.75034888006039,21.52889985162926],[-97.71326273339037,21.568365071094345],[-97.72435687983011,21.604192943143293],[-97.69741395276215,21.61819673069542],[-97.66730126956853,21.605284147368135],[-97.6454299523016,21.627653833977377],[-97.5306847805533,21.58073205230921],[-97.51293414624969,21.46706494555493],[-97.52022458533867,21.409776723750774],[-97.56016351252178,21.38358782235459],[-97.59598175674155,21.413232203796106],[-97.5814008785636,21.404502569997376],[-97.56808790283588,21.46069958757669],[-97.60675892756875,21.499073602816935],[-97.66381453783032,21.465064404476056],[-97.76239395333783,21.456880372789747],[-97.73893775800808,21.48797969319772],[-97.75034888006039,21.52889985162926]]],[[[-97.77475600222785,21.362127472599383],[-97.7902878072435,21.33230122378706],[-97.80867239277224,21.320479844684613],[-97.82071746604967,21.34830555241806],[-97.77475600222785,21.362127472599383]]],[[[-97.75193375812322,21.41468714276256],[-97.76207697772527,21.40650311107625],[-97.79409151459427,21.42050689862838],[-97.74813005077245,21.43651122725938],[-97.75193375812322,21.41468714276256]]]]}},{"type":"Feature","properties":{"cvegeo":"30151","cve_ent":"30","state_code":"VER","nom_mun":"Tamiahua"},"geometry":{"type":"Polygon","coordinates":[[[-97.56016351252178,21.38358782235459],[-97.52022458533867,21.409776723750774],[-97.51293414624969,21.46706494555493],[-97.5306847805533,21.58073205230921],[-97.38741180367421,21.536538281203146],[-97.33035619341263,21.558362365699967],[-97.32940526657494,21.520533952572144],[-97.37441580355907,21.40086522258124],[-97.41023404777884,21.338848449136105],[-97.4203772673809,21.23081923087684],[-97.39216643786267,21.14825144453053],[-97.36490653518214,21.097692315446228],[-97.40040780378935,21.131701513787107],[-97.41562263319244,21.114969715672878],[-97.45112390179965,21.136611932798893],[-97.53765824402971,21.12460868632564],[-97.55667678078358,21.105330745020115],[-97.6302151228985,21.164619507903147],[-97.63750556198748,21.183897449208672],[-97.70533834307625,21.19153587878256],[-97.71326273339037,21.203720992626618],[-97.69170839173599,21.220634658111656],[-97.69709697714958,21.253370784856887],[-97.65969385486699,21.280105288365494],[-97.59217804939078,21.29119919798471],[-97.58647248836462,21.333574295382707],[-97.58552156152693,21.35176103246339],[-97.56016351252178,21.38358782235459]]]}},{"type":"Feature","properties":{"cvegeo":"30193","cve_ent":"30","state_code":"VER","nom_mun":"Veracruz"},"geometry":{"type":"Polygon","coordinates":[[[-96.23615637884049,19.135525251811167],[-96.26341628152103,19.133160975990677],[-96.31413237953133,19.160986683724126],[-96.30208730625388,19.18717558512031],[-96.33251696506005,19.198633229481143],[-96.33980740414904,19.241917663733172],[-96.31888701371979,19.231005621484762],[-96.27324252551053,19.264832952454835],[-96.226330134851,19.22082104871958],[-96.22157550066254,19.265378554567256],[-96.18195354909199,19.250283562790287],[-96.17371218316532,19.226277069843782],[-96.12331306076759,19.194632147323393],[-96.11855842657913,19.17171685860173],[-96.14962203661042,19.10933635041498],[-96.19019491501867,19.10242539032432],[-96.23615637884049,19.135525251811167]]]}}]}