{"type":"FeatureCollection","features":[{"type":"Feature","properties":{"cvegeo":"31050","cve_ent":"31","state_code":"YUC","nom_mun":"Mérida"},"geometry":{"type":"Polygon","coordinates":[[[-89.56698949048659,21.186443592399968],[-89.55906510017249,21.127882299000163],[-89.53687680729298,21.119880134684664],[-89.56223485629813,21.063864984476155],[-89.49820578256013,21.038585419934],[-89.4665082213037,21.022581091303],[-89.49154929469628,21.01166904905459],[-89.49947368501039,20.97347690118515],[-89.4512933919006,20.961837389453514],[-89.47950422141884,20.94983414298026],[-89.50422831919886,20.981842800242266],[-89.53465797800503,20.980933463388233],[-89.59488334439226,20.91527934252696],[-89.58252129550225,20.88363442000657],[-89.56001602701018,20.894364594884173],[-89.54353329515683,20.850898293261338],[-89.58157036866456,20.814706686470775],[-89.55399349037145,20.807795726380114],[-89.58759290530328,20.72795595059591],[-89.60946422257021,20.715043367268624],[-89.64464851556485,20.733775706461728],[-89.63957690576383,20.700493977604076],[-89.69346275989977,20.748325096126276],[-89.69092695499926,20.786517243995714],[-89.65732754006743,20.859627927060068],[-89.69790041847567,20.887817369535128],[-89.67634607682129,20.904003565536936],[-89.69156090622438,20.93019246693312],[-89.72357544309338,20.905094769761778],[-89.72674519921902,20.945833060822512],[-89.74893349209853,20.970930757993855],[-89.71374919910389,21.053862279081777],[-89.73847329688391,21.049315594811606],[-89.74893349209853,21.088417079535077],[-89.76858598007752,21.090781355355567],[-89.8015514437842,21.149160781384566],[-89.78411778509317,21.17371287644349],[-89.72199056503057,21.188262266108037],[-89.71438315032901,21.160618425745398],[-89.6798328085595,21.16734751846525],[-89.65510871077949,21.14425036237278],[-89.64750129607793,21.1846249186919],[-89.56698949048659,21.186443592399968]]]}},{"type":"Feature","properties":{"cvegeo":"31041","cve_ent":"31","state_code":"YUC","nom_mun":"Kanasín"},"geometry":{"type":"Polygon","coordinates":[[[-89.53465797800503,20.980933463388233],[-89.4699949530419,20.938194631248624],[-89.48235700193192,20.914915607785346],[-89.50613017287424,20.877996531511556],[-89.54353329515683,20.850898293261338],[-89.56001602701018,20.894364594884173],[-89.58252129550225,20.88363442000657],[-89.59488334439226,20.91527934252696],[-89.53465797800503,20.980933463388233]]]}},{"type":"Feature","properties":{"cvegeo":"31059","cve_ent":"31","state_code":"YUC","nom_mun":"Progreso"},"geometry":{"type":"MultiPolygon","coordinates":[[[[-89.6665198328318,21.30502111816603],[-89.6665198328318,21.303202444457963],[-89.63957690576383,21.290471728501483],[-89.4877455873455,21.31775183412251],[-89.51563944125117,21.23936699730476],[-89.51310363635065,21.17243980484784],[-89.56698949048659,21.186443592399968],[-89.64750129607793,21.1846249186919],[-89.65510871077949,21.14425036237278],[-89.6798328085595,21.16734751846525],[-89.71438315032901,21.160618425745398],[-89.72199056503057,21.188262266108037],[-89.78411778509317,21.17371287644349],[-89.8015514437842,21.149160781384566],[-89.82342276105115,21.2006292473229],[-89.83610178555372,21.162255232082657],[-89.8655805175222,21.173894743814294],[-89.86462959068452,21.242640609979283],[-89.66493495476898,21.288289320051803],[-89.6665198328318,21.303202444457963],[-89.6665198328318,21.30502111816603]]],[[[-89.72991495534467,22.60955576896354],[-89.67127446702027,22.594642644557375],[-89.58410617356508,22.505345765491214],[-89.59107963704149,22.421686774920065],[-89.63609017402563,22.373128186914638],[-89.7394242237216,22.444056461529307],[-89.70804363807773,22.438964175146715],[-89.7616125166011,22.480429935690676],[-89.76985388252778,22.511165521357032],[-89.73815632127135,22.505163898120408],[-89.71755290645466,22.536990688011606],[-89.75939368731315,22.59955306356916],[-89.72991495534467,22.60955576896354]]]]}},{"type":"Feature","properties":{"cvegeo":"31011","cve_ent":"31","state_code":"YUC","nom_mun":"Celestún"},"geometry":{"type":"Polygon","coordinates":[[[-90.23770988667276,20.930738069045542],[-90.20918208154197,20.904731035020163],[-90.21647252063094,20.841259322608575],[-90.15973388598192,20.84144118997938],[-90.12391564176215,20.777969477567794],[-90.1812882276363,20.78906338718701],[-90.20696325225401,20.744869616080948],[-90.23105339880891,20.764147557386472],[-90.2595812039397,20.734139441203343],[-90.27859974069355,20.75032563720515],[-90.38193379038954,20.749598167721924],[-90.37939798548902,20.848352150070042],[-90.40443905888161,20.846533476361973],[-90.36323222924824,20.96711154320691],[-90.32392725329026,21.019853080740898],[-90.19967281316504,21.092600029063636],[-90.16765827629604,21.10914995980706],[-90.16765827629604,21.048769992699185],[-90.23866081351045,20.997665261502462],[-90.27257720405484,20.9349210185741],[-90.23770988667276,20.930738069045542]]]}},{"type":"Feature","properties":{"cvegeo":"31021","cve_ent":"31","state_code":"YUC","nom_mun":"Chichimilá"},"geometry":{"type":"Polygon","coordinates":[[[-88.06484206254414,20.349489951946865],[-88.13679552659625,20.281107820523488],[-88.23252216159068,20.290019321693023],[-88.23410703965351,20.359674524712048],[-88.24995582028173,20.36058386156608],[-88.27182713754867,20.46388452818437],[-88.2271335761771,20.467158140858892],[-88.22332986882633,20.523355158438207],[-88.25407650324506,20.53535840491146],[-88.25312557640737,20.56136543893684],[-88.23727679577915,20.582098319208818],[-88.24425025925557,20.62701955979811],[-88.23252216159068,20.648116174811705],[-88.18370791725577,20.651389787486227],[-88.15993474631345,20.578097237051068],[-88.17293074642859,20.537358945990334],[-88.15866684386319,20.508623901402853],[-88.1177769898424,20.49716625704202],[-88.13679552659625,20.452245016452732],[-88.1177769898424,20.400230948401973],[-88.07371737969595,20.394229325165348],[-88.06484206254414,20.349489951946865]]]}},{"type":"Feature","properties":{"cvegeo":"31023","cve_ent":"31","state_code":"YUC","nom_mun":"Chocholá"},"geometry":{"type":"Polygon","coordinates":[[[-89.71438315032901,20.718498847313953],[-89.72230754064313,20.70194891657053],[-89.7714387605906,20.719044449426374],[-89.77080480936547,20.69121874169293],[-89.7448128091352,20.67430507620789],[-89.74512978474776,20.627747029281338],[-89.79299310224498,20.633021183034735],[-89.82152090737577,20.6692127898253],[-89.87192002977349,20.69158247643454],[-89.92200217655866,20.690855006951313],[-89.95084695730202,20.694674221738257],[-89.93880188402457,20.72031752102202],[-90.01899671400335,20.735958114911412],[-89.99585749428616,20.765602496352926],[-89.94450744505073,20.761783281565982],[-89.91122500573148,20.79361007145718],[-89.91439476185712,20.754690454104516],[-89.89537622510326,20.751416841429993],[-89.89347437142787,20.80233970525591],[-89.87255398099863,20.823981922381925],[-89.84941476128142,20.798702357839773],[-89.78792149244394,20.76251075104921],[-89.75115232138648,20.78215242709635],[-89.74639768719801,20.749052565609503],[-89.71438315032901,20.718498847313953]]]}},{"type":"Feature","properties":{"cvegeo":"31069","cve_ent":"31","state_code":"YUC","nom_mun":"Sotuta"},"geometry":{"type":"Polygon","coordinates":[[[-88.88454099663555,20.72340926632574],[-88.87059406968272,20.694310486996642],[-88.89436724062504,20.655754604385592],[-88.83953045965141,20.653935930677523],[-88.8423832401645,20.616471252291312],[-88.88612587469838,20.52717437322515],[-88.90641231390249,20.549362192463587],[-88.94096265567201,20.530993588012095],[-88.94508333863534,20.497711859154442],[-88.97709787550434,20.4938926443675],[-88.99865221715872,20.50480468661591],[-89.04968529078158,20.492801440142657],[-89.03700626627901,20.52899304693322],[-89.07250753488621,20.50134920657058],[-89.12354060850907,20.532812261720164],[-89.14351007210063,20.553545141992146],[-89.133049876886,20.580097778129943],[-89.19644499939886,20.650480450632195],[-89.15935885272884,20.62592835557327],[-89.13653660862421,20.597920780469014],[-89.1000844131793,20.614470711212437],[-89.05856060793337,20.668849055083683],[-89.06046246160876,20.7037675902786],[-89.02084051003823,20.722863664213317],[-88.98058460724255,20.70613186609909],[-88.92511387504379,20.711406019852486],[-88.93113641168252,20.746142687676596],[-88.88454099663555,20.72340926632574]]]}},{"type":"Feature","properties":{"cvegeo":"31068","cve_ent":"31","state_code":"YUC","nom_mun":"Sinanché"},"geometry":{"type":"Polygon","coordinates":[[[-89.14889865751422,21.24118567101283],[-89.15682304782833,21.204448462109845],[-89.1828150480586,21.183897449208672],[-89.21641446299043,21.205721533705493],[-89.21958421911607,21.184443051321093],[-89.24621017057147,21.243186212091704],[-89.21958421911607,21.262827888138844],[-89.24716109740916,21.27574047146613],[-89.26427778048765,21.300110699154246],[-89.22972743871813,21.295564014884075],[-89.22624070697992,21.348123685047256],[-89.15840792589115,21.355034645137913],[-89.17679251141988,21.31320514985234],[-89.17172090161885,21.265010296588525],[-89.14889865751422,21.24118567101283]]]}},{"type":"Feature","properties":{"cvegeo":"31067","cve_ent":"31","state_code":"YUC","nom_mun":"Seyé"},"geometry":{"type":"Polygon","coordinates":[[[-89.34478958607899,20.89745634018789],[-89.35556675690617,20.855626844902314],[-89.2823453904038,20.84053185312535],[-89.32006548829897,20.824709391865152],[-89.28583212214201,20.784698570287645],[-89.29280558561844,20.76251075104921],[-89.30199787838279,20.7648750268697],[-89.37363436682234,20.76905797639826],[-89.4379804161729,20.816525360178844],[-89.41642607451853,20.841986792091802],[-89.41198841594263,20.89454646225498],[-89.45604802608908,20.913278801448087],[-89.43417670882214,20.92928313007909],[-89.36127231793233,20.890727247468035],[-89.34478958607899,20.89745634018789]]]}},{"type":"Feature","properties":{"cvegeo":"31066","cve_ent":"31","state_code":"YUC","nom_mun":"Santa Elena"},"geometry":{"type":"Polygon","coordinates":[[[-89.60153983225611,20.27310565620799],[-89.5758648076384,20.237641518900652],[-89.61802256410945,20.190356002490873],[-89.6265809056487,20.152709456733856],[-89.66081427180565,20.166531376915177],[-89.64052783260152,20.194720819390238],[-89.66366705231871,20.207633402717523],[-89.74861651648597,20.179080225500847],[-89.79394402908267,20.136159525990433],[-89.80250237062191,20.2016317794809],[-89.84370920025528,20.209270209054786],[-89.8408564197422,20.250917836969553],[-89.87604071273684,20.252918378048427],[-89.87255398099863,20.287473178501727],[-89.83800363922911,20.287109443760116],[-89.90234968857968,20.36476681109464],[-89.87065212732324,20.35203609513816],[-89.78760451683138,20.33694110336119],[-89.77555944355393,20.368586025881584],[-89.72864705289442,20.34858061509283],[-89.67349329630821,20.345852604530727],[-89.68205163784745,20.373678312264175],[-89.63482227157536,20.35021742143009],[-89.605977490832,20.357128381520752],[-89.61770558849689,20.287836913243343],[-89.60153983225611,20.27310565620799]]]}},{"type":"Feature","properties":{"cvegeo":"31065","cve_ent":"31","state_code":"YUC","nom_mun":"San Felipe"},"geometry":{"type":"Polygon","coordinates":[[[-88.18909650266937,21.604556677884908],[-88.18560977093117,21.479977528882216],[-88.20906596626092,21.45615290330652],[-88.1665912341773,21.452697423261192],[-88.20177552717195,21.422507439707253],[-88.211918746774,21.385406496062657],[-88.25788021059583,21.389953180332828],[-88.27816664979996,21.426326654494197],[-88.40463991921312,21.44342218735004],[-88.468035041726,21.432692012472437],[-88.47247270030189,21.472157231937523],[-88.41319826075237,21.48888903005175],[-88.41129640707697,21.51798780938085],[-88.44806557813445,21.521807024167792],[-88.46961991978881,21.495799990142412],[-88.50036655420756,21.512349920885836],[-88.50036655420756,21.542358037068965],[-88.3754781628572,21.567637601611118],[-88.31747162575793,21.55072393612608],[-88.24329933241788,21.562727182599332],[-88.18909650266937,21.604556677884908]]]}},{"type":"Feature","properties":{"cvegeo":"31064","cve_ent":"31","state_code":"YUC","nom_mun":"Sanahcat"},"geometry":{"type":"Polygon","coordinates":[[[-89.16664929181782,20.765056894240505],[-89.19010548714758,20.750689371946766],[-89.23289719484377,20.73432130857415],[-89.21990119472864,20.773240925926814],[-89.25825524384892,20.773059058556008],[-89.21673143860299,20.78851778507459],[-89.16664929181782,20.765056894240505]]]}},{"type":"Feature","properties":{"cvegeo":"31063","cve_ent":"31","state_code":"YUC","nom_mun":"Samahil"},"geometry":{"type":"Polygon","coordinates":[[[-89.8167662731873,20.919826026797132],[-89.82183788298833,20.881270144186082],[-89.88111232253786,20.883452552635763],[-89.87255398099863,20.823981922381925],[-89.89347437142787,20.80233970525591],[-89.89537622510326,20.751416841429993],[-89.91439476185712,20.754690454104516],[-89.91122500573148,20.79361007145718],[-89.94450744505073,20.761783281565982],[-89.99585749428616,20.765602496352926],[-89.97747290875742,20.81852590125772],[-90.00156305531232,20.844532935283098],[-89.9945895918359,20.87726906202833],[-89.96479388425485,20.851625762744565],[-89.92073427410841,20.86399274395943],[-89.90773827399327,20.92382710895488],[-89.89315739581531,20.944559989226864],[-89.8728709566112,20.942741315518795],[-89.8630447126217,20.903457963424515],[-89.8167662731873,20.919826026797132]]]}},{"type":"Feature","properties":{"cvegeo":"31062","cve_ent":"31","state_code":"YUC","nom_mun":"Sacalum"},"geometry":{"type":"Polygon","coordinates":[[[-89.54416724638196,20.5815527170964],[-89.5438502707694,20.57682416545542],[-89.53751075851811,20.5364496091363],[-89.58822685652841,20.504622819245103],[-89.52673358769093,20.483344336860704],[-89.54289934393171,20.457337302835324],[-89.57903456376404,20.460065313397426],[-89.5847401247902,20.432421473034786],[-89.61390188114612,20.429511595101875],[-89.6389429545387,20.44260604579997],[-89.63387134473767,20.55954676522877],[-89.68236861346001,20.55900116311635],[-89.68395349152284,20.523900760550628],[-89.71374919910389,20.53408533331581],[-89.70328900388927,20.561183571566033],[-89.75558997996238,20.591555422490774],[-89.75463905312469,20.607196016380165],[-89.66873866211975,20.592828494086422],[-89.65035407659101,20.57227748118525],[-89.6167546616592,20.57445988963493],[-89.65605963761718,20.608105353234198],[-89.54416724638196,20.5815527170964]]]}},{"type":"Feature","properties":{"cvegeo":"31061","cve_ent":"31","state_code":"YUC","nom_mun":"Río Lagartos"},"geometry":{"type":"Polygon","coordinates":[[[-87.86197767050297,21.571638683768867],[-87.88226410970708,21.568910673206766],[-87.88194713409452,21.568910673206766],[-87.88163015848195,21.56854693846515],[-87.88448293899503,21.56854693846515],[-87.89874684156042,21.568365071094345],[-87.92061815882737,21.558362365699967],[-87.92125211005249,21.558362365699967],[-87.95358362253405,21.56400025419498],[-87.95390059814662,21.564182121565786],[-87.95390059814662,21.5645458563074],[-87.95390059814662,21.564182121565786],[-87.95358362253405,21.56400025419498],[-87.95326664692149,21.563272784711753],[-87.97133425683766,21.565455193161434],[-87.97228518367535,21.565273325790628],[-87.9735530861256,21.565273325790628],[-87.97418703735075,21.565273325790628],[-87.98337933011511,21.567819468981924],[-87.98528118379049,21.56800133635273],[-87.99986206196846,21.53290093378701],[-88.0705476235703,21.53581081171992],[-88.09115103838698,21.48034126362383],[-88.0749852821462,21.46251826128476],[-88.07466830653364,21.409776723750774],[-88.09875845308854,21.411595397458843],[-88.11429025810418,21.45669850541894],[-88.1425010876224,21.42505358289855],[-88.1310899655701,21.474885242499624],[-88.16373845366422,21.47797698780334],[-88.1665912341773,21.452697423261192],[-88.20906596626092,21.45615290330652],[-88.18560977093117,21.479977528882216],[-88.18909650266937,21.604556677884908],[-88.13204089240779,21.62510769078608],[-88.07340040408339,21.61419564853767],[-87.96277591529842,21.61001269900911],[-87.86197767050297,21.571638683768867]]]}},{"type":"Feature","properties":{"cvegeo":"31060","cve_ent":"31","state_code":"YUC","nom_mun":"Quintana Roo"},"geometry":{"type":"Polygon","coordinates":[[[-88.60053084777789,20.87781466414075],[-88.56598050600839,20.856718049127156],[-88.59228948185122,20.81088747168383],[-88.62113426259458,20.822890718157083],[-88.64649231159973,20.77415026278085],[-88.68833309245822,20.76360195527405],[-88.66297504345307,20.82816487191048],[-88.67850684846873,20.8605372639141],[-88.66043923855256,20.9136425361897],[-88.61574567718098,20.910368923515176],[-88.60053084777789,20.87781466414075]]]}},{"type":"Feature","properties":{"cvegeo":"31058","cve_ent":"31","state_code":"YUC","nom_mun":"Peto"},"geometry":{"type":"Polygon","coordinates":[[[-88.61257592105534,20.19690322783992],[-88.64078675057357,20.183808777141827],[-88.64617533598717,20.120882666842657],[-88.67502011673052,20.126702422708476],[-88.69055192174616,20.08960147906388],[-88.70037816573567,20.010307305392097],[-88.78342577622752,20.007943029571607],[-88.83319094740013,19.878271594186327],[-88.88042031367222,19.87790785944471],[-88.90038977726377,19.861176061330482],[-88.91148392370351,19.800977961593418],[-88.9454003142479,19.791702725682267],[-88.95681143630023,19.816618555482805],[-88.99706733909589,19.820255902898943],[-88.98533924143102,19.893184718592487],[-88.9587132899756,19.89027484065958],[-88.9650528022269,19.86299473503855],[-88.91940831401763,19.866813949825495],[-88.90926509441557,19.941743306597914],[-88.9454003142479,19.96902341221894],[-88.99960314399641,20.03267699200134],[-88.96758860712741,20.067595527196254],[-88.99294665613256,20.1247018816296],[-88.9961164122582,20.169986856960506],[-88.9685395339651,20.166713244285983],[-88.90609533828993,20.16289402949904],[-88.9000728016512,20.201086177368477],[-88.83192304494987,20.19344774779459],[-88.82653445953628,20.231276160922413],[-88.79483689827984,20.23436790622613],[-88.79737270318036,20.26710403297136],[-88.77074675172494,20.310752201965006],[-88.75711680038468,20.28856438272657],[-88.66646177519128,20.248917295890678],[-88.66963153131692,20.21072514802124],[-88.61257592105534,20.19690322783992]]]}},{"type":"Feature","properties":{"cvegeo":"31057","cve_ent":"31","state_code":"YUC","nom_mun":"Panabá"},"geometry":{"type":"Polygon","coordinates":[[[-88.09875845308854,21.411595397458843],[-88.12506742893137,21.406866845817866],[-88.13267484363291,21.3253902636964],[-88.1621535756014,21.296291484367302],[-88.20906596626092,21.297928290704565],[-88.21445455167452,21.254098254340114],[-88.25788021059583,21.236275252001043],[-88.24076352751736,21.214269300133417],[-88.2838722108261,21.20190231891855],[-88.31652069892024,21.227000016089896],[-88.3044756256428,21.251006509036397],[-88.33617318689923,21.2562806627898],[-88.33236947954846,21.296837086479723],[-88.42904704138058,21.299201362300213],[-88.46961991978881,21.248824100586717],[-88.48356684674165,21.25155211114882],[-88.47659338326524,21.312113945627498],[-88.47247270030189,21.384860893950236],[-88.48324987112909,21.409776723750774],[-88.52445670076246,21.39504546671542],[-88.52952831056348,21.42505358289855],[-88.48737055409242,21.43778429885503],[-88.47247270030189,21.472157231937523],[-88.468035041726,21.432692012472437],[-88.40463991921312,21.44342218735004],[-88.27816664979996,21.426326654494197],[-88.25788021059583,21.389953180332828],[-88.211918746774,21.385406496062657],[-88.20177552717195,21.422507439707253],[-88.1665912341773,21.452697423261192],[-88.16373845366422,21.47797698780334],[-88.1310899655701,21.474885242499624],[-88.1425010876224,21.42505358289855],[-88.11429025810418,21.45669850541894],[-88.09875845308854,21.411595397458843]]]}},{"type":"Feature","properties":{"cvegeo":"31056","cve_ent":"31","state_code":"YUC","nom_mun":"Oxkutzcab"},"geometry":{"type":"Polygon","coordinates":[[[-89.3606383667072,20.32421038740471],[-89.39201895235108,20.199449371031214],[-89.37109856192183,20.196721360469112],[-89.42181465993212,20.159802284195322],[-89.36729485457106,20.134886454394785],[-89.36539300089566,20.109970624594247],[-89.4237165136075,20.124520014258795],[-89.42498441605777,20.085782264276936],[-89.36951368385901,20.05741095443107],[-89.37109856192183,20.0290396445852],[-89.50454529481142,20.038496747867157],[-89.52292988034014,20.025220429798257],[-89.58695895407814,19.920464824213514],[-89.60470958838175,19.938287826552585],[-89.59868705174303,19.99794032417723],[-89.74861651648597,20.179080225500847],[-89.66366705231871,20.207633402717523],[-89.64052783260152,20.194720819390238],[-89.66081427180565,20.166531376915177],[-89.6265809056487,20.152709456733856],[-89.61802256410945,20.190356002490873],[-89.5758648076384,20.237641518900652],[-89.60153983225611,20.27310565620799],[-89.54004656341863,20.26492162452168],[-89.541948417094,20.249644765373905],[-89.4798211970314,20.257101327576986],[-89.47284773355499,20.29038305643464],[-89.52007709982708,20.312025273560653],[-89.52451475840297,20.34276085922701],[-89.46904402620422,20.302568170278697],[-89.42783719657085,20.336759235990385],[-89.44019924546086,20.347671278238796],[-89.42878812340854,20.353491034104614],[-89.40881865981699,20.329120806416498],[-89.3606383667072,20.32421038740471]]]}},{"type":"Feature","properties":{"cvegeo":"31055","cve_ent":"31","state_code":"YUC","nom_mun":"Opichén"},"geometry":{"type":"Polygon","coordinates":[[[-89.75463905312469,20.607196016380165],[-89.75558997996238,20.591555422490774],[-89.76288041905136,20.534630935428233],[-89.7847517363183,20.53481280279904],[-89.79299310224498,20.471886692499872],[-89.82532461472654,20.46388452818437],[-89.88650090795146,20.469340549308576],[-89.91851544482046,20.51917220890965],[-89.94704324995125,20.521900219471753],[-89.926122859522,20.557546224149895],[-89.96225807935434,20.57045880747718],[-89.9590883232287,20.59701144361498],[-89.93119446932303,20.595192769906912],[-89.92897564003508,20.62592835557327],[-89.89601017632839,20.59428343305288],[-89.82881134646475,20.59592023939014],[-89.79299310224498,20.633021183034735],[-89.74512978474776,20.627747029281338],[-89.75463905312469,20.607196016380165]]]}},{"type":"Feature","properties":{"cvegeo":"31054","cve_ent":"31","state_code":"YUC","nom_mun":"Muxupip"},"geometry":{"type":"Polygon","coordinates":[[[-89.25508548772328,21.03076512298931],[-89.28044353672843,21.03531180725948],[-89.32545407371256,21.006031160559576],[-89.35208002516796,20.998210863614883],[-89.36475904967054,21.058772698093563],[-89.37458529366003,21.07859624151151],[-89.34003495189052,21.113878511448036],[-89.32386919564973,21.075322628836986],[-89.29090373194305,21.06350124973454],[-89.29407348806869,21.042950236833367],[-89.25064782914737,21.06004576968921],[-89.25508548772328,21.03076512298931]]]}},{"type":"Feature","properties":{"cvegeo":"31053","cve_ent":"31","state_code":"YUC","nom_mun":"Muna"},"geometry":{"type":"Polygon","coordinates":[[[-89.61390188114612,20.429511595101875],[-89.62753183248638,20.400776550514394],[-89.67761397927156,20.41368913384168],[-89.69473066235003,20.38549969136662],[-89.72040568696774,20.393319988311312],[-89.72864705289442,20.34858061509283],[-89.77555944355393,20.368586025881584],[-89.78760451683138,20.33694110336119],[-89.87065212732324,20.35203609513816],[-89.85036568811913,20.382953548175323],[-89.82532461472654,20.46388452818437],[-89.79299310224498,20.471886692499872],[-89.7847517363183,20.53481280279904],[-89.76288041905136,20.534630935428233],[-89.75558997996238,20.591555422490774],[-89.70328900388927,20.561183571566033],[-89.71374919910389,20.53408533331581],[-89.68395349152284,20.523900760550628],[-89.68236861346001,20.55900116311635],[-89.63387134473767,20.55954676522877],[-89.6389429545387,20.44260604579997],[-89.61390188114612,20.429511595101875]]]}},{"type":"Feature","properties":{"cvegeo":"31051","cve_ent":"31","state_code":"YUC","nom_mun":"Mocochá"},"geometry":{"type":"Polygon","coordinates":[[[-89.43164090392162,21.08950828375992],[-89.43829739178547,21.084597864748133],[-89.48901348979577,21.094782437513317],[-89.49630392888474,21.12242627787596],[-89.47379866039267,21.13733940228212],[-89.44210109913624,21.203720992626618],[-89.43005602585879,21.183169979725445],[-89.43164090392162,21.08950828375992]]]}},{"type":"Feature","properties":{"cvegeo":"31049","cve_ent":"31","state_code":"YUC","nom_mun":"Mayapán"},"geometry":{"type":"Polygon","coordinates":[[[-89.14794773067652,20.555727550441826],[-89.14351007210063,20.553545141992146],[-89.12354060850907,20.532812261720164],[-89.13780451107446,20.53954135444002],[-89.14002334036242,20.470977355645836],[-89.18154714560835,20.454791159644028],[-89.19295826766066,20.42696545191058],[-89.24494226812122,20.451517546969505],[-89.23067836555582,20.50535028872833],[-89.18566782857168,20.515534861493514],[-89.17172090161885,20.559910499970385],[-89.14794773067652,20.555727550441826]]]}},{"type":"Feature","properties":{"cvegeo":"31048","cve_ent":"31","state_code":"YUC","nom_mun":"Maxcanú"},"geometry":{"type":"Polygon","coordinates":[[[-90.15973388598192,20.84144118997938],[-90.11947798318626,20.83689450570921],[-90.1039461781706,20.789790856670237],[-90.08239183651622,20.788335917703783],[-90.07858812916545,20.74577895293498],[-90.01899671400335,20.735958114911412],[-89.93880188402457,20.72031752102202],[-89.95084695730202,20.694674221738257],[-89.92200217655866,20.690855006951313],[-89.92548890829687,20.664120503442707],[-89.9768389575323,20.650480450632195],[-90.02184949451643,20.67612374991596],[-90.02597017747978,20.655027134902365],[-89.97462012824435,20.632657448293124],[-89.9590883232287,20.59701144361498],[-89.96225807935434,20.57045880747718],[-89.926122859522,20.557546224149895],[-89.94704324995125,20.521900219471753],[-89.91851544482046,20.51917220890965],[-89.88650090795146,20.469340549308576],[-89.82532461472654,20.46388452818437],[-89.85036568811913,20.382953548175323],[-89.87065212732324,20.35203609513816],[-89.90234968857968,20.36476681109464],[-90.00409886021284,20.486799816906032],[-89.99712539673642,20.510442575110922],[-90.03357759218132,20.53590400702388],[-90.03769827514465,20.499712400233317],[-90.06812793395083,20.51626233097674],[-90.054181006998,20.55445447884618],[-90.11123661725958,20.559183030487155],[-90.11947798318626,20.59191915723239],[-90.19301632530119,20.590282350895126],[-90.1857258862122,20.625382753460848],[-90.21552159379326,20.62192727341552],[-90.22534783778275,20.649934848519774],[-90.32456120451539,20.710132948256838],[-90.32170842400231,20.62647395768569],[-90.33724022901797,20.625746488202463],[-90.33628930218028,20.74705202453063],[-90.38193379038954,20.74705202453063],[-90.38193379038954,20.749598167721924],[-90.27859974069355,20.75032563720515],[-90.2595812039397,20.734139441203343],[-90.23105339880891,20.764147557386472],[-90.20696325225401,20.744869616080948],[-90.1812882276363,20.78906338718701],[-90.12391564176215,20.777969477567794],[-90.15973388598192,20.84144118997938]]]}},{"type":"Feature","properties":{"cvegeo":"31047","cve_ent":"31","state_code":"YUC","nom_mun":"Maní"},"geometry":{"type":"Polygon","coordinates":[[[-89.33718217137744,20.44715273007014],[-89.31594480533563,20.417326481257817],[-89.31467690288537,20.354036636217035],[-89.32640500055025,20.3345768275407],[-89.35334792761822,20.324028520033906],[-89.3606383667072,20.32421038740471],[-89.40881865981699,20.329120806416498],[-89.42878812340854,20.353491034104614],[-89.44463690403676,20.415325940178942],[-89.38346061081184,20.398048539952292],[-89.38060783029876,20.446788995328525],[-89.33718217137744,20.44715273007014]]]}},{"type":"Feature","properties":{"cvegeo":"31046","cve_ent":"31","state_code":"YUC","nom_mun":"Mama"},"geometry":{"type":"Polygon","coordinates":[[[-89.3970905621521,20.571913746443634],[-89.37775504978568,20.520627147876105],[-89.34003495189052,20.529720516416447],[-89.33147661035129,20.48807288850168],[-89.30833739063408,20.485890480052],[-89.33718217137744,20.44715273007014],[-89.38060783029876,20.446788995328525],[-89.41262236716776,20.45624609861048],[-89.40818470859186,20.487709153760065],[-89.43354275759701,20.497529991783637],[-89.4237165136075,20.526992505854345],[-89.45351222118856,20.555727550441826],[-89.40881865981699,20.553908876733757],[-89.3970905621521,20.571913746443634]]]}},{"type":"Feature","properties":{"cvegeo":"31045","cve_ent":"31","state_code":"YUC","nom_mun":"Kopomá"},"geometry":{"type":"Polygon","coordinates":[[[-89.79299310224498,20.633021183034735],[-89.82881134646475,20.59592023939014],[-89.89601017632839,20.59428343305288],[-89.92897564003508,20.62592835557327],[-89.93119446932303,20.595192769906912],[-89.9590883232287,20.59701144361498],[-89.97462012824435,20.632657448293124],[-90.02597017747978,20.655027134902365],[-90.02184949451643,20.67612374991596],[-89.9768389575323,20.650480450632195],[-89.92548890829687,20.664120503442707],[-89.92200217655866,20.690855006951313],[-89.87192002977349,20.69158247643454],[-89.82152090737577,20.6692127898253],[-89.79299310224498,20.633021183034735]]]}},{"type":"Feature","properties":{"cvegeo":"31044","cve_ent":"31","state_code":"YUC","nom_mun":"Kinchil"},"geometry":{"type":"Polygon","coordinates":[[[-89.90773827399327,20.92382710895488],[-89.92073427410841,20.86399274395943],[-89.96479388425485,20.851625762744565],[-89.9945895918359,20.87726906202833],[-90.00156305531232,20.844532935283098],[-89.97747290875742,20.81852590125772],[-89.99585749428616,20.765602496352926],[-90.01899671400335,20.735958114911412],[-90.07858812916545,20.74577895293498],[-90.08239183651622,20.788335917703783],[-90.1039461781706,20.789790856670237],[-90.11947798318626,20.83689450570921],[-90.15973388598192,20.84144118997938],[-90.21647252063094,20.841259322608575],[-90.20918208154197,20.904731035020163],[-90.09095017805546,20.893091523288525],[-90.08999925121778,20.911641995110823],[-90.02248344574156,20.920917231021974],[-90.02977388483055,20.88363442000657],[-89.9758880306946,20.908186515065495],[-89.99585749428616,20.934011681720065],[-89.96986549405588,20.950197877721877],[-89.90805524960584,20.935830355428134],[-89.90773827399327,20.92382710895488]]]}},{"type":"Feature","properties":{"cvegeo":"31043","cve_ent":"31","state_code":"YUC","nom_mun":"Kaua"},"geometry":{"type":"Polygon","coordinates":[[[-88.38023279704568,20.67248640249982],[-88.39766645573671,20.652662859081875],[-88.38498743123414,20.62283661026955],[-88.34568245527616,20.607196016380165],[-88.41414918759006,20.573186818039282],[-88.43285074873135,20.539177619698403],[-88.52794343250066,20.52080901524691],[-88.54696196925453,20.536085874394686],[-88.50068352982012,20.538632017585982],[-88.50417026155833,20.560819836824418],[-88.45694089528624,20.569003868510727],[-88.44711465129674,20.60792348586339],[-88.49402704195627,20.603558668964027],[-88.49656284685679,20.62192727341552],[-88.48356684674165,20.647024970586862],[-88.42904704138058,20.653754063306717],[-88.38023279704568,20.67248640249982]]]}},{"type":"Feature","properties":{"cvegeo":"31042","cve_ent":"31","state_code":"YUC","nom_mun":"Kantunil"},"geometry":{"type":"Polygon","coordinates":[[[-88.88454099663555,20.72340926632574],[-88.93113641168252,20.746142687676596],[-88.92511387504379,20.711406019852486],[-88.98058460724255,20.70613186609909],[-89.02084051003823,20.722863664213317],[-89.06046246160876,20.7037675902786],[-89.07219055927365,20.74232347288965],[-89.04302880291773,20.738504258102708],[-89.07599426662442,20.82307258552789],[-89.05348899813235,20.823436320269504],[-88.97329416815357,20.807613859009308],[-88.97614694866665,20.764511292128084],[-88.95237377772432,20.761783281565982],[-88.95364168017458,20.822163248673856],[-88.90799719196531,20.798702357839773],[-88.8610848013058,20.795065010423635],[-88.88992958204915,20.78215242709635],[-88.88454099663555,20.72340926632574]]]}},{"type":"Feature","properties":{"cvegeo":"31040","cve_ent":"31","state_code":"YUC","nom_mun":"Izamal"},"geometry":{"type":"Polygon","coordinates":[[[-88.80814987400754,20.960018715745445],[-88.84523602067758,20.947287999788966],[-88.8547452890545,20.90600410661581],[-88.82241377657294,20.873995449353806],[-88.84333416700218,20.844532935283098],[-88.8547452890545,20.859446059689258],[-88.90292558216429,20.825618728719185],[-88.88897865521145,20.86344714184701],[-88.95712841191279,20.898365677041923],[-89.00499172941001,20.882179481040115],[-89.0468325102685,20.889090441130776],[-89.05063621761927,20.86508394818427],[-88.98597319265615,20.85235323222779],[-88.95364168017458,20.822163248673856],[-88.95237377772432,20.761783281565982],[-88.97614694866665,20.764511292128084],[-88.97329416815357,20.807613859009308],[-89.05348899813235,20.823436320269504],[-89.04873436394388,20.859446059689258],[-89.12258968167137,20.89454646225498],[-89.18788665785964,20.909459586661143],[-89.19422617011092,20.946014928193318],[-89.16696626743038,20.93382981434926],[-89.14604587700114,20.96711154320691],[-89.05000226639415,20.980387861275812],[-89.02971582719002,20.995119118311166],[-88.99579943664564,20.98620761714163],[-88.98090158285511,20.98620761714163],[-88.92764967994431,21.005121823705544],[-88.87566567948375,21.000029537322952],[-88.86013387446809,20.97711424860129],[-88.80814987400754,20.960018715745445]]]}},{"type":"Feature","properties":{"cvegeo":"31039","cve_ent":"31","state_code":"YUC","nom_mun":"Ixil"},"geometry":{"type":"Polygon","coordinates":[[[-89.41515817206827,21.31029527191943],[-89.4344936844347,21.31265954773992],[-89.43734646494778,21.234638445663784],[-89.44210109913624,21.203720992626618],[-89.47379866039267,21.13733940228212],[-89.51310363635065,21.17243980484784],[-89.51563944125117,21.23936699730476],[-89.4877455873455,21.31775183412251],[-89.45351222118856,21.32229851839268],[-89.41515817206827,21.31029527191943]]]}},{"type":"Feature","properties":{"cvegeo":"31038","cve_ent":"31","state_code":"YUC","nom_mun":"Hunucmá"},"geometry":{"type":"Polygon","coordinates":[[[-89.83610178555372,21.162255232082657],[-89.80947583409832,21.109877429290286],[-89.798064712046,20.976750513859674],[-89.8167662731873,20.919826026797132],[-89.8630447126217,20.903457963424515],[-89.8728709566112,20.942741315518795],[-89.89315739581531,20.944559989226864],[-89.87604071273684,20.98566201502921],[-89.93404724983611,20.98675321925405],[-89.9305605180979,21.005485558447155],[-89.99934422602436,21.03003765350608],[-90.02977388483055,21.027491510314785],[-90.03769827514465,20.99711965939004],[-90.10489710500829,21.00985037534652],[-90.11440637338522,20.986025749770825],[-90.17716754467297,20.988753760332926],[-90.20252559367812,20.976932381230483],[-90.23770988667276,20.930738069045542],[-90.27257720405484,20.9349210185741],[-90.23866081351045,20.997665261502462],[-90.16765827629604,21.048769992699185],[-90.16765827629604,21.10914995980706],[-90.19967281316504,21.092600029063636],[-90.09475388540623,21.155526139362806],[-89.98634822590923,21.180260101792534],[-89.92897564003508,21.21572423909987],[-89.86462959068452,21.242640609979283],[-89.8655805175222,21.173894743814294],[-89.83610178555372,21.162255232082657]]]}},{"type":"Feature","properties":{"cvegeo":"31037","cve_ent":"31","state_code":"YUC","nom_mun":"Huhí"},"geometry":{"type":"Polygon","coordinates":[[[-89.07219055927365,20.74232347288965],[-89.06046246160876,20.7037675902786],[-89.05856060793337,20.668849055083683],[-89.1000844131793,20.614470711212437],[-89.13653660862421,20.597920780469014],[-89.15935885272884,20.62592835557327],[-89.16347953569218,20.664847972925934],[-89.19929777991194,20.690127537468086],[-89.2113428531894,20.72031752102202],[-89.19010548714758,20.750689371946766],[-89.16664929181782,20.765056894240505],[-89.1473137794514,20.773240925926814],[-89.07757914468723,20.75796406677904],[-89.07219055927365,20.74232347288965]]]}},{"type":"Feature","properties":{"cvegeo":"31035","cve_ent":"31","state_code":"YUC","nom_mun":"Hoctún"},"geometry":{"type":"Polygon","coordinates":[[[-89.19422617011092,20.946014928193318],[-89.18788665785964,20.909459586661143],[-89.12258968167137,20.89454646225498],[-89.04873436394388,20.859446059689258],[-89.05348899813235,20.823436320269504],[-89.07599426662442,20.82307258552789],[-89.08962421796468,20.851080160632144],[-89.11466529135727,20.840168118383733],[-89.16760021865551,20.85198949748618],[-89.21736538982812,20.835621434113563],[-89.2389197314825,20.85708178386877],[-89.21451260931504,20.900184350749992],[-89.24304041444583,20.932738610124417],[-89.21451260931504,20.92564578266295],[-89.20341846287529,20.95056161246349],[-89.19422617011092,20.946014928193318]]]}},{"type":"Feature","properties":{"cvegeo":"31034","cve_ent":"31","state_code":"YUC","nom_mun":"Hocabá"},"geometry":{"type":"Polygon","coordinates":[[[-89.2389197314825,20.85708178386877],[-89.21736538982812,20.835621434113563],[-89.20215056042503,20.794155673569602],[-89.1508005111896,20.796338082019282],[-89.1473137794514,20.773240925926814],[-89.16664929181782,20.765056894240505],[-89.21673143860299,20.78851778507459],[-89.25825524384892,20.773059058556008],[-89.29280558561844,20.76251075104921],[-89.28583212214201,20.784698570287645],[-89.32006548829897,20.824709391865152],[-89.2823453904038,20.84053185312535],[-89.28488119530432,20.85871859020603],[-89.2389197314825,20.85708178386877]]]}},{"type":"Feature","properties":{"cvegeo":"31032","cve_ent":"31","state_code":"YUC","nom_mun":"Espita"},"geometry":{"type":"Polygon","coordinates":[[[-88.26643855213507,21.14370476026036],[-88.2296693810776,21.12242627787596],[-88.24139747874248,21.0836885278941],[-88.21508850289965,21.078232506769893],[-88.24615211293096,21.02767337768559],[-88.23252216159068,20.97293129907273],[-88.19923972227143,20.96438353264481],[-88.18909650266937,20.934011681720065],[-88.21825825902529,20.922372169988428],[-88.23791074700428,20.95529016410447],[-88.26136694233404,20.924190843696497],[-88.26770645458532,20.876723459915908],[-88.29877006461663,20.851625762744565],[-88.27848362541252,20.843077996316644],[-88.32381113800922,20.854353773306666],[-88.37452723601952,20.922554037359234],[-88.41414918759006,20.889454175872388],[-88.43855630975752,20.934557283832486],[-88.48768752970498,20.93382981434926],[-88.46074460263702,20.96020058311625],[-88.4813480174537,20.993846046715518],[-88.47120479785164,21.048406257957573],[-88.49687982246935,21.074777026724565],[-88.50924187135936,21.17189420273542],[-88.47817826132805,21.18698919451239],[-88.45440509038573,21.153161863542316],[-88.39671552889902,21.15334373091312],[-88.32761484535999,21.125336155808867],[-88.2803854790879,21.12115320628031],[-88.26643855213507,21.14370476026036]]]}},{"type":"Feature","properties":{"cvegeo":"31031","cve_ent":"31","state_code":"YUC","nom_mun":"Dzoncauich"},"geometry":{"type":"Polygon","coordinates":[[[-88.74285289781929,21.074049557241338],[-88.7498263612957,21.054407881194198],[-88.80371221543164,21.048769992699185],[-88.80593104471959,21.030946990360114],[-88.91497065544173,21.032765664068183],[-88.90165767971402,21.0624100455097],[-88.85886597201784,21.046041982137083],[-88.8547452890545,21.076413833061828],[-88.89183143572453,21.078050639399088],[-88.92289504575584,21.115151583043684],[-88.89975582603864,21.145705301339234],[-88.864571533044,21.14243168866471],[-88.80783289839498,21.10042032600833],[-88.76282236141084,21.10278460182882],[-88.74285289781929,21.074049557241338]]]}},{"type":"Feature","properties":{"cvegeo":"31030","cve_ent":"31","state_code":"YUC","nom_mun":"Dzitás"},"geometry":{"type":"Polygon","coordinates":[[[-88.41414918759006,20.889454175872388],[-88.41034548023929,20.85999166180168],[-88.436020504857,20.854353773306666],[-88.42809611454288,20.81852590125772],[-88.47754431010293,20.857263651239577],[-88.47722733449037,20.832529688809846],[-88.51843416412373,20.75850966889146],[-88.50385328594577,20.740141064439968],[-88.5729539694848,20.72795595059591],[-88.57675767683557,20.74705202453063],[-88.6689975800918,20.745597085564174],[-88.69308772664668,20.75214431091322],[-88.68833309245822,20.76360195527405],[-88.64649231159973,20.77415026278085],[-88.62113426259458,20.822890718157083],[-88.59228948185122,20.81088747168383],[-88.56598050600839,20.856718049127156],[-88.60053084777789,20.87781466414075],[-88.58246323786173,20.91837108783068],[-88.53238109107656,20.902730493941288],[-88.51970206657398,20.937649029136203],[-88.48768752970498,20.93382981434926],[-88.43855630975752,20.934557283832486],[-88.41414918759006,20.889454175872388]]]}},{"type":"Feature","properties":{"cvegeo":"31029","cve_ent":"31","state_code":"YUC","nom_mun":"Dzilam González"},"geometry":{"type":"Polygon","coordinates":[[[-88.52952831056348,21.42505358289855],[-88.52445670076246,21.39504546671542],[-88.48324987112909,21.409776723750774],[-88.47247270030189,21.384860893950236],[-88.47659338326524,21.312113945627498],[-88.61511172595586,21.32357158998833],[-88.63666606761024,21.304839250795226],[-88.71495904391362,21.29301787169278],[-88.80244431298138,21.291017330613904],[-88.87091104529529,21.294836545400848],[-88.88390704541042,21.222817066561337],[-88.90609533828993,21.240640068900408],[-88.95744538752535,21.218452249661972],[-88.97963368040486,21.216815443324712],[-88.98343738775563,21.266101500813367],[-89.01291611972411,21.281560227331948],[-88.97709787550434,21.292472269580358],[-88.97678089989178,21.330664417449796],[-88.94761914353586,21.358853859924857],[-88.95015494843638,21.341030857585785],[-88.89531816746273,21.339757785990138],[-88.81861006922216,21.35230663457581],[-88.71844577565183,21.342122061810628],[-88.71686089758902,21.357217053587597],[-88.76472421508623,21.35812639044163],[-88.74950938568314,21.40086522258124],[-88.6823105558195,21.398864681502364],[-88.68009172653154,21.35412530828388],[-88.65124694578819,21.35830825781244],[-88.65409972630127,21.407230580559478],[-88.61796450646894,21.4237805113029],[-88.52952831056348,21.42505358289855]]]}},{"type":"Feature","properties":{"cvegeo":"31028","cve_ent":"31","state_code":"YUC","nom_mun":"Dzilam de Bravo"},"geometry":{"type":"Polygon","coordinates":[[[-88.50036655420756,21.542358037068965],[-88.50036655420756,21.512349920885836],[-88.46961991978881,21.495799990142412],[-88.44806557813445,21.521807024167792],[-88.41129640707697,21.51798780938085],[-88.41319826075237,21.48888903005175],[-88.47247270030189,21.472157231937523],[-88.48737055409242,21.43778429885503],[-88.52952831056348,21.42505358289855],[-88.61796450646894,21.4237805113029],[-88.65409972630127,21.407230580559478],[-88.65124694578819,21.35830825781244],[-88.68009172653154,21.35412530828388],[-88.6823105558195,21.398864681502364],[-88.74950938568314,21.40086522258124],[-88.76472421508623,21.35812639044163],[-88.71686089758902,21.357217053587597],[-88.71844577565183,21.342122061810628],[-88.81861006922216,21.35230663457581],[-88.89531816746273,21.339757785990138],[-88.95015494843638,21.341030857585785],[-88.94761914353586,21.358853859924857],[-88.97139231447818,21.38176914864652],[-88.85537924027963,21.396318538311068],[-88.79737270318036,21.419597561774346],[-88.73746431240569,21.431055206135177],[-88.69467260470951,21.45106061692393],[-88.60179875022816,21.52580810632554],[-88.50036655420756,21.542358037068965]]]}},{"type":"Feature","properties":{"cvegeo":"31027","cve_ent":"31","state_code":"YUC","nom_mun":"Dzidzantún"},"geometry":{"type":"Polygon","coordinates":[[[-88.94761914353586,21.358853859924857],[-88.97678089989178,21.330664417449796],[-88.97709787550434,21.292472269580358],[-89.01291611972411,21.281560227331948],[-88.98343738775563,21.266101500813367],[-88.97963368040486,21.216815443324712],[-88.95744538752535,21.218452249661972],[-88.960615143651,21.197173767277572],[-89.00023709522154,21.199174308356447],[-89.03510441260362,21.195173226198698],[-89.08043192520032,21.217724780178745],[-89.07250753488621,21.293381606434394],[-89.09818255950393,21.313387017223146],[-89.06838685192287,21.367583493723586],[-88.97139231447818,21.38176914864652],[-88.94761914353586,21.358853859924857]]]}},{"type":"Feature","properties":{"cvegeo":"31026","cve_ent":"31","state_code":"YUC","nom_mun":"Dzemul"},"geometry":{"type":"Polygon","coordinates":[[[-89.26617963416302,21.27446739987048],[-89.2921716343933,21.17189420273542],[-89.32735592738794,21.16789312057767],[-89.34257075679103,21.20299352314339],[-89.38631339132492,21.210086350604858],[-89.38948314745056,21.248824100586717],[-89.37109856192183,21.261009214430775],[-89.4069168061416,21.27810474728662],[-89.41515817206827,21.31029527191943],[-89.45351222118856,21.32229851839268],[-89.32291826881205,21.33848471439449],[-89.32101641513665,21.279014084140652],[-89.26617963416302,21.27446739987048]]]}},{"type":"Feature","properties":{"cvegeo":"31025","cve_ent":"31","state_code":"YUC","nom_mun":"Dzán"},"geometry":{"type":"Polygon","coordinates":[[[-89.38060783029876,20.446788995328525],[-89.38346061081184,20.398048539952292],[-89.44463690403676,20.415325940178942],[-89.42878812340854,20.353491034104614],[-89.44019924546086,20.347671278238796],[-89.46872705059165,20.335668031765543],[-89.50454529481142,20.37149590381449],[-89.49408509959679,20.431330268809944],[-89.42149768431956,20.430239064585102],[-89.41262236716776,20.45624609861048],[-89.38060783029876,20.446788995328525]]]}},{"type":"Feature","properties":{"cvegeo":"31024","cve_ent":"31","state_code":"YUC","nom_mun":"Chumayel"},"geometry":{"type":"Polygon","coordinates":[[[-89.23067836555582,20.50535028872833],[-89.24494226812122,20.451517546969505],[-89.31594480533563,20.417326481257817],[-89.33718217137744,20.44715273007014],[-89.30833739063408,20.485890480052],[-89.28868490265509,20.529720516416447],[-89.22528978014222,20.51753540257239],[-89.23067836555582,20.50535028872833]]]}},{"type":"Feature","properties":{"cvegeo":"31022","cve_ent":"31","state_code":"YUC","nom_mun":"Chikindzonot"},"geometry":{"type":"Polygon","coordinates":[[[-88.44965045619726,20.40386829581811],[-88.45979367579932,20.342033389743783],[-88.41446616320262,20.335486164394737],[-88.4093945534016,20.252009041194395],[-88.52001904218655,20.192174676198942],[-88.50258538349551,20.18999226774926],[-88.50765699329654,20.1432523534519],[-88.57675767683557,20.148162772463685],[-88.62113426259458,20.131612841720262],[-88.69055192174616,20.08960147906388],[-88.67502011673052,20.126702422708476],[-88.64617533598717,20.120882666842657],[-88.64078675057357,20.183808777141827],[-88.61257592105534,20.19690322783992],[-88.60306665267841,20.248917295890678],[-88.58151231102403,20.249644765373905],[-88.5729539694848,20.310206599852584],[-88.59767806726481,20.316026355718403],[-88.58785182327532,20.411688592762804],[-88.52857738372579,20.404777632672143],[-88.51811718851117,20.41605340966217],[-88.44965045619726,20.40386829581811]]]}},{"type":"Feature","properties":{"cvegeo":"31020","cve_ent":"31","state_code":"YUC","nom_mun":"Chicxulub Pueblo"},"geometry":{"type":"Polygon","coordinates":[[[-89.51310363635065,21.17243980484784],[-89.47379866039267,21.13733940228212],[-89.49630392888474,21.12242627787596],[-89.53687680729298,21.119880134684664],[-89.55906510017249,21.127882299000163],[-89.56698949048659,21.186443592399968],[-89.51310363635065,21.17243980484784]]]}},{"type":"Feature","properties":{"cvegeo":"31019","cve_ent":"31","state_code":"YUC","nom_mun":"Chemax"},"geometry":{"type":"Polygon","coordinates":[[[-87.57828449725787,20.92564578266295],[-87.74437971824159,20.653754063306717],[-87.93836879313096,20.47024988616261],[-87.94470830538225,20.51444365726867],[-88.01317503769616,20.521718352100947],[-87.97767376908895,20.5284474448208],[-87.97862469592664,20.589373014041094],[-88.03346147690027,20.630111305101828],[-88.0128580620836,20.668849055083683],[-88.03916703792643,20.733593839090922],[-87.9843302569528,20.73541251279899],[-88.01792967188462,20.747779494013855],[-87.99700928145538,20.79306446934476],[-87.95168176885868,20.811614941167058],[-87.95738732988482,20.847624680586815],[-87.93424811016763,20.84053185312535],[-87.92664069546609,20.87326797987058],[-87.89335825614683,20.86744822400476],[-87.87433971939296,20.900184350749992],[-87.83313288975961,20.903094228682903],[-87.82013688964447,20.949470408238646],[-87.82647640189576,20.98166093287146],[-87.78717142593777,20.96038245048706],[-87.75388898661852,20.97584117700564],[-87.66672069316333,20.958200042037376],[-87.66355093703768,20.993846046715518],[-87.58303913144634,20.975477442264026],[-87.57828449725787,20.92564578266295]]]}},{"type":"Feature","properties":{"cvegeo":"31018","cve_ent":"31","state_code":"YUC","nom_mun":"Chapab"},"geometry":{"type":"Polygon","coordinates":[[[-89.5438502707694,20.57682416545542],[-89.45351222118856,20.555727550441826],[-89.4237165136075,20.526992505854345],[-89.43354275759701,20.497529991783637],[-89.40818470859186,20.487709153760065],[-89.41262236716776,20.45624609861048],[-89.42149768431956,20.430239064585102],[-89.49408509959679,20.431330268809944],[-89.4985227581727,20.466976273488086],[-89.52673358769093,20.483344336860704],[-89.58822685652841,20.504622819245103],[-89.53751075851811,20.5364496091363],[-89.5438502707694,20.57682416545542]]]}},{"type":"Feature","properties":{"cvegeo":"31017","cve_ent":"31","state_code":"YUC","nom_mun":"Chankom"},"geometry":{"type":"Polygon","coordinates":[[[-88.49656284685679,20.62192727341552],[-88.49402704195627,20.603558668964027],[-88.44711465129674,20.60792348586339],[-88.45694089528624,20.569003868510727],[-88.50417026155833,20.560819836824418],[-88.50068352982012,20.538632017585982],[-88.54696196925453,20.536085874394686],[-88.52794343250066,20.52080901524691],[-88.43285074873135,20.539177619698403],[-88.42365845596699,20.532084792236937],[-88.51748323728603,20.469522416679382],[-88.52857738372579,20.404777632672143],[-88.58785182327532,20.411688592762804],[-88.59767806726481,20.316026355718403],[-88.61764753085637,20.279652881557034],[-88.65536762875152,20.29256546488432],[-88.6483941652751,20.351126758284124],[-88.65790343365204,20.451881281711117],[-88.61099104299252,20.48298060211909],[-88.6128928966679,20.554818213587794],[-88.65536762875152,20.625746488202463],[-88.6147947503433,20.61738058914535],[-88.61194196983021,20.645751898991215],[-88.53079621301374,20.638113469417327],[-88.49656284685679,20.62192727341552]]]}},{"type":"Feature","properties":{"cvegeo":"31016","cve_ent":"31","state_code":"YUC","nom_mun":"Chacsinkín"},"geometry":{"type":"Polygon","coordinates":[[[-88.9685395339651,20.166713244285983],[-88.9961164122582,20.169986856960506],[-88.99294665613256,20.1247018816296],[-89.02971582719002,20.129066698528966],[-89.0867714374516,20.157801743116448],[-89.07821309591237,20.156892406262415],[-89.0360553394413,20.236914049417425],[-89.01355007094924,20.240005794721142],[-89.00308987573462,20.291110525917865],[-88.98248646091794,20.28910998483899],[-88.98914294878179,20.26437602240926],[-88.9685395339651,20.166713244285983]]]}},{"type":"Feature","properties":{"cvegeo":"31106","cve_ent":"31","state_code":"YUC","nom_mun":"Yobaín"},"geometry":{"type":"Polygon","coordinates":[[[-89.08043192520032,21.217724780178745],[-89.1428761208755,21.206267135817914],[-89.14889865751422,21.24118567101283],[-89.17172090161885,21.265010296588525],[-89.17679251141988,21.31320514985234],[-89.15840792589115,21.355034645137913],[-89.06838685192287,21.367583493723586],[-89.09818255950393,21.313387017223146],[-89.07250753488621,21.293381606434394],[-89.08043192520032,21.217724780178745]]]}},{"type":"Feature","properties":{"cvegeo":"31105","cve_ent":"31","state_code":"YUC","nom_mun":"Yaxkukul"},"geometry":{"type":"Polygon","coordinates":[[[-89.39962636705262,21.03403873566383],[-89.45256129435086,21.037130480967548],[-89.4665082213037,21.022581091303],[-89.49820578256013,21.038585419934],[-89.485209782445,21.083324793152485],[-89.46904402620422,21.066774862409062],[-89.43829739178547,21.084597864748133],[-89.43164090392162,21.08950828375992],[-89.38694734255004,21.067866066633904],[-89.39962636705262,21.03403873566383]]]}},{"type":"Feature","properties":{"cvegeo":"31104","cve_ent":"31","state_code":"YUC","nom_mun":"Yaxcabá"},"geometry":{"type":"Polygon","coordinates":[[[-88.69308772664668,20.75214431091322],[-88.6689975800918,20.745597085564174],[-88.6876991412331,20.70304012079537],[-88.67089943376718,20.69394675225503],[-88.67216733621744,20.649207379036547],[-88.65536762875152,20.625746488202463],[-88.6128928966679,20.554818213587794],[-88.61099104299252,20.48298060211909],[-88.65790343365204,20.451881281711117],[-88.6483941652751,20.351126758284124],[-88.65536762875152,20.29256546488432],[-88.61764753085637,20.279652881557034],[-88.59767806726481,20.316026355718403],[-88.5729539694848,20.310206599852584],[-88.58151231102403,20.249644765373905],[-88.60306665267841,20.248917295890678],[-88.61257592105534,20.19690322783992],[-88.66963153131692,20.21072514802124],[-88.66646177519128,20.248917295890678],[-88.75711680038468,20.28856438272657],[-88.77074675172494,20.310752201965006],[-88.79737270318036,20.26710403297136],[-88.8157572887091,20.28692757638931],[-88.88359006979786,20.29965829234579],[-88.89690304552556,20.32148237684261],[-88.94223055812226,20.32730213270843],[-88.95839631436304,20.337668572844418],[-88.95110587527407,20.421873165527987],[-88.98438831459332,20.434058279372046],[-88.96283397293894,20.465885069263244],[-88.97709787550434,20.4938926443675],[-88.94508333863534,20.497711859154442],[-88.94096265567201,20.530993588012095],[-88.90641231390249,20.549362192463587],[-88.88612587469838,20.52717437322515],[-88.8423832401645,20.616471252291312],[-88.83953045965141,20.653935930677523],[-88.89436724062504,20.655754604385592],[-88.87059406968272,20.694310486996642],[-88.84396811822731,20.668849055083683],[-88.84999065486603,20.707586805065542],[-88.82748538637397,20.740504799181583],[-88.77518441030085,20.741050401294004],[-88.75299611742135,20.759419005745492],[-88.7330266538298,20.770694782735518],[-88.69308772664668,20.75214431091322]]]}},{"type":"Feature","properties":{"cvegeo":"31103","cve_ent":"31","state_code":"YUC","nom_mun":"Xocchel"},"geometry":{"type":"Polygon","coordinates":[[[-89.07599426662442,20.82307258552789],[-89.04302880291773,20.738504258102708],[-89.07219055927365,20.74232347288965],[-89.07757914468723,20.75796406677904],[-89.1473137794514,20.773240925926814],[-89.1508005111896,20.796338082019282],[-89.20215056042503,20.794155673569602],[-89.21736538982812,20.835621434113563],[-89.16760021865551,20.85198949748618],[-89.11466529135727,20.840168118383733],[-89.08962421796468,20.851080160632144],[-89.07599426662442,20.82307258552789]]]}},{"type":"Feature","properties":{"cvegeo":"31102","cve_ent":"31","state_code":"YUC","nom_mun":"Valladolid"},"geometry":{"type":"Polygon","coordinates":[[[-87.95738732988482,20.847624680586815],[-87.95168176885868,20.811614941167058],[-87.99700928145538,20.79306446934476],[-88.01792967188462,20.747779494013855],[-87.9843302569528,20.73541251279899],[-88.03916703792643,20.733593839090922],[-88.0128580620836,20.668849055083683],[-88.03346147690027,20.630111305101828],[-87.97862469592664,20.589373014041094],[-87.97767376908895,20.5284474448208],[-88.01317503769616,20.521718352100947],[-87.94470830538225,20.51444365726867],[-87.93836879313096,20.47024988616261],[-87.96277591529842,20.44660712795772],[-87.99510742777998,20.447334597440946],[-87.9932055741046,20.423873706606862],[-88.06484206254414,20.349489951946865],[-88.07371737969595,20.394229325165348],[-88.1177769898424,20.400230948401973],[-88.13679552659625,20.452245016452732],[-88.1177769898424,20.49716625704202],[-88.15866684386319,20.508623901402853],[-88.17293074642859,20.537358945990334],[-88.15993474631345,20.578097237051068],[-88.18370791725577,20.651389787486227],[-88.23252216159068,20.648116174811705],[-88.24425025925557,20.62701955979811],[-88.26960830826071,20.62592835557327],[-88.30289074757997,20.681397903669357],[-88.31208304034433,20.72031752102202],[-88.28799289378945,20.715952704122657],[-88.2848231376638,20.745051483451753],[-88.31810557698306,20.76942171113987],[-88.29591728410355,20.82361818764031],[-88.32381113800922,20.854353773306666],[-88.27848362541252,20.843077996316644],[-88.2626348447843,20.801975970514295],[-88.18560977093117,20.781424957613122],[-88.15739894141294,20.790518326153464],[-88.10509796533982,20.7808793555007],[-88.1016112336016,20.819253370740945],[-88.07910596510953,20.83816757730486],[-88.05786859906773,20.817616564403686],[-88.02141640362282,20.830711015101777],[-88.00873737912025,20.879815205219625],[-87.97291913490048,20.87963333784882],[-87.95738732988482,20.847624680586815]]]}},{"type":"Feature","properties":{"cvegeo":"31101","cve_ent":"31","state_code":"YUC","nom_mun":"Umán"},"geometry":{"type":"Polygon","coordinates":[[[-89.74893349209853,20.970930757993855],[-89.72674519921902,20.945833060822512],[-89.72357544309338,20.905094769761778],[-89.69156090622438,20.93019246693312],[-89.67634607682129,20.904003565536936],[-89.69790041847567,20.887817369535128],[-89.65732754006743,20.859627927060068],[-89.69092695499926,20.786517243995714],[-89.69346275989977,20.748325096126276],[-89.71438315032901,20.718498847313953],[-89.74639768719801,20.749052565609503],[-89.75115232138648,20.78215242709635],[-89.78792149244394,20.76251075104921],[-89.84941476128142,20.798702357839773],[-89.87255398099863,20.823981922381925],[-89.88111232253786,20.883452552635763],[-89.82183788298833,20.881270144186082],[-89.8167662731873,20.919826026797132],[-89.798064712046,20.976750513859674],[-89.74893349209853,20.970930757993855]]]}},{"type":"Feature","properties":{"cvegeo":"31100","cve_ent":"31","state_code":"YUC","nom_mun":"Ucú"},"geometry":{"type":"Polygon","coordinates":[[[-89.8015514437842,21.149160781384566],[-89.76858598007752,21.090781355355567],[-89.74893349209853,21.088417079535077],[-89.73847329688391,21.049315594811606],[-89.71374919910389,21.053862279081777],[-89.74893349209853,20.970930757993855],[-89.798064712046,20.976750513859674],[-89.80947583409832,21.109877429290286],[-89.83610178555372,21.162255232082657],[-89.82342276105115,21.2006292473229],[-89.8015514437842,21.149160781384566]]]}},{"type":"Feature","properties":{"cvegeo":"31099","cve_ent":"31","state_code":"YUC","nom_mun":"Uayma"},"geometry":{"type":"Polygon","coordinates":[[[-88.32381113800922,20.854353773306666],[-88.29591728410355,20.82361818764031],[-88.31810557698306,20.76942171113987],[-88.2848231376638,20.745051483451753],[-88.28799289378945,20.715952704122657],[-88.31208304034433,20.72031752102202],[-88.30289074757997,20.681397903669357],[-88.31747162575793,20.693583017513415],[-88.37135747989387,20.68758139427679],[-88.38023279704568,20.67248640249982],[-88.42904704138058,20.653754063306717],[-88.44204304149572,20.65520900227317],[-88.43443562679417,20.718316979943147],[-88.39386274838594,20.70249451868295],[-88.38213465072106,20.761055812082756],[-88.33934294302487,20.764511292128084],[-88.31366791840716,20.81216054327948],[-88.3685046993808,20.833620893034688],[-88.3906929922603,20.787426580849747],[-88.41034548023929,20.85999166180168],[-88.41414918759006,20.889454175872388],[-88.37452723601952,20.922554037359234],[-88.32381113800922,20.854353773306666]]]}},{"type":"Feature","properties":{"cvegeo":"31098","cve_ent":"31","state_code":"YUC","nom_mun":"Tzucacab"},"geometry":{"type":"Polygon","coordinates":[[[-88.99294665613256,20.1247018816296],[-88.96758860712741,20.067595527196254],[-88.99960314399641,20.03267699200134],[-88.9454003142479,19.96902341221894],[-88.90926509441557,19.941743306597914],[-88.91940831401763,19.866813949825495],[-88.9650528022269,19.86299473503855],[-88.9587132899756,19.89027484065958],[-88.98533924143102,19.893184718592487],[-88.99706733909589,19.820255902898943],[-88.95681143630023,19.816618555482805],[-89.02527816861412,19.776789601276107],[-89.04873436394388,19.721501920550825],[-88.99516548542051,19.727321676416643],[-88.99738431470846,19.7049519898074],[-89.03098372964028,19.708771204594346],[-89.0360553394413,19.67803561892799],[-89.07409241294903,19.694221814929797],[-89.1000844131793,19.756602323116546],[-89.14604587700114,19.781518152917084],[-89.12195573044625,19.84735414114916],[-89.10420509614265,19.93846969392339],[-89.13146499882318,19.967204738510873],[-89.11371436451958,20.012489713841777],[-89.14097426720011,20.020128143415665],[-89.12544246218445,20.082508651602414],[-89.15935885272884,20.111971165673122],[-89.14160821842523,20.143070486081093],[-89.10642392543059,20.139069403923344],[-89.0867714374516,20.157801743116448],[-89.02971582719002,20.129066698528966],[-88.99294665613256,20.1247018816296]]]}},{"type":"Feature","properties":{"cvegeo":"31097","cve_ent":"31","state_code":"YUC","nom_mun":"Tunkás"},"geometry":{"type":"Polygon","coordinates":[[[-88.66043923855256,20.9136425361897],[-88.67850684846873,20.8605372639141],[-88.66297504345307,20.82816487191048],[-88.68833309245822,20.76360195527405],[-88.69308772664668,20.75214431091322],[-88.7330266538298,20.770694782735518],[-88.75299611742135,20.759419005745492],[-88.75236216619622,20.779060681792632],[-88.7916671421542,20.780697488129896],[-88.79135016654163,20.810705604313025],[-88.85759806956759,20.80124850103107],[-88.84333416700218,20.844532935283098],[-88.82241377657294,20.873995449353806],[-88.8547452890545,20.90600410661581],[-88.84523602067758,20.947287999788966],[-88.80814987400754,20.960018715745445],[-88.77518441030085,20.968202747431754],[-88.71305719023823,21.039676624158844],[-88.70323094624874,20.98748068873728],[-88.66043923855256,20.983115871837914],[-88.66043923855256,20.9136425361897]]]}},{"type":"Feature","properties":{"cvegeo":"31096","cve_ent":"31","state_code":"YUC","nom_mun":"Tizimín"},"geometry":{"type":"Polygon","coordinates":[[[-87.53517581394912,21.4901621016474],[-87.53327396027373,20.999665802581337],[-87.57828449725787,20.92564578266295],[-87.58303913144634,20.975477442264026],[-87.66355093703768,20.993846046715518],[-87.66672069316333,20.958200042037376],[-87.75388898661852,20.97584117700564],[-87.78717142593777,20.96038245048706],[-87.82647640189576,20.98166093287146],[-87.89399220737197,21.013123988021043],[-87.93044440281686,20.993846046715518],[-88.01000528157051,21.00985037534652],[-87.98211142766485,21.07441329198295],[-88.0163447938218,21.042404634720945],[-88.05184606242901,21.041131563125298],[-88.04677445262797,21.061136973914053],[-88.18307396603065,21.086962140568623],[-88.21508850289965,21.078232506769893],[-88.24139747874248,21.0836885278941],[-88.2296693810776,21.12242627787596],[-88.26643855213507,21.14370476026036],[-88.24678606415608,21.185352388175126],[-88.2838722108261,21.20190231891855],[-88.24076352751736,21.214269300133417],[-88.25788021059583,21.236275252001043],[-88.21445455167452,21.254098254340114],[-88.20906596626092,21.297928290704565],[-88.1621535756014,21.296291484367302],[-88.13267484363291,21.3253902636964],[-88.12506742893137,21.406866845817866],[-88.09875845308854,21.411595397458843],[-88.07466830653364,21.409776723750774],[-88.0749852821462,21.46251826128476],[-88.09115103838698,21.48034126362383],[-88.0705476235703,21.53581081171992],[-87.99986206196846,21.53290093378701],[-87.98528118379049,21.56800133635273],[-87.98337933011511,21.567819468981924],[-87.97418703735075,21.565273325790628],[-87.9735530861256,21.565273325790628],[-87.97228518367535,21.565273325790628],[-87.97133425683766,21.565455193161434],[-87.95326664692149,21.563272784711753],[-87.95358362253405,21.56400025419498],[-87.95390059814662,21.564182121565786],[-87.95390059814662,21.5645458563074],[-87.95390059814662,21.564182121565786],[-87.95358362253405,21.56400025419498],[-87.92125211005249,21.558362365699967],[-87.92061815882737,21.558362365699967],[-87.89874684156042,21.568365071094345],[-87.88448293899503,21.56854693846515],[-87.88163015848195,21.56854693846515],[-87.88194713409452,21.568910673206766],[-87.88226410970708,21.568910673206766],[-87.86197767050297,21.571638683768867],[-87.73835718160286,21.530172923224907],[-87.53517581394912,21.4901621016474]]]}},{"type":"Feature","properties":{"cvegeo":"31095","cve_ent":"31","state_code":"YUC","nom_mun":"Tixpéhual"},"geometry":{"type":"Polygon","coordinates":[[[-89.43417670882214,20.92928313007909],[-89.45604802608908,20.913278801448087],[-89.48235700193192,20.914915607785346],[-89.4699949530419,20.938194631248624],[-89.53465797800503,20.980933463388233],[-89.50422831919886,20.981842800242266],[-89.47950422141884,20.94983414298026],[-89.4512933919006,20.961837389453514],[-89.49947368501039,20.97347690118515],[-89.49154929469628,21.01166904905459],[-89.4246674404452,20.998756465727304],[-89.43132392830906,20.954380827250432],[-89.39550568408929,20.938194631248624],[-89.43417670882214,20.92928313007909]]]}},{"type":"Feature","properties":{"cvegeo":"31094","cve_ent":"31","state_code":"YUC","nom_mun":"Tixmehuac"},"geometry":{"type":"Polygon","coordinates":[[[-89.00308987573462,20.291110525917865],[-89.01355007094924,20.240005794721142],[-89.0360553394413,20.236914049417425],[-89.07821309591237,20.156892406262415],[-89.0867714374516,20.157801743116448],[-89.10642392543059,20.139069403923344],[-89.14160821842523,20.143070486081093],[-89.14921563312679,20.204359790043],[-89.16569836498013,20.18526371610828],[-89.18915456030989,20.19981310577283],[-89.13083104759805,20.28856438272657],[-89.09247699847776,20.28274462686075],[-89.09786558389136,20.320573039988574],[-89.07599426662442,20.356219044666716],[-89.03415348576593,20.33366749068667],[-89.00182197328436,20.335122429653122],[-89.00308987573462,20.291110525917865]]]}},{"type":"Feature","properties":{"cvegeo":"31093","cve_ent":"31","state_code":"YUC","nom_mun":"Tixkokob"},"geometry":{"type":"Polygon","coordinates":[[[-89.32545407371256,21.006031160559576],[-89.27315309763944,20.981297198129845],[-89.31752968339845,20.96656594109449],[-89.3029488052205,20.942741315518795],[-89.32862382983821,20.963110461049162],[-89.32735592738794,20.894910196996594],[-89.34478958607899,20.89745634018789],[-89.36127231793233,20.890727247468035],[-89.43417670882214,20.92928313007909],[-89.39550568408929,20.938194631248624],[-89.43132392830906,20.954380827250432],[-89.4246674404452,20.998756465727304],[-89.49154929469628,21.01166904905459],[-89.4665082213037,21.022581091303],[-89.45256129435086,21.037130480967548],[-89.39962636705262,21.03403873566383],[-89.36475904967054,21.058772698093563],[-89.35208002516796,20.998210863614883],[-89.32545407371256,21.006031160559576]]]}},{"type":"Feature","properties":{"cvegeo":"31092","cve_ent":"31","state_code":"YUC","nom_mun":"Tixcacalcupul"},"geometry":{"type":"Polygon","coordinates":[[[-88.25312557640737,20.56136543893684],[-88.25407650324506,20.53535840491146],[-88.22332986882633,20.523355158438207],[-88.2271335761771,20.467158140858892],[-88.27182713754867,20.46388452818437],[-88.24995582028173,20.36058386156608],[-88.23410703965351,20.359674524712048],[-88.23252216159068,20.290019321693023],[-88.26485367407224,20.29038305643464],[-88.30891328421869,20.25346398016085],[-88.4093945534016,20.252009041194395],[-88.41446616320262,20.335486164394737],[-88.45979367579932,20.342033389743783],[-88.44965045619726,20.40386829581811],[-88.40337201676287,20.374042047005787],[-88.38245162633362,20.40841498008828],[-88.3754781628572,20.47988885681537],[-88.33300343077359,20.502076676053807],[-88.31810557698306,20.532084792236937],[-88.32951669903538,20.56354784738652],[-88.25312557640737,20.56136543893684]]]}},{"type":"Feature","properties":{"cvegeo":"31091","cve_ent":"31","state_code":"YUC","nom_mun":"Tinum"},"geometry":{"type":"Polygon","coordinates":[[[-88.41034548023929,20.85999166180168],[-88.3906929922603,20.787426580849747],[-88.3685046993808,20.833620893034688],[-88.31366791840716,20.81216054327948],[-88.33934294302487,20.764511292128084],[-88.38213465072106,20.761055812082756],[-88.39386274838594,20.70249451868295],[-88.43443562679417,20.718316979943147],[-88.44204304149572,20.65520900227317],[-88.42904704138058,20.653754063306717],[-88.48356684674165,20.647024970586862],[-88.49656284685679,20.62192727341552],[-88.53079621301374,20.638113469417327],[-88.61194196983021,20.645751898991215],[-88.6147947503433,20.61738058914535],[-88.65536762875152,20.625746488202463],[-88.67216733621744,20.649207379036547],[-88.67089943376718,20.69394675225503],[-88.6876991412331,20.70304012079537],[-88.6689975800918,20.745597085564174],[-88.57675767683557,20.74705202453063],[-88.5729539694848,20.72795595059591],[-88.50385328594577,20.740141064439968],[-88.51843416412373,20.75850966889146],[-88.47722733449037,20.832529688809846],[-88.47754431010293,20.857263651239577],[-88.42809611454288,20.81852590125772],[-88.436020504857,20.854353773306666],[-88.41034548023929,20.85999166180168]]]}},{"type":"Feature","properties":{"cvegeo":"31090","cve_ent":"31","state_code":"YUC","nom_mun":"Timucuy"},"geometry":{"type":"Polygon","coordinates":[[[-89.50613017287424,20.877996531511556],[-89.49123231908372,20.85835485546442],[-89.4966209044973,20.817980299145297],[-89.48235700193192,20.7808793555007],[-89.49979066062295,20.777242008084563],[-89.54480119760709,20.757782199408233],[-89.56445368558607,20.776514538601337],[-89.5714271490625,20.736867451765445],[-89.5527255879212,20.70885987666119],[-89.49947368501039,20.695401691221484],[-89.51817524615169,20.678124290994834],[-89.5305372950417,20.617016854403733],[-89.56730646609915,20.63975027575459],[-89.5606499782353,20.710496682998453],[-89.58759290530328,20.72795595059591],[-89.55399349037145,20.807795726380114],[-89.58157036866456,20.814706686470775],[-89.54353329515683,20.850898293261338],[-89.50613017287424,20.877996531511556]]]}},{"type":"Feature","properties":{"cvegeo":"31089","cve_ent":"31","state_code":"YUC","nom_mun":"Ticul"},"geometry":{"type":"Polygon","coordinates":[[[-89.49408509959679,20.431330268809944],[-89.50454529481142,20.37149590381449],[-89.46872705059165,20.335668031765543],[-89.44019924546086,20.347671278238796],[-89.42783719657085,20.336759235990385],[-89.46904402620422,20.302568170278697],[-89.52451475840297,20.34276085922701],[-89.52007709982708,20.312025273560653],[-89.47284773355499,20.29038305643464],[-89.4798211970314,20.257101327576986],[-89.541948417094,20.249644765373905],[-89.54004656341863,20.26492162452168],[-89.60153983225611,20.27310565620799],[-89.61770558849689,20.287836913243343],[-89.605977490832,20.357128381520752],[-89.63482227157536,20.35021742143009],[-89.68205163784745,20.373678312264175],[-89.67349329630821,20.345852604530727],[-89.72864705289442,20.34858061509283],[-89.72040568696774,20.393319988311312],[-89.69473066235003,20.38549969136662],[-89.67761397927156,20.41368913384168],[-89.62753183248638,20.400776550514394],[-89.61390188114612,20.429511595101875],[-89.5847401247902,20.432421473034786],[-89.57903456376404,20.460065313397426],[-89.54289934393171,20.457337302835324],[-89.52673358769093,20.483344336860704],[-89.4985227581727,20.466976273488086],[-89.49408509959679,20.431330268809944]]]}},{"type":"Feature","properties":{"cvegeo":"31088","cve_ent":"31","state_code":"YUC","nom_mun":"Teya"},"geometry":{"type":"Polygon","coordinates":[[[-89.03447046137849,21.108786225065444],[-89.0557078274203,21.072958353016496],[-89.04366275414286,21.013669590133464],[-89.01355007094924,21.01439705961669],[-88.99579943664564,20.98620761714163],[-89.02971582719002,20.995119118311166],[-89.04302880291773,20.991481770895028],[-89.10357114491751,21.054771615935813],[-89.1152992425824,21.088962681647498],[-89.09025816918981,21.08423413000652],[-89.11212948645675,21.127154829516936],[-89.07694519346211,21.11187797036916],[-89.04302880291773,21.127154829516936],[-89.03447046137849,21.108786225065444]]]}},{"type":"Feature","properties":{"cvegeo":"31087","cve_ent":"31","state_code":"YUC","nom_mun":"Tetiz"},"geometry":{"type":"Polygon","coordinates":[[[-89.89315739581531,20.944559989226864],[-89.90773827399327,20.92382710895488],[-89.90805524960584,20.935830355428134],[-89.96986549405588,20.950197877721877],[-89.99585749428616,20.934011681720065],[-89.9758880306946,20.908186515065495],[-90.02977388483055,20.88363442000657],[-90.02248344574156,20.920917231021974],[-90.08999925121778,20.911641995110823],[-90.09095017805546,20.893091523288525],[-90.20918208154197,20.904731035020163],[-90.23770988667276,20.930738069045542],[-90.20252559367812,20.976932381230483],[-90.17716754467297,20.988753760332926],[-90.11440637338522,20.986025749770825],[-90.10489710500829,21.00985037534652],[-90.03769827514465,20.99711965939004],[-90.02977388483055,21.027491510314785],[-89.99934422602436,21.03003765350608],[-89.9305605180979,21.005485558447155],[-89.93404724983611,20.98675321925405],[-89.87604071273684,20.98566201502921],[-89.89315739581531,20.944559989226864]]]}},{"type":"Feature","properties":{"cvegeo":"31086","cve_ent":"31","state_code":"YUC","nom_mun":"Tepakán"},"geometry":{"type":"Polygon","coordinates":[[[-88.96029816803843,21.05131613589048],[-88.98914294878179,21.028400847168818],[-88.98090158285511,20.98620761714163],[-88.99579943664564,20.98620761714163],[-89.01355007094924,21.01439705961669],[-89.04366275414286,21.013669590133464],[-89.0557078274203,21.072958353016496],[-89.03447046137849,21.108786225065444],[-88.99358060735769,21.140613014956642],[-88.97995065601742,21.129700972708232],[-88.93937777760918,21.09987472389591],[-88.98026763162999,21.079323710994736],[-88.96029816803843,21.05131613589048]]]}},{"type":"Feature","properties":{"cvegeo":"31085","cve_ent":"31","state_code":"YUC","nom_mun":"Temozón"},"geometry":{"type":"Polygon","coordinates":[[[-87.82647640189576,20.98166093287146],[-87.82013688964447,20.949470408238646],[-87.83313288975961,20.903094228682903],[-87.87433971939296,20.900184350749992],[-87.89335825614683,20.86744822400476],[-87.92664069546609,20.87326797987058],[-87.93424811016763,20.84053185312535],[-87.95738732988482,20.847624680586815],[-87.97291913490048,20.87963333784882],[-88.00873737912025,20.879815205219625],[-88.02141640362282,20.830711015101777],[-88.05786859906773,20.817616564403686],[-88.07910596510953,20.83816757730486],[-88.1016112336016,20.819253370740945],[-88.10509796533982,20.7808793555007],[-88.15739894141294,20.790518326153464],[-88.18560977093117,20.781424957613122],[-88.2626348447843,20.801975970514295],[-88.27848362541252,20.843077996316644],[-88.29877006461663,20.851625762744565],[-88.26770645458532,20.876723459915908],[-88.26136694233404,20.924190843696497],[-88.23791074700428,20.95529016410447],[-88.21825825902529,20.922372169988428],[-88.18909650266937,20.934011681720065],[-88.19923972227143,20.96438353264481],[-88.12696928260675,20.963110461049162],[-88.0990754287011,20.92382710895488],[-88.06198928203106,20.924918313179724],[-88.04265376966464,21.00166634366021],[-87.9995450863559,20.984752678175177],[-88.01000528157051,21.00985037534652],[-87.93044440281686,20.993846046715518],[-87.89399220737197,21.013123988021043],[-87.82647640189576,20.98166093287146]]]}},{"type":"Feature","properties":{"cvegeo":"31084","cve_ent":"31","state_code":"YUC","nom_mun":"Temax"},"geometry":{"type":"Polygon","coordinates":[[[-88.80244431298138,21.291017330613904],[-88.8049801178819,21.24918783532833],[-88.84903972802834,21.249551570069944],[-88.81956099605986,21.215906106470676],[-88.81639123993422,21.1846249186919],[-88.77708626397623,21.182078775500603],[-88.77898811765162,21.16207336471185],[-88.81417241064626,21.164073905790726],[-88.79800665440548,21.13970367810261],[-88.75458099548416,21.14370476026036],[-88.75743377599724,21.120789471538696],[-88.69784236083515,21.11187797036916],[-88.70608372676182,21.08077864996119],[-88.71020440972516,21.071685281420848],[-88.74285289781929,21.074049557241338],[-88.76282236141084,21.10278460182882],[-88.80783289839498,21.10042032600833],[-88.864571533044,21.14243168866471],[-88.89975582603864,21.145705301339234],[-88.92289504575584,21.115151583043684],[-88.89183143572453,21.078050639399088],[-88.92004226524276,21.061500708655664],[-88.95744538752535,21.078959976253124],[-88.96029816803843,21.05131613589048],[-88.98026763162999,21.079323710994736],[-88.93937777760918,21.09987472389591],[-88.97995065601742,21.129700972708232],[-88.99358060735769,21.140613014956642],[-89.02147446126335,21.16098216048701],[-89.00023709522154,21.199174308356447],[-88.960615143651,21.197173767277572],[-88.95744538752535,21.218452249661972],[-88.90609533828993,21.240640068900408],[-88.88390704541042,21.222817066561337],[-88.87091104529529,21.294836545400848],[-88.80244431298138,21.291017330613904]]]}},{"type":"Feature","properties":{"cvegeo":"31083","cve_ent":"31","state_code":"YUC","nom_mun":"Telchac Puerto"},"geometry":{"type":"Polygon","coordinates":[[[-89.24716109740916,21.27574047146613],[-89.26617963416302,21.27446739987048],[-89.32101641513665,21.279014084140652],[-89.32291826881205,21.33848471439449],[-89.22624070697992,21.348123685047256],[-89.22972743871813,21.295564014884075],[-89.26427778048765,21.300110699154246],[-89.24716109740916,21.27574047146613]]]}},{"type":"Feature","properties":{"cvegeo":"31082","cve_ent":"31","state_code":"YUC","nom_mun":"Telchac Pueblo"},"geometry":{"type":"Polygon","coordinates":[[[-89.21958421911607,21.184443051321093],[-89.21958421911607,21.16207336471185],[-89.2921716343933,21.17189420273542],[-89.26617963416302,21.27446739987048],[-89.24716109740916,21.27574047146613],[-89.21958421911607,21.262827888138844],[-89.24621017057147,21.243186212091704],[-89.21958421911607,21.184443051321093]]]}},{"type":"Feature","properties":{"cvegeo":"31081","cve_ent":"31","state_code":"YUC","nom_mun":"Tekom"},"geometry":{"type":"Polygon","coordinates":[[[-88.24425025925557,20.62701955979811],[-88.23727679577915,20.582098319208818],[-88.25312557640737,20.56136543893684],[-88.32951669903538,20.56354784738652],[-88.31810557698306,20.532084792236937],[-88.33300343077359,20.502076676053807],[-88.3754781628572,20.47988885681537],[-88.38245162633362,20.40841498008828],[-88.40337201676287,20.374042047005787],[-88.44965045619726,20.40386829581811],[-88.51811718851117,20.41605340966217],[-88.52857738372579,20.404777632672143],[-88.51748323728603,20.469522416679382],[-88.42365845596699,20.532084792236937],[-88.36248216274207,20.546634181901485],[-88.32983367464794,20.597193310985787],[-88.29021172307739,20.597920780469014],[-88.26960830826071,20.62592835557327],[-88.24425025925557,20.62701955979811]]]}},{"type":"Feature","properties":{"cvegeo":"31080","cve_ent":"31","state_code":"YUC","nom_mun":"Tekit"},"geometry":{"type":"Polygon","coordinates":[[[-89.14794773067652,20.555727550441826],[-89.17172090161885,20.559910499970385],[-89.18566782857168,20.515534861493514],[-89.23067836555582,20.50535028872833],[-89.22528978014222,20.51753540257239],[-89.28868490265509,20.529720516416447],[-89.30833739063408,20.485890480052],[-89.33147661035129,20.48807288850168],[-89.34003495189052,20.529720516416447],[-89.37775504978568,20.520627147876105],[-89.3970905621521,20.571913746443634],[-89.35429885445592,20.613925109100016],[-89.30611856134614,20.61828992599938],[-89.2921716343933,20.650844185373806],[-89.2103919263517,20.638113469417327],[-89.2069051946135,20.602467464739185],[-89.15777397466601,20.6055592100429],[-89.14794773067652,20.555727550441826]]]}},{"type":"Feature","properties":{"cvegeo":"31079","cve_ent":"31","state_code":"YUC","nom_mun":"Tekax"},"geometry":{"type":"Polygon","coordinates":[[[-89.14160821842523,20.143070486081093],[-89.15935885272884,20.111971165673122],[-89.12544246218445,20.082508651602414],[-89.14097426720011,20.020128143415665],[-89.11371436451958,20.012489713841777],[-89.13146499882318,19.967204738510873],[-89.10420509614265,19.93846969392339],[-89.12195573044625,19.84735414114916],[-89.14604587700114,19.781518152917084],[-89.1000844131793,19.756602323116546],[-89.07409241294903,19.694221814929797],[-89.12385758412164,19.70331518347014],[-89.13368382811113,19.614382039145593],[-89.10832577910598,19.612381498066718],[-89.10895973033111,19.58237338188359],[-89.14953260873935,19.581282177658746],[-89.14509495016344,19.63747919523806],[-89.22307095085428,19.63656985838403],[-89.21990119472864,19.608016681167353],[-89.29660929296921,19.55109219410481],[-89.41262236716776,19.649300574340508],[-89.44812363577496,19.698222897087547],[-89.46872705059165,19.700223438166425],[-89.49186627030885,19.742052933451998],[-89.47601748968063,19.771151712781094],[-89.52578266085322,19.77551652968046],[-89.58790988091584,19.874452379399383],[-89.58695895407814,19.920464824213514],[-89.52292988034014,20.025220429798257],[-89.50454529481142,20.038496747867157],[-89.37109856192183,20.0290396445852],[-89.36951368385901,20.05741095443107],[-89.42498441605777,20.085782264276936],[-89.4237165136075,20.124520014258795],[-89.36539300089566,20.109970624594247],[-89.36729485457106,20.134886454394785],[-89.42181465993212,20.159802284195322],[-89.37109856192183,20.196721360469112],[-89.29946207348229,20.259829338139088],[-89.3197485126864,20.281471555265103],[-89.30611856134614,20.3052961808408],[-89.35334792761822,20.324028520033906],[-89.32640500055025,20.3345768275407],[-89.14953260873935,20.31457141675195],[-89.10769182788086,20.404050163188916],[-89.07187358366109,20.37749752705112],[-89.07599426662442,20.356219044666716],[-89.09786558389136,20.320573039988574],[-89.09247699847776,20.28274462686075],[-89.13083104759805,20.28856438272657],[-89.18915456030989,20.19981310577283],[-89.16569836498013,20.18526371610828],[-89.14921563312679,20.204359790043],[-89.14160821842523,20.143070486081093]]]}},{"type":"Feature","properties":{"cvegeo":"31078","cve_ent":"31","state_code":"YUC","nom_mun":"Tekantó"},"geometry":{"type":"Polygon","coordinates":[[[-89.10357114491751,21.054771615935813],[-89.04302880291773,20.991481770895028],[-89.02971582719002,20.995119118311166],[-89.05000226639415,20.980387861275812],[-89.14604587700114,20.96711154320691],[-89.15143446241473,21.000211404693758],[-89.13241592566087,21.02676404083156],[-89.15904187711628,21.053862279081777],[-89.10357114491751,21.054771615935813]]]}},{"type":"Feature","properties":{"cvegeo":"31077","cve_ent":"31","state_code":"YUC","nom_mun":"Tekal de Venegas"},"geometry":{"type":"Polygon","coordinates":[[[-88.71020440972516,21.071685281420848],[-88.71305719023823,21.039676624158844],[-88.77518441030085,20.968202747431754],[-88.80814987400754,20.960018715745445],[-88.86013387446809,20.97711424860129],[-88.87566567948375,21.000029537322952],[-88.92764967994431,21.005121823705544],[-88.98090158285511,20.98620761714163],[-88.98914294878179,21.028400847168818],[-88.96029816803843,21.05131613589048],[-88.95744538752535,21.078959976253124],[-88.92004226524276,21.061500708655664],[-88.89183143572453,21.078050639399088],[-88.8547452890545,21.076413833061828],[-88.85886597201784,21.046041982137083],[-88.90165767971402,21.0624100455097],[-88.91497065544173,21.032765664068183],[-88.80593104471959,21.030946990360114],[-88.80371221543164,21.048769992699185],[-88.7498263612957,21.054407881194198],[-88.74285289781929,21.074049557241338],[-88.71020440972516,21.071685281420848]]]}},{"type":"Feature","properties":{"cvegeo":"31076","cve_ent":"31","state_code":"YUC","nom_mun":"Tecoh"},"geometry":{"type":"Polygon","coordinates":[[[-89.38504548887465,20.722318062100896],[-89.39645661092698,20.69158247643454],[-89.3384500738277,20.66157436025141],[-89.35429885445592,20.613925109100016],[-89.3970905621521,20.571913746443634],[-89.40881865981699,20.553908876733757],[-89.45351222118856,20.555727550441826],[-89.5438502707694,20.57682416545542],[-89.54416724638196,20.5815527170964],[-89.5305372950417,20.617016854403733],[-89.51817524615169,20.678124290994834],[-89.49947368501039,20.695401691221484],[-89.5527255879212,20.70885987666119],[-89.5714271490625,20.736867451765445],[-89.56445368558607,20.776514538601337],[-89.54480119760709,20.757782199408233],[-89.49979066062295,20.777242008084563],[-89.43829739178547,20.76251075104921],[-89.38504548887465,20.722318062100896]]]}},{"type":"Feature","properties":{"cvegeo":"31075","cve_ent":"31","state_code":"YUC","nom_mun":"Teabo"},"geometry":{"type":"Polygon","coordinates":[[[-89.18154714560835,20.454791159644028],[-89.16538138936757,20.405323234784564],[-89.10769182788086,20.404050163188916],[-89.14953260873935,20.31457141675195],[-89.32640500055025,20.3345768275407],[-89.31467690288537,20.354036636217035],[-89.31594480533563,20.417326481257817],[-89.24494226812122,20.451517546969505],[-89.19295826766066,20.42696545191058],[-89.18154714560835,20.454791159644028]]]}},{"type":"Feature","properties":{"cvegeo":"31074","cve_ent":"31","state_code":"YUC","nom_mun":"Tahmek"},"geometry":{"type":"Polygon","coordinates":[[[-89.3029488052205,20.942741315518795],[-89.29977904909485,20.926009517404566],[-89.24304041444583,20.932738610124417],[-89.21451260931504,20.900184350749992],[-89.2389197314825,20.85708178386877],[-89.28488119530432,20.85871859020603],[-89.2823453904038,20.84053185312535],[-89.35556675690617,20.855626844902314],[-89.34478958607899,20.89745634018789],[-89.32735592738794,20.894910196996594],[-89.32862382983821,20.963110461049162],[-89.3029488052205,20.942741315518795]]]}},{"type":"Feature","properties":{"cvegeo":"31073","cve_ent":"31","state_code":"YUC","nom_mun":"Tahdziú"},"geometry":{"type":"Polygon","coordinates":[[[-88.79737270318036,20.26710403297136],[-88.79483689827984,20.23436790622613],[-88.82653445953628,20.231276160922413],[-88.83192304494987,20.19344774779459],[-88.9000728016512,20.201086177368477],[-88.90609533828993,20.16289402949904],[-88.9685395339651,20.166713244285983],[-88.98914294878179,20.26437602240926],[-88.98248646091794,20.28910998483899],[-88.97646392427922,20.320573039988574],[-88.94223055812226,20.32730213270843],[-88.89690304552556,20.32148237684261],[-88.88359006979786,20.29965829234579],[-88.8157572887091,20.28692757638931],[-88.79737270318036,20.26710403297136]]]}},{"type":"Feature","properties":{"cvegeo":"31072","cve_ent":"31","state_code":"YUC","nom_mun":"Suma"},"geometry":{"type":"Polygon","coordinates":[[[-89.13241592566087,21.14643277082246],[-89.11212948645675,21.127154829516936],[-89.09025816918981,21.08423413000652],[-89.1152992425824,21.088962681647498],[-89.10357114491751,21.054771615935813],[-89.15904187711628,21.053862279081777],[-89.1783773894827,21.0571358917563],[-89.18123016999579,21.09860165230026],[-89.21768236544068,21.1049670102785],[-89.18598480418424,21.12460868632564],[-89.19010548714758,21.15461680250877],[-89.1428761208755,21.164801375273953],[-89.13241592566087,21.14643277082246]]]}},{"type":"Feature","properties":{"cvegeo":"31071","cve_ent":"31","state_code":"YUC","nom_mun":"Sudzal"},"geometry":{"type":"Polygon","coordinates":[[[-88.84333416700218,20.844532935283098],[-88.85759806956759,20.80124850103107],[-88.79135016654163,20.810705604313025],[-88.7916671421542,20.780697488129896],[-88.75236216619622,20.779060681792632],[-88.75299611742135,20.759419005745492],[-88.77518441030085,20.741050401294004],[-88.82748538637397,20.740504799181583],[-88.84999065486603,20.707586805065542],[-88.84396811822731,20.668849055083683],[-88.87059406968272,20.694310486996642],[-88.88454099663555,20.72340926632574],[-88.88992958204915,20.78215242709635],[-88.8610848013058,20.795065010423635],[-88.90799719196531,20.798702357839773],[-88.95364168017458,20.822163248673856],[-88.98597319265615,20.85235323222779],[-89.05063621761927,20.86508394818427],[-89.0468325102685,20.889090441130776],[-89.00499172941001,20.882179481040115],[-88.95712841191279,20.898365677041923],[-88.88897865521145,20.86344714184701],[-88.90292558216429,20.825618728719185],[-88.8547452890545,20.859446059689258],[-88.84333416700218,20.844532935283098]]]}},{"type":"Feature","properties":{"cvegeo":"31070","cve_ent":"31","state_code":"YUC","nom_mun":"Sucilá"},"geometry":{"type":"Polygon","coordinates":[[[-88.2838722108261,21.20190231891855],[-88.24678606415608,21.185352388175126],[-88.26643855213507,21.14370476026036],[-88.2803854790879,21.12115320628031],[-88.32761484535999,21.125336155808867],[-88.39671552889902,21.15334373091312],[-88.45440509038573,21.153161863542316],[-88.47817826132805,21.18698919451239],[-88.46961991978881,21.248824100586717],[-88.42904704138058,21.299201362300213],[-88.33236947954846,21.296837086479723],[-88.33617318689923,21.2562806627898],[-88.3044756256428,21.251006509036397],[-88.31652069892024,21.227000016089896],[-88.2838722108261,21.20190231891855]]]}},{"type":"Feature","properties":{"cvegeo":"31014","cve_ent":"31","state_code":"YUC","nom_mun":"Cuncunul"},"geometry":{"type":"Polygon","coordinates":[[[-88.30289074757997,20.681397903669357],[-88.26960830826071,20.62592835557327],[-88.29021172307739,20.597920780469014],[-88.32983367464794,20.597193310985787],[-88.36248216274207,20.546634181901485],[-88.42365845596699,20.532084792236937],[-88.43285074873135,20.539177619698403],[-88.41414918759006,20.573186818039282],[-88.34568245527616,20.607196016380165],[-88.38498743123414,20.62283661026955],[-88.39766645573671,20.652662859081875],[-88.38023279704568,20.67248640249982],[-88.37135747989387,20.68758139427679],[-88.31747162575793,20.693583017513415],[-88.30289074757997,20.681397903669357]]]}},{"type":"Feature","properties":{"cvegeo":"31013","cve_ent":"31","state_code":"YUC","nom_mun":"Conkal"},"geometry":{"type":"Polygon","coordinates":[[[-89.49630392888474,21.12242627787596],[-89.48901348979577,21.094782437513317],[-89.43829739178547,21.084597864748133],[-89.46904402620422,21.066774862409062],[-89.485209782445,21.083324793152485],[-89.49820578256013,21.038585419934],[-89.56223485629813,21.063864984476155],[-89.53687680729298,21.119880134684664],[-89.49630392888474,21.12242627787596]]]}},{"type":"Feature","properties":{"cvegeo":"31012","cve_ent":"31","state_code":"YUC","nom_mun":"Cenotillo"},"geometry":{"type":"Polygon","coordinates":[[[-88.50924187135936,21.17189420273542],[-88.49687982246935,21.074777026724565],[-88.47120479785164,21.048406257957573],[-88.4813480174537,20.993846046715518],[-88.46074460263702,20.96020058311625],[-88.48768752970498,20.93382981434926],[-88.51970206657398,20.937649029136203],[-88.53238109107656,20.902730493941288],[-88.58246323786173,20.91837108783068],[-88.60053084777789,20.87781466414075],[-88.61574567718098,20.910368923515176],[-88.66043923855256,20.9136425361897],[-88.66043923855256,20.983115871837914],[-88.70323094624874,20.98748068873728],[-88.71305719023823,21.039676624158844],[-88.71020440972516,21.071685281420848],[-88.70608372676182,21.08077864996119],[-88.65631855558922,21.083870395264906],[-88.61796450646894,21.15334373091312],[-88.54727894486709,21.183897449208672],[-88.50924187135936,21.17189420273542]]]}},{"type":"Feature","properties":{"cvegeo":"31010","cve_ent":"31","state_code":"YUC","nom_mun":"Cantamayec"},"geometry":{"type":"Polygon","coordinates":[[[-88.97709787550434,20.4938926443675],[-88.96283397293894,20.465885069263244],[-88.98438831459332,20.434058279372046],[-88.95110587527407,20.421873165527987],[-88.95839631436304,20.337668572844418],[-88.94223055812226,20.32730213270843],[-88.97646392427922,20.320573039988574],[-88.98248646091794,20.28910998483899],[-89.00308987573462,20.291110525917865],[-89.00182197328436,20.335122429653122],[-89.03415348576593,20.33366749068667],[-89.07599426662442,20.356219044666716],[-89.07187358366109,20.37749752705112],[-89.10769182788086,20.404050163188916],[-89.16538138936757,20.405323234784564],[-89.18154714560835,20.454791159644028],[-89.14002334036242,20.470977355645836],[-89.13780451107446,20.53954135444002],[-89.12354060850907,20.532812261720164],[-89.07250753488621,20.50134920657058],[-89.03700626627901,20.52899304693322],[-89.04968529078158,20.492801440142657],[-88.99865221715872,20.50480468661591],[-88.97709787550434,20.4938926443675]]]}},{"type":"Feature","properties":{"cvegeo":"31009","cve_ent":"31","state_code":"YUC","nom_mun":"Cansahcab"},"geometry":{"type":"Polygon","coordinates":[[[-89.08043192520032,21.217724780178745],[-89.03510441260362,21.195173226198698],[-89.00023709522154,21.199174308356447],[-89.02147446126335,21.16098216048701],[-88.99358060735769,21.140613014956642],[-89.03447046137849,21.108786225065444],[-89.04302880291773,21.127154829516936],[-89.07694519346211,21.11187797036916],[-89.11212948645675,21.127154829516936],[-89.13241592566087,21.14643277082246],[-89.15143446241473,21.168256855319285],[-89.1428761208755,21.206267135817914],[-89.08043192520032,21.217724780178745]]]}},{"type":"Feature","properties":{"cvegeo":"31008","cve_ent":"31","state_code":"YUC","nom_mun":"Calotmul"},"geometry":{"type":"Polygon","coordinates":[[[-88.01000528157051,21.00985037534652],[-87.9995450863559,20.984752678175177],[-88.04265376966464,21.00166634366021],[-88.06198928203106,20.924918313179724],[-88.0990754287011,20.92382710895488],[-88.12696928260675,20.963110461049162],[-88.19923972227143,20.96438353264481],[-88.23252216159068,20.97293129907273],[-88.24615211293096,21.02767337768559],[-88.21508850289965,21.078232506769893],[-88.18307396603065,21.086962140568623],[-88.04677445262797,21.061136973914053],[-88.05184606242901,21.041131563125298],[-88.0163447938218,21.042404634720945],[-87.98211142766485,21.07441329198295],[-88.01000528157051,21.00985037534652]]]}},{"type":"Feature","properties":{"cvegeo":"31007","cve_ent":"31","state_code":"YUC","nom_mun":"Cacalchén"},"geometry":{"type":"Polygon","coordinates":[[[-89.20849007267631,21.03531180725948],[-89.2103919263517,20.978569187567743],[-89.18218109683347,20.96893021691498],[-89.20341846287529,20.95056161246349],[-89.21451260931504,20.92564578266295],[-89.24304041444583,20.932738610124417],[-89.29977904909485,20.926009517404566],[-89.3029488052205,20.942741315518795],[-89.31752968339845,20.96656594109449],[-89.27315309763944,20.981297198129845],[-89.32545407371256,21.006031160559576],[-89.28044353672843,21.03531180725948],[-89.25508548772328,21.03076512298931],[-89.20849007267631,21.03531180725948]]]}},{"type":"Feature","properties":{"cvegeo":"31006","cve_ent":"31","state_code":"YUC","nom_mun":"Buctzotz"},"geometry":{"type":"Polygon","coordinates":[[[-88.47659338326524,21.312113945627498],[-88.48356684674165,21.25155211114882],[-88.46961991978881,21.248824100586717],[-88.47817826132805,21.18698919451239],[-88.50924187135936,21.17189420273542],[-88.54727894486709,21.183897449208672],[-88.61796450646894,21.15334373091312],[-88.65631855558922,21.083870395264906],[-88.70608372676182,21.08077864996119],[-88.69784236083515,21.11187797036916],[-88.75743377599724,21.120789471538696],[-88.75458099548416,21.14370476026036],[-88.79800665440548,21.13970367810261],[-88.81417241064626,21.164073905790726],[-88.77898811765162,21.16207336471185],[-88.77708626397623,21.182078775500603],[-88.81639123993422,21.1846249186919],[-88.81956099605986,21.215906106470676],[-88.84903972802834,21.249551570069944],[-88.8049801178819,21.24918783532833],[-88.80244431298138,21.291017330613904],[-88.71495904391362,21.29301787169278],[-88.63666606761024,21.304839250795226],[-88.61511172595586,21.32357158998833],[-88.47659338326524,21.312113945627498]]]}},{"type":"Feature","properties":{"cvegeo":"31005","cve_ent":"31","state_code":"YUC","nom_mun":"Bokobá"},"geometry":{"type":"Polygon","coordinates":[[[-89.15904187711628,21.053862279081777],[-89.13241592566087,21.02676404083156],[-89.15143446241473,21.000211404693758],[-89.14604587700114,20.96711154320691],[-89.16696626743038,20.93382981434926],[-89.19422617011092,20.946014928193318],[-89.20341846287529,20.95056161246349],[-89.18218109683347,20.96893021691498],[-89.2103919263517,20.978569187567743],[-89.20849007267631,21.03531180725948],[-89.1783773894827,21.0571358917563],[-89.15904187711628,21.053862279081777]]]}},{"type":"Feature","properties":{"cvegeo":"31004","cve_ent":"31","state_code":"YUC","nom_mun":"Baca"},"geometry":{"type":"Polygon","coordinates":[[[-89.34003495189052,21.113878511448036],[-89.37458529366003,21.07859624151151],[-89.36475904967054,21.058772698093563],[-89.39962636705262,21.03403873566383],[-89.38694734255004,21.067866066633904],[-89.43164090392162,21.08950828375992],[-89.43005602585879,21.183169979725445],[-89.44210109913624,21.203720992626618],[-89.43734646494778,21.234638445663784],[-89.40881865981699,21.225363209752633],[-89.40913563542955,21.181351306017376],[-89.35873651303181,21.156799210958454],[-89.36856275702131,21.131701513787107],[-89.34003495189052,21.113878511448036]]]}},{"type":"Feature","properties":{"cvegeo":"31003","cve_ent":"31","state_code":"YUC","nom_mun":"Akil"},"geometry":{"type":"Polygon","coordinates":[[[-89.35334792761822,20.324028520033906],[-89.30611856134614,20.3052961808408],[-89.3197485126864,20.281471555265103],[-89.29946207348229,20.259829338139088],[-89.37109856192183,20.196721360469112],[-89.39201895235108,20.199449371031214],[-89.3606383667072,20.32421038740471],[-89.35334792761822,20.324028520033906]]]}},{"type":"Feature","properties":{"cvegeo":"31002","cve_ent":"31","state_code":"YUC","nom_mun":"Acanceh"},"geometry":{"type":"Polygon","coordinates":[[[-89.45604802608908,20.913278801448087],[-89.41198841594263,20.89454646225498],[-89.41642607451853,20.841986792091802],[-89.4379804161729,20.816525360178844],[-89.37363436682234,20.76905797639826],[-89.38504548887465,20.722318062100896],[-89.43829739178547,20.76251075104921],[-89.49979066062295,20.777242008084563],[-89.48235700193192,20.7808793555007],[-89.4966209044973,20.817980299145297],[-89.49123231908372,20.85835485546442],[-89.50613017287424,20.877996531511556],[-89.48235700193192,20.914915607785346],[-89.45604802608908,20.913278801448087]]]}},{"type":"Feature","properties":{"cvegeo":"31001","cve_ent":"31","state_code":"YUC","nom_mun":"Abalá"},"geometry":{"type":"Polygon","coordinates":[[[-89.75463905312469,20.607196016380165],[-89.74512978474776,20.627747029281338],[-89.7448128091352,20.67430507620789],[-89.77080480936547,20.69121874169293],[-89.7714387605906,20.719044449426374],[-89.72230754064313,20.70194891657053],[-89.71438315032901,20.718498847313953],[-89.69346275989977,20.748325096126276],[-89.63957690576383,20.700493977604076],[-89.64464851556485,20.733775706461728],[-89.60946422257021,20.715043367268624],[-89.58759290530328,20.72795595059591],[-89.5606499782353,20.710496682998453],[-89.56730646609915,20.63975027575459],[-89.5305372950417,20.617016854403733],[-89.54416724638196,20.5815527170964],[-89.65605963761718,20.608105353234198],[-89.6167546616592,20.57445988963493],[-89.65035407659101,20.57227748118525],[-89.66873866211975,20.592828494086422],[-89.75463905312469,20.607196016380165]]]}},{"type":"Feature","properties":{"cvegeo":"31033","cve_ent":"31","state_code":"YUC","nom_mun":"Halachó"},"geometry":{"type":"Polygon","coordinates":[[[-90.00409886021284,20.486799816906032],[-90.04847544597185,20.45988344602662],[-90.06749398272571,20.424964910831704],[-90.12930422717575,20.44024176997948],[-90.1866768130499,20.436968157304957],[-90.1857258862122,20.461156517622268],[-90.23454013054712,20.47024988616261],[-90.22376295971992,20.51917220890965],[-90.23454013054712,20.545361110305837],[-90.33533837534257,20.541178160777278],[-90.38700540019056,20.55554568307102],[-90.38193379038954,20.74705202453063],[-90.33628930218028,20.74705202453063],[-90.33724022901797,20.625746488202463],[-90.32170842400231,20.62647395768569],[-90.32456120451539,20.710132948256838],[-90.22534783778275,20.649934848519774],[-90.21552159379326,20.62192727341552],[-90.1857258862122,20.625382753460848],[-90.19301632530119,20.590282350895126],[-90.11947798318626,20.59191915723239],[-90.11123661725958,20.559183030487155],[-90.054181006998,20.55445447884618],[-90.06812793395083,20.51626233097674],[-90.03769827514465,20.499712400233317],[-90.03357759218132,20.53590400702388],[-89.99712539673642,20.510442575110922],[-90.00409886021284,20.486799816906032]]]}},{"type":"Feature","properties":{"cvegeo":"31036","cve_ent":"31","state_code":"YUC","nom_mun":"Homún"},"geometry":{"type":"Polygon","coordinates":[[[-89.19010548714758,20.750689371946766],[-89.2113428531894,20.72031752102202],[-89.19929777991194,20.690127537468086],[-89.16347953569218,20.664847972925934],[-89.15935885272884,20.62592835557327],[-89.19644499939886,20.650480450632195],[-89.133049876886,20.580097778129943],[-89.14351007210063,20.553545141992146],[-89.14794773067652,20.555727550441826],[-89.15777397466601,20.6055592100429],[-89.2069051946135,20.602467464739185],[-89.2103919263517,20.638113469417327],[-89.2921716343933,20.650844185373806],[-89.30611856134614,20.61828992599938],[-89.35429885445592,20.613925109100016],[-89.3384500738277,20.66157436025141],[-89.31023924430947,20.663029299217865],[-89.30199787838279,20.7648750268697],[-89.29280558561844,20.76251075104921],[-89.25825524384892,20.773059058556008],[-89.21990119472864,20.773240925926814],[-89.23289719484377,20.73432130857415],[-89.19010548714758,20.750689371946766]]]}},{"type":"Feature","properties":{"cvegeo":"31015","cve_ent":"31","state_code":"YUC","nom_mun":"Cuzamá"},"geometry":{"type":"Polygon","coordinates":[[[-89.30199787838279,20.7648750268697],[-89.31023924430947,20.663029299217865],[-89.3384500738277,20.66157436025141],[-89.39645661092698,20.69158247643454],[-89.38504548887465,20.722318062100896],[-89.37363436682234,20.76905797639826],[-89.30199787838279,20.7648750268697]]]}},{"type":"Feature","properties":{"cvegeo":"31052","cve_ent":"31","state_code":"YUC","nom_mun":"Motul"},"geometry":{"type":"Polygon","coordinates":[[[-89.41515817206827,21.31029527191943],[-89.4069168061416,21.27810474728662],[-89.37109856192183,21.261009214430775],[-89.38948314745056,21.248824100586717],[-89.38631339132492,21.210086350604858],[-89.34257075679103,21.20299352314339],[-89.32735592738794,21.16789312057767],[-89.2921716343933,21.17189420273542],[-89.21958421911607,21.16207336471185],[-89.21958421911607,21.184443051321093],[-89.21641446299043,21.205721533705493],[-89.1828150480586,21.183897449208672],[-89.15682304782833,21.204448462109845],[-89.14889865751422,21.24118567101283],[-89.1428761208755,21.206267135817914],[-89.15143446241473,21.168256855319285],[-89.13241592566087,21.14643277082246],[-89.1428761208755,21.164801375273953],[-89.19010548714758,21.15461680250877],[-89.18598480418424,21.12460868632564],[-89.21768236544068,21.1049670102785],[-89.18123016999579,21.09860165230026],[-89.1783773894827,21.0571358917563],[-89.20849007267631,21.03531180725948],[-89.25508548772328,21.03076512298931],[-89.25064782914737,21.06004576968921],[-89.29407348806869,21.042950236833367],[-89.29090373194305,21.06350124973454],[-89.32386919564973,21.075322628836986],[-89.34003495189052,21.113878511448036],[-89.36856275702131,21.131701513787107],[-89.35873651303181,21.156799210958454],[-89.40913563542955,21.181351306017376],[-89.40881865981699,21.225363209752633],[-89.43734646494778,21.234638445663784],[-89.4344936844347,21.31265954773992],[-89.41515817206827,21.31029527191943]]]}}]}